Filename,Particip_ID,Pgph,DefaultLang,CS_cond,Region,nsyll,duration,speechrate,List,Dom_lang,Eng_sprint,Span_sprint,Dom_Sprint,Nondom_Sprint,BLI_Score,Eng_AOA
b1_edp1_longestoverlap_ISI_0_test,b1,p1,Eng,mixed,0,2,0.92,2.17,2,Eng,60,41,60,41,0.683333333,6
b1_edp1_longestoverlap_ISI_1_test,b1,p1,Eng,mixed,1,5,1.32,3.79,2,Eng,60,41,60,41,0.683333333,6
b1_edp1_longestoverlap_ISI_2_test,b1,p1,Eng,mixed,2,8,2.1,3.81,2,Eng,60,41,60,41,0.683333333,6
b1_edp1_longestoverlap_ISI_3_test,b1,p1,Eng,mixed,3,12,2.64,4.54,2,Eng,60,41,60,41,0.683333333,6
b1_edp1_longestoverlap_ISI_4_test,b1,p1,Eng,mixed,4,4,1.04,3.85,2,Eng,60,41,60,41,0.683333333,6
b1_edp1_longestoverlap_ISI_5_test,b1,p1,Eng,mixed,5,5,1.9,2.63,2,Eng,60,41,60,41,0.683333333,6
b1_edp1_longestoverlap_ISI_6_test,b1,p1,Eng,mixed,6,6,1.8,3.33,2,Eng,60,41,60,41,0.683333333,6
b1_edp1_longestoverlap_ISI_7_test,b1,p1,Eng,mixed,7,4,1.1,3.64,2,Eng,60,41,60,41,0.683333333,6
b1_edp1_longestoverlap_ISI_8_test,b1,p1,Eng,mixed,8,3,0.84,3.57,2,Eng,60,41,60,41,0.683333333,6
b1_edp1_longestoverlap_ISI_9_test,b1,p1,Eng,mixed,9,6,1.5,4,2,Eng,60,41,60,41,0.683333333,6
b1_edp1_longestoverlap_ISI_10_test,b1,p1,Eng,mixed,10,3,1.48,2.03,2,Eng,60,41,60,41,0.683333333,6
b1_eop1_longestoverlap_ISI_0_test,b1,p1,Eng,single,0,2,0.94,2.13,2,Eng,60,41,60,41,0.683333333,6
b1_eop1_longestoverlap_ISI_1_test,b1,p1,Eng,single,1,5,1.34,3.73,2,Eng,60,41,60,41,0.683333333,6
b1_eop1_longestoverlap_ISI_2_test,b1,p1,Eng,single,2,8,1.98,4.04,2,Eng,60,41,60,41,0.683333333,6
b1_eop1_longestoverlap_ISI_3_test,b1,p1,Eng,single,3,13,2.7,4.81,2,Eng,60,41,60,41,0.683333333,6
b1_eop1_longestoverlap_ISI_4_test,b1,p1,Eng,single,4,3,1.02,2.94,2,Eng,60,41,60,41,0.683333333,6
b1_eop1_longestoverlap_ISI_5_test,b1,p1,Eng,single,5,6,2.04,2.94,2,Eng,60,41,60,41,0.683333333,6
b1_eop1_longestoverlap_ISI_6_test,b1,p1,Eng,single,6,6,1.68,3.57,2,Eng,60,41,60,41,0.683333333,6
b1_eop1_longestoverlap_ISI_7_test,b1,p1,Eng,single,7,4,1.08,3.7,2,Eng,60,41,60,41,0.683333333,6
b1_eop1_longestoverlap_ISI_8_test,b1,p1,Eng,single,8,2,0.9,2.22,2,Eng,60,41,60,41,0.683333333,6
b1_eop1_longestoverlap_ISI_9_test,b1,p1,Eng,single,9,7,1.44,4.86,2,Eng,60,41,60,41,0.683333333,6
b1_eop1_longestoverlap_ISI_10_test,b1,p1,Eng,single,10,2,1.38,1.45,2,Eng,60,41,60,41,0.683333333,6
b1_edp2_longestoverlap_ISI_0_test,b1,p2,Eng,mixed,0,10,2.6,3.85,2,Eng,60,41,60,41,0.683333333,6
b1_edp2_longestoverlap_ISI_1_test,b1,p2,Eng,mixed,1,10,2.66,3.76,2,Eng,60,41,60,41,0.683333333,6
b1_edp2_longestoverlap_ISI_3_test,b1,p2,Eng,mixed,3,2,0.72,2.78,2,Eng,60,41,60,41,0.683333333,6
b1_edp2_longestoverlap_ISI_4_test,b1,p2,Eng,mixed,4,6,1.7,3.53,2,Eng,60,41,60,41,0.683333333,6
b1_edp2_longestoverlap_ISI_5_test,b1,p2,Eng,mixed,5,15,3.02,4.97,2,Eng,60,41,60,41,0.683333333,6
b1_edp2_longestoverlap_ISI_6_test,b1,p2,Eng,mixed,6,5,1.4,3.57,2,Eng,60,41,60,41,0.683333333,6
b1_edp2_longestoverlap_ISI_7_test,b1,p2,Eng,mixed,7,8,2.72,2.94,2,Eng,60,41,60,41,0.683333333,6
b1_edp2_longestoverlap_ISI_8_test,b1,p2,Eng,mixed,8,2,0.88,2.27,2,Eng,60,41,60,41,0.683333333,6
b1_edp2_longestoverlap_ISI_9_test,b1,p2,Eng,mixed,9,7,1.98,3.53,2,Eng,60,41,60,41,0.683333333,6
b1_edp2_longestoverlap_ISI_10_test,b1,p2,Eng,mixed,10,3,1.08,2.78,2,Eng,60,41,60,41,0.683333333,6
b1_eop2_longestoverlap_ISI_0_test,b1,p2,Eng,single,0,10,2.72,3.68,2,Eng,60,41,60,41,0.683333333,6
b1_eop2_longestoverlap_ISI_1_test,b1,p2,Eng,single,1,11,2.78,3.96,2,Eng,60,41,60,41,0.683333333,6
b1_eop2_longestoverlap_ISI_3_test,b1,p2,Eng,single,3,2,0.74,2.7,2,Eng,60,41,60,41,0.683333333,6
b1_eop2_longestoverlap_ISI_4_test,b1,p2,Eng,single,4,6,1.48,4.05,2,Eng,60,41,60,41,0.683333333,6
b1_eop2_longestoverlap_ISI_5_test,b1,p2,Eng,single,5,12,2.72,4.41,2,Eng,60,41,60,41,0.683333333,6
b1_eop2_longestoverlap_ISI_6_test,b1,p2,Eng,single,6,6,1.6,3.75,2,Eng,60,41,60,41,0.683333333,6
b1_eop2_longestoverlap_ISI_7_test,b1,p2,Eng,single,7,9,2.8,3.21,2,Eng,60,41,60,41,0.683333333,6
b1_eop2_longestoverlap_ISI_8_test,b1,p2,Eng,single,8,3,0.94,3.19,2,Eng,60,41,60,41,0.683333333,6
b1_eop2_longestoverlap_ISI_9_test,b1,p2,Eng,single,9,7,1.94,3.61,2,Eng,60,41,60,41,0.683333333,6
b1_eop2_longestoverlap_ISI_10_test,b1,p2,Eng,single,10,2,0.98,2.04,2,Eng,60,41,60,41,0.683333333,6
b10r_edp1_longestoverlap_ISI_0_test,b10r,p1,Eng,mixed,0,6,1.5,4,11,Eng,64,51,64,51,0.796875,5
b10r_edp1_longestoverlap_ISI_1_test,b10r,p1,Eng,mixed,1,12,3.04,3.95,11,Eng,64,51,64,51,0.796875,5
b10r_edp1_longestoverlap_ISI_2_test,b10r,p1,Eng,mixed,2,3,1.16,2.59,11,Eng,64,51,64,51,0.796875,5
b10r_edp1_longestoverlap_ISI_3_test,b10r,p1,Eng,mixed,3,6,1.6,3.75,11,Eng,64,51,64,51,0.796875,5
b10r_edp1_longestoverlap_ISI_4_test,b10r,p1,Eng,mixed,4,4,0.96,4.17,11,Eng,64,51,64,51,0.796875,5
b10r_edp1_longestoverlap_ISI_5_test,b10r,p1,Eng,mixed,5,15,3.36,4.46,11,Eng,64,51,64,51,0.796875,5
b10r_edp1_longestoverlap_ISI_6_test,b10r,p1,Eng,mixed,6,9,1.94,4.64,11,Eng,64,51,64,51,0.796875,5
b10r_edp1_longestoverlap_ISI_7_test,b10r,p1,Eng,mixed,7,5,1.22,4.1,11,Eng,64,51,64,51,0.796875,5
b10r_edp1_longestoverlap_ISI_8_test,b10r,p1,Eng,mixed,8,4,1.2,3.33,11,Eng,64,51,64,51,0.796875,5
b10r_edp1_longestoverlap_ISI_9_test,b10r,p1,Eng,mixed,9,4,1.2,3.33,11,Eng,64,51,64,51,0.796875,5
b10r_edp1_longestoverlap_ISI_10_test,b10r,p1,Eng,mixed,10,3,1.66,1.81,11,Eng,64,51,64,51,0.796875,5
b10r_eop1_longestoverlap_ISI_0_test,b10r,p1,Eng,single,0,6,1.52,3.95,11,Eng,64,51,64,51,0.796875,5
b10r_eop1_longestoverlap_ISI_1_test,b10r,p1,Eng,single,1,13,2.92,4.45,11,Eng,64,51,64,51,0.796875,5
b10r_eop1_longestoverlap_ISI_2_test,b10r,p1,Eng,single,2,4,1.24,3.22,11,Eng,64,51,64,51,0.796875,5
b10r_eop1_longestoverlap_ISI_3_test,b10r,p1,Eng,single,3,5,1.6,3.12,11,Eng,64,51,64,51,0.796875,5
b10r_eop1_longestoverlap_ISI_4_test,b10r,p1,Eng,single,4,4,0.98,4.08,11,Eng,64,51,64,51,0.796875,5
b10r_eop1_longestoverlap_ISI_5_test,b10r,p1,Eng,single,5,14,2.98,4.7,11,Eng,64,51,64,51,0.796875,5
b10r_eop1_longestoverlap_ISI_6_test,b10r,p1,Eng,single,6,8,1.92,4.17,11,Eng,64,51,64,51,0.796875,5
b10r_eop1_longestoverlap_ISI_7_test,b10r,p1,Eng,single,7,6,1.04,5.77,11,Eng,64,51,64,51,0.796875,5
b10r_eop1_longestoverlap_ISI_8_test,b10r,p1,Eng,single,8,5,1.28,3.91,11,Eng,64,51,64,51,0.796875,5
b10r_eop1_longestoverlap_ISI_9_test,b10r,p1,Eng,single,9,6,1.3,4.61,11,Eng,64,51,64,51,0.796875,5
b10r_eop1_longestoverlap_ISI_10_test,b10r,p1,Eng,single,10,5,1.44,3.47,11,Eng,64,51,64,51,0.796875,5
b10r_edp2_longestoverlap_ISI_0_test,b10r,p2,Eng,mixed,0,11,3.38,3.25,11,Eng,64,51,64,51,0.796875,5
b10r_edp2_longestoverlap_ISI_1_test,b10r,p2,Eng,mixed,1,12,2.7,4.44,11,Eng,64,51,64,51,0.796875,5
b10r_edp2_longestoverlap_ISI_3_test,b10r,p2,Eng,mixed,3,3,0.58,5.17,11,Eng,64,51,64,51,0.796875,5
b10r_edp2_longestoverlap_ISI_4_test,b10r,p2,Eng,mixed,4,7,1.28,5.47,11,Eng,64,51,64,51,0.796875,5
b10r_edp2_longestoverlap_ISI_5_test,b10r,p2,Eng,mixed,5,14,2.9,4.83,11,Eng,64,51,64,51,0.796875,5
b10r_edp2_longestoverlap_ISI_6_test,b10r,p2,Eng,mixed,6,5,1.22,4.1,11,Eng,64,51,64,51,0.796875,5
b10r_edp2_longestoverlap_ISI_7_test,b10r,p2,Eng,mixed,7,15,3.74,4.01,11,Eng,64,51,64,51,0.796875,5
b10r_edp2_longestoverlap_ISI_8_test,b10r,p2,Eng,mixed,8,3,1.02,2.94,11,Eng,64,51,64,51,0.796875,5
b10r_edp2_longestoverlap_ISI_9_test,b10r,p2,Eng,mixed,9,7,1.6,4.37,11,Eng,64,51,64,51,0.796875,5
b10r_edp2_longestoverlap_ISI_10_test,b10r,p2,Eng,mixed,10,8,1.58,5.06,11,Eng,64,51,64,51,0.796875,5
b10r_eop2_longestoverlap_ISI_0_test,b10r,p2,Eng,single,0,12,3.36,3.57,11,Eng,64,51,64,51,0.796875,5
b10r_eop2_longestoverlap_ISI_1_test,b10r,p2,Eng,single,1,9,2.4,3.75,11,Eng,64,51,64,51,0.796875,5
b10r_eop2_longestoverlap_ISI_3_test,b10r,p2,Eng,single,3,2,0.56,3.57,11,Eng,64,51,64,51,0.796875,5
b10r_eop2_longestoverlap_ISI_4_test,b10r,p2,Eng,single,4,5,1.1,4.54,11,Eng,64,51,64,51,0.796875,5
b10r_eop2_longestoverlap_ISI_5_test,b10r,p2,Eng,single,5,16,2.92,5.48,11,Eng,64,51,64,51,0.796875,5
b10r_eop2_longestoverlap_ISI_6_test,b10r,p2,Eng,single,6,5,1.28,3.91,11,Eng,64,51,64,51,0.796875,5
b10r_eop2_longestoverlap_ISI_7_test,b10r,p2,Eng,single,7,16,3.58,4.47,11,Eng,64,51,64,51,0.796875,5
b10r_eop2_longestoverlap_ISI_8_test,b10r,p2,Eng,single,8,4,0.98,4.08,11,Eng,64,51,64,51,0.796875,5
b10r_eop2_longestoverlap_ISI_9_test,b10r,p2,Eng,single,9,7,1.46,4.79,11,Eng,64,51,64,51,0.796875,5
b10r_eop2_longestoverlap_ISI_10_test,b10r,p2,Eng,single,10,8,1.82,4.39,11,Eng,64,51,64,51,0.796875,5
b11rr_edp1_longestoverlap_ISI_0_test,b11rr,p1,Eng,mixed,0,6,1.7,3.53,12,Eng,64,44,64,44,0.6875,6
b11rr_edp1_longestoverlap_ISI_1_test,b11rr,p1,Eng,mixed,1,16,3.9,4.1,12,Eng,64,44,64,44,0.6875,6
b11rr_edp1_longestoverlap_ISI_2_test,b11rr,p1,Eng,mixed,2,5,1.18,4.24,12,Eng,64,44,64,44,0.6875,6
b11rr_edp1_longestoverlap_ISI_3_test,b11rr,p1,Eng,mixed,3,11,3.28,3.35,12,Eng,64,44,64,44,0.6875,6
b11rr_edp1_longestoverlap_ISI_4_test,b11rr,p1,Eng,mixed,4,2,1.06,1.89,12,Eng,64,44,64,44,0.6875,6
b11rr_edp1_longestoverlap_ISI_5_test,b11rr,p1,Eng,mixed,5,6,2.2,2.73,12,Eng,64,44,64,44,0.6875,6
b11rr_edp1_longestoverlap_ISI_6_test,b11rr,p1,Eng,mixed,6,6,1.78,3.37,12,Eng,64,44,64,44,0.6875,6
b11rr_edp1_longestoverlap_ISI_7_test,b11rr,p1,Eng,mixed,7,3,0.76,3.95,12,Eng,64,44,64,44,0.6875,6
b11rr_edp1_longestoverlap_ISI_8_test,b11rr,p1,Eng,mixed,8,6,1.66,3.61,12,Eng,64,44,64,44,0.6875,6
b11rr_edp1_longestoverlap_ISI_9_test,b11rr,p1,Eng,mixed,9,12,2.7,4.44,12,Eng,64,44,64,44,0.6875,6
b11rr_edp1_longestoverlap_ISI_10_test,b11rr,p1,Eng,mixed,10,4,0.92,4.35,12,Eng,64,44,64,44,0.6875,6
b11rr_eop1_longestoverlap_ISI_0_test,b11rr,p1,Eng,single,0,6,1.7,3.53,12,Eng,64,44,64,44,0.6875,6
b11rr_eop1_longestoverlap_ISI_1_test,b11rr,p1,Eng,single,1,13,3.68,3.53,12,Eng,64,44,64,44,0.6875,6
b11rr_eop1_longestoverlap_ISI_2_test,b11rr,p1,Eng,single,2,4,1,4,12,Eng,64,44,64,44,0.6875,6
b11rr_eop1_longestoverlap_ISI_3_test,b11rr,p1,Eng,single,3,11,3.06,3.59,12,Eng,64,44,64,44,0.6875,6
b11rr_eop1_longestoverlap_ISI_4_test,b11rr,p1,Eng,single,4,3,0.92,3.26,12,Eng,64,44,64,44,0.6875,6
b11rr_eop1_longestoverlap_ISI_5_test,b11rr,p1,Eng,single,5,8,2.28,3.51,12,Eng,64,44,64,44,0.6875,6
b11rr_eop1_longestoverlap_ISI_6_test,b11rr,p1,Eng,single,6,7,1.62,4.32,12,Eng,64,44,64,44,0.6875,6
b11rr_eop1_longestoverlap_ISI_7_test,b11rr,p1,Eng,single,7,3,0.82,3.66,12,Eng,64,44,64,44,0.6875,6
b11rr_eop1_longestoverlap_ISI_8_test,b11rr,p1,Eng,single,8,5,1.52,3.29,12,Eng,64,44,64,44,0.6875,6
b11rr_eop1_longestoverlap_ISI_9_test,b11rr,p1,Eng,single,9,13,2.8,4.64,12,Eng,64,44,64,44,0.6875,6
b11rr_eop1_longestoverlap_ISI_10_test,b11rr,p1,Eng,single,10,3,0.76,3.95,12,Eng,64,44,64,44,0.6875,6
b11rr_edp2_longestoverlap_ISI_0_test,b11rr,p2,Eng,mixed,0,10,2.94,3.4,12,Eng,64,44,64,44,0.6875,6
b11rr_edp2_longestoverlap_ISI_1_test,b11rr,p2,Eng,mixed,1,10,2.98,3.36,12,Eng,64,44,64,44,0.6875,6
b11rr_edp2_longestoverlap_ISI_2_test,b11rr,p2,Eng,mixed,2,5,1.4,3.57,12,Eng,64,44,64,44,0.6875,6
b11rr_edp2_longestoverlap_ISI_3_test,b11rr,p2,Eng,mixed,3,2,0.76,2.63,12,Eng,64,44,64,44,0.6875,6
b11rr_edp2_longestoverlap_ISI_4_test,b11rr,p2,Eng,mixed,4,3,0.88,3.41,12,Eng,64,44,64,44,0.6875,6
b11rr_edp2_longestoverlap_ISI_5_test,b11rr,p2,Eng,mixed,5,7,1.78,3.93,12,Eng,64,44,64,44,0.6875,6
b11rr_edp2_longestoverlap_ISI_6_test,b11rr,p2,Eng,mixed,6,4,0.86,4.65,12,Eng,64,44,64,44,0.6875,6
b11rr_edp2_longestoverlap_ISI_7_test,b11rr,p2,Eng,mixed,7,5,2.2,2.27,12,Eng,64,44,64,44,0.6875,6
b11rr_edp2_longestoverlap_ISI_8_test,b11rr,p2,Eng,mixed,8,4,1.36,2.94,12,Eng,64,44,64,44,0.6875,6
b11rr_edp2_longestoverlap_ISI_9_test,b11rr,p2,Eng,mixed,9,7,1.82,3.85,12,Eng,64,44,64,44,0.6875,6
b11rr_edp2_longestoverlap_ISI_10_test,b11rr,p2,Eng,mixed,10,5,1.38,3.62,12,Eng,64,44,64,44,0.6875,6
b11rr_eop2_longestoverlap_ISI_0_test,b11rr,p2,Eng,single,0,11,2.96,3.71,12,Eng,64,44,64,44,0.6875,6
b11rr_eop2_longestoverlap_ISI_1_test,b11rr,p2,Eng,single,1,9,2.86,3.15,12,Eng,64,44,64,44,0.6875,6
b11rr_eop2_longestoverlap_ISI_2_test,b11rr,p2,Eng,single,2,7,1.96,3.57,12,Eng,64,44,64,44,0.6875,6
b11rr_eop2_longestoverlap_ISI_3_test,b11rr,p2,Eng,single,3,2,0.7,2.86,12,Eng,64,44,64,44,0.6875,6
b11rr_eop2_longestoverlap_ISI_4_test,b11rr,p2,Eng,single,4,4,0.9,4.44,12,Eng,64,44,64,44,0.6875,6
b11rr_eop2_longestoverlap_ISI_5_test,b11rr,p2,Eng,single,5,8,1.64,4.88,12,Eng,64,44,64,44,0.6875,6
b11rr_eop2_longestoverlap_ISI_6_test,b11rr,p2,Eng,single,6,3,0.82,3.66,12,Eng,64,44,64,44,0.6875,6
b11rr_eop2_longestoverlap_ISI_7_test,b11rr,p2,Eng,single,7,9,2,4.5,12,Eng,64,44,64,44,0.6875,6
b11rr_eop2_longestoverlap_ISI_8_test,b11rr,p2,Eng,single,8,4,1.08,3.7,12,Eng,64,44,64,44,0.6875,6
b11rr_eop2_longestoverlap_ISI_9_test,b11rr,p2,Eng,single,9,9,1.98,4.54,12,Eng,64,44,64,44,0.6875,6
b11rr_eop2_longestoverlap_ISI_10_test,b11rr,p2,Eng,single,10,3,1.06,2.83,12,Eng,64,44,64,44,0.6875,6
b12_edp1_longestoverlap_ISI_1_test,b12,p1,Eng,mixed,1,13,2.9,4.48,13,Eng,77,48,77,48,0.623376623,3
b12_edp1_longestoverlap_ISI_2_test,b12,p1,Eng,mixed,2,3,0.92,3.26,13,Eng,77,48,77,48,0.623376623,3
b12_edp1_longestoverlap_ISI_3_test,b12,p1,Eng,mixed,3,12,2.44,4.92,13,Eng,77,48,77,48,0.623376623,3
b12_edp1_longestoverlap_ISI_4_test,b12,p1,Eng,mixed,4,3,0.96,3.12,13,Eng,77,48,77,48,0.623376623,3
b12_edp1_longestoverlap_ISI_5_test,b12,p1,Eng,mixed,5,6,1.44,4.17,13,Eng,77,48,77,48,0.623376623,3
b12_edp1_longestoverlap_ISI_6_test,b12,p1,Eng,mixed,6,7,1.62,4.32,13,Eng,77,48,77,48,0.623376623,3
b12_edp1_longestoverlap_ISI_7_test,b12,p1,Eng,mixed,7,4,1.08,3.7,13,Eng,77,48,77,48,0.623376623,3
b12_edp1_longestoverlap_ISI_8_test,b12,p1,Eng,mixed,8,9,2.12,4.24,13,Eng,77,48,77,48,0.623376623,3
b12_edp1_longestoverlap_ISI_9_test,b12,p1,Eng,mixed,9,13,2.66,4.89,13,Eng,77,48,77,48,0.623376623,3
b12_edp1_longestoverlap_ISI_10_test,b12,p1,Eng,mixed,10,8,2.46,3.25,13,Eng,77,48,77,48,0.623376623,3
b12_eop1_longestoverlap_ISI_1_test,b12,p1,Eng,single,1,13,2.86,4.54,13,Eng,77,48,77,48,0.623376623,3
b12_eop1_longestoverlap_ISI_2_test,b12,p1,Eng,single,2,3,0.86,3.49,13,Eng,77,48,77,48,0.623376623,3
b12_eop1_longestoverlap_ISI_3_test,b12,p1,Eng,single,3,11,2.36,4.66,13,Eng,77,48,77,48,0.623376623,3
b12_eop1_longestoverlap_ISI_4_test,b12,p1,Eng,single,4,4,0.88,4.54,13,Eng,77,48,77,48,0.623376623,3
b12_eop1_longestoverlap_ISI_5_test,b12,p1,Eng,single,5,4,1.36,2.94,13,Eng,77,48,77,48,0.623376623,3
b12_eop1_longestoverlap_ISI_6_test,b12,p1,Eng,single,6,6,1.52,3.95,13,Eng,77,48,77,48,0.623376623,3
b12_eop1_longestoverlap_ISI_7_test,b12,p1,Eng,single,7,3,1.04,2.88,13,Eng,77,48,77,48,0.623376623,3
b12_eop1_longestoverlap_ISI_8_test,b12,p1,Eng,single,8,10,2.2,4.54,13,Eng,77,48,77,48,0.623376623,3
b12_eop1_longestoverlap_ISI_9_test,b12,p1,Eng,single,9,11,2.58,4.26,13,Eng,77,48,77,48,0.623376623,3
b12_eop1_longestoverlap_ISI_10_test,b12,p1,Eng,single,10,8,2.46,3.25,13,Eng,77,48,77,48,0.623376623,3
b12_edp2_longestoverlap_ISI_0_test,b12,p2,Eng,mixed,0,8,2.08,3.84,13,Eng,77,48,77,48,0.623376623,3
b12_edp2_longestoverlap_ISI_1_test,b12,p2,Eng,mixed,1,11,2.68,4.1,13,Eng,77,48,77,48,0.623376623,3
b12_edp2_longestoverlap_ISI_3_test,b12,p2,Eng,mixed,3,2,0.6,3.33,13,Eng,77,48,77,48,0.623376623,3
b12_edp2_longestoverlap_ISI_4_test,b12,p2,Eng,mixed,4,8,1.72,4.65,13,Eng,77,48,77,48,0.623376623,3
b12_edp2_longestoverlap_ISI_5_test,b12,p2,Eng,mixed,5,9,2.14,4.2,13,Eng,77,48,77,48,0.623376623,3
b12_edp2_longestoverlap_ISI_6_test,b12,p2,Eng,mixed,6,11,2.42,4.54,13,Eng,77,48,77,48,0.623376623,3
b12_edp2_longestoverlap_ISI_7_test,b12,p2,Eng,mixed,7,7,1.68,4.17,13,Eng,77,48,77,48,0.623376623,3
b12_edp2_longestoverlap_ISI_8_test,b12,p2,Eng,mixed,8,2,0.94,2.13,13,Eng,77,48,77,48,0.623376623,3
b12_edp2_longestoverlap_ISI_9_test,b12,p2,Eng,mixed,9,12,2.7,4.44,13,Eng,77,48,77,48,0.623376623,3
b12_edp2_longestoverlap_ISI_10_test,b12,p2,Eng,mixed,10,6,1.5,4,13,Eng,77,48,77,48,0.623376623,3
b12_eop2_longestoverlap_ISI_0_test,b12,p2,Eng,single,0,7,1.96,3.57,13,Eng,77,48,77,48,0.623376623,3
b12_eop2_longestoverlap_ISI_1_test,b12,p2,Eng,single,1,12,2.7,4.44,13,Eng,77,48,77,48,0.623376623,3
b12_eop2_longestoverlap_ISI_3_test,b12,p2,Eng,single,3,2,0.58,3.45,13,Eng,77,48,77,48,0.623376623,3
b12_eop2_longestoverlap_ISI_4_test,b12,p2,Eng,single,4,7,1.5,4.67,13,Eng,77,48,77,48,0.623376623,3
b12_eop2_longestoverlap_ISI_5_test,b12,p2,Eng,single,5,10,1.98,5.05,13,Eng,77,48,77,48,0.623376623,3
b12_eop2_longestoverlap_ISI_6_test,b12,p2,Eng,single,6,13,2.58,5.04,13,Eng,77,48,77,48,0.623376623,3
b12_eop2_longestoverlap_ISI_7_test,b12,p2,Eng,single,7,6,1.7,3.53,13,Eng,77,48,77,48,0.623376623,3
b12_eop2_longestoverlap_ISI_8_test,b12,p2,Eng,single,8,2,0.84,2.38,13,Eng,77,48,77,48,0.623376623,3
b12_eop2_longestoverlap_ISI_9_test,b12,p2,Eng,single,9,12,2.6,4.61,13,Eng,77,48,77,48,0.623376623,3
b12_eop2_longestoverlap_ISI_10_test,b12,p2,Eng,single,10,5,1.28,3.91,13,Eng,77,48,77,48,0.623376623,3
b13_edp1_longestoverlap_ISI_0_test,b13,p1,Eng,mixed,0,6,1.9,3.16,14,Eng,67,51,67,51,0.76119403,0
b13_edp1_longestoverlap_ISI_1_test,b13,p1,Eng,mixed,1,13,3.6,3.61,14,Eng,67,51,67,51,0.76119403,0
b13_edp1_longestoverlap_ISI_2_test,b13,p1,Eng,mixed,2,6,1.6,3.75,14,Eng,67,51,67,51,0.76119403,0
b13_edp1_longestoverlap_ISI_3_test,b13,p1,Eng,mixed,3,8,1.84,4.35,14,Eng,67,51,67,51,0.76119403,0
b13_edp1_longestoverlap_ISI_4_test,b13,p1,Eng,mixed,4,4,0.96,4.17,14,Eng,67,51,67,51,0.76119403,0
b13_edp1_longestoverlap_ISI_5_test,b13,p1,Eng,mixed,5,8,2.56,3.12,14,Eng,67,51,67,51,0.76119403,0
b13_edp1_longestoverlap_ISI_6_test,b13,p1,Eng,mixed,6,8,2.14,3.74,14,Eng,67,51,67,51,0.76119403,0
b13_edp1_longestoverlap_ISI_7_test,b13,p1,Eng,mixed,7,3,0.72,4.17,14,Eng,67,51,67,51,0.76119403,0
b13_edp1_longestoverlap_ISI_8_test,b13,p1,Eng,mixed,8,6,1.24,4.84,14,Eng,67,51,67,51,0.76119403,0
b13_edp1_longestoverlap_ISI_9_test,b13,p1,Eng,mixed,9,8,2,4,14,Eng,67,51,67,51,0.76119403,0
b13_edp1_longestoverlap_ISI_10_test,b13,p1,Eng,mixed,10,3,0.8,3.75,14,Eng,67,51,67,51,0.76119403,0
b13_eop1_longestoverlap_ISI_0_test,b13,p1,Eng,single,0,8,1.9,4.21,14,Eng,67,51,67,51,0.76119403,0
b13_eop1_longestoverlap_ISI_1_test,b13,p1,Eng,single,1,12,3.34,3.59,14,Eng,67,51,67,51,0.76119403,0
b13_eop1_longestoverlap_ISI_2_test,b13,p1,Eng,single,2,7,1.98,3.53,14,Eng,67,51,67,51,0.76119403,0
b13_eop1_longestoverlap_ISI_3_test,b13,p1,Eng,single,3,7,1.8,3.89,14,Eng,67,51,67,51,0.76119403,0
b13_eop1_longestoverlap_ISI_4_test,b13,p1,Eng,single,4,4,0.98,4.08,14,Eng,67,51,67,51,0.76119403,0
b13_eop1_longestoverlap_ISI_5_test,b13,p1,Eng,single,5,10,2.44,4.1,14,Eng,67,51,67,51,0.76119403,0
b13_eop1_longestoverlap_ISI_6_test,b13,p1,Eng,single,6,8,1.9,4.21,14,Eng,67,51,67,51,0.76119403,0
b13_eop1_longestoverlap_ISI_7_test,b13,p1,Eng,single,7,3,0.82,3.66,14,Eng,67,51,67,51,0.76119403,0
b13_eop1_longestoverlap_ISI_8_test,b13,p1,Eng,single,8,4,0.94,4.25,14,Eng,67,51,67,51,0.76119403,0
b13_eop1_longestoverlap_ISI_9_test,b13,p1,Eng,single,9,11,2.14,5.14,14,Eng,67,51,67,51,0.76119403,0
b13_eop1_longestoverlap_ISI_10_test,b13,p1,Eng,single,10,4,1.14,3.51,14,Eng,67,51,67,51,0.76119403,0
b13_edp2_longestoverlap_ISI_0_test,b13,p2,Eng,mixed,0,12,3.38,3.55,14,Eng,67,51,67,51,0.76119403,0
b13_edp2_longestoverlap_ISI_1_test,b13,p2,Eng,mixed,1,11,3.12,3.53,14,Eng,67,51,67,51,0.76119403,0
b13_edp2_longestoverlap_ISI_3_test,b13,p2,Eng,mixed,3,3,0.94,3.19,14,Eng,67,51,67,51,0.76119403,0
b13_edp2_longestoverlap_ISI_4_test,b13,p2,Eng,mixed,4,3,1.06,2.83,14,Eng,67,51,67,51,0.76119403,0
b13_edp2_longestoverlap_ISI_5_test,b13,p2,Eng,mixed,5,8,1.68,4.76,14,Eng,67,51,67,51,0.76119403,0
b13_edp2_longestoverlap_ISI_6_test,b13,p2,Eng,mixed,6,4,1.62,2.47,14,Eng,67,51,67,51,0.76119403,0
b13_edp2_longestoverlap_ISI_7_test,b13,p2,Eng,mixed,7,11,3.34,3.29,14,Eng,67,51,67,51,0.76119403,0
b13_edp2_longestoverlap_ISI_8_test,b13,p2,Eng,mixed,8,2,0.48,4.17,14,Eng,67,51,67,51,0.76119403,0
b13_edp2_longestoverlap_ISI_9_test,b13,p2,Eng,mixed,9,10,2.38,4.2,14,Eng,67,51,67,51,0.76119403,0
b13_edp2_longestoverlap_ISI_10_test,b13,p2,Eng,mixed,10,5,1.36,3.68,14,Eng,67,51,67,51,0.76119403,0
b13_eop2_longestoverlap_ISI_0_test,b13,p2,Eng,single,0,12,3.62,3.31,14,Eng,67,51,67,51,0.76119403,0
b13_eop2_longestoverlap_ISI_1_test,b13,p2,Eng,single,1,12,3.02,3.97,14,Eng,67,51,67,51,0.76119403,0
b13_eop2_longestoverlap_ISI_3_test,b13,p2,Eng,single,3,2,0.66,3.03,14,Eng,67,51,67,51,0.76119403,0
b13_eop2_longestoverlap_ISI_4_test,b13,p2,Eng,single,4,4,1.4,2.86,14,Eng,67,51,67,51,0.76119403,0
b13_eop2_longestoverlap_ISI_5_test,b13,p2,Eng,single,5,7,1.9,3.68,14,Eng,67,51,67,51,0.76119403,0
b13_eop2_longestoverlap_ISI_6_test,b13,p2,Eng,single,6,3,1.1,2.73,14,Eng,67,51,67,51,0.76119403,0
b13_eop2_longestoverlap_ISI_7_test,b13,p2,Eng,single,7,14,3.18,4.4,14,Eng,67,51,67,51,0.76119403,0
b13_eop2_longestoverlap_ISI_8_test,b13,p2,Eng,single,8,2,0.58,3.45,14,Eng,67,51,67,51,0.76119403,0
b13_eop2_longestoverlap_ISI_9_test,b13,p2,Eng,single,9,10,1.94,5.15,14,Eng,67,51,67,51,0.76119403,0
b13_eop2_longestoverlap_ISI_10_test,b13,p2,Eng,single,10,4,1.26,3.17,14,Eng,67,51,67,51,0.76119403,0
b14r_edp1_longestoverlap_ISI_0_test,b14r,p1,Eng,mixed,0,3,0.84,3.57,15,Eng,67,41,67,41,0.611940299,7
b14r_edp1_longestoverlap_ISI_1_test,b14r,p1,Eng,mixed,1,11,2.9,3.79,15,Eng,67,41,67,41,0.611940299,7
b14r_edp1_longestoverlap_ISI_2_test,b14r,p1,Eng,mixed,2,6,1.58,3.8,15,Eng,67,41,67,41,0.611940299,7
b14r_edp1_longestoverlap_ISI_3_test,b14r,p1,Eng,mixed,3,14,2.68,5.22,15,Eng,67,41,67,41,0.611940299,7
b14r_edp1_longestoverlap_ISI_4_test,b14r,p1,Eng,mixed,4,4,1,4,15,Eng,67,41,67,41,0.611940299,7
b14r_edp1_longestoverlap_ISI_5_test,b14r,p1,Eng,mixed,5,14,2.92,4.79,15,Eng,67,41,67,41,0.611940299,7
b14r_edp1_longestoverlap_ISI_6_test,b14r,p1,Eng,mixed,6,5,1.6,3.12,15,Eng,67,41,67,41,0.611940299,7
b14r_edp1_longestoverlap_ISI_7_test,b14r,p1,Eng,mixed,7,3,1.08,2.78,15,Eng,67,41,67,41,0.611940299,7
b14r_edp1_longestoverlap_ISI_8_test,b14r,p1,Eng,mixed,8,6,1.88,3.19,15,Eng,67,41,67,41,0.611940299,7
b14r_edp1_longestoverlap_ISI_9_test,b14r,p1,Eng,mixed,9,4,1.42,2.82,15,Eng,67,41,67,41,0.611940299,7
b14r_edp1_longestoverlap_ISI_10_test,b14r,p1,Eng,mixed,10,3,1.58,1.9,15,Eng,67,41,67,41,0.611940299,7
b14r_eop1_longestoverlap_ISI_0_test,b14r,p1,Eng,single,0,2,1.24,1.61,15,Eng,67,41,67,41,0.611940299,7
b14r_eop1_longestoverlap_ISI_1_test,b14r,p1,Eng,single,1,13,3.04,4.28,15,Eng,67,41,67,41,0.611940299,7
b14r_eop1_longestoverlap_ISI_2_test,b14r,p1,Eng,single,2,5,1.6,3.12,15,Eng,67,41,67,41,0.611940299,7
b14r_eop1_longestoverlap_ISI_3_test,b14r,p1,Eng,single,3,11,2.82,3.9,15,Eng,67,41,67,41,0.611940299,7
b14r_eop1_longestoverlap_ISI_4_test,b14r,p1,Eng,single,4,4,0.98,4.08,15,Eng,67,41,67,41,0.611940299,7
b14r_eop1_longestoverlap_ISI_5_test,b14r,p1,Eng,single,5,10,2.72,3.68,15,Eng,67,41,67,41,0.611940299,7
b14r_eop1_longestoverlap_ISI_6_test,b14r,p1,Eng,single,6,5,1.5,3.33,15,Eng,67,41,67,41,0.611940299,7
b14r_eop1_longestoverlap_ISI_7_test,b14r,p1,Eng,single,7,3,1.14,2.63,15,Eng,67,41,67,41,0.611940299,7
b14r_eop1_longestoverlap_ISI_8_test,b14r,p1,Eng,single,8,6,1.9,3.16,15,Eng,67,41,67,41,0.611940299,7
b14r_eop1_longestoverlap_ISI_9_test,b14r,p1,Eng,single,9,8,1.66,4.82,15,Eng,67,41,67,41,0.611940299,7
b14r_eop1_longestoverlap_ISI_10_test,b14r,p1,Eng,single,10,3,1.48,2.03,15,Eng,67,41,67,41,0.611940299,7
b14r_edp2_longestoverlap_ISI_0_test,b14r,p2,Eng,mixed,0,9,2.4,3.75,15,Eng,67,41,67,41,0.611940299,7
b14r_edp2_longestoverlap_ISI_1_test,b14r,p2,Eng,mixed,1,6,1.8,3.33,15,Eng,67,41,67,41,0.611940299,7
b14r_edp2_longestoverlap_ISI_3_test,b14r,p2,Eng,mixed,3,2,0.6,3.33,15,Eng,67,41,67,41,0.611940299,7
b14r_edp2_longestoverlap_ISI_4_test,b14r,p2,Eng,mixed,4,5,1.02,4.9,15,Eng,67,41,67,41,0.611940299,7
b14r_edp2_longestoverlap_ISI_5_test,b14r,p2,Eng,mixed,5,9,2.14,4.21,15,Eng,67,41,67,41,0.611940299,7
b14r_edp2_longestoverlap_ISI_6_test,b14r,p2,Eng,mixed,6,6,1.78,3.37,15,Eng,67,41,67,41,0.611940299,7
b14r_edp2_longestoverlap_ISI_7_test,b14r,p2,Eng,mixed,7,10,2.08,4.81,15,Eng,67,41,67,41,0.611940299,7
b14r_edp2_longestoverlap_ISI_9_test,b14r,p2,Eng,mixed,9,11,2.44,4.51,15,Eng,67,41,67,41,0.611940299,7
b14r_edp2_longestoverlap_ISI_10_test,b14r,p2,Eng,mixed,10,7,1.46,4.79,15,Eng,67,41,67,41,0.611940299,7
b14r_eop2_longestoverlap_ISI_0_test,b14r,p2,Eng,single,0,8,2.42,3.3,15,Eng,67,41,67,41,0.611940299,7
b14r_eop2_longestoverlap_ISI_1_test,b14r,p2,Eng,single,1,8,1.96,4.08,15,Eng,67,41,67,41,0.611940299,7
b14r_eop2_longestoverlap_ISI_3_test,b14r,p2,Eng,single,3,2,0.56,3.57,15,Eng,67,41,67,41,0.611940299,7
b14r_eop2_longestoverlap_ISI_4_test,b14r,p2,Eng,single,4,5,1,5,15,Eng,67,41,67,41,0.611940299,7
b14r_eop2_longestoverlap_ISI_5_test,b14r,p2,Eng,single,5,10,2.32,4.31,15,Eng,67,41,67,41,0.611940299,7
b14r_eop2_longestoverlap_ISI_6_test,b14r,p2,Eng,single,6,8,1.9,4.21,15,Eng,67,41,67,41,0.611940299,7
b14r_eop2_longestoverlap_ISI_7_test,b14r,p2,Eng,single,7,11,2.24,4.91,15,Eng,67,41,67,41,0.611940299,7
b14r_eop2_longestoverlap_ISI_9_test,b14r,p2,Eng,single,9,13,2.64,4.92,15,Eng,67,41,67,41,0.611940299,7
b14r_eop2_longestoverlap_ISI_10_test,b14r,p2,Eng,single,10,6,1.52,3.95,15,Eng,67,41,67,41,0.611940299,7
b15_edp1_longestoverlap_ISI_0_test,b15,p1,Eng,mixed,0,3,1.42,2.11,16,Eng,63,37,63,37,0.587301587,5
b15_edp1_longestoverlap_ISI_1_test,b15,p1,Eng,mixed,1,9,2.44,3.69,16,Eng,63,37,63,37,0.587301587,5
b15_edp1_longestoverlap_ISI_2_test,b15,p1,Eng,mixed,2,4,1,4,16,Eng,63,37,63,37,0.587301587,5
b15_edp1_longestoverlap_ISI_3_test,b15,p1,Eng,mixed,3,7,1.6,4.37,16,Eng,63,37,63,37,0.587301587,5
b15_edp1_longestoverlap_ISI_4_test,b15,p1,Eng,mixed,4,4,1.14,3.51,16,Eng,63,37,63,37,0.587301587,5
b15_edp1_longestoverlap_ISI_5_test,b15,p1,Eng,mixed,5,15,4.02,3.73,16,Eng,63,37,63,37,0.587301587,5
b15_edp1_longestoverlap_ISI_6_test,b15,p1,Eng,mixed,6,6,1.34,4.48,16,Eng,63,37,63,37,0.587301587,5
b15_edp1_longestoverlap_ISI_7_test,b15,p1,Eng,mixed,7,5,1.12,4.46,16,Eng,63,37,63,37,0.587301587,5
b15_edp1_longestoverlap_ISI_8_test,b15,p1,Eng,mixed,8,4,1.18,3.39,16,Eng,63,37,63,37,0.587301587,5
b15_edp1_longestoverlap_ISI_9_test,b15,p1,Eng,mixed,9,4,0.98,4.08,16,Eng,63,37,63,37,0.587301587,5
b15_edp1_longestoverlap_ISI_10_test,b15,p1,Eng,mixed,10,3,0.84,3.57,16,Eng,63,37,63,37,0.587301587,5
b15_eop1_longestoverlap_ISI_0_test,b15,p1,Eng,single,0,3,1.12,2.68,16,Eng,63,37,63,37,0.587301587,5
b15_eop1_longestoverlap_ISI_1_test,b15,p1,Eng,single,1,8,2.24,3.57,16,Eng,63,37,63,37,0.587301587,5
b15_eop1_longestoverlap_ISI_2_test,b15,p1,Eng,single,2,4,1.04,3.85,16,Eng,63,37,63,37,0.587301587,5
b15_eop1_longestoverlap_ISI_3_test,b15,p1,Eng,single,3,7,1.82,3.85,16,Eng,63,37,63,37,0.587301587,5
b15_eop1_longestoverlap_ISI_4_test,b15,p1,Eng,single,4,4,1,4,16,Eng,63,37,63,37,0.587301587,5
b15_eop1_longestoverlap_ISI_5_test,b15,p1,Eng,single,5,15,4.24,3.54,16,Eng,63,37,63,37,0.587301587,5
b15_eop1_longestoverlap_ISI_6_test,b15,p1,Eng,single,6,7,1.52,4.6,16,Eng,63,37,63,37,0.587301587,5
b15_eop1_longestoverlap_ISI_7_test,b15,p1,Eng,single,7,5,1.24,4.03,16,Eng,63,37,63,37,0.587301587,5
b15_eop1_longestoverlap_ISI_8_test,b15,p1,Eng,single,8,4,1.2,3.33,16,Eng,63,37,63,37,0.587301587,5
b15_eop1_longestoverlap_ISI_9_test,b15,p1,Eng,single,9,5,0.98,5.1,16,Eng,63,37,63,37,0.587301587,5
b15_eop1_longestoverlap_ISI_10_test,b15,p1,Eng,single,10,4,0.84,4.76,16,Eng,63,37,63,37,0.587301587,5
b15_edp2_longestoverlap_ISI_0_test,b15,p2,Eng,mixed,0,7,1.48,4.73,16,Eng,63,37,63,37,0.587301587,5
b15_edp2_longestoverlap_ISI_1_test,b15,p2,Eng,mixed,1,7,1.52,4.6,16,Eng,63,37,63,37,0.587301587,5
b15_edp2_longestoverlap_ISI_2_test,b15,p2,Eng,mixed,2,3,0.76,3.95,16,Eng,63,37,63,37,0.587301587,5
b15_edp2_longestoverlap_ISI_3_test,b15,p2,Eng,mixed,3,2,0.74,2.7,16,Eng,63,37,63,37,0.587301587,5
b15_edp2_longestoverlap_ISI_4_test,b15,p2,Eng,mixed,4,3,0.66,4.54,16,Eng,63,37,63,37,0.587301587,5
b15_edp2_longestoverlap_ISI_5_test,b15,p2,Eng,mixed,5,17,3.1,5.48,16,Eng,63,37,63,37,0.587301587,5
b15_edp2_longestoverlap_ISI_6_test,b15,p2,Eng,mixed,6,3,0.72,4.16,16,Eng,63,37,63,37,0.587301587,5
b15_edp2_longestoverlap_ISI_7_test,b15,p2,Eng,mixed,7,5,1.36,3.68,16,Eng,63,37,63,37,0.587301587,5
b15_edp2_longestoverlap_ISI_8_test,b15,p2,Eng,mixed,8,4,1.02,3.92,16,Eng,63,37,63,37,0.587301587,5
b15_edp2_longestoverlap_ISI_9_test,b15,p2,Eng,mixed,9,7,1.64,4.27,16,Eng,63,37,63,37,0.587301587,5
b15_edp2_longestoverlap_ISI_10_test,b15,p2,Eng,mixed,10,8,2.04,3.92,16,Eng,63,37,63,37,0.587301587,5
b15_eop2_longestoverlap_ISI_0_test,b15,p2,Eng,single,0,8,1.38,5.8,16,Eng,63,37,63,37,0.587301587,5
b15_eop2_longestoverlap_ISI_1_test,b15,p2,Eng,single,1,8,1.7,4.7,16,Eng,63,37,63,37,0.587301587,5
b15_eop2_longestoverlap_ISI_2_test,b15,p2,Eng,single,2,3,0.72,4.17,16,Eng,63,37,63,37,0.587301587,5
b15_eop2_longestoverlap_ISI_3_test,b15,p2,Eng,single,3,2,0.56,3.57,16,Eng,63,37,63,37,0.587301587,5
b15_eop2_longestoverlap_ISI_4_test,b15,p2,Eng,single,4,5,0.96,5.21,16,Eng,63,37,63,37,0.587301587,5
b15_eop2_longestoverlap_ISI_5_test,b15,p2,Eng,single,5,13,3.32,3.91,16,Eng,63,37,63,37,0.587301587,5
b15_eop2_longestoverlap_ISI_6_test,b15,p2,Eng,single,6,4,0.68,5.88,16,Eng,63,37,63,37,0.587301587,5
b15_eop2_longestoverlap_ISI_7_test,b15,p2,Eng,single,7,5,1.5,3.33,16,Eng,63,37,63,37,0.587301587,5
b15_eop2_longestoverlap_ISI_8_test,b15,p2,Eng,single,8,4,1.02,3.92,16,Eng,63,37,63,37,0.587301587,5
b15_eop2_longestoverlap_ISI_9_test,b15,p2,Eng,single,9,7,1.88,3.72,16,Eng,63,37,63,37,0.587301587,5
b15_eop2_longestoverlap_ISI_10_test,b15,p2,Eng,single,10,8,2.18,3.67,16,Eng,63,37,63,37,0.587301587,5
b16rrr_edp1_longestoverlap_ISI_0_test,b16rrr,p1,Eng,mixed,0,2,0.56,3.57,17,Eng,67,40,67,40,0.597014925,4
b16rrr_edp1_longestoverlap_ISI_1_test,b16rrr,p1,Eng,mixed,1,9,1.52,5.92,17,Eng,67,40,67,40,0.597014925,4
b16rrr_edp1_longestoverlap_ISI_2_test,b16rrr,p1,Eng,mixed,2,2,0.88,2.27,17,Eng,67,40,67,40,0.597014925,4
b16rrr_edp1_longestoverlap_ISI_3_test,b16rrr,p1,Eng,mixed,3,6,1.58,3.8,17,Eng,67,40,67,40,0.597014925,4
b16rrr_edp1_longestoverlap_ISI_4_test,b16rrr,p1,Eng,mixed,4,4,1,4,17,Eng,67,40,67,40,0.597014925,4
b16rrr_edp1_longestoverlap_ISI_5_test,b16rrr,p1,Eng,mixed,5,9,2.72,3.31,17,Eng,67,40,67,40,0.597014925,4
b16rrr_edp1_longestoverlap_ISI_6_test,b16rrr,p1,Eng,mixed,6,4,1.34,2.98,17,Eng,67,40,67,40,0.597014925,4
b16rrr_edp1_longestoverlap_ISI_7_test,b16rrr,p1,Eng,mixed,7,3,1.04,2.88,17,Eng,67,40,67,40,0.597014925,4
b16rrr_edp1_longestoverlap_ISI_8_test,b16rrr,p1,Eng,mixed,8,10,2.5,4,17,Eng,67,40,67,40,0.597014925,4
b16rrr_edp1_longestoverlap_ISI_9_test,b16rrr,p1,Eng,mixed,9,4,1.02,3.92,17,Eng,67,40,67,40,0.597014925,4
b16rrr_eop1_longestoverlap_ISI_0_test,b16rrr,p1,Eng,single,0,2,0.48,4.17,17,Eng,67,40,67,40,0.597014925,4
b16rrr_eop1_longestoverlap_ISI_1_test,b16rrr,p1,Eng,single,1,6,1.64,3.66,17,Eng,67,40,67,40,0.597014925,4
b16rrr_eop1_longestoverlap_ISI_2_test,b16rrr,p1,Eng,single,2,4,1.14,3.51,17,Eng,67,40,67,40,0.597014925,4
b16rrr_eop1_longestoverlap_ISI_3_test,b16rrr,p1,Eng,single,3,9,1.84,4.89,17,Eng,67,40,67,40,0.597014925,4
b16rrr_eop1_longestoverlap_ISI_4_test,b16rrr,p1,Eng,single,4,4,1.04,3.85,17,Eng,67,40,67,40,0.597014925,4
b16rrr_eop1_longestoverlap_ISI_5_test,b16rrr,p1,Eng,single,5,9,3.02,2.98,17,Eng,67,40,67,40,0.597014925,4
b16rrr_eop1_longestoverlap_ISI_6_test,b16rrr,p1,Eng,single,6,4,1.38,2.9,17,Eng,67,40,67,40,0.597014925,4
b16rrr_eop1_longestoverlap_ISI_7_test,b16rrr,p1,Eng,single,7,4,0.98,4.08,17,Eng,67,40,67,40,0.597014925,4
b16rrr_eop1_longestoverlap_ISI_8_test,b16rrr,p1,Eng,single,8,10,2.18,4.59,17,Eng,67,40,67,40,0.597014925,4
b16rrr_eop1_longestoverlap_ISI_9_test,b16rrr,p1,Eng,single,9,6,1.06,5.66,17,Eng,67,40,67,40,0.597014925,4
b16rrr_edp2_longestoverlap_ISI_0_test,b16rrr,p2,Eng,mixed,0,12,3.32,3.61,17,Eng,67,40,67,40,0.597014925,4
b16rrr_edp2_longestoverlap_ISI_1_test,b16rrr,p2,Eng,mixed,1,10,2.3,4.35,17,Eng,67,40,67,40,0.597014925,4
b16rrr_edp2_longestoverlap_ISI_3_test,b16rrr,p2,Eng,mixed,3,2,0.76,2.63,17,Eng,67,40,67,40,0.597014925,4
b16rrr_edp2_longestoverlap_ISI_4_test,b16rrr,p2,Eng,mixed,4,8,1.86,4.3,17,Eng,67,40,67,40,0.597014925,4
b16rrr_edp2_longestoverlap_ISI_5_test,b16rrr,p2,Eng,mixed,5,4,1.44,2.78,17,Eng,67,40,67,40,0.597014925,4
b16rrr_edp2_longestoverlap_ISI_6_test,b16rrr,p2,Eng,mixed,6,6,1.86,3.23,17,Eng,67,40,67,40,0.597014925,4
b16rrr_edp2_longestoverlap_ISI_7_test,b16rrr,p2,Eng,mixed,7,8,1.76,4.54,17,Eng,67,40,67,40,0.597014925,4
b16rrr_edp2_longestoverlap_ISI_9_test,b16rrr,p2,Eng,mixed,9,7,1.84,3.8,17,Eng,67,40,67,40,0.597014925,4
b16rrr_eop2_longestoverlap_ISI_0_test,b16rrr,p2,Eng,single,0,14,3.62,3.87,17,Eng,67,40,67,40,0.597014925,4
b16rrr_eop2_longestoverlap_ISI_1_test,b16rrr,p2,Eng,single,1,10,2.8,3.57,17,Eng,67,40,67,40,0.597014925,4
b16rrr_eop2_longestoverlap_ISI_3_test,b16rrr,p2,Eng,single,3,2,0.72,2.78,17,Eng,67,40,67,40,0.597014925,4
b16rrr_eop2_longestoverlap_ISI_4_test,b16rrr,p2,Eng,single,4,8,1.78,4.49,17,Eng,67,40,67,40,0.597014925,4
b16rrr_eop2_longestoverlap_ISI_5_test,b16rrr,p2,Eng,single,5,6,1.56,3.85,17,Eng,67,40,67,40,0.597014925,4
b16rrr_eop2_longestoverlap_ISI_6_test,b16rrr,p2,Eng,single,6,7,2.08,3.36,17,Eng,67,40,67,40,0.597014925,4
b16rrr_eop2_longestoverlap_ISI_7_test,b16rrr,p2,Eng,single,7,5,1.82,2.75,17,Eng,67,40,67,40,0.597014925,4
b16rrr_eop2_longestoverlap_ISI_9_test,b16rrr,p2,Eng,single,9,9,2.24,4.02,17,Eng,67,40,67,40,0.597014925,4
b17_edp1_longestoverlap_ISI_0_test,b17,p1,Eng,mixed,0,3,0.6,5,2,Eng,61,51,61,51,0.836065574,6
b17_edp1_longestoverlap_ISI_1_test,b17,p1,Eng,mixed,1,8,1.68,4.76,2,Eng,61,51,61,51,0.836065574,6
b17_edp1_longestoverlap_ISI_2_test,b17,p1,Eng,mixed,2,6,1.38,4.35,2,Eng,61,51,61,51,0.836065574,6
b17_edp1_longestoverlap_ISI_3_test,b17,p1,Eng,mixed,3,6,1.46,4.11,2,Eng,61,51,61,51,0.836065574,6
b17_edp1_longestoverlap_ISI_4_test,b17,p1,Eng,mixed,4,3,1.04,2.88,2,Eng,61,51,61,51,0.836065574,6
b17_edp1_longestoverlap_ISI_5_test,b17,p1,Eng,mixed,5,7,2.16,3.24,2,Eng,61,51,61,51,0.836065574,6
b17_edp1_longestoverlap_ISI_6_test,b17,p1,Eng,mixed,6,8,1.7,4.7,2,Eng,61,51,61,51,0.836065574,6
b17_edp1_longestoverlap_ISI_7_test,b17,p1,Eng,mixed,7,4,0.82,4.88,2,Eng,61,51,61,51,0.836065574,6
b17_edp1_longestoverlap_ISI_8_test,b17,p1,Eng,mixed,8,2,0.66,3.03,2,Eng,61,51,61,51,0.836065574,6
b17_edp1_longestoverlap_ISI_9_test,b17,p1,Eng,mixed,9,12,2.7,4.44,2,Eng,61,51,61,51,0.836065574,6
b17_edp1_longestoverlap_ISI_10_test,b17,p1,Eng,mixed,10,4,1.38,2.9,2,Eng,61,51,61,51,0.836065574,6
b17_eop1_longestoverlap_ISI_0_test,b17,p1,Eng,single,0,3,1.1,2.73,2,Eng,61,51,61,51,0.836065574,6
b17_eop1_longestoverlap_ISI_1_test,b17,p1,Eng,single,1,8,1.78,4.49,2,Eng,61,51,61,51,0.836065574,6
b17_eop1_longestoverlap_ISI_2_test,b17,p1,Eng,single,2,6,1.32,4.54,2,Eng,61,51,61,51,0.836065574,6
b17_eop1_longestoverlap_ISI_3_test,b17,p1,Eng,single,3,6,1.44,4.17,2,Eng,61,51,61,51,0.836065574,6
b17_eop1_longestoverlap_ISI_4_test,b17,p1,Eng,single,4,4,0.8,5,2,Eng,61,51,61,51,0.836065574,6
b17_eop1_longestoverlap_ISI_5_test,b17,p1,Eng,single,5,6,1.26,4.76,2,Eng,61,51,61,51,0.836065574,6
b17_eop1_longestoverlap_ISI_6_test,b17,p1,Eng,single,6,8,1.44,5.55,2,Eng,61,51,61,51,0.836065574,6
b17_eop1_longestoverlap_ISI_7_test,b17,p1,Eng,single,7,3,0.72,4.17,2,Eng,61,51,61,51,0.836065574,6
b17_eop1_longestoverlap_ISI_8_test,b17,p1,Eng,single,8,2,0.56,3.57,2,Eng,61,51,61,51,0.836065574,6
b17_eop1_longestoverlap_ISI_9_test,b17,p1,Eng,single,9,16,2.64,6.06,2,Eng,61,51,61,51,0.836065574,6
b17_eop1_longestoverlap_ISI_10_test,b17,p1,Eng,single,10,5,1.08,4.63,2,Eng,61,51,61,51,0.836065574,6
b17_edp2_longestoverlap_ISI_0_test,b17,p2,Eng,mixed,0,15,3.14,4.78,2,Eng,61,51,61,51,0.836065574,6
b17_edp2_longestoverlap_ISI_1_test,b17,p2,Eng,mixed,1,14,2.72,5.15,2,Eng,61,51,61,51,0.836065574,6
b17_edp2_longestoverlap_ISI_3_test,b17,p2,Eng,mixed,3,3,0.7,4.28,2,Eng,61,51,61,51,0.836065574,6
b17_edp2_longestoverlap_ISI_4_test,b17,p2,Eng,mixed,4,4,0.96,4.17,2,Eng,61,51,61,51,0.836065574,6
b17_edp2_longestoverlap_ISI_5_test,b17,p2,Eng,mixed,5,7,2.28,3.07,2,Eng,61,51,61,51,0.836065574,6
b17_edp2_longestoverlap_ISI_6_test,b17,p2,Eng,mixed,6,10,2.12,4.72,2,Eng,61,51,61,51,0.836065574,6
b17_edp2_longestoverlap_ISI_7_test,b17,p2,Eng,mixed,7,11,2.46,4.47,2,Eng,61,51,61,51,0.836065574,6
b17_edp2_longestoverlap_ISI_9_test,b17,p2,Eng,mixed,9,7,1.58,4.43,2,Eng,61,51,61,51,0.836065574,6
b17_edp2_longestoverlap_ISI_10_test,b17,p2,Eng,mixed,10,3,0.88,3.41,2,Eng,61,51,61,51,0.836065574,6
b17_eop2_longestoverlap_ISI_0_test,b17,p2,Eng,single,0,14,3.1,4.51,2,Eng,61,51,61,51,0.836065574,6
b17_eop2_longestoverlap_ISI_1_test,b17,p2,Eng,single,1,11,2.68,4.1,2,Eng,61,51,61,51,0.836065574,6
b17_eop2_longestoverlap_ISI_3_test,b17,p2,Eng,single,3,2,0.6,3.33,2,Eng,61,51,61,51,0.836065574,6
b17_eop2_longestoverlap_ISI_4_test,b17,p2,Eng,single,4,3,0.94,3.19,2,Eng,61,51,61,51,0.836065574,6
b17_eop2_longestoverlap_ISI_5_test,b17,p2,Eng,single,5,9,2.2,4.09,2,Eng,61,51,61,51,0.836065574,6
b17_eop2_longestoverlap_ISI_6_test,b17,p2,Eng,single,6,12,2.12,5.66,2,Eng,61,51,61,51,0.836065574,6
b17_eop2_longestoverlap_ISI_7_test,b17,p2,Eng,single,7,11,2.7,4.07,2,Eng,61,51,61,51,0.836065574,6
b17_eop2_longestoverlap_ISI_9_test,b17,p2,Eng,single,9,8,1.5,5.33,2,Eng,61,51,61,51,0.836065574,6
b17_eop2_longestoverlap_ISI_10_test,b17,p2,Eng,single,10,3,0.84,3.57,2,Eng,61,51,61,51,0.836065574,6
b18_edp1_longestoverlap_ISI_0_test,b18,p1,Eng,mixed,0,9,2.24,4.02,3,Eng,63,29,63,29,0.46031746,3
b18_edp1_longestoverlap_ISI_1_test,b18,p1,Eng,mixed,1,8,1.8,4.44,3,Eng,63,29,63,29,0.46031746,3
b18_edp1_longestoverlap_ISI_2_test,b18,p1,Eng,mixed,2,6,1.54,3.9,3,Eng,63,29,63,29,0.46031746,3
b18_edp1_longestoverlap_ISI_3_test,b18,p1,Eng,mixed,3,12,2.58,4.65,3,Eng,63,29,63,29,0.46031746,3
b18_edp1_longestoverlap_ISI_5_test,b18,p1,Eng,mixed,5,2,1.04,1.92,3,Eng,63,29,63,29,0.46031746,3
b18_edp1_longestoverlap_ISI_6_test,b18,p1,Eng,mixed,6,7,2,3.5,3,Eng,63,29,63,29,0.46031746,3
b18_edp1_longestoverlap_ISI_7_test,b18,p1,Eng,mixed,7,5,1.1,4.54,3,Eng,63,29,63,29,0.46031746,3
b18_edp1_longestoverlap_ISI_8_test,b18,p1,Eng,mixed,8,9,2.3,3.91,3,Eng,63,29,63,29,0.46031746,3
b18_edp1_longestoverlap_ISI_9_test,b18,p1,Eng,mixed,9,4,1.1,3.64,3,Eng,63,29,63,29,0.46031746,3
b18_edp1_longestoverlap_ISI_10_test,b18,p1,Eng,mixed,10,5,1.58,3.16,3,Eng,63,29,63,29,0.46031746,3
b18_eop1_longestoverlap_ISI_0_test,b18,p1,Eng,single,0,9,2.2,4.09,3,Eng,63,29,63,29,0.46031746,3
b18_eop1_longestoverlap_ISI_1_test,b18,p1,Eng,single,1,6,1.52,3.95,3,Eng,63,29,63,29,0.46031746,3
b18_eop1_longestoverlap_ISI_2_test,b18,p1,Eng,single,2,7,1.2,5.83,3,Eng,63,29,63,29,0.46031746,3
b18_eop1_longestoverlap_ISI_3_test,b18,p1,Eng,single,3,12,2.48,4.84,3,Eng,63,29,63,29,0.46031746,3
b18_eop1_longestoverlap_ISI_5_test,b18,p1,Eng,single,5,3,1.2,2.5,3,Eng,63,29,63,29,0.46031746,3
b18_eop1_longestoverlap_ISI_6_test,b18,p1,Eng,single,6,6,1.42,4.22,3,Eng,63,29,63,29,0.46031746,3
b18_eop1_longestoverlap_ISI_7_test,b18,p1,Eng,single,7,5,1.1,4.54,3,Eng,63,29,63,29,0.46031746,3
b18_eop1_longestoverlap_ISI_8_test,b18,p1,Eng,single,8,9,2.42,3.72,3,Eng,63,29,63,29,0.46031746,3
b18_eop1_longestoverlap_ISI_9_test,b18,p1,Eng,single,9,6,1.2,5,3,Eng,63,29,63,29,0.46031746,3
b18_eop1_longestoverlap_ISI_10_test,b18,p1,Eng,single,10,5,1.38,3.62,3,Eng,63,29,63,29,0.46031746,3
b18_edp2_longestoverlap_ISI_0_test,b18,p2,Eng,mixed,0,6,1.54,3.89,3,Eng,63,29,63,29,0.46031746,3
b18_edp2_longestoverlap_ISI_1_test,b18,p2,Eng,mixed,1,9,2.28,3.95,3,Eng,63,29,63,29,0.46031746,3
b18_edp2_longestoverlap_ISI_4_test,b18,p2,Eng,mixed,4,7,1.44,4.86,3,Eng,63,29,63,29,0.46031746,3
b18_edp2_longestoverlap_ISI_5_test,b18,p2,Eng,mixed,5,5,1.06,4.72,3,Eng,63,29,63,29,0.46031746,3
b18_edp2_longestoverlap_ISI_6_test,b18,p2,Eng,mixed,6,11,2.04,5.39,3,Eng,63,29,63,29,0.46031746,3
b18_edp2_longestoverlap_ISI_7_test,b18,p2,Eng,mixed,7,10,2.3,4.35,3,Eng,63,29,63,29,0.46031746,3
b18_edp2_longestoverlap_ISI_8_test,b18,p2,Eng,mixed,8,3,1.22,2.46,3,Eng,63,29,63,29,0.46031746,3
b18_edp2_longestoverlap_ISI_9_test,b18,p2,Eng,mixed,9,13,2.4,5.41,3,Eng,63,29,63,29,0.46031746,3
b18_edp2_longestoverlap_ISI_10_test,b18,p2,Eng,mixed,10,9,1.82,4.94,3,Eng,63,29,63,29,0.46031746,3
b18_eop2_longestoverlap_ISI_0_test,b18,p2,Eng,single,0,4,1.28,3.12,3,Eng,63,29,63,29,0.46031746,3
b18_eop2_longestoverlap_ISI_1_test,b18,p2,Eng,single,1,10,2.38,4.2,3,Eng,63,29,63,29,0.46031746,3
b18_eop2_longestoverlap_ISI_4_test,b18,p2,Eng,single,4,8,1.46,5.48,3,Eng,63,29,63,29,0.46031746,3
b18_eop2_longestoverlap_ISI_5_test,b18,p2,Eng,single,5,4,1.1,3.63,3,Eng,63,29,63,29,0.46031746,3
b18_eop2_longestoverlap_ISI_6_test,b18,p2,Eng,single,6,10,2.1,4.76,3,Eng,63,29,63,29,0.46031746,3
b18_eop2_longestoverlap_ISI_7_test,b18,p2,Eng,single,7,11,2.22,4.95,3,Eng,63,29,63,29,0.46031746,3
b18_eop2_longestoverlap_ISI_8_test,b18,p2,Eng,single,8,2,0.86,2.32,3,Eng,63,29,63,29,0.46031746,3
b18_eop2_longestoverlap_ISI_9_test,b18,p2,Eng,single,9,10,2.36,4.24,3,Eng,63,29,63,29,0.46031746,3
b18_eop2_longestoverlap_ISI_10_test,b18,p2,Eng,single,10,9,1.94,4.64,3,Eng,63,29,63,29,0.46031746,3
b19_edp1_longestoverlap_ISI_0_test,b19,p1,Eng,mixed,0,3,0.74,4.05,4,Eng,72,58,72,58,0.805555556,0
b19_edp1_longestoverlap_ISI_1_test,b19,p1,Eng,mixed,1,12,2.72,4.41,4,Eng,72,58,72,58,0.805555556,0
b19_edp1_longestoverlap_ISI_2_test,b19,p1,Eng,mixed,2,6,1.46,4.11,4,Eng,72,58,72,58,0.805555556,0
b19_edp1_longestoverlap_ISI_3_test,b19,p1,Eng,mixed,3,6,1.5,4,4,Eng,72,58,72,58,0.805555556,0
b19_edp1_longestoverlap_ISI_4_test,b19,p1,Eng,mixed,4,3,0.86,3.49,4,Eng,72,58,72,58,0.805555556,0
b19_edp1_longestoverlap_ISI_5_test,b19,p1,Eng,mixed,5,16,4.04,3.96,4,Eng,72,58,72,58,0.805555556,0
b19_edp1_longestoverlap_ISI_6_test,b19,p1,Eng,mixed,6,4,1.04,3.85,4,Eng,72,58,72,58,0.805555556,0
b19_edp1_longestoverlap_ISI_7_test,b19,p1,Eng,mixed,7,3,0.74,4.05,4,Eng,72,58,72,58,0.805555556,0
b19_edp1_longestoverlap_ISI_8_test,b19,p1,Eng,mixed,8,15,3,5,4,Eng,72,58,72,58,0.805555556,0
b19_edp1_longestoverlap_ISI_9_test,b19,p1,Eng,mixed,9,10,2.44,4.1,4,Eng,72,58,72,58,0.805555556,0
b19_edp1_longestoverlap_ISI_10_test,b19,p1,Eng,mixed,10,9,2.16,4.17,4,Eng,72,58,72,58,0.805555556,0
b19_eop1_longestoverlap_ISI_0_test,b19,p1,Eng,single,0,3,0.58,5.17,4,Eng,72,58,72,58,0.805555556,0
b19_eop1_longestoverlap_ISI_1_test,b19,p1,Eng,single,1,13,2.6,5,4,Eng,72,58,72,58,0.805555556,0
b19_eop1_longestoverlap_ISI_2_test,b19,p1,Eng,single,2,5,1.26,3.97,4,Eng,72,58,72,58,0.805555556,0
b19_eop1_longestoverlap_ISI_3_test,b19,p1,Eng,single,3,6,1.52,3.95,4,Eng,72,58,72,58,0.805555556,0
b19_eop1_longestoverlap_ISI_4_test,b19,p1,Eng,single,4,3,0.84,3.57,4,Eng,72,58,72,58,0.805555556,0
b19_eop1_longestoverlap_ISI_5_test,b19,p1,Eng,single,5,15,3.62,4.14,4,Eng,72,58,72,58,0.805555556,0
b19_eop1_longestoverlap_ISI_6_test,b19,p1,Eng,single,6,4,1.04,3.84,4,Eng,72,58,72,58,0.805555556,0
b19_eop1_longestoverlap_ISI_7_test,b19,p1,Eng,single,7,2,0.78,2.56,4,Eng,72,58,72,58,0.805555556,0
b19_eop1_longestoverlap_ISI_8_test,b19,p1,Eng,single,8,15,2.98,5.03,4,Eng,72,58,72,58,0.805555556,0
b19_eop1_longestoverlap_ISI_9_test,b19,p1,Eng,single,9,10,2.42,4.13,4,Eng,72,58,72,58,0.805555556,0
b19_eop1_longestoverlap_ISI_10_test,b19,p1,Eng,single,10,10,2.04,4.9,4,Eng,72,58,72,58,0.805555556,0
b19_edp2_longestoverlap_ISI_0_test,b19,p2,Eng,mixed,0,9,2.32,3.88,4,Eng,72,58,72,58,0.805555556,0
b19_edp2_longestoverlap_ISI_1_test,b19,p2,Eng,mixed,1,11,2.4,4.58,4,Eng,72,58,72,58,0.805555556,0
b19_edp2_longestoverlap_ISI_2_test,b19,p2,Eng,mixed,2,5,1.12,4.46,4,Eng,72,58,72,58,0.805555556,0
b19_edp2_longestoverlap_ISI_3_test,b19,p2,Eng,mixed,3,2,0.64,3.12,4,Eng,72,58,72,58,0.805555556,0
b19_edp2_longestoverlap_ISI_4_test,b19,p2,Eng,mixed,4,7,1.5,4.67,4,Eng,72,58,72,58,0.805555556,0
b19_edp2_longestoverlap_ISI_5_test,b19,p2,Eng,mixed,5,15,3,5,4,Eng,72,58,72,58,0.805555556,0
b19_edp2_longestoverlap_ISI_6_test,b19,p2,Eng,mixed,6,2,0.76,2.63,4,Eng,72,58,72,58,0.805555556,0
b19_edp2_longestoverlap_ISI_7_test,b19,p2,Eng,mixed,7,6,1.74,3.45,4,Eng,72,58,72,58,0.805555556,0
b19_edp2_longestoverlap_ISI_8_test,b19,p2,Eng,mixed,8,5,0.92,5.43,4,Eng,72,58,72,58,0.805555556,0
b19_edp2_longestoverlap_ISI_9_test,b19,p2,Eng,mixed,9,13,2.54,5.12,4,Eng,72,58,72,58,0.805555556,0
b19_edp2_longestoverlap_ISI_10_test,b19,p2,Eng,mixed,10,5,1.22,4.1,4,Eng,72,58,72,58,0.805555556,0
b19_eop2_longestoverlap_ISI_0_test,b19,p2,Eng,single,0,11,2.14,5.14,4,Eng,72,58,72,58,0.805555556,0
b19_eop2_longestoverlap_ISI_1_test,b19,p2,Eng,single,1,11,2.36,4.66,4,Eng,72,58,72,58,0.805555556,0
b19_eop2_longestoverlap_ISI_2_test,b19,p2,Eng,single,2,4,1.02,3.92,4,Eng,72,58,72,58,0.805555556,0
b19_eop2_longestoverlap_ISI_3_test,b19,p2,Eng,single,3,2,0.56,3.57,4,Eng,72,58,72,58,0.805555556,0
b19_eop2_longestoverlap_ISI_4_test,b19,p2,Eng,single,4,8,1.42,5.63,4,Eng,72,58,72,58,0.805555556,0
b19_eop2_longestoverlap_ISI_5_test,b19,p2,Eng,single,5,15,3.16,4.75,4,Eng,72,58,72,58,0.805555556,0
b19_eop2_longestoverlap_ISI_6_test,b19,p2,Eng,single,6,2,0.62,3.22,4,Eng,72,58,72,58,0.805555556,0
b19_eop2_longestoverlap_ISI_7_test,b19,p2,Eng,single,7,6,2.06,2.91,4,Eng,72,58,72,58,0.805555556,0
b19_eop2_longestoverlap_ISI_8_test,b19,p2,Eng,single,8,4,0.88,4.54,4,Eng,72,58,72,58,0.805555556,0
b19_eop2_longestoverlap_ISI_9_test,b19,p2,Eng,single,9,13,2.5,5.2,4,Eng,72,58,72,58,0.805555556,0
b19_eop2_longestoverlap_ISI_10_test,b19,p2,Eng,single,10,6,1.46,4.11,4,Eng,72,58,72,58,0.805555556,0
b2_edp1_longestoverlap_ISI_0_test,b2,p1,Eng,mixed,0,7,1.98,3.53,3,Eng,66,44,66,44,0.666666667,6
b2_edp1_longestoverlap_ISI_1_test,b2,p1,Eng,mixed,1,19,4.66,4.08,3,Eng,66,44,66,44,0.666666667,6
b2_edp1_longestoverlap_ISI_2_test,b2,p1,Eng,mixed,2,14,3.96,3.53,3,Eng,66,44,66,44,0.666666667,6
b2_edp1_longestoverlap_ISI_3_test,b2,p1,Eng,mixed,3,5,1.44,3.47,3,Eng,66,44,66,44,0.666666667,6
b2_edp1_longestoverlap_ISI_4_test,b2,p1,Eng,mixed,4,5,1,5,3,Eng,66,44,66,44,0.666666667,6
b2_edp1_longestoverlap_ISI_5_test,b2,p1,Eng,mixed,5,7,2.24,3.12,3,Eng,66,44,66,44,0.666666667,6
b2_edp1_longestoverlap_ISI_6_test,b2,p1,Eng,mixed,6,4,1.3,3.08,3,Eng,66,44,66,44,0.666666667,6
b2_edp1_longestoverlap_ISI_7_test,b2,p1,Eng,mixed,7,3,1.3,2.31,3,Eng,66,44,66,44,0.666666667,6
b2_edp1_longestoverlap_ISI_8_test,b2,p1,Eng,mixed,8,18,4.52,3.98,3,Eng,66,44,66,44,0.666666667,6
b2_edp1_longestoverlap_ISI_9_test,b2,p1,Eng,mixed,9,9,1.78,5.05,3,Eng,66,44,66,44,0.666666667,6
b2_edp1_longestoverlap_ISI_10_test,b2,p1,Eng,mixed,10,7,1.74,4.02,3,Eng,66,44,66,44,0.666666667,6
b2_eop1_longestoverlap_ISI_0_test,b2,p1,Eng,single,0,9,1.78,5.05,3,Eng,66,44,66,44,0.666666667,6
b2_eop1_longestoverlap_ISI_1_test,b2,p1,Eng,single,1,18,4.12,4.37,3,Eng,66,44,66,44,0.666666667,6
b2_eop1_longestoverlap_ISI_2_test,b2,p1,Eng,single,2,13,2.88,4.51,3,Eng,66,44,66,44,0.666666667,6
b2_eop1_longestoverlap_ISI_3_test,b2,p1,Eng,single,3,4,1.3,3.08,3,Eng,66,44,66,44,0.666666667,6
b2_eop1_longestoverlap_ISI_4_test,b2,p1,Eng,single,4,4,0.82,4.88,3,Eng,66,44,66,44,0.666666667,6
b2_eop1_longestoverlap_ISI_5_test,b2,p1,Eng,single,5,6,1.88,3.19,3,Eng,66,44,66,44,0.666666667,6
b2_eop1_longestoverlap_ISI_6_test,b2,p1,Eng,single,6,5,1.3,3.85,3,Eng,66,44,66,44,0.666666667,6
b2_eop1_longestoverlap_ISI_7_test,b2,p1,Eng,single,7,4,1.38,2.9,3,Eng,66,44,66,44,0.666666667,6
b2_eop1_longestoverlap_ISI_8_test,b2,p1,Eng,single,8,19,3.42,5.55,3,Eng,66,44,66,44,0.666666667,6
b2_eop1_longestoverlap_ISI_9_test,b2,p1,Eng,single,9,8,1.86,4.3,3,Eng,66,44,66,44,0.666666667,6
b2_eop1_longestoverlap_ISI_10_test,b2,p1,Eng,single,10,5,1.58,3.16,3,Eng,66,44,66,44,0.666666667,6
b2_edp2_longestoverlap_ISI_0_test,b2,p2,Eng,mixed,0,8,1.7,4.71,3,Eng,66,44,66,44,0.666666667,6
b2_edp2_longestoverlap_ISI_1_test,b2,p2,Eng,mixed,1,12,2.8,4.29,3,Eng,66,44,66,44,0.666666667,6
b2_edp2_longestoverlap_ISI_2_test,b2,p2,Eng,mixed,2,6,1.6,3.75,3,Eng,66,44,66,44,0.666666667,6
b2_edp2_longestoverlap_ISI_3_test,b2,p2,Eng,mixed,3,3,0.92,3.26,3,Eng,66,44,66,44,0.666666667,6
b2_edp2_longestoverlap_ISI_4_test,b2,p2,Eng,mixed,4,8,2.1,3.81,3,Eng,66,44,66,44,0.666666667,6
b2_edp2_longestoverlap_ISI_5_test,b2,p2,Eng,mixed,5,14,2.64,5.3,3,Eng,66,44,66,44,0.666666667,6
b2_edp2_longestoverlap_ISI_6_test,b2,p2,Eng,mixed,6,3,0.8,3.75,3,Eng,66,44,66,44,0.666666667,6
b2_edp2_longestoverlap_ISI_7_test,b2,p2,Eng,mixed,7,11,2.96,3.72,3,Eng,66,44,66,44,0.666666667,6
b2_edp2_longestoverlap_ISI_8_test,b2,p2,Eng,mixed,8,2,0.48,4.17,3,Eng,66,44,66,44,0.666666667,6
b2_edp2_longestoverlap_ISI_9_test,b2,p2,Eng,mixed,9,8,3.62,2.21,3,Eng,66,44,66,44,0.666666667,6
b2_edp2_longestoverlap_ISI_10_test,b2,p2,Eng,mixed,10,14,3.38,4.14,3,Eng,66,44,66,44,0.666666667,6
b2_eop2_longestoverlap_ISI_0_test,b2,p2,Eng,single,0,7,1.58,4.43,3,Eng,66,44,66,44,0.666666667,6
b2_eop2_longestoverlap_ISI_1_test,b2,p2,Eng,single,1,13,3.1,4.19,3,Eng,66,44,66,44,0.666666667,6
b2_eop2_longestoverlap_ISI_2_test,b2,p2,Eng,single,2,6,1.32,4.54,3,Eng,66,44,66,44,0.666666667,6
b2_eop2_longestoverlap_ISI_3_test,b2,p2,Eng,single,3,3,0.8,3.75,3,Eng,66,44,66,44,0.666666667,6
b2_eop2_longestoverlap_ISI_4_test,b2,p2,Eng,single,4,8,2.1,3.81,3,Eng,66,44,66,44,0.666666667,6
b2_eop2_longestoverlap_ISI_5_test,b2,p2,Eng,single,5,9,2.72,3.31,3,Eng,66,44,66,44,0.666666667,6
b2_eop2_longestoverlap_ISI_6_test,b2,p2,Eng,single,6,3,0.72,4.17,3,Eng,66,44,66,44,0.666666667,6
b2_eop2_longestoverlap_ISI_7_test,b2,p2,Eng,single,7,10,2.9,3.45,3,Eng,66,44,66,44,0.666666667,6
b2_eop2_longestoverlap_ISI_8_test,b2,p2,Eng,single,8,2,0.52,3.85,3,Eng,66,44,66,44,0.666666667,6
b2_eop2_longestoverlap_ISI_9_test,b2,p2,Eng,single,9,9,2.2,4.09,3,Eng,66,44,66,44,0.666666667,6
b2_eop2_longestoverlap_ISI_10_test,b2,p2,Eng,single,10,13,3.06,4.25,3,Eng,66,44,66,44,0.666666667,6
b20_edp1_longestoverlap_ISI_0_test,b20,p1,Eng,mixed,0,6,1.56,3.85,5,Eng,71,40,71,40,0.563380282,5
b20_edp1_longestoverlap_ISI_1_test,b20,p1,Eng,mixed,1,12,2.78,4.32,5,Eng,71,40,71,40,0.563380282,5
b20_edp1_longestoverlap_ISI_2_test,b20,p1,Eng,mixed,2,4,1,4,5,Eng,71,40,71,40,0.563380282,5
b20_edp1_longestoverlap_ISI_3_test,b20,p1,Eng,mixed,3,11,2.32,4.74,5,Eng,71,40,71,40,0.563380282,5
b20_edp1_longestoverlap_ISI_5_test,b20,p1,Eng,mixed,5,12,3.04,3.95,5,Eng,71,40,71,40,0.563380282,5
b20_edp1_longestoverlap_ISI_6_test,b20,p1,Eng,mixed,6,7,1.58,4.43,5,Eng,71,40,71,40,0.563380282,5
b20_edp1_longestoverlap_ISI_7_test,b20,p1,Eng,mixed,7,5,1.18,4.24,5,Eng,71,40,71,40,0.563380282,5
b20_edp1_longestoverlap_ISI_9_test,b20,p1,Eng,mixed,9,7,1.64,4.27,5,Eng,71,40,71,40,0.563380282,5
b20_edp1_longestoverlap_ISI_10_test,b20,p1,Eng,mixed,10,4,1.16,3.45,5,Eng,71,40,71,40,0.563380282,5
b20_eop1_longestoverlap_ISI_0_test,b20,p1,Eng,single,0,5,1.36,3.68,5,Eng,71,40,71,40,0.563380282,5
b20_eop1_longestoverlap_ISI_1_test,b20,p1,Eng,single,1,14,2.48,5.64,5,Eng,71,40,71,40,0.563380282,5
b20_eop1_longestoverlap_ISI_2_test,b20,p1,Eng,single,2,4,1.02,3.92,5,Eng,71,40,71,40,0.563380282,5
b20_eop1_longestoverlap_ISI_3_test,b20,p1,Eng,single,3,13,2.34,5.55,5,Eng,71,40,71,40,0.563380282,5
b20_eop1_longestoverlap_ISI_5_test,b20,p1,Eng,single,5,13,2.82,4.61,5,Eng,71,40,71,40,0.563380282,5
b20_eop1_longestoverlap_ISI_6_test,b20,p1,Eng,single,6,6,1.48,4.05,5,Eng,71,40,71,40,0.563380282,5
b20_eop1_longestoverlap_ISI_7_test,b20,p1,Eng,single,7,3,1.06,2.83,5,Eng,71,40,71,40,0.563380282,5
b20_eop1_longestoverlap_ISI_9_test,b20,p1,Eng,single,9,6,1.5,4,5,Eng,71,40,71,40,0.563380282,5
b20_eop1_longestoverlap_ISI_10_test,b20,p1,Eng,single,10,4,1.18,3.39,5,Eng,71,40,71,40,0.563380282,5
b20_edp2_longestoverlap_ISI_0_test,b20,p2,Eng,mixed,0,14,2.96,4.73,5,Eng,71,40,71,40,0.563380282,5
b20_edp2_longestoverlap_ISI_1_test,b20,p2,Eng,mixed,1,5,1.06,4.72,5,Eng,71,40,71,40,0.563380282,5
b20_edp2_longestoverlap_ISI_2_test,b20,p2,Eng,mixed,2,6,1.36,4.41,5,Eng,71,40,71,40,0.563380282,5
b20_edp2_longestoverlap_ISI_3_test,b20,p2,Eng,mixed,3,2,0.48,4.17,5,Eng,71,40,71,40,0.563380282,5
b20_edp2_longestoverlap_ISI_4_test,b20,p2,Eng,mixed,4,7,1.38,5.07,5,Eng,71,40,71,40,0.563380282,5
b20_edp2_longestoverlap_ISI_5_test,b20,p2,Eng,mixed,5,14,2.82,4.96,5,Eng,71,40,71,40,0.563380282,5
b20_edp2_longestoverlap_ISI_6_test,b20,p2,Eng,mixed,6,15,2.58,5.81,5,Eng,71,40,71,40,0.563380282,5
b20_edp2_longestoverlap_ISI_7_test,b20,p2,Eng,mixed,7,12,3.06,3.92,5,Eng,71,40,71,40,0.563380282,5
b20_edp2_longestoverlap_ISI_8_test,b20,p2,Eng,mixed,8,2,0.96,2.08,5,Eng,71,40,71,40,0.563380282,5
b20_edp2_longestoverlap_ISI_9_test,b20,p2,Eng,mixed,9,6,1.32,4.55,5,Eng,71,40,71,40,0.563380282,5
b20_edp2_longestoverlap_ISI_10_test,b20,p2,Eng,mixed,10,7,1.48,4.73,5,Eng,71,40,71,40,0.563380282,5
b20_eop2_longestoverlap_ISI_0_test,b20,p2,Eng,single,0,13,2.94,4.42,5,Eng,71,40,71,40,0.563380282,5
b20_eop2_longestoverlap_ISI_1_test,b20,p2,Eng,single,1,6,1.02,5.88,5,Eng,71,40,71,40,0.563380282,5
b20_eop2_longestoverlap_ISI_2_test,b20,p2,Eng,single,2,5,1.14,4.38,5,Eng,71,40,71,40,0.563380282,5
b20_eop2_longestoverlap_ISI_3_test,b20,p2,Eng,single,3,2,0.6,3.33,5,Eng,71,40,71,40,0.563380282,5
b20_eop2_longestoverlap_ISI_4_test,b20,p2,Eng,single,4,8,1.6,5,5,Eng,71,40,71,40,0.563380282,5
b20_eop2_longestoverlap_ISI_5_test,b20,p2,Eng,single,5,14,2.72,5.15,5,Eng,71,40,71,40,0.563380282,5
b20_eop2_longestoverlap_ISI_6_test,b20,p2,Eng,single,6,13,2.42,5.37,5,Eng,71,40,71,40,0.563380282,5
b20_eop2_longestoverlap_ISI_7_test,b20,p2,Eng,single,7,12,2.48,4.84,5,Eng,71,40,71,40,0.563380282,5
b20_eop2_longestoverlap_ISI_8_test,b20,p2,Eng,single,8,3,0.96,3.12,5,Eng,71,40,71,40,0.563380282,5
b20_eop2_longestoverlap_ISI_9_test,b20,p2,Eng,single,9,5,1.3,3.84,5,Eng,71,40,71,40,0.563380282,5
b20_eop2_longestoverlap_ISI_10_test,b20,p2,Eng,single,10,7,1.38,5.07,5,Eng,71,40,71,40,0.563380282,5
b21_edp1_longestoverlap_ISI_0_test,b21,p1,Eng,mixed,0,5,1.54,3.25,6,Eng,76,56,76,56,0.736842105,1
b21_edp1_longestoverlap_ISI_1_test,b21,p1,Eng,mixed,1,13,2.96,4.39,6,Eng,76,56,76,56,0.736842105,1
b21_edp1_longestoverlap_ISI_2_test,b21,p1,Eng,mixed,2,3,0.94,3.19,6,Eng,76,56,76,56,0.736842105,1
b21_edp1_longestoverlap_ISI_3_test,b21,p1,Eng,mixed,3,4,1.02,3.92,6,Eng,76,56,76,56,0.736842105,1
b21_edp1_longestoverlap_ISI_4_test,b21,p1,Eng,mixed,4,4,0.98,4.08,6,Eng,76,56,76,56,0.736842105,1
b21_edp1_longestoverlap_ISI_5_test,b21,p1,Eng,mixed,5,12,3.82,3.14,6,Eng,76,56,76,56,0.736842105,1
b21_edp1_longestoverlap_ISI_6_test,b21,p1,Eng,mixed,6,8,1.82,4.39,6,Eng,76,56,76,56,0.736842105,1
b21_edp1_longestoverlap_ISI_7_test,b21,p1,Eng,mixed,7,5,1.1,4.54,6,Eng,76,56,76,56,0.736842105,1
b21_edp1_longestoverlap_ISI_8_test,b21,p1,Eng,mixed,8,3,0.72,4.17,6,Eng,76,56,76,56,0.736842105,1
b21_edp1_longestoverlap_ISI_9_test,b21,p1,Eng,mixed,9,6,1.42,4.22,6,Eng,76,56,76,56,0.736842105,1
b21_edp1_longestoverlap_ISI_10_test,b21,p1,Eng,mixed,10,3,0.92,3.26,6,Eng,76,56,76,56,0.736842105,1
b21_eop1_longestoverlap_ISI_0_test,b21,p1,Eng,single,0,6,1.76,3.41,6,Eng,76,56,76,56,0.736842105,1
b21_eop1_longestoverlap_ISI_1_test,b21,p1,Eng,single,1,14,3.1,4.51,6,Eng,76,56,76,56,0.736842105,1
b21_eop1_longestoverlap_ISI_2_test,b21,p1,Eng,single,2,5,1.24,4.03,6,Eng,76,56,76,56,0.736842105,1
b21_eop1_longestoverlap_ISI_3_test,b21,p1,Eng,single,3,3,1.24,2.42,6,Eng,76,56,76,56,0.736842105,1
b21_eop1_longestoverlap_ISI_4_test,b21,p1,Eng,single,4,3,0.98,3.06,6,Eng,76,56,76,56,0.736842105,1
b21_eop1_longestoverlap_ISI_5_test,b21,p1,Eng,single,5,15,4,3.75,6,Eng,76,56,76,56,0.736842105,1
b21_eop1_longestoverlap_ISI_6_test,b21,p1,Eng,single,6,5,1.8,2.78,6,Eng,76,56,76,56,0.736842105,1
b21_eop1_longestoverlap_ISI_7_test,b21,p1,Eng,single,7,4,1.08,3.7,6,Eng,76,56,76,56,0.736842105,1
b21_eop1_longestoverlap_ISI_8_test,b21,p1,Eng,single,8,2,0.68,2.94,6,Eng,76,56,76,56,0.736842105,1
b21_eop1_longestoverlap_ISI_9_test,b21,p1,Eng,single,9,5,1.3,3.84,6,Eng,76,56,76,56,0.736842105,1
b21_eop1_longestoverlap_ISI_10_test,b21,p1,Eng,single,10,4,1.38,2.9,6,Eng,76,56,76,56,0.736842105,1
b21_edp2_longestoverlap_ISI_0_test,b21,p2,Eng,mixed,0,6,1.78,3.37,6,Eng,76,56,76,56,0.736842105,1
b21_edp2_longestoverlap_ISI_1_test,b21,p2,Eng,mixed,1,6,1.26,4.76,6,Eng,76,56,76,56,0.736842105,1
b21_edp2_longestoverlap_ISI_3_test,b21,p2,Eng,mixed,3,2,0.7,2.86,6,Eng,76,56,76,56,0.736842105,1
b21_edp2_longestoverlap_ISI_4_test,b21,p2,Eng,mixed,4,7,1.86,3.76,6,Eng,76,56,76,56,0.736842105,1
b21_edp2_longestoverlap_ISI_5_test,b21,p2,Eng,mixed,5,14,2.42,5.78,6,Eng,76,56,76,56,0.736842105,1
b21_edp2_longestoverlap_ISI_6_test,b21,p2,Eng,mixed,6,4,0.98,4.08,6,Eng,76,56,76,56,0.736842105,1
b21_edp2_longestoverlap_ISI_7_test,b21,p2,Eng,mixed,7,5,1.44,3.47,6,Eng,76,56,76,56,0.736842105,1
b21_edp2_longestoverlap_ISI_9_test,b21,p2,Eng,mixed,9,7,1.72,4.07,6,Eng,76,56,76,56,0.736842105,1
b21_edp2_longestoverlap_ISI_10_test,b21,p2,Eng,mixed,10,5,1.4,3.57,6,Eng,76,56,76,56,0.736842105,1
b21_eop2_longestoverlap_ISI_0_test,b21,p2,Eng,single,0,5,1.32,3.79,6,Eng,76,56,76,56,0.736842105,1
b21_eop2_longestoverlap_ISI_1_test,b21,p2,Eng,single,1,6,1.48,4.05,6,Eng,76,56,76,56,0.736842105,1
b21_eop2_longestoverlap_ISI_3_test,b21,p2,Eng,single,3,3,0.6,5,6,Eng,76,56,76,56,0.736842105,1
b21_eop2_longestoverlap_ISI_4_test,b21,p2,Eng,single,4,7,1.58,4.43,6,Eng,76,56,76,56,0.736842105,1
b21_eop2_longestoverlap_ISI_5_test,b21,p2,Eng,single,5,12,2.38,5.04,6,Eng,76,56,76,56,0.736842105,1
b21_eop2_longestoverlap_ISI_6_test,b21,p2,Eng,single,6,3,1.04,2.88,6,Eng,76,56,76,56,0.736842105,1
b21_eop2_longestoverlap_ISI_7_test,b21,p2,Eng,single,7,5,1.34,3.73,6,Eng,76,56,76,56,0.736842105,1
b21_eop2_longestoverlap_ISI_9_test,b21,p2,Eng,single,9,7,1.78,3.93,6,Eng,76,56,76,56,0.736842105,1
b21_eop2_longestoverlap_ISI_10_test,b21,p2,Eng,single,10,6,1.36,4.41,6,Eng,76,56,76,56,0.736842105,1
b22_edp1_longestoverlap_ISI_1_test,b22,p1,Eng,mixed,1,8,1.7,4.71,7,Eng,66,47,66,47,0.712121212,5
b22_edp1_longestoverlap_ISI_2_test,b22,p1,Eng,mixed,2,4,1.14,3.51,7,Eng,66,47,66,47,0.712121212,5
b22_edp1_longestoverlap_ISI_3_test,b22,p1,Eng,mixed,3,9,2.08,4.33,7,Eng,66,47,66,47,0.712121212,5
b22_edp1_longestoverlap_ISI_4_test,b22,p1,Eng,mixed,4,3,0.9,3.33,7,Eng,66,47,66,47,0.712121212,5
b22_edp1_longestoverlap_ISI_5_test,b22,p1,Eng,mixed,5,5,1.62,3.09,7,Eng,66,47,66,47,0.712121212,5
b22_edp1_longestoverlap_ISI_6_test,b22,p1,Eng,mixed,6,3,1.14,2.63,7,Eng,66,47,66,47,0.712121212,5
b22_edp1_longestoverlap_ISI_7_test,b22,p1,Eng,mixed,7,4,1.42,2.82,7,Eng,66,47,66,47,0.712121212,5
b22_edp1_longestoverlap_ISI_8_test,b22,p1,Eng,mixed,8,15,3.28,4.57,7,Eng,66,47,66,47,0.712121212,5
b22_edp1_longestoverlap_ISI_9_test,b22,p1,Eng,mixed,9,13,2.66,4.89,7,Eng,66,47,66,47,0.712121212,5
b22_edp1_longestoverlap_ISI_10_test,b22,p1,Eng,mixed,10,3,1.1,2.73,7,Eng,66,47,66,47,0.712121212,5
b22_eop1_longestoverlap_ISI_1_test,b22,p1,Eng,single,1,9,1.66,5.42,7,Eng,66,47,66,47,0.712121212,5
b22_eop1_longestoverlap_ISI_2_test,b22,p1,Eng,single,2,5,1.22,4.1,7,Eng,66,47,66,47,0.712121212,5
b22_eop1_longestoverlap_ISI_3_test,b22,p1,Eng,single,3,8,1.86,4.3,7,Eng,66,47,66,47,0.712121212,5
b22_eop1_longestoverlap_ISI_4_test,b22,p1,Eng,single,4,4,0.92,4.35,7,Eng,66,47,66,47,0.712121212,5
b22_eop1_longestoverlap_ISI_5_test,b22,p1,Eng,single,5,8,1.84,4.35,7,Eng,66,47,66,47,0.712121212,5
b22_eop1_longestoverlap_ISI_6_test,b22,p1,Eng,single,6,5,1.22,4.1,7,Eng,66,47,66,47,0.712121212,5
b22_eop1_longestoverlap_ISI_7_test,b22,p1,Eng,single,7,3,0.94,3.19,7,Eng,66,47,66,47,0.712121212,5
b22_eop1_longestoverlap_ISI_8_test,b22,p1,Eng,single,8,14,2.9,4.83,7,Eng,66,47,66,47,0.712121212,5
b22_eop1_longestoverlap_ISI_9_test,b22,p1,Eng,single,9,12,2.52,4.76,7,Eng,66,47,66,47,0.712121212,5
b22_eop1_longestoverlap_ISI_10_test,b22,p1,Eng,single,10,4,1.54,2.6,7,Eng,66,47,66,47,0.712121212,5
b22_edp2_longestoverlap_ISI_0_test,b22,p2,Eng,mixed,0,5,1.44,3.47,7,Eng,66,47,66,47,0.712121212,5
b22_edp2_longestoverlap_ISI_1_test,b22,p2,Eng,mixed,1,3,1,3,7,Eng,66,47,66,47,0.712121212,5
b22_edp2_longestoverlap_ISI_3_test,b22,p2,Eng,mixed,3,3,0.8,3.75,7,Eng,66,47,66,47,0.712121212,5
b22_edp2_longestoverlap_ISI_5_test,b22,p2,Eng,mixed,5,10,2.42,4.13,7,Eng,66,47,66,47,0.712121212,5
b22_edp2_longestoverlap_ISI_6_test,b22,p2,Eng,mixed,6,3,0.74,4.05,7,Eng,66,47,66,47,0.712121212,5
b22_edp2_longestoverlap_ISI_7_test,b22,p2,Eng,mixed,7,10,2.28,4.39,7,Eng,66,47,66,47,0.712121212,5
b22_edp2_longestoverlap_ISI_8_test,b22,p2,Eng,mixed,8,5,1.1,4.54,7,Eng,66,47,66,47,0.712121212,5
b22_edp2_longestoverlap_ISI_9_test,b22,p2,Eng,mixed,9,13,2.6,5,7,Eng,66,47,66,47,0.712121212,5
b22_edp2_longestoverlap_ISI_10_test,b22,p2,Eng,mixed,10,4,1.28,3.12,7,Eng,66,47,66,47,0.712121212,5
b22_eop2_longestoverlap_ISI_0_test,b22,p2,Eng,single,0,6,1.5,4,7,Eng,66,47,66,47,0.712121212,5
b22_eop2_longestoverlap_ISI_1_test,b22,p2,Eng,single,1,5,1,5,7,Eng,66,47,66,47,0.712121212,5
b22_eop2_longestoverlap_ISI_3_test,b22,p2,Eng,single,3,2,0.72,2.78,7,Eng,66,47,66,47,0.712121212,5
b22_eop2_longestoverlap_ISI_5_test,b22,p2,Eng,single,5,10,2.54,3.94,7,Eng,66,47,66,47,0.712121212,5
b22_eop2_longestoverlap_ISI_6_test,b22,p2,Eng,single,6,4,0.78,5.13,7,Eng,66,47,66,47,0.712121212,5
b22_eop2_longestoverlap_ISI_7_test,b22,p2,Eng,single,7,10,2.14,4.67,7,Eng,66,47,66,47,0.712121212,5
b22_eop2_longestoverlap_ISI_8_test,b22,p2,Eng,single,8,4,1.02,3.92,7,Eng,66,47,66,47,0.712121212,5
b22_eop2_longestoverlap_ISI_9_test,b22,p2,Eng,single,9,12,2.94,4.08,7,Eng,66,47,66,47,0.712121212,5
b22_eop2_longestoverlap_ISI_10_test,b22,p2,Eng,single,10,7,1.76,3.98,7,Eng,66,47,66,47,0.712121212,5
b23r4_edp1_longestoverlap_ISI_0_test,b23r4,p1,Eng,mixed,0,3,1.28,2.34,8,Eng,75,54,75,54,0.72,5
b23r4_edp1_longestoverlap_ISI_1_test,b23r4,p1,Eng,mixed,1,16,5.06,3.16,8,Eng,75,54,75,54,0.72,5
b23r4_edp1_longestoverlap_ISI_2_test,b23r4,p1,Eng,mixed,2,5,1.3,3.85,8,Eng,75,54,75,54,0.72,5
b23r4_edp1_longestoverlap_ISI_3_test,b23r4,p1,Eng,mixed,3,5,1.62,3.09,8,Eng,75,54,75,54,0.72,5
b23r4_edp1_longestoverlap_ISI_4_test,b23r4,p1,Eng,mixed,4,5,1.22,4.1,8,Eng,75,54,75,54,0.72,5
b23r4_edp1_longestoverlap_ISI_5_test,b23r4,p1,Eng,mixed,5,14,5.2,2.69,8,Eng,75,54,75,54,0.72,5
b23r4_edp1_longestoverlap_ISI_6_test,b23r4,p1,Eng,mixed,6,7,2.46,2.84,8,Eng,75,54,75,54,0.72,5
b23r4_edp1_longestoverlap_ISI_7_test,b23r4,p1,Eng,mixed,7,5,1.22,4.1,8,Eng,75,54,75,54,0.72,5
b23r4_edp1_longestoverlap_ISI_8_test,b23r4,p1,Eng,mixed,8,6,1.56,3.85,8,Eng,75,54,75,54,0.72,5
b23r4_eop1_longestoverlap_ISI_0_test,b23r4,p1,Eng,single,0,3,1.36,2.21,8,Eng,75,54,75,54,0.72,5
b23r4_eop1_longestoverlap_ISI_1_test,b23r4,p1,Eng,single,1,14,4.2,3.33,8,Eng,75,54,75,54,0.72,5
b23r4_eop1_longestoverlap_ISI_2_test,b23r4,p1,Eng,single,2,4,1.22,3.28,8,Eng,75,54,75,54,0.72,5
b23r4_eop1_longestoverlap_ISI_3_test,b23r4,p1,Eng,single,3,7,1.86,3.76,8,Eng,75,54,75,54,0.72,5
b23r4_eop1_longestoverlap_ISI_4_test,b23r4,p1,Eng,single,4,4,1.1,3.64,8,Eng,75,54,75,54,0.72,5
b23r4_eop1_longestoverlap_ISI_5_test,b23r4,p1,Eng,single,5,13,3.58,3.63,8,Eng,75,54,75,54,0.72,5
b23r4_eop1_longestoverlap_ISI_6_test,b23r4,p1,Eng,single,6,7,2.1,3.33,8,Eng,75,54,75,54,0.72,5
b23r4_eop1_longestoverlap_ISI_7_test,b23r4,p1,Eng,single,7,4,1.62,2.47,8,Eng,75,54,75,54,0.72,5
b23r4_eop1_longestoverlap_ISI_8_test,b23r4,p1,Eng,single,8,6,1.52,3.95,8,Eng,75,54,75,54,0.72,5
b23r4_edp2_longestoverlap_ISI_0_test,b23r4,p2,Eng,mixed,0,13,4.06,3.2,8,Eng,75,54,75,54,0.72,5
b23r4_edp2_longestoverlap_ISI_1_test,b23r4,p2,Eng,mixed,1,8,3.08,2.6,8,Eng,75,54,75,54,0.72,5
b23r4_edp2_longestoverlap_ISI_3_test,b23r4,p2,Eng,mixed,3,2,0.84,2.38,8,Eng,75,54,75,54,0.72,5
b23r4_edp2_longestoverlap_ISI_4_test,b23r4,p2,Eng,mixed,4,6,1.46,4.11,8,Eng,75,54,75,54,0.72,5
b23r4_edp2_longestoverlap_ISI_5_test,b23r4,p2,Eng,mixed,5,6,1.4,4.29,8,Eng,75,54,75,54,0.72,5
b23r4_edp2_longestoverlap_ISI_6_test,b23r4,p2,Eng,mixed,6,4,1.14,3.51,8,Eng,75,54,75,54,0.72,5
b23r4_edp2_longestoverlap_ISI_7_test,b23r4,p2,Eng,mixed,7,5,1.18,4.24,8,Eng,75,54,75,54,0.72,5
b23r4_edp2_longestoverlap_ISI_8_test,b23r4,p2,Eng,mixed,8,3,0.5,6,8,Eng,75,54,75,54,0.72,5
b23r4_edp2_longestoverlap_ISI_9_test,b23r4,p2,Eng,mixed,9,6,1.8,3.33,8,Eng,75,54,75,54,0.72,5
b23r4_edp2_longestoverlap_ISI_10_test,b23r4,p2,Eng,mixed,10,4,1.34,2.98,8,Eng,75,54,75,54,0.72,5
b23r4_eop2_longestoverlap_ISI_0_test,b23r4,p2,Eng,single,0,13,3.76,3.46,8,Eng,75,54,75,54,0.72,5
b23r4_eop2_longestoverlap_ISI_1_test,b23r4,p2,Eng,single,1,7,2.12,3.3,8,Eng,75,54,75,54,0.72,5
b23r4_eop2_longestoverlap_ISI_3_test,b23r4,p2,Eng,single,3,2,0.74,2.7,8,Eng,75,54,75,54,0.72,5
b23r4_eop2_longestoverlap_ISI_4_test,b23r4,p2,Eng,single,4,5,1.54,3.25,8,Eng,75,54,75,54,0.72,5
b23r4_eop2_longestoverlap_ISI_5_test,b23r4,p2,Eng,single,5,4,1.52,2.63,8,Eng,75,54,75,54,0.72,5
b23r4_eop2_longestoverlap_ISI_6_test,b23r4,p2,Eng,single,6,4,1.76,2.27,8,Eng,75,54,75,54,0.72,5
b23r4_eop2_longestoverlap_ISI_7_test,b23r4,p2,Eng,single,7,6,2,3,8,Eng,75,54,75,54,0.72,5
b23r4_eop2_longestoverlap_ISI_8_test,b23r4,p2,Eng,single,8,3,0.8,3.75,8,Eng,75,54,75,54,0.72,5
b23r4_eop2_longestoverlap_ISI_9_test,b23r4,p2,Eng,single,9,8,2.66,3.01,8,Eng,75,54,75,54,0.72,5
b23r4_eop2_longestoverlap_ISI_10_test,b23r4,p2,Eng,single,10,6,1.92,3.12,8,Eng,75,54,75,54,0.72,5
b24_edp1_longestoverlap_ISI_0_test,b24,p1,Eng,mixed,0,2,0.98,2.04,9,Eng,62,35,62,35,0.564516129,5
b24_edp1_longestoverlap_ISI_1_test,b24,p1,Eng,mixed,1,16,3.24,4.94,9,Eng,62,35,62,35,0.564516129,5
b24_edp1_longestoverlap_ISI_2_test,b24,p1,Eng,mixed,2,4,1.2,3.33,9,Eng,62,35,62,35,0.564516129,5
b24_edp1_longestoverlap_ISI_3_test,b24,p1,Eng,mixed,3,13,3.06,4.25,9,Eng,62,35,62,35,0.564516129,5
b24_edp1_longestoverlap_ISI_4_test,b24,p1,Eng,mixed,4,4,1.12,3.57,9,Eng,62,35,62,35,0.564516129,5
b24_edp1_longestoverlap_ISI_5_test,b24,p1,Eng,mixed,5,15,4.82,3.11,9,Eng,62,35,62,35,0.564516129,5
b24_edp1_longestoverlap_ISI_6_test,b24,p1,Eng,mixed,6,14,3.2,4.37,9,Eng,62,35,62,35,0.564516129,5
b24_edp1_longestoverlap_ISI_7_test,b24,p1,Eng,mixed,7,4,1.26,3.17,9,Eng,62,35,62,35,0.564516129,5
b24_edp1_longestoverlap_ISI_8_test,b24,p1,Eng,mixed,8,12,3.6,3.33,9,Eng,62,35,62,35,0.564516129,5
b24_edp1_longestoverlap_ISI_9_test,b24,p1,Eng,mixed,9,8,1.64,4.88,9,Eng,62,35,62,35,0.564516129,5
b24_edp1_longestoverlap_ISI_10_test,b24,p1,Eng,mixed,10,3,1.28,2.34,9,Eng,62,35,62,35,0.564516129,5
b24_eop1_longestoverlap_ISI_0_test,b24,p1,Eng,single,0,2,0.96,2.08,9,Eng,62,35,62,35,0.564516129,5
b24_eop1_longestoverlap_ISI_1_test,b24,p1,Eng,single,1,15,3.34,4.49,9,Eng,62,35,62,35,0.564516129,5
b24_eop1_longestoverlap_ISI_2_test,b24,p1,Eng,single,2,4,1.22,3.28,9,Eng,62,35,62,35,0.564516129,5
b24_eop1_longestoverlap_ISI_3_test,b24,p1,Eng,single,3,15,3.22,4.66,9,Eng,62,35,62,35,0.564516129,5
b24_eop1_longestoverlap_ISI_4_test,b24,p1,Eng,single,4,5,1.2,4.17,9,Eng,62,35,62,35,0.564516129,5
b24_eop1_longestoverlap_ISI_5_test,b24,p1,Eng,single,5,14,4.7,2.98,9,Eng,62,35,62,35,0.564516129,5
b24_eop1_longestoverlap_ISI_6_test,b24,p1,Eng,single,6,14,3.1,4.52,9,Eng,62,35,62,35,0.564516129,5
b24_eop1_longestoverlap_ISI_7_test,b24,p1,Eng,single,7,4,1.34,2.98,9,Eng,62,35,62,35,0.564516129,5
b24_eop1_longestoverlap_ISI_8_test,b24,p1,Eng,single,8,14,3.26,4.29,9,Eng,62,35,62,35,0.564516129,5
b24_eop1_longestoverlap_ISI_9_test,b24,p1,Eng,single,9,8,1.72,4.65,9,Eng,62,35,62,35,0.564516129,5
b24_eop1_longestoverlap_ISI_10_test,b24,p1,Eng,single,10,5,1.22,4.1,9,Eng,62,35,62,35,0.564516129,5
b24_edp2_longestoverlap_ISI_0_test,b24,p2,Eng,mixed,0,10,3.42,2.92,9,Eng,62,35,62,35,0.564516129,5
b24_edp2_longestoverlap_ISI_1_test,b24,p2,Eng,mixed,1,5,1.1,4.54,9,Eng,62,35,62,35,0.564516129,5
b24_edp2_longestoverlap_ISI_3_test,b24,p2,Eng,mixed,3,2,0.56,3.57,9,Eng,62,35,62,35,0.564516129,5
b24_edp2_longestoverlap_ISI_4_test,b24,p2,Eng,mixed,4,7,1.8,3.89,9,Eng,62,35,62,35,0.564516129,5
b24_edp2_longestoverlap_ISI_5_test,b24,p2,Eng,mixed,5,6,1.44,4.17,9,Eng,62,35,62,35,0.564516129,5
b24_edp2_longestoverlap_ISI_6_test,b24,p2,Eng,mixed,6,11,2.84,3.87,9,Eng,62,35,62,35,0.564516129,5
b24_edp2_longestoverlap_ISI_7_test,b24,p2,Eng,mixed,7,6,1.8,3.33,9,Eng,62,35,62,35,0.564516129,5
b24_edp2_longestoverlap_ISI_8_test,b24,p2,Eng,mixed,8,4,1.14,3.51,9,Eng,62,35,62,35,0.564516129,5
b24_edp2_longestoverlap_ISI_9_test,b24,p2,Eng,mixed,9,12,2.64,4.54,9,Eng,62,35,62,35,0.564516129,5
b24_edp2_longestoverlap_ISI_10_test,b24,p2,Eng,mixed,10,6,1.72,3.49,9,Eng,62,35,62,35,0.564516129,5
b24_eop2_longestoverlap_ISI_0_test,b24,p2,Eng,single,0,14,3.62,3.87,9,Eng,62,35,62,35,0.564516129,5
b24_eop2_longestoverlap_ISI_1_test,b24,p2,Eng,single,1,6,1.2,5,9,Eng,62,35,62,35,0.564516129,5
b24_eop2_longestoverlap_ISI_3_test,b24,p2,Eng,single,3,2,0.6,3.33,9,Eng,62,35,62,35,0.564516129,5
b24_eop2_longestoverlap_ISI_4_test,b24,p2,Eng,single,4,8,1.76,4.54,9,Eng,62,35,62,35,0.564516129,5
b24_eop2_longestoverlap_ISI_5_test,b24,p2,Eng,single,5,4,1.42,2.82,9,Eng,62,35,62,35,0.564516129,5
b24_eop2_longestoverlap_ISI_6_test,b24,p2,Eng,single,6,12,3.36,3.57,9,Eng,62,35,62,35,0.564516129,5
b24_eop2_longestoverlap_ISI_7_test,b24,p2,Eng,single,7,5,1.24,4.03,9,Eng,62,35,62,35,0.564516129,5
b24_eop2_longestoverlap_ISI_8_test,b24,p2,Eng,single,8,3,1.04,2.88,9,Eng,62,35,62,35,0.564516129,5
b24_eop2_longestoverlap_ISI_9_test,b24,p2,Eng,single,9,15,3.12,4.81,9,Eng,62,35,62,35,0.564516129,5
b24_eop2_longestoverlap_ISI_10_test,b24,p2,Eng,single,10,5,1.54,3.25,9,Eng,62,35,62,35,0.564516129,5
b25rr_edp1_longestoverlap_ISI_0_test,b25rr,p1,Eng,mixed,0,7,1.68,4.17,10,Eng,70,65,70,65,0.928571429,3
b25rr_edp1_longestoverlap_ISI_1_test,b25rr,p1,Eng,mixed,1,15,3.1,4.84,10,Eng,70,65,70,65,0.928571429,3
b25rr_edp1_longestoverlap_ISI_2_test,b25rr,p1,Eng,mixed,2,6,1.58,3.8,10,Eng,70,65,70,65,0.928571429,3
b25rr_edp1_longestoverlap_ISI_3_test,b25rr,p1,Eng,mixed,3,6,1.7,3.53,10,Eng,70,65,70,65,0.928571429,3
b25rr_edp1_longestoverlap_ISI_4_test,b25rr,p1,Eng,mixed,4,4,1.06,3.77,10,Eng,70,65,70,65,0.928571429,3
b25rr_edp1_longestoverlap_ISI_5_test,b25rr,p1,Eng,mixed,5,13,2.92,4.45,10,Eng,70,65,70,65,0.928571429,3
b25rr_edp1_longestoverlap_ISI_6_test,b25rr,p1,Eng,mixed,6,7,1.96,3.57,10,Eng,70,65,70,65,0.928571429,3
b25rr_edp1_longestoverlap_ISI_7_test,b25rr,p1,Eng,mixed,7,5,1.26,3.97,10,Eng,70,65,70,65,0.928571429,3
b25rr_edp1_longestoverlap_ISI_8_test,b25rr,p1,Eng,mixed,8,4,0.86,4.65,10,Eng,70,65,70,65,0.928571429,3
b25rr_edp1_longestoverlap_ISI_9_test,b25rr,p1,Eng,mixed,9,5,1.36,3.68,10,Eng,70,65,70,65,0.928571429,3
b25rr_edp1_longestoverlap_ISI_10_test,b25rr,p1,Eng,mixed,10,2,1.24,1.61,10,Eng,70,65,70,65,0.928571429,3
b25rr_eop1_longestoverlap_ISI_0_test,b25rr,p1,Eng,single,0,6,1.62,3.7,10,Eng,70,65,70,65,0.928571429,3
b25rr_eop1_longestoverlap_ISI_1_test,b25rr,p1,Eng,single,1,12,3.06,3.92,10,Eng,70,65,70,65,0.928571429,3
b25rr_eop1_longestoverlap_ISI_2_test,b25rr,p1,Eng,single,2,4,1.54,2.6,10,Eng,70,65,70,65,0.928571429,3
b25rr_eop1_longestoverlap_ISI_3_test,b25rr,p1,Eng,single,3,8,1.8,4.44,10,Eng,70,65,70,65,0.928571429,3
b25rr_eop1_longestoverlap_ISI_4_test,b25rr,p1,Eng,single,4,4,1.12,3.57,10,Eng,70,65,70,65,0.928571429,3
b25rr_eop1_longestoverlap_ISI_5_test,b25rr,p1,Eng,single,5,13,2.86,4.54,10,Eng,70,65,70,65,0.928571429,3
b25rr_eop1_longestoverlap_ISI_6_test,b25rr,p1,Eng,single,6,6,1.74,3.45,10,Eng,70,65,70,65,0.928571429,3
b25rr_eop1_longestoverlap_ISI_7_test,b25rr,p1,Eng,single,7,4,1.08,3.7,10,Eng,70,65,70,65,0.928571429,3
b25rr_eop1_longestoverlap_ISI_8_test,b25rr,p1,Eng,single,8,3,0.9,3.33,10,Eng,70,65,70,65,0.928571429,3
b25rr_eop1_longestoverlap_ISI_9_test,b25rr,p1,Eng,single,9,6,1.46,4.11,10,Eng,70,65,70,65,0.928571429,3
b25rr_eop1_longestoverlap_ISI_10_test,b25rr,p1,Eng,single,10,3,1.22,2.46,10,Eng,70,65,70,65,0.928571429,3
b25rr_edp2_longestoverlap_ISI_0_test,b25rr,p2,Eng,mixed,0,6,1.42,4.22,10,Eng,70,65,70,65,0.928571429,3
b25rr_edp2_longestoverlap_ISI_1_test,b25rr,p2,Eng,mixed,1,4,1.04,3.84,10,Eng,70,65,70,65,0.928571429,3
b25rr_edp2_longestoverlap_ISI_3_test,b25rr,p2,Eng,mixed,3,2,0.52,3.85,10,Eng,70,65,70,65,0.928571429,3
b25rr_edp2_longestoverlap_ISI_4_test,b25rr,p2,Eng,mixed,4,4,1.48,2.7,10,Eng,70,65,70,65,0.928571429,3
b25rr_edp2_longestoverlap_ISI_5_test,b25rr,p2,Eng,mixed,5,11,2.78,3.96,10,Eng,70,65,70,65,0.928571429,3
b25rr_edp2_longestoverlap_ISI_6_test,b25rr,p2,Eng,mixed,6,3,0.72,4.17,10,Eng,70,65,70,65,0.928571429,3
b25rr_edp2_longestoverlap_ISI_7_test,b25rr,p2,Eng,mixed,7,9,2.32,3.88,10,Eng,70,65,70,65,0.928571429,3
b25rr_edp2_longestoverlap_ISI_8_test,b25rr,p2,Eng,mixed,8,2,1.02,1.96,10,Eng,70,65,70,65,0.928571429,3
b25rr_edp2_longestoverlap_ISI_9_test,b25rr,p2,Eng,mixed,9,10,1.96,5.1,10,Eng,70,65,70,65,0.928571429,3
b25rr_edp2_longestoverlap_ISI_10_test,b25rr,p2,Eng,mixed,10,7,1.5,4.67,10,Eng,70,65,70,65,0.928571429,3
b25rr_eop2_longestoverlap_ISI_0_test,b25rr,p2,Eng,single,0,5,1.4,3.57,10,Eng,70,65,70,65,0.928571429,3
b25rr_eop2_longestoverlap_ISI_1_test,b25rr,p2,Eng,single,1,3,1.06,2.83,10,Eng,70,65,70,65,0.928571429,3
b25rr_eop2_longestoverlap_ISI_3_test,b25rr,p2,Eng,single,3,2,0.56,3.57,10,Eng,70,65,70,65,0.928571429,3
b25rr_eop2_longestoverlap_ISI_4_test,b25rr,p2,Eng,single,4,5,1.6,3.12,10,Eng,70,65,70,65,0.928571429,3
b25rr_eop2_longestoverlap_ISI_5_test,b25rr,p2,Eng,single,5,12,2.76,4.35,10,Eng,70,65,70,65,0.928571429,3
b25rr_eop2_longestoverlap_ISI_6_test,b25rr,p2,Eng,single,6,4,0.74,5.4,10,Eng,70,65,70,65,0.928571429,3
b25rr_eop2_longestoverlap_ISI_7_test,b25rr,p2,Eng,single,7,9,2.26,3.98,10,Eng,70,65,70,65,0.928571429,3
b25rr_eop2_longestoverlap_ISI_8_test,b25rr,p2,Eng,single,8,2,1,2,10,Eng,70,65,70,65,0.928571429,3
b25rr_eop2_longestoverlap_ISI_9_test,b25rr,p2,Eng,single,9,7,1.76,3.98,10,Eng,70,65,70,65,0.928571429,3
b25rr_eop2_longestoverlap_ISI_10_test,b25rr,p2,Eng,single,10,7,1.4,5,10,Eng,70,65,70,65,0.928571429,3
b26r_edp1_longestoverlap_ISI_0_test,b26r,p1,Eng,mixed,0,2,1.62,1.23,11,Eng,70,53,70,53,0.757142857,8
b26r_edp1_longestoverlap_ISI_1_test,b26r,p1,Eng,mixed,1,10,2.64,3.79,11,Eng,70,53,70,53,0.757142857,8
b26r_edp1_longestoverlap_ISI_2_test,b26r,p1,Eng,mixed,2,3,1.06,2.83,11,Eng,70,53,70,53,0.757142857,8
b26r_edp1_longestoverlap_ISI_3_test,b26r,p1,Eng,mixed,3,6,1.58,3.8,11,Eng,70,53,70,53,0.757142857,8
b26r_edp1_longestoverlap_ISI_5_test,b26r,p1,Eng,mixed,5,9,3.02,2.98,11,Eng,70,53,70,53,0.757142857,8
b26r_edp1_longestoverlap_ISI_6_test,b26r,p1,Eng,mixed,6,7,1.74,4.02,11,Eng,70,53,70,53,0.757142857,8
b26r_edp1_longestoverlap_ISI_8_test,b26r,p1,Eng,mixed,8,6,1.68,3.57,11,Eng,70,53,70,53,0.757142857,8
b26r_edp1_longestoverlap_ISI_9_test,b26r,p1,Eng,mixed,9,4,1.08,3.7,11,Eng,70,53,70,53,0.757142857,8
b26r_edp1_longestoverlap_ISI_10_test,b26r,p1,Eng,mixed,10,4,1.38,2.9,11,Eng,70,53,70,53,0.757142857,8
b26r_eop1_longestoverlap_ISI_0_test,b26r,p1,Eng,single,0,2,0.82,2.44,11,Eng,70,53,70,53,0.757142857,8
b26r_eop1_longestoverlap_ISI_1_test,b26r,p1,Eng,single,1,10,2.58,3.88,11,Eng,70,53,70,53,0.757142857,8
b26r_eop1_longestoverlap_ISI_2_test,b26r,p1,Eng,single,2,2,0.98,2.04,11,Eng,70,53,70,53,0.757142857,8
b26r_eop1_longestoverlap_ISI_3_test,b26r,p1,Eng,single,3,7,1.74,4.02,11,Eng,70,53,70,53,0.757142857,8
b26r_eop1_longestoverlap_ISI_5_test,b26r,p1,Eng,single,5,6,2.4,2.5,11,Eng,70,53,70,53,0.757142857,8
b26r_eop1_longestoverlap_ISI_6_test,b26r,p1,Eng,single,6,7,1.84,3.8,11,Eng,70,53,70,53,0.757142857,8
b26r_eop1_longestoverlap_ISI_8_test,b26r,p1,Eng,single,8,4,1.42,2.82,11,Eng,70,53,70,53,0.757142857,8
b26r_eop1_longestoverlap_ISI_9_test,b26r,p1,Eng,single,9,3,0.92,3.26,11,Eng,70,53,70,53,0.757142857,8
b26r_eop1_longestoverlap_ISI_10_test,b26r,p1,Eng,single,10,3,1.12,2.68,11,Eng,70,53,70,53,0.757142857,8
b26r_edp2_longestoverlap_ISI_0_test,b26r,p2,Eng,mixed,0,10,2.66,3.76,11,Eng,70,53,70,53,0.757142857,8
b26r_edp2_longestoverlap_ISI_1_test,b26r,p2,Eng,mixed,1,9,2.78,3.24,11,Eng,70,53,70,53,0.757142857,8
b26r_edp2_longestoverlap_ISI_3_test,b26r,p2,Eng,mixed,3,2,1.04,1.92,11,Eng,70,53,70,53,0.757142857,8
b26r_edp2_longestoverlap_ISI_4_test,b26r,p2,Eng,mixed,4,6,1.7,3.53,11,Eng,70,53,70,53,0.757142857,8
b26r_edp2_longestoverlap_ISI_5_test,b26r,p2,Eng,mixed,5,10,2.16,4.63,11,Eng,70,53,70,53,0.757142857,8
b26r_edp2_longestoverlap_ISI_6_test,b26r,p2,Eng,mixed,6,8,2.22,3.6,11,Eng,70,53,70,53,0.757142857,8
b26r_edp2_longestoverlap_ISI_7_test,b26r,p2,Eng,mixed,7,11,2.64,4.17,11,Eng,70,53,70,53,0.757142857,8
b26r_edp2_longestoverlap_ISI_8_test,b26r,p2,Eng,mixed,8,3,1.1,2.73,11,Eng,70,53,70,53,0.757142857,8
b26r_edp2_longestoverlap_ISI_9_test,b26r,p2,Eng,mixed,9,3,0.94,3.19,11,Eng,70,53,70,53,0.757142857,8
b26r_edp2_longestoverlap_ISI_10_test,b26r,p2,Eng,mixed,10,5,1.26,3.97,11,Eng,70,53,70,53,0.757142857,8
b26r_eop2_longestoverlap_ISI_0_test,b26r,p2,Eng,single,0,9,2.18,4.13,11,Eng,70,53,70,53,0.757142857,8
b26r_eop2_longestoverlap_ISI_1_test,b26r,p2,Eng,single,1,9,2.6,3.46,11,Eng,70,53,70,53,0.757142857,8
b26r_eop2_longestoverlap_ISI_3_test,b26r,p2,Eng,single,3,2,1.02,1.96,11,Eng,70,53,70,53,0.757142857,8
b26r_eop2_longestoverlap_ISI_4_test,b26r,p2,Eng,single,4,4,1.58,2.53,11,Eng,70,53,70,53,0.757142857,8
b26r_eop2_longestoverlap_ISI_5_test,b26r,p2,Eng,single,5,9,1.9,4.74,11,Eng,70,53,70,53,0.757142857,8
b26r_eop2_longestoverlap_ISI_6_test,b26r,p2,Eng,single,6,8,2.1,3.81,11,Eng,70,53,70,53,0.757142857,8
b26r_eop2_longestoverlap_ISI_7_test,b26r,p2,Eng,single,7,10,2.74,3.65,11,Eng,70,53,70,53,0.757142857,8
b26r_eop2_longestoverlap_ISI_8_test,b26r,p2,Eng,single,8,4,1.08,3.7,11,Eng,70,53,70,53,0.757142857,8
b26r_eop2_longestoverlap_ISI_9_test,b26r,p2,Eng,single,9,3,1,3,11,Eng,70,53,70,53,0.757142857,8
b26r_eop2_longestoverlap_ISI_10_test,b26r,p2,Eng,single,10,4,1.36,2.94,11,Eng,70,53,70,53,0.757142857,8
b27_edp1_longestoverlap_ISI_0_test,b27,p1,Eng,mixed,0,7,1.36,5.15,12,Eng,73,42,73,42,0.575342466,5
b27_edp1_longestoverlap_ISI_1_test,b27,p1,Eng,mixed,1,11,2.94,3.74,12,Eng,73,42,73,42,0.575342466,5
b27_edp1_longestoverlap_ISI_2_test,b27,p1,Eng,mixed,2,3,0.84,3.57,12,Eng,73,42,73,42,0.575342466,5
b27_edp1_longestoverlap_ISI_3_test,b27,p1,Eng,mixed,3,9,2.06,4.37,12,Eng,73,42,73,42,0.575342466,5
b27_edp1_longestoverlap_ISI_4_test,b27,p1,Eng,mixed,4,4,0.8,5,12,Eng,73,42,73,42,0.575342466,5
b27_edp1_longestoverlap_ISI_5_test,b27,p1,Eng,mixed,5,5,1.2,4.17,12,Eng,73,42,73,42,0.575342466,5
b27_edp1_longestoverlap_ISI_6_test,b27,p1,Eng,mixed,6,6,1.58,3.8,12,Eng,73,42,73,42,0.575342466,5
b27_edp1_longestoverlap_ISI_7_test,b27,p1,Eng,mixed,7,5,0.94,5.32,12,Eng,73,42,73,42,0.575342466,5
b27_edp1_longestoverlap_ISI_8_test,b27,p1,Eng,mixed,8,7,1.58,4.43,12,Eng,73,42,73,42,0.575342466,5
b27_edp1_longestoverlap_ISI_9_test,b27,p1,Eng,mixed,9,5,1.14,4.38,12,Eng,73,42,73,42,0.575342466,5
b27_edp1_longestoverlap_ISI_10_test,b27,p1,Eng,mixed,10,4,1.26,3.17,12,Eng,73,42,73,42,0.575342466,5
b27_eop1_longestoverlap_ISI_0_test,b27,p1,Eng,single,0,6,1.24,4.84,12,Eng,73,42,73,42,0.575342466,5
b27_eop1_longestoverlap_ISI_1_test,b27,p1,Eng,single,1,14,2.72,5.15,12,Eng,73,42,73,42,0.575342466,5
b27_eop1_longestoverlap_ISI_2_test,b27,p1,Eng,single,2,4,0.84,4.76,12,Eng,73,42,73,42,0.575342466,5
b27_eop1_longestoverlap_ISI_3_test,b27,p1,Eng,single,3,10,2.18,4.59,12,Eng,73,42,73,42,0.575342466,5
b27_eop1_longestoverlap_ISI_4_test,b27,p1,Eng,single,4,3,0.72,4.17,12,Eng,73,42,73,42,0.575342466,5
b27_eop1_longestoverlap_ISI_5_test,b27,p1,Eng,single,5,6,1.22,4.92,12,Eng,73,42,73,42,0.575342466,5
b27_eop1_longestoverlap_ISI_6_test,b27,p1,Eng,single,6,8,1.52,5.26,12,Eng,73,42,73,42,0.575342466,5
b27_eop1_longestoverlap_ISI_7_test,b27,p1,Eng,single,7,4,1.06,3.77,12,Eng,73,42,73,42,0.575342466,5
b27_eop1_longestoverlap_ISI_8_test,b27,p1,Eng,single,8,8,1.7,4.71,12,Eng,73,42,73,42,0.575342466,5
b27_eop1_longestoverlap_ISI_9_test,b27,p1,Eng,single,9,8,1.38,5.8,12,Eng,73,42,73,42,0.575342466,5
b27_eop1_longestoverlap_ISI_10_test,b27,p1,Eng,single,10,4,1.5,2.67,12,Eng,73,42,73,42,0.575342466,5
b27_edp2_longestoverlap_ISI_0_test,b27,p2,Eng,mixed,0,15,2.6,5.77,12,Eng,73,42,73,42,0.575342466,5
b27_edp2_longestoverlap_ISI_1_test,b27,p2,Eng,mixed,1,3,0.84,3.57,12,Eng,73,42,73,42,0.575342466,5
b27_edp2_longestoverlap_ISI_3_test,b27,p2,Eng,mixed,3,2,0.48,4.17,12,Eng,73,42,73,42,0.575342466,5
b27_edp2_longestoverlap_ISI_4_test,b27,p2,Eng,mixed,4,2,0.5,4,12,Eng,73,42,73,42,0.575342466,5
b27_edp2_longestoverlap_ISI_5_test,b27,p2,Eng,mixed,5,13,2.78,4.68,12,Eng,73,42,73,42,0.575342466,5
b27_edp2_longestoverlap_ISI_6_test,b27,p2,Eng,mixed,6,5,1.32,3.79,12,Eng,73,42,73,42,0.575342466,5
b27_edp2_longestoverlap_ISI_7_test,b27,p2,Eng,mixed,7,11,2.5,4.4,12,Eng,73,42,73,42,0.575342466,5
b27_edp2_longestoverlap_ISI_8_test,b27,p2,Eng,mixed,8,4,1.18,3.39,12,Eng,73,42,73,42,0.575342466,5
b27_edp2_longestoverlap_ISI_9_test,b27,p2,Eng,mixed,9,6,1.42,4.22,12,Eng,73,42,73,42,0.575342466,5
b27_edp2_longestoverlap_ISI_10_test,b27,p2,Eng,mixed,10,6,1.42,4.22,12,Eng,73,42,73,42,0.575342466,5
b27_eop2_longestoverlap_ISI_0_test,b27,p2,Eng,single,0,12,2.54,4.72,12,Eng,73,42,73,42,0.575342466,5
b27_eop2_longestoverlap_ISI_1_test,b27,p2,Eng,single,1,3,0.88,3.41,12,Eng,73,42,73,42,0.575342466,5
b27_eop2_longestoverlap_ISI_3_test,b27,p2,Eng,single,3,2,0.48,4.17,12,Eng,73,42,73,42,0.575342466,5
b27_eop2_longestoverlap_ISI_4_test,b27,p2,Eng,single,4,2,0.5,4,12,Eng,73,42,73,42,0.575342466,5
b27_eop2_longestoverlap_ISI_5_test,b27,p2,Eng,single,5,11,2.56,4.3,12,Eng,73,42,73,42,0.575342466,5
b27_eop2_longestoverlap_ISI_6_test,b27,p2,Eng,single,6,4,1,4,12,Eng,73,42,73,42,0.575342466,5
b27_eop2_longestoverlap_ISI_7_test,b27,p2,Eng,single,7,12,2.38,5.04,12,Eng,73,42,73,42,0.575342466,5
b27_eop2_longestoverlap_ISI_8_test,b27,p2,Eng,single,8,3,0.92,3.26,12,Eng,73,42,73,42,0.575342466,5
b27_eop2_longestoverlap_ISI_9_test,b27,p2,Eng,single,9,7,1.32,5.3,12,Eng,73,42,73,42,0.575342466,5
b27_eop2_longestoverlap_ISI_10_test,b27,p2,Eng,single,10,5,1.06,4.72,12,Eng,73,42,73,42,0.575342466,5
b28_edp1_longestoverlap_ISI_0_test,b28,p1,Eng,mixed,0,5,1.9,2.63,13,Eng,62,40,62,40,0.64516129,7
b28_edp1_longestoverlap_ISI_1_test,b28,p1,Eng,mixed,1,4,1.32,3.03,13,Eng,62,40,62,40,0.64516129,7
b28_edp1_longestoverlap_ISI_2_test,b28,p1,Eng,mixed,2,6,1.9,3.16,13,Eng,62,40,62,40,0.64516129,7
b28_edp1_longestoverlap_ISI_3_test,b28,p1,Eng,mixed,3,3,0.96,3.12,13,Eng,62,40,62,40,0.64516129,7
b28_edp1_longestoverlap_ISI_4_test,b28,p1,Eng,mixed,4,4,0.9,4.44,13,Eng,62,40,62,40,0.64516129,7
b28_edp1_longestoverlap_ISI_5_test,b28,p1,Eng,mixed,5,4,1.56,2.56,13,Eng,62,40,62,40,0.64516129,7
b28_edp1_longestoverlap_ISI_6_test,b28,p1,Eng,mixed,6,3,1.1,2.73,13,Eng,62,40,62,40,0.64516129,7
b28_edp1_longestoverlap_ISI_7_test,b28,p1,Eng,mixed,7,4,1.12,3.57,13,Eng,62,40,62,40,0.64516129,7
b28_edp1_longestoverlap_ISI_8_test,b28,p1,Eng,mixed,8,4,1.32,3.03,13,Eng,62,40,62,40,0.64516129,7
b28_edp1_longestoverlap_ISI_9_test,b28,p1,Eng,mixed,9,6,1.82,3.3,13,Eng,62,40,62,40,0.64516129,7
b28_edp1_longestoverlap_ISI_10_test,b28,p1,Eng,mixed,10,3,0.92,3.26,13,Eng,62,40,62,40,0.64516129,7
b28_eop1_longestoverlap_ISI_0_test,b28,p1,Eng,single,0,5,1.76,2.84,13,Eng,62,40,62,40,0.64516129,7
b28_eop1_longestoverlap_ISI_1_test,b28,p1,Eng,single,1,4,1.24,3.22,13,Eng,62,40,62,40,0.64516129,7
b28_eop1_longestoverlap_ISI_2_test,b28,p1,Eng,single,2,6,1.46,4.11,13,Eng,62,40,62,40,0.64516129,7
b28_eop1_longestoverlap_ISI_3_test,b28,p1,Eng,single,3,4,0.9,4.44,13,Eng,62,40,62,40,0.64516129,7
b28_eop1_longestoverlap_ISI_4_test,b28,p1,Eng,single,4,4,0.92,4.35,13,Eng,62,40,62,40,0.64516129,7
b28_eop1_longestoverlap_ISI_5_test,b28,p1,Eng,single,5,3,1.22,2.46,13,Eng,62,40,62,40,0.64516129,7
b28_eop1_longestoverlap_ISI_6_test,b28,p1,Eng,single,6,4,1.44,2.78,13,Eng,62,40,62,40,0.64516129,7
b28_eop1_longestoverlap_ISI_7_test,b28,p1,Eng,single,7,4,1.16,3.45,13,Eng,62,40,62,40,0.64516129,7
b28_eop1_longestoverlap_ISI_8_test,b28,p1,Eng,single,8,3,1.06,2.83,13,Eng,62,40,62,40,0.64516129,7
b28_eop1_longestoverlap_ISI_9_test,b28,p1,Eng,single,9,6,1.74,3.45,13,Eng,62,40,62,40,0.64516129,7
b28_eop1_longestoverlap_ISI_10_test,b28,p1,Eng,single,10,4,0.78,5.13,13,Eng,62,40,62,40,0.64516129,7
b28_edp2_longestoverlap_ISI_0_test,b28,p2,Eng,mixed,0,10,2.48,4.03,13,Eng,62,40,62,40,0.64516129,7
b28_edp2_longestoverlap_ISI_1_test,b28,p2,Eng,mixed,1,4,0.94,4.25,13,Eng,62,40,62,40,0.64516129,7
b28_edp2_longestoverlap_ISI_2_test,b28,p2,Eng,mixed,2,4,1.62,2.47,13,Eng,62,40,62,40,0.64516129,7
b28_edp2_longestoverlap_ISI_3_test,b28,p2,Eng,mixed,3,2,0.76,2.63,13,Eng,62,40,62,40,0.64516129,7
b28_edp2_longestoverlap_ISI_4_test,b28,p2,Eng,mixed,4,5,1.16,4.31,13,Eng,62,40,62,40,0.64516129,7
b28_edp2_longestoverlap_ISI_5_test,b28,p2,Eng,mixed,5,4,1.24,3.22,13,Eng,62,40,62,40,0.64516129,7
b28_edp2_longestoverlap_ISI_6_test,b28,p2,Eng,mixed,6,8,1.98,4.04,13,Eng,62,40,62,40,0.64516129,7
b28_edp2_longestoverlap_ISI_7_test,b28,p2,Eng,mixed,7,7,1.62,4.32,13,Eng,62,40,62,40,0.64516129,7
b28_edp2_longestoverlap_ISI_9_test,b28,p2,Eng,mixed,9,12,2.76,4.35,13,Eng,62,40,62,40,0.64516129,7
b28_edp2_longestoverlap_ISI_10_test,b28,p2,Eng,mixed,10,6,2.18,2.75,13,Eng,62,40,62,40,0.64516129,7
b28_eop2_longestoverlap_ISI_0_test,b28,p2,Eng,single,0,8,2.36,3.39,13,Eng,62,40,62,40,0.64516129,7
b28_eop2_longestoverlap_ISI_1_test,b28,p2,Eng,single,1,5,0.94,5.32,13,Eng,62,40,62,40,0.64516129,7
b28_eop2_longestoverlap_ISI_2_test,b28,p2,Eng,single,2,4,1.12,3.57,13,Eng,62,40,62,40,0.64516129,7
b28_eop2_longestoverlap_ISI_3_test,b28,p2,Eng,single,3,2,0.56,3.57,13,Eng,62,40,62,40,0.64516129,7
b28_eop2_longestoverlap_ISI_4_test,b28,p2,Eng,single,4,3,1.08,2.78,13,Eng,62,40,62,40,0.64516129,7
b28_eop2_longestoverlap_ISI_5_test,b28,p2,Eng,single,5,7,1.38,5.07,13,Eng,62,40,62,40,0.64516129,7
b28_eop2_longestoverlap_ISI_6_test,b28,p2,Eng,single,6,9,1.9,4.74,13,Eng,62,40,62,40,0.64516129,7
b28_eop2_longestoverlap_ISI_7_test,b28,p2,Eng,single,7,4,1.58,2.53,13,Eng,62,40,62,40,0.64516129,7
b28_eop2_longestoverlap_ISI_9_test,b28,p2,Eng,single,9,11,2.64,4.17,13,Eng,62,40,62,40,0.64516129,7
b28_eop2_longestoverlap_ISI_10_test,b28,p2,Eng,single,10,5,1.64,3.05,13,Eng,62,40,62,40,0.64516129,7
b29r_edp1_longestoverlap_ISI_0_test,b29r,p1,Eng,mixed,0,6,1.7,3.53,14,Eng,72,62,72,62,0.861111111,4
b29r_edp1_longestoverlap_ISI_1_test,b29r,p1,Eng,mixed,1,12,2.78,4.32,14,Eng,72,62,72,62,0.861111111,4
b29r_edp1_longestoverlap_ISI_2_test,b29r,p1,Eng,mixed,2,3,0.7,4.28,14,Eng,72,62,72,62,0.861111111,4
b29r_edp1_longestoverlap_ISI_3_test,b29r,p1,Eng,mixed,3,4,1.1,3.64,14,Eng,72,62,72,62,0.861111111,4
b29r_edp1_longestoverlap_ISI_4_test,b29r,p1,Eng,mixed,4,4,0.94,4.25,14,Eng,72,62,72,62,0.861111111,4
b29r_edp1_longestoverlap_ISI_5_test,b29r,p1,Eng,mixed,5,6,2.26,2.65,14,Eng,72,62,72,62,0.861111111,4
b29r_edp1_longestoverlap_ISI_6_test,b29r,p1,Eng,mixed,6,8,1.76,4.54,14,Eng,72,62,72,62,0.861111111,4
b29r_edp1_longestoverlap_ISI_7_test,b29r,p1,Eng,mixed,7,4,0.7,5.71,14,Eng,72,62,72,62,0.861111111,4
b29r_edp1_longestoverlap_ISI_8_test,b29r,p1,Eng,mixed,8,13,2.94,4.42,14,Eng,72,62,72,62,0.861111111,4
b29r_edp1_longestoverlap_ISI_9_test,b29r,p1,Eng,mixed,9,10,2.04,4.9,14,Eng,72,62,72,62,0.861111111,4
b29r_edp1_longestoverlap_ISI_10_test,b29r,p1,Eng,mixed,10,3,0.74,4.05,14,Eng,72,62,72,62,0.861111111,4
b29r_eop1_longestoverlap_ISI_0_test,b29r,p1,Eng,single,0,5,1.72,2.91,14,Eng,72,62,72,62,0.861111111,4
b29r_eop1_longestoverlap_ISI_1_test,b29r,p1,Eng,single,1,13,2.6,5,14,Eng,72,62,72,62,0.861111111,4
b29r_eop1_longestoverlap_ISI_2_test,b29r,p1,Eng,single,2,4,0.92,4.35,14,Eng,72,62,72,62,0.861111111,4
b29r_eop1_longestoverlap_ISI_3_test,b29r,p1,Eng,single,3,4,1,4,14,Eng,72,62,72,62,0.861111111,4
b29r_eop1_longestoverlap_ISI_4_test,b29r,p1,Eng,single,4,4,0.94,4.25,14,Eng,72,62,72,62,0.861111111,4
b29r_eop1_longestoverlap_ISI_5_test,b29r,p1,Eng,single,5,6,2.24,2.68,14,Eng,72,62,72,62,0.861111111,4
b29r_eop1_longestoverlap_ISI_6_test,b29r,p1,Eng,single,6,7,1.56,4.49,14,Eng,72,62,72,62,0.861111111,4
b29r_eop1_longestoverlap_ISI_7_test,b29r,p1,Eng,single,7,4,0.8,5,14,Eng,72,62,72,62,0.861111111,4
b29r_eop1_longestoverlap_ISI_8_test,b29r,p1,Eng,single,8,13,2.8,4.64,14,Eng,72,62,72,62,0.861111111,4
b29r_eop1_longestoverlap_ISI_9_test,b29r,p1,Eng,single,9,10,1.78,5.62,14,Eng,72,62,72,62,0.861111111,4
b29r_eop1_longestoverlap_ISI_10_test,b29r,p1,Eng,single,10,3,0.68,4.41,14,Eng,72,62,72,62,0.861111111,4
b29r_edp2_longestoverlap_ISI_0_test,b29r,p2,Eng,mixed,0,8,1.92,4.17,14,Eng,72,62,72,62,0.861111111,4
b29r_edp2_longestoverlap_ISI_1_test,b29r,p2,Eng,mixed,1,4,1.04,3.85,14,Eng,72,62,72,62,0.861111111,4
b29r_edp2_longestoverlap_ISI_3_test,b29r,p2,Eng,mixed,3,2,0.52,3.85,14,Eng,72,62,72,62,0.861111111,4
b29r_edp2_longestoverlap_ISI_4_test,b29r,p2,Eng,mixed,4,4,0.86,4.65,14,Eng,72,62,72,62,0.861111111,4
b29r_edp2_longestoverlap_ISI_5_test,b29r,p2,Eng,mixed,5,11,2.12,5.19,14,Eng,72,62,72,62,0.861111111,4
b29r_edp2_longestoverlap_ISI_6_test,b29r,p2,Eng,mixed,6,3,0.7,4.28,14,Eng,72,62,72,62,0.861111111,4
b29r_edp2_longestoverlap_ISI_7_test,b29r,p2,Eng,mixed,7,4,1.28,3.12,14,Eng,72,62,72,62,0.861111111,4
b29r_edp2_longestoverlap_ISI_8_test,b29r,p2,Eng,mixed,8,3,0.82,3.66,14,Eng,72,62,72,62,0.861111111,4
b29r_edp2_longestoverlap_ISI_9_test,b29r,p2,Eng,mixed,9,7,1.42,4.93,14,Eng,72,62,72,62,0.861111111,4
b29r_edp2_longestoverlap_ISI_10_test,b29r,p2,Eng,mixed,10,7,1.34,5.22,14,Eng,72,62,72,62,0.861111111,4
b29r_eop2_longestoverlap_ISI_0_test,b29r,p2,Eng,single,0,10,2.04,4.9,14,Eng,72,62,72,62,0.861111111,4
b29r_eop2_longestoverlap_ISI_1_test,b29r,p2,Eng,single,1,6,1.26,4.76,14,Eng,72,62,72,62,0.861111111,4
b29r_eop2_longestoverlap_ISI_3_test,b29r,p2,Eng,single,3,2,0.5,4,14,Eng,72,62,72,62,0.861111111,4
b29r_eop2_longestoverlap_ISI_4_test,b29r,p2,Eng,single,4,3,0.86,3.49,14,Eng,72,62,72,62,0.861111111,4
b29r_eop2_longestoverlap_ISI_5_test,b29r,p2,Eng,single,5,11,2.14,5.14,14,Eng,72,62,72,62,0.861111111,4
b29r_eop2_longestoverlap_ISI_6_test,b29r,p2,Eng,single,6,4,0.84,4.76,14,Eng,72,62,72,62,0.861111111,4
b29r_eop2_longestoverlap_ISI_7_test,b29r,p2,Eng,single,7,5,1.4,3.57,14,Eng,72,62,72,62,0.861111111,4
b29r_eop2_longestoverlap_ISI_8_test,b29r,p2,Eng,single,8,3,0.84,3.57,14,Eng,72,62,72,62,0.861111111,4
b29r_eop2_longestoverlap_ISI_9_test,b29r,p2,Eng,single,9,6,1.58,3.8,14,Eng,72,62,72,62,0.861111111,4
b29r_eop2_longestoverlap_ISI_10_test,b29r,p2,Eng,single,10,8,1.34,5.97,14,Eng,72,62,72,62,0.861111111,4
b30r_edp1_longestoverlap_ISI_0_test,b30r,p1,Eng,mixed,0,3,0.78,3.85,15,Eng,65,42,65,42,0.646153846,5
b30r_edp1_longestoverlap_ISI_1_test,b30r,p1,Eng,mixed,1,12,2.92,4.11,15,Eng,65,42,65,42,0.646153846,5
b30r_edp1_longestoverlap_ISI_2_test,b30r,p1,Eng,mixed,2,3,1.08,2.78,15,Eng,65,42,65,42,0.646153846,5
b30r_edp1_longestoverlap_ISI_3_test,b30r,p1,Eng,mixed,3,6,1.48,4.05,15,Eng,65,42,65,42,0.646153846,5
b30r_edp1_longestoverlap_ISI_4_test,b30r,p1,Eng,mixed,4,4,0.92,4.35,15,Eng,65,42,65,42,0.646153846,5
b30r_edp1_longestoverlap_ISI_5_test,b30r,p1,Eng,mixed,5,7,1.62,4.32,15,Eng,65,42,65,42,0.646153846,5
b30r_edp1_longestoverlap_ISI_6_test,b30r,p1,Eng,mixed,6,5,1.84,2.72,15,Eng,65,42,65,42,0.646153846,5
b30r_edp1_longestoverlap_ISI_7_test,b30r,p1,Eng,mixed,7,4,1.12,3.57,15,Eng,65,42,65,42,0.646153846,5
b30r_edp1_longestoverlap_ISI_8_test,b30r,p1,Eng,mixed,8,7,1.94,3.61,15,Eng,65,42,65,42,0.646153846,5
b30r_edp1_longestoverlap_ISI_9_test,b30r,p1,Eng,mixed,9,12,2.38,5.04,15,Eng,65,42,65,42,0.646153846,5
b30r_edp1_longestoverlap_ISI_10_test,b30r,p1,Eng,mixed,10,3,2.04,1.47,15,Eng,65,42,65,42,0.646153846,5
b30r_eop1_longestoverlap_ISI_0_test,b30r,p1,Eng,single,0,3,1.06,2.83,15,Eng,65,42,65,42,0.646153846,5
b30r_eop1_longestoverlap_ISI_1_test,b30r,p1,Eng,single,1,12,2.8,4.28,15,Eng,65,42,65,42,0.646153846,5
b30r_eop1_longestoverlap_ISI_2_test,b30r,p1,Eng,single,2,4,1.08,3.7,15,Eng,65,42,65,42,0.646153846,5
b30r_eop1_longestoverlap_ISI_3_test,b30r,p1,Eng,single,3,8,1.6,5,15,Eng,65,42,65,42,0.646153846,5
b30r_eop1_longestoverlap_ISI_4_test,b30r,p1,Eng,single,4,3,0.86,3.49,15,Eng,65,42,65,42,0.646153846,5
b30r_eop1_longestoverlap_ISI_5_test,b30r,p1,Eng,single,5,4,1.08,3.7,15,Eng,65,42,65,42,0.646153846,5
b30r_eop1_longestoverlap_ISI_6_test,b30r,p1,Eng,single,6,7,1.72,4.07,15,Eng,65,42,65,42,0.646153846,5
b30r_eop1_longestoverlap_ISI_7_test,b30r,p1,Eng,single,7,4,1.08,3.7,15,Eng,65,42,65,42,0.646153846,5
b30r_eop1_longestoverlap_ISI_8_test,b30r,p1,Eng,single,8,7,2.48,2.82,15,Eng,65,42,65,42,0.646153846,5
b30r_eop1_longestoverlap_ISI_9_test,b30r,p1,Eng,single,9,13,2.34,5.55,15,Eng,65,42,65,42,0.646153846,5
b30r_eop1_longestoverlap_ISI_10_test,b30r,p1,Eng,single,10,4,1.12,3.57,15,Eng,65,42,65,42,0.646153846,5
b30r_edp2_longestoverlap_ISI_0_test,b30r,p2,Eng,mixed,0,12,3,4,15,Eng,65,42,65,42,0.646153846,5
b30r_edp2_longestoverlap_ISI_1_test,b30r,p2,Eng,mixed,1,12,2.42,4.96,15,Eng,65,42,65,42,0.646153846,5
b30r_edp2_longestoverlap_ISI_3_test,b30r,p2,Eng,mixed,3,2,0.6,3.33,15,Eng,65,42,65,42,0.646153846,5
b30r_edp2_longestoverlap_ISI_4_test,b30r,p2,Eng,mixed,4,6,1.44,4.17,15,Eng,65,42,65,42,0.646153846,5
b30r_edp2_longestoverlap_ISI_5_test,b30r,p2,Eng,mixed,5,7,1.6,4.37,15,Eng,65,42,65,42,0.646153846,5
b30r_edp2_longestoverlap_ISI_6_test,b30r,p2,Eng,mixed,6,5,1.24,4.03,15,Eng,65,42,65,42,0.646153846,5
b30r_edp2_longestoverlap_ISI_7_test,b30r,p2,Eng,mixed,7,4,1.34,2.98,15,Eng,65,42,65,42,0.646153846,5
b30r_edp2_longestoverlap_ISI_8_test,b30r,p2,Eng,mixed,8,3,0.88,3.41,15,Eng,65,42,65,42,0.646153846,5
b30r_edp2_longestoverlap_ISI_9_test,b30r,p2,Eng,mixed,9,11,2.66,4.13,15,Eng,65,42,65,42,0.646153846,5
b30r_edp2_longestoverlap_ISI_10_test,b30r,p2,Eng,mixed,10,8,1.6,5,15,Eng,65,42,65,42,0.646153846,5
b30r_eop2_longestoverlap_ISI_0_test,b30r,p2,Eng,single,0,12,3.1,3.87,15,Eng,65,42,65,42,0.646153846,5
b30r_eop2_longestoverlap_ISI_1_test,b30r,p2,Eng,single,1,11,2.42,4.54,15,Eng,65,42,65,42,0.646153846,5
b30r_eop2_longestoverlap_ISI_3_test,b30r,p2,Eng,single,3,2,0.5,4,15,Eng,65,42,65,42,0.646153846,5
b30r_eop2_longestoverlap_ISI_4_test,b30r,p2,Eng,single,4,6,1.44,4.17,15,Eng,65,42,65,42,0.646153846,5
b30r_eop2_longestoverlap_ISI_5_test,b30r,p2,Eng,single,5,7,1.58,4.43,15,Eng,65,42,65,42,0.646153846,5
b30r_eop2_longestoverlap_ISI_6_test,b30r,p2,Eng,single,6,6,1.34,4.48,15,Eng,65,42,65,42,0.646153846,5
b30r_eop2_longestoverlap_ISI_7_test,b30r,p2,Eng,single,7,4,1.24,3.22,15,Eng,65,42,65,42,0.646153846,5
b30r_eop2_longestoverlap_ISI_8_test,b30r,p2,Eng,single,8,3,0.84,3.57,15,Eng,65,42,65,42,0.646153846,5
b30r_eop2_longestoverlap_ISI_9_test,b30r,p2,Eng,single,9,11,2.42,4.54,15,Eng,65,42,65,42,0.646153846,5
b30r_eop2_longestoverlap_ISI_10_test,b30r,p2,Eng,single,10,7,1.52,4.6,15,Eng,65,42,65,42,0.646153846,5
b31r_edp1_longestoverlap_ISI_0_test,b31r,p1,Eng,mixed,0,7,1.68,4.17,16,Eng,62,48,62,48,0.774193548,1
b31r_edp1_longestoverlap_ISI_1_test,b31r,p1,Eng,mixed,1,11,3,3.67,16,Eng,62,48,62,48,0.774193548,1
b31r_edp1_longestoverlap_ISI_2_test,b31r,p1,Eng,mixed,2,6,1.5,4,16,Eng,62,48,62,48,0.774193548,1
b31r_edp1_longestoverlap_ISI_3_test,b31r,p1,Eng,mixed,3,6,1.44,4.17,16,Eng,62,48,62,48,0.774193548,1
b31r_edp1_longestoverlap_ISI_4_test,b31r,p1,Eng,mixed,4,3,0.86,3.49,16,Eng,62,48,62,48,0.774193548,1
b31r_edp1_longestoverlap_ISI_5_test,b31r,p1,Eng,mixed,5,8,1.96,4.08,16,Eng,62,48,62,48,0.774193548,1
b31r_edp1_longestoverlap_ISI_6_test,b31r,p1,Eng,mixed,6,5,1.48,3.38,16,Eng,62,48,62,48,0.774193548,1
b31r_edp1_longestoverlap_ISI_7_test,b31r,p1,Eng,mixed,7,3,0.86,3.49,16,Eng,62,48,62,48,0.774193548,1
b31r_edp1_longestoverlap_ISI_8_test,b31r,p1,Eng,mixed,8,3,1.08,2.78,16,Eng,62,48,62,48,0.774193548,1
b31r_edp1_longestoverlap_ISI_9_test,b31r,p1,Eng,mixed,9,6,1.7,3.53,16,Eng,62,48,62,48,0.774193548,1
b31r_edp1_longestoverlap_ISI_10_test,b31r,p1,Eng,mixed,10,3,0.88,3.41,16,Eng,62,48,62,48,0.774193548,1
b31r_eop1_longestoverlap_ISI_0_test,b31r,p1,Eng,single,0,6,1.84,3.26,16,Eng,62,48,62,48,0.774193548,1
b31r_eop1_longestoverlap_ISI_1_test,b31r,p1,Eng,single,1,14,3.28,4.27,16,Eng,62,48,62,48,0.774193548,1
b31r_eop1_longestoverlap_ISI_2_test,b31r,p1,Eng,single,2,7,1.42,4.93,16,Eng,62,48,62,48,0.774193548,1
b31r_eop1_longestoverlap_ISI_3_test,b31r,p1,Eng,single,3,5,1.48,3.38,16,Eng,62,48,62,48,0.774193548,1
b31r_eop1_longestoverlap_ISI_4_test,b31r,p1,Eng,single,4,4,0.9,4.44,16,Eng,62,48,62,48,0.774193548,1
b31r_eop1_longestoverlap_ISI_5_test,b31r,p1,Eng,single,5,7,1.94,3.61,16,Eng,62,48,62,48,0.774193548,1
b31r_eop1_longestoverlap_ISI_6_test,b31r,p1,Eng,single,6,5,1.48,3.38,16,Eng,62,48,62,48,0.774193548,1
b31r_eop1_longestoverlap_ISI_7_test,b31r,p1,Eng,single,7,3,0.92,3.26,16,Eng,62,48,62,48,0.774193548,1
b31r_eop1_longestoverlap_ISI_8_test,b31r,p1,Eng,single,8,3,0.96,3.12,16,Eng,62,48,62,48,0.774193548,1
b31r_eop1_longestoverlap_ISI_9_test,b31r,p1,Eng,single,9,8,2,4,16,Eng,62,48,62,48,0.774193548,1
b31r_eop1_longestoverlap_ISI_10_test,b31r,p1,Eng,single,10,3,1,3,16,Eng,62,48,62,48,0.774193548,1
b31r_edp2_longestoverlap_ISI_0_test,b31r,p2,Eng,mixed,0,10,3.18,3.14,16,Eng,62,48,62,48,0.774193548,1
b31r_edp2_longestoverlap_ISI_1_test,b31r,p2,Eng,mixed,1,4,1.36,2.94,16,Eng,62,48,62,48,0.774193548,1
b31r_edp2_longestoverlap_ISI_2_test,b31r,p2,Eng,mixed,2,3,0.72,4.17,16,Eng,62,48,62,48,0.774193548,1
b31r_edp2_longestoverlap_ISI_4_test,b31r,p2,Eng,mixed,4,7,1.76,3.98,16,Eng,62,48,62,48,0.774193548,1
b31r_edp2_longestoverlap_ISI_5_test,b31r,p2,Eng,mixed,5,11,2.86,3.84,16,Eng,62,48,62,48,0.774193548,1
b31r_edp2_longestoverlap_ISI_6_test,b31r,p2,Eng,mixed,6,7,2.08,3.36,16,Eng,62,48,62,48,0.774193548,1
b31r_edp2_longestoverlap_ISI_7_test,b31r,p2,Eng,mixed,7,11,2.6,4.23,16,Eng,62,48,62,48,0.774193548,1
b31r_edp2_longestoverlap_ISI_8_test,b31r,p2,Eng,mixed,8,2,0.52,3.84,16,Eng,62,48,62,48,0.774193548,1
b31r_edp2_longestoverlap_ISI_9_test,b31r,p2,Eng,mixed,9,6,1.74,3.45,16,Eng,62,48,62,48,0.774193548,1
b31r_edp2_longestoverlap_ISI_10_test,b31r,p2,Eng,mixed,10,6,1.68,3.57,16,Eng,62,48,62,48,0.774193548,1
b31r_eop2_longestoverlap_ISI_0_test,b31r,p2,Eng,single,0,15,3.5,4.29,16,Eng,62,48,62,48,0.774193548,1
b31r_eop2_longestoverlap_ISI_1_test,b31r,p2,Eng,single,1,5,1.52,3.29,16,Eng,62,48,62,48,0.774193548,1
b31r_eop2_longestoverlap_ISI_2_test,b31r,p2,Eng,single,2,3,1.68,1.79,16,Eng,62,48,62,48,0.774193548,1
b31r_eop2_longestoverlap_ISI_4_test,b31r,p2,Eng,single,4,6,1.78,3.37,16,Eng,62,48,62,48,0.774193548,1
b31r_eop2_longestoverlap_ISI_5_test,b31r,p2,Eng,single,5,13,2.94,4.42,16,Eng,62,48,62,48,0.774193548,1
b31r_eop2_longestoverlap_ISI_6_test,b31r,p2,Eng,single,6,8,2.22,3.6,16,Eng,62,48,62,48,0.774193548,1
b31r_eop2_longestoverlap_ISI_7_test,b31r,p2,Eng,single,7,11,2.84,3.87,16,Eng,62,48,62,48,0.774193548,1
b31r_eop2_longestoverlap_ISI_8_test,b31r,p2,Eng,single,8,2,0.54,3.7,16,Eng,62,48,62,48,0.774193548,1
b31r_eop2_longestoverlap_ISI_9_test,b31r,p2,Eng,single,9,6,2.04,2.94,16,Eng,62,48,62,48,0.774193548,1
b31r_eop2_longestoverlap_ISI_10_test,b31r,p2,Eng,single,10,6,1.82,3.3,16,Eng,62,48,62,48,0.774193548,1
b32_edp1_longestoverlap_ISI_0_test,b32,p1,Eng,mixed,0,2,0.58,3.45,17,Eng,67,49,67,49,0.731343284,3
b32_edp1_longestoverlap_ISI_1_test,b32,p1,Eng,mixed,1,8,1.6,5,17,Eng,67,49,67,49,0.731343284,3
b32_edp1_longestoverlap_ISI_2_test,b32,p1,Eng,mixed,2,3,0.9,3.33,17,Eng,67,49,67,49,0.731343284,3
b32_edp1_longestoverlap_ISI_3_test,b32,p1,Eng,mixed,3,7,1.26,5.55,17,Eng,67,49,67,49,0.731343284,3
b32_edp1_longestoverlap_ISI_4_test,b32,p1,Eng,mixed,4,4,0.78,5.13,17,Eng,67,49,67,49,0.731343284,3
b32_edp1_longestoverlap_ISI_5_test,b32,p1,Eng,mixed,5,3,1.06,2.83,17,Eng,67,49,67,49,0.731343284,3
b32_edp1_longestoverlap_ISI_6_test,b32,p1,Eng,mixed,6,6,1.3,4.61,17,Eng,67,49,67,49,0.731343284,3
b32_edp1_longestoverlap_ISI_7_test,b32,p1,Eng,mixed,7,3,0.92,3.26,17,Eng,67,49,67,49,0.731343284,3
b32_edp1_longestoverlap_ISI_8_test,b32,p1,Eng,mixed,8,5,1.74,2.87,17,Eng,67,49,67,49,0.731343284,3
b32_edp1_longestoverlap_ISI_9_test,b32,p1,Eng,mixed,9,6,1.22,4.92,17,Eng,67,49,67,49,0.731343284,3
b32_edp1_longestoverlap_ISI_10_test,b32,p1,Eng,mixed,10,2,1.1,1.82,17,Eng,67,49,67,49,0.731343284,3
b32_eop1_longestoverlap_ISI_0_test,b32,p1,Eng,single,0,3,1.32,2.27,17,Eng,67,49,67,49,0.731343284,3
b32_eop1_longestoverlap_ISI_1_test,b32,p1,Eng,single,1,7,1.52,4.6,17,Eng,67,49,67,49,0.731343284,3
b32_eop1_longestoverlap_ISI_2_test,b32,p1,Eng,single,2,3,0.74,4.05,17,Eng,67,49,67,49,0.731343284,3
b32_eop1_longestoverlap_ISI_3_test,b32,p1,Eng,single,3,4,1.06,3.77,17,Eng,67,49,67,49,0.731343284,3
b32_eop1_longestoverlap_ISI_4_test,b32,p1,Eng,single,4,3,0.7,4.28,17,Eng,67,49,67,49,0.731343284,3
b32_eop1_longestoverlap_ISI_5_test,b32,p1,Eng,single,5,3,0.9,3.33,17,Eng,67,49,67,49,0.731343284,3
b32_eop1_longestoverlap_ISI_6_test,b32,p1,Eng,single,6,6,1.34,4.48,17,Eng,67,49,67,49,0.731343284,3
b32_eop1_longestoverlap_ISI_7_test,b32,p1,Eng,single,7,4,1,4,17,Eng,67,49,67,49,0.731343284,3
b32_eop1_longestoverlap_ISI_8_test,b32,p1,Eng,single,8,5,1.48,3.38,17,Eng,67,49,67,49,0.731343284,3
b32_eop1_longestoverlap_ISI_9_test,b32,p1,Eng,single,9,8,1.82,4.39,17,Eng,67,49,67,49,0.731343284,3
b32_eop1_longestoverlap_ISI_10_test,b32,p1,Eng,single,10,3,1.24,2.42,17,Eng,67,49,67,49,0.731343284,3
b32_edp2_longestoverlap_ISI_0_test,b32,p2,Eng,mixed,0,11,2.54,4.33,17,Eng,67,49,67,49,0.731343284,3
b32_edp2_longestoverlap_ISI_1_test,b32,p2,Eng,mixed,1,6,1.3,4.61,17,Eng,67,49,67,49,0.731343284,3
b32_edp2_longestoverlap_ISI_2_test,b32,p2,Eng,mixed,2,5,1.02,4.9,17,Eng,67,49,67,49,0.731343284,3
b32_edp2_longestoverlap_ISI_4_test,b32,p2,Eng,mixed,4,4,0.78,5.13,17,Eng,67,49,67,49,0.731343284,3
b32_edp2_longestoverlap_ISI_5_test,b32,p2,Eng,mixed,5,8,1.8,4.44,17,Eng,67,49,67,49,0.731343284,3
b32_edp2_longestoverlap_ISI_6_test,b32,p2,Eng,mixed,6,8,1.74,4.6,17,Eng,67,49,67,49,0.731343284,3
b32_edp2_longestoverlap_ISI_7_test,b32,p2,Eng,mixed,7,8,2.02,3.96,17,Eng,67,49,67,49,0.731343284,3
b32_edp2_longestoverlap_ISI_8_test,b32,p2,Eng,mixed,8,3,0.82,3.66,17,Eng,67,49,67,49,0.731343284,3
b32_edp2_longestoverlap_ISI_9_test,b32,p2,Eng,mixed,9,3,1.02,2.94,17,Eng,67,49,67,49,0.731343284,3
b32_edp2_longestoverlap_ISI_10_test,b32,p2,Eng,mixed,10,4,1.18,3.39,17,Eng,67,49,67,49,0.731343284,3
b32_eop2_longestoverlap_ISI_0_test,b32,p2,Eng,single,0,10,2.78,3.6,17,Eng,67,49,67,49,0.731343284,3
b32_eop2_longestoverlap_ISI_1_test,b32,p2,Eng,single,1,2,0.98,2.04,17,Eng,67,49,67,49,0.731343284,3
b32_eop2_longestoverlap_ISI_2_test,b32,p2,Eng,single,2,5,1.04,4.81,17,Eng,67,49,67,49,0.731343284,3
b32_eop2_longestoverlap_ISI_4_test,b32,p2,Eng,single,4,4,1,4,17,Eng,67,49,67,49,0.731343284,3
b32_eop2_longestoverlap_ISI_5_test,b32,p2,Eng,single,5,9,1.82,4.94,17,Eng,67,49,67,49,0.731343284,3
b32_eop2_longestoverlap_ISI_6_test,b32,p2,Eng,single,6,10,1.78,5.62,17,Eng,67,49,67,49,0.731343284,3
b32_eop2_longestoverlap_ISI_7_test,b32,p2,Eng,single,7,11,1.84,5.98,17,Eng,67,49,67,49,0.731343284,3
b32_eop2_longestoverlap_ISI_8_test,b32,p2,Eng,single,8,3,0.76,3.95,17,Eng,67,49,67,49,0.731343284,3
b32_eop2_longestoverlap_ISI_9_test,b32,p2,Eng,single,9,4,1.16,3.45,17,Eng,67,49,67,49,0.731343284,3
b32_eop2_longestoverlap_ISI_10_test,b32,p2,Eng,single,10,4,1.22,3.28,17,Eng,67,49,67,49,0.731343284,3
b33r_edp1_longestoverlap_ISI_0_test,b33r,p1,Eng,mixed,0,6,1.94,3.09,2,Eng,54,42,54,42,0.777777778,4
b33r_edp1_longestoverlap_ISI_1_test,b33r,p1,Eng,mixed,1,10,2.88,3.47,2,Eng,54,42,54,42,0.777777778,4
b33r_edp1_longestoverlap_ISI_2_test,b33r,p1,Eng,mixed,2,7,2.18,3.21,2,Eng,54,42,54,42,0.777777778,4
b33r_edp1_longestoverlap_ISI_3_test,b33r,p1,Eng,mixed,3,13,2.9,4.48,2,Eng,54,42,54,42,0.777777778,4
b33r_edp1_longestoverlap_ISI_4_test,b33r,p1,Eng,mixed,4,3,1.1,2.73,2,Eng,54,42,54,42,0.777777778,4
b33r_edp1_longestoverlap_ISI_5_test,b33r,p1,Eng,mixed,5,6,2.08,2.88,2,Eng,54,42,54,42,0.777777778,4
b33r_edp1_longestoverlap_ISI_6_test,b33r,p1,Eng,mixed,6,5,1.68,2.98,2,Eng,54,42,54,42,0.777777778,4
b33r_edp1_longestoverlap_ISI_7_test,b33r,p1,Eng,mixed,7,4,1.28,3.12,2,Eng,54,42,54,42,0.777777778,4
b33r_edp1_longestoverlap_ISI_8_test,b33r,p1,Eng,mixed,8,3,0.98,3.06,2,Eng,54,42,54,42,0.777777778,4
b33r_edp1_longestoverlap_ISI_9_test,b33r,p1,Eng,mixed,9,12,2.98,4.03,2,Eng,54,42,54,42,0.777777778,4
b33r_edp1_longestoverlap_ISI_10_test,b33r,p1,Eng,mixed,10,6,2.06,2.91,2,Eng,54,42,54,42,0.777777778,4
b33r_eop1_longestoverlap_ISI_0_test,b33r,p1,Eng,single,0,7,1.82,3.84,2,Eng,54,42,54,42,0.777777778,4
b33r_eop1_longestoverlap_ISI_1_test,b33r,p1,Eng,single,1,10,2.82,3.54,2,Eng,54,42,54,42,0.777777778,4
b33r_eop1_longestoverlap_ISI_2_test,b33r,p1,Eng,single,2,8,2.1,3.81,2,Eng,54,42,54,42,0.777777778,4
b33r_eop1_longestoverlap_ISI_3_test,b33r,p1,Eng,single,3,13,3.16,4.11,2,Eng,54,42,54,42,0.777777778,4
b33r_eop1_longestoverlap_ISI_4_test,b33r,p1,Eng,single,4,5,1.06,4.72,2,Eng,54,42,54,42,0.777777778,4
b33r_eop1_longestoverlap_ISI_5_test,b33r,p1,Eng,single,5,6,1.64,3.66,2,Eng,54,42,54,42,0.777777778,4
b33r_eop1_longestoverlap_ISI_6_test,b33r,p1,Eng,single,6,5,1.5,3.33,2,Eng,54,42,54,42,0.777777778,4
b33r_eop1_longestoverlap_ISI_7_test,b33r,p1,Eng,single,7,4,2.2,1.82,2,Eng,54,42,54,42,0.777777778,4
b33r_eop1_longestoverlap_ISI_8_test,b33r,p1,Eng,single,8,3,0.9,3.33,2,Eng,54,42,54,42,0.777777778,4
b33r_eop1_longestoverlap_ISI_9_test,b33r,p1,Eng,single,9,13,2.96,4.39,2,Eng,54,42,54,42,0.777777778,4
b33r_eop1_longestoverlap_ISI_10_test,b33r,p1,Eng,single,10,2,0.76,2.63,2,Eng,54,42,54,42,0.777777778,4
b33r_edp2_longestoverlap_ISI_0_test,b33r,p2,Eng,mixed,0,12,3.92,3.06,2,Eng,54,42,54,42,0.777777778,4
b33r_edp2_longestoverlap_ISI_1_test,b33r,p2,Eng,mixed,1,12,3.1,3.87,2,Eng,54,42,54,42,0.777777778,4
b33r_edp2_longestoverlap_ISI_3_test,b33r,p2,Eng,mixed,3,3,0.78,3.85,2,Eng,54,42,54,42,0.777777778,4
b33r_edp2_longestoverlap_ISI_4_test,b33r,p2,Eng,mixed,4,8,1.84,4.35,2,Eng,54,42,54,42,0.777777778,4
b33r_edp2_longestoverlap_ISI_5_test,b33r,p2,Eng,mixed,5,8,2.3,3.48,2,Eng,54,42,54,42,0.777777778,4
b33r_edp2_longestoverlap_ISI_6_test,b33r,p2,Eng,mixed,6,3,0.66,4.54,2,Eng,54,42,54,42,0.777777778,4
b33r_edp2_longestoverlap_ISI_7_test,b33r,p2,Eng,mixed,7,7,1.78,3.93,2,Eng,54,42,54,42,0.777777778,4
b33r_edp2_longestoverlap_ISI_8_test,b33r,p2,Eng,mixed,8,4,1.52,2.63,2,Eng,54,42,54,42,0.777777778,4
b33r_edp2_longestoverlap_ISI_9_test,b33r,p2,Eng,mixed,9,7,2.06,3.4,2,Eng,54,42,54,42,0.777777778,4
b33r_edp2_longestoverlap_ISI_10_test,b33r,p2,Eng,mixed,10,5,1.5,3.33,2,Eng,54,42,54,42,0.777777778,4
b33r_eop2_longestoverlap_ISI_0_test,b33r,p2,Eng,single,0,15,3.82,3.93,2,Eng,54,42,54,42,0.777777778,4
b33r_eop2_longestoverlap_ISI_1_test,b33r,p2,Eng,single,1,11,3.08,3.57,2,Eng,54,42,54,42,0.777777778,4
b33r_eop2_longestoverlap_ISI_3_test,b33r,p2,Eng,single,3,2,0.76,2.63,2,Eng,54,42,54,42,0.777777778,4
b33r_eop2_longestoverlap_ISI_4_test,b33r,p2,Eng,single,4,8,1.98,4.04,2,Eng,54,42,54,42,0.777777778,4
b33r_eop2_longestoverlap_ISI_5_test,b33r,p2,Eng,single,5,10,2.7,3.7,2,Eng,54,42,54,42,0.777777778,4
b33r_eop2_longestoverlap_ISI_6_test,b33r,p2,Eng,single,6,3,0.96,3.12,2,Eng,54,42,54,42,0.777777778,4
b33r_eop2_longestoverlap_ISI_7_test,b33r,p2,Eng,single,7,5,1.64,3.05,2,Eng,54,42,54,42,0.777777778,4
b33r_eop2_longestoverlap_ISI_8_test,b33r,p2,Eng,single,8,3,1.3,2.31,2,Eng,54,42,54,42,0.777777778,4
b33r_eop2_longestoverlap_ISI_9_test,b33r,p2,Eng,single,9,7,2,3.5,2,Eng,54,42,54,42,0.777777778,4
b33r_eop2_longestoverlap_ISI_10_test,b33r,p2,Eng,single,10,7,1.76,3.98,2,Eng,54,42,54,42,0.777777778,4
b34_edp1_longestoverlap_ISI_0_test,b34,p1,Eng,mixed,0,2,0.82,2.44,3,Eng,72,55,72,55,0.763888889,6
b34_edp1_longestoverlap_ISI_1_test,b34,p1,Eng,mixed,1,8,1.84,4.35,3,Eng,72,55,72,55,0.763888889,6
b34_edp1_longestoverlap_ISI_2_test,b34,p1,Eng,mixed,2,13,2.74,4.74,3,Eng,72,55,72,55,0.763888889,6
b34_edp1_longestoverlap_ISI_3_test,b34,p1,Eng,mixed,3,7,1.62,4.32,3,Eng,72,55,72,55,0.763888889,6
b34_edp1_longestoverlap_ISI_4_test,b34,p1,Eng,mixed,4,2,0.78,2.56,3,Eng,72,55,72,55,0.763888889,6
b34_edp1_longestoverlap_ISI_5_test,b34,p1,Eng,mixed,5,11,2.36,4.66,3,Eng,72,55,72,55,0.763888889,6
b34_edp1_longestoverlap_ISI_6_test,b34,p1,Eng,mixed,6,7,1.64,4.27,3,Eng,72,55,72,55,0.763888889,6
b34_edp1_longestoverlap_ISI_7_test,b34,p1,Eng,mixed,7,5,1.12,4.46,3,Eng,72,55,72,55,0.763888889,6
b34_edp1_longestoverlap_ISI_8_test,b34,p1,Eng,mixed,8,13,2.96,4.39,3,Eng,72,55,72,55,0.763888889,6
b34_edp1_longestoverlap_ISI_9_test,b34,p1,Eng,mixed,9,12,2.08,5.77,3,Eng,72,55,72,55,0.763888889,6
b34_edp1_longestoverlap_ISI_10_test,b34,p1,Eng,mixed,10,4,1.06,3.77,3,Eng,72,55,72,55,0.763888889,6
b34_eop1_longestoverlap_ISI_0_test,b34,p1,Eng,single,0,4,1.06,3.77,3,Eng,72,55,72,55,0.763888889,6
b34_eop1_longestoverlap_ISI_1_test,b34,p1,Eng,single,1,7,1.7,4.12,3,Eng,72,55,72,55,0.763888889,6
b34_eop1_longestoverlap_ISI_2_test,b34,p1,Eng,single,2,12,2.48,4.84,3,Eng,72,55,72,55,0.763888889,6
b34_eop1_longestoverlap_ISI_3_test,b34,p1,Eng,single,3,5,1.48,3.38,3,Eng,72,55,72,55,0.763888889,6
b34_eop1_longestoverlap_ISI_4_test,b34,p1,Eng,single,4,3,0.78,3.85,3,Eng,72,55,72,55,0.763888889,6
b34_eop1_longestoverlap_ISI_5_test,b34,p1,Eng,single,5,8,2.32,3.45,3,Eng,72,55,72,55,0.763888889,6
b34_eop1_longestoverlap_ISI_6_test,b34,p1,Eng,single,6,8,1.5,5.33,3,Eng,72,55,72,55,0.763888889,6
b34_eop1_longestoverlap_ISI_7_test,b34,p1,Eng,single,7,5,1.12,4.46,3,Eng,72,55,72,55,0.763888889,6
b34_eop1_longestoverlap_ISI_8_test,b34,p1,Eng,single,8,14,2.96,4.73,3,Eng,72,55,72,55,0.763888889,6
b34_eop1_longestoverlap_ISI_9_test,b34,p1,Eng,single,9,11,2.12,5.19,3,Eng,72,55,72,55,0.763888889,6
b34_eop1_longestoverlap_ISI_10_test,b34,p1,Eng,single,10,4,1.06,3.77,3,Eng,72,55,72,55,0.763888889,6
b34_edp2_longestoverlap_ISI_0_test,b34,p2,Eng,mixed,0,8,1.88,4.25,3,Eng,72,55,72,55,0.763888889,6
b34_edp2_longestoverlap_ISI_1_test,b34,p2,Eng,mixed,1,10,2.54,3.94,3,Eng,72,55,72,55,0.763888889,6
b34_edp2_longestoverlap_ISI_2_test,b34,p2,Eng,mixed,2,5,1.18,4.24,3,Eng,72,55,72,55,0.763888889,6
b34_edp2_longestoverlap_ISI_4_test,b34,p2,Eng,mixed,4,7,1.42,4.93,3,Eng,72,55,72,55,0.763888889,6
b34_edp2_longestoverlap_ISI_5_test,b34,p2,Eng,mixed,5,16,2.86,5.59,3,Eng,72,55,72,55,0.763888889,6
b34_edp2_longestoverlap_ISI_6_test,b34,p2,Eng,mixed,6,4,1.14,3.51,3,Eng,72,55,72,55,0.763888889,6
b34_edp2_longestoverlap_ISI_7_test,b34,p2,Eng,mixed,7,18,3.18,5.66,3,Eng,72,55,72,55,0.763888889,6
b34_edp2_longestoverlap_ISI_9_test,b34,p2,Eng,mixed,9,12,2.72,4.41,3,Eng,72,55,72,55,0.763888889,6
b34_edp2_longestoverlap_ISI_10_test,b34,p2,Eng,mixed,10,6,1.28,4.69,3,Eng,72,55,72,55,0.763888889,6
b34_eop2_longestoverlap_ISI_0_test,b34,p2,Eng,single,0,8,1.84,4.35,3,Eng,72,55,72,55,0.763888889,6
b34_eop2_longestoverlap_ISI_1_test,b34,p2,Eng,single,1,10,2.32,4.31,3,Eng,72,55,72,55,0.763888889,6
b34_eop2_longestoverlap_ISI_2_test,b34,p2,Eng,single,2,4,1.14,3.51,3,Eng,72,55,72,55,0.763888889,6
b34_eop2_longestoverlap_ISI_4_test,b34,p2,Eng,single,4,5,1.44,3.47,3,Eng,72,55,72,55,0.763888889,6
b34_eop2_longestoverlap_ISI_5_test,b34,p2,Eng,single,5,15,2.74,5.47,3,Eng,72,55,72,55,0.763888889,6
b34_eop2_longestoverlap_ISI_6_test,b34,p2,Eng,single,6,4,0.98,4.08,3,Eng,72,55,72,55,0.763888889,6
b34_eop2_longestoverlap_ISI_7_test,b34,p2,Eng,single,7,16,2.98,5.37,3,Eng,72,55,72,55,0.763888889,6
b34_eop2_longestoverlap_ISI_9_test,b34,p2,Eng,single,9,11,2.54,4.33,3,Eng,72,55,72,55,0.763888889,6
b34_eop2_longestoverlap_ISI_10_test,b34,p2,Eng,single,10,6,1.4,4.28,3,Eng,72,55,72,55,0.763888889,6
b35_edp1_longestoverlap_ISI_0_test,b35,p1,Eng,mixed,0,2,0.94,2.13,4,Eng,60,54,60,54,0.9,10
b35_edp1_longestoverlap_ISI_1_test,b35,p1,Eng,mixed,1,6,1.52,3.95,4,Eng,60,54,60,54,0.9,10
b35_edp1_longestoverlap_ISI_2_test,b35,p1,Eng,mixed,2,4,1.16,3.45,4,Eng,60,54,60,54,0.9,10
b35_edp1_longestoverlap_ISI_3_test,b35,p1,Eng,mixed,3,14,2.82,4.96,4,Eng,60,54,60,54,0.9,10
b35_edp1_longestoverlap_ISI_4_test,b35,p1,Eng,mixed,4,5,0.92,5.43,4,Eng,60,54,60,54,0.9,10
b35_edp1_longestoverlap_ISI_5_test,b35,p1,Eng,mixed,5,10,2.42,4.13,4,Eng,60,54,60,54,0.9,10
b35_edp1_longestoverlap_ISI_6_test,b35,p1,Eng,mixed,6,6,1.52,3.95,4,Eng,60,54,60,54,0.9,10
b35_edp1_longestoverlap_ISI_7_test,b35,p1,Eng,mixed,7,5,1.24,4.03,4,Eng,60,54,60,54,0.9,10
b35_edp1_longestoverlap_ISI_8_test,b35,p1,Eng,mixed,8,4,0.88,4.55,4,Eng,60,54,60,54,0.9,10
b35_edp1_longestoverlap_ISI_9_test,b35,p1,Eng,mixed,9,11,2.78,3.96,4,Eng,60,54,60,54,0.9,10
b35_edp1_longestoverlap_ISI_10_test,b35,p1,Eng,mixed,10,6,1.8,3.33,4,Eng,60,54,60,54,0.9,10
b35_eop1_longestoverlap_ISI_0_test,b35,p1,Eng,single,0,2,0.9,2.22,4,Eng,60,54,60,54,0.9,10
b35_eop1_longestoverlap_ISI_1_test,b35,p1,Eng,single,1,5,1.32,3.79,4,Eng,60,54,60,54,0.9,10
b35_eop1_longestoverlap_ISI_2_test,b35,p1,Eng,single,2,4,0.94,4.25,4,Eng,60,54,60,54,0.9,10
b35_eop1_longestoverlap_ISI_3_test,b35,p1,Eng,single,3,13,2.98,4.36,4,Eng,60,54,60,54,0.9,10
b35_eop1_longestoverlap_ISI_4_test,b35,p1,Eng,single,4,3,0.84,3.57,4,Eng,60,54,60,54,0.9,10
b35_eop1_longestoverlap_ISI_5_test,b35,p1,Eng,single,5,7,2.1,3.33,4,Eng,60,54,60,54,0.9,10
b35_eop1_longestoverlap_ISI_6_test,b35,p1,Eng,single,6,7,1.66,4.22,4,Eng,60,54,60,54,0.9,10
b35_eop1_longestoverlap_ISI_7_test,b35,p1,Eng,single,7,6,1.16,5.17,4,Eng,60,54,60,54,0.9,10
b35_eop1_longestoverlap_ISI_8_test,b35,p1,Eng,single,8,3,0.82,3.66,4,Eng,60,54,60,54,0.9,10
b35_eop1_longestoverlap_ISI_9_test,b35,p1,Eng,single,9,11,2.68,4.1,4,Eng,60,54,60,54,0.9,10
b35_eop1_longestoverlap_ISI_10_test,b35,p1,Eng,single,10,6,1.74,3.45,4,Eng,60,54,60,54,0.9,10
b35_edp2_longestoverlap_ISI_0_test,b35,p2,Eng,mixed,0,10,2.14,4.67,4,Eng,60,54,60,54,0.9,10
b35_edp2_longestoverlap_ISI_1_test,b35,p2,Eng,mixed,1,11,2.78,3.96,4,Eng,60,54,60,54,0.9,10
b35_edp2_longestoverlap_ISI_3_test,b35,p2,Eng,mixed,3,2,0.62,3.22,4,Eng,60,54,60,54,0.9,10
b35_edp2_longestoverlap_ISI_4_test,b35,p2,Eng,mixed,4,4,0.94,4.25,4,Eng,60,54,60,54,0.9,10
b35_edp2_longestoverlap_ISI_5_test,b35,p2,Eng,mixed,5,12,3.2,3.75,4,Eng,60,54,60,54,0.9,10
b35_edp2_longestoverlap_ISI_6_test,b35,p2,Eng,mixed,6,4,1.3,3.08,4,Eng,60,54,60,54,0.9,10
b35_edp2_longestoverlap_ISI_7_test,b35,p2,Eng,mixed,7,12,2.76,4.35,4,Eng,60,54,60,54,0.9,10
b35_edp2_longestoverlap_ISI_8_test,b35,p2,Eng,mixed,8,2,0.94,2.13,4,Eng,60,54,60,54,0.9,10
b35_edp2_longestoverlap_ISI_9_test,b35,p2,Eng,mixed,9,5,1.42,3.52,4,Eng,60,54,60,54,0.9,10
b35_edp2_longestoverlap_ISI_10_test,b35,p2,Eng,mixed,10,5,1.42,3.52,4,Eng,60,54,60,54,0.9,10
b35_eop2_longestoverlap_ISI_0_test,b35,p2,Eng,single,0,8,2.18,3.67,4,Eng,60,54,60,54,0.9,10
b35_eop2_longestoverlap_ISI_1_test,b35,p2,Eng,single,1,10,2.92,3.42,4,Eng,60,54,60,54,0.9,10
b35_eop2_longestoverlap_ISI_3_test,b35,p2,Eng,single,3,2,0.56,3.57,4,Eng,60,54,60,54,0.9,10
b35_eop2_longestoverlap_ISI_4_test,b35,p2,Eng,single,4,4,1,4,4,Eng,60,54,60,54,0.9,10
b35_eop2_longestoverlap_ISI_5_test,b35,p2,Eng,single,5,13,3.02,4.3,4,Eng,60,54,60,54,0.9,10
b35_eop2_longestoverlap_ISI_6_test,b35,p2,Eng,single,6,4,1.18,3.39,4,Eng,60,54,60,54,0.9,10
b35_eop2_longestoverlap_ISI_7_test,b35,p2,Eng,single,7,12,2.88,4.17,4,Eng,60,54,60,54,0.9,10
b35_eop2_longestoverlap_ISI_8_test,b35,p2,Eng,single,8,3,1.02,2.94,4,Eng,60,54,60,54,0.9,10
b35_eop2_longestoverlap_ISI_9_test,b35,p2,Eng,single,9,6,1.52,3.95,4,Eng,60,54,60,54,0.9,10
b35_eop2_longestoverlap_ISI_10_test,b35,p2,Eng,single,10,5,1.46,3.42,4,Eng,60,54,60,54,0.9,10
b36_edp1_longestoverlap_ISI_0_test,b36,p1,Eng,mixed,0,3,0.82,3.66,5,Eng,71,32,71,32,0.450704225,0
b36_edp1_longestoverlap_ISI_1_test,b36,p1,Eng,mixed,1,14,3.04,4.6,5,Eng,71,32,71,32,0.450704225,0
b36_edp1_longestoverlap_ISI_2_test,b36,p1,Eng,mixed,2,3,1.16,2.59,5,Eng,71,32,71,32,0.450704225,0
b36_edp1_longestoverlap_ISI_3_test,b36,p1,Eng,mixed,3,9,1.94,4.64,5,Eng,71,32,71,32,0.450704225,0
b36_edp1_longestoverlap_ISI_4_test,b36,p1,Eng,mixed,4,2,1.04,1.92,5,Eng,71,32,71,32,0.450704225,0
b36_edp1_longestoverlap_ISI_5_test,b36,p1,Eng,mixed,5,10,2.24,4.46,5,Eng,71,32,71,32,0.450704225,0
b36_edp1_longestoverlap_ISI_6_test,b36,p1,Eng,mixed,6,13,2.9,4.48,5,Eng,71,32,71,32,0.450704225,0
b36_edp1_longestoverlap_ISI_7_test,b36,p1,Eng,mixed,7,5,1.72,2.91,5,Eng,71,32,71,32,0.450704225,0
b36_edp1_longestoverlap_ISI_8_test,b36,p1,Eng,mixed,8,11,2.56,4.3,5,Eng,71,32,71,32,0.450704225,0
b36_edp1_longestoverlap_ISI_10_test,b36,p1,Eng,mixed,10,3,0.68,4.41,5,Eng,71,32,71,32,0.450704225,0
b36_eop1_longestoverlap_ISI_0_test,b36,p1,Eng,single,0,3,0.84,3.57,5,Eng,71,32,71,32,0.450704225,0
b36_eop1_longestoverlap_ISI_1_test,b36,p1,Eng,single,1,11,2.72,4.04,5,Eng,71,32,71,32,0.450704225,0
b36_eop1_longestoverlap_ISI_2_test,b36,p1,Eng,single,2,2,0.82,2.44,5,Eng,71,32,71,32,0.450704225,0
b36_eop1_longestoverlap_ISI_3_test,b36,p1,Eng,single,3,10,2.34,4.27,5,Eng,71,32,71,32,0.450704225,0
b36_eop1_longestoverlap_ISI_4_test,b36,p1,Eng,single,4,2,0.58,3.45,5,Eng,71,32,71,32,0.450704225,0
b36_eop1_longestoverlap_ISI_5_test,b36,p1,Eng,single,5,10,2.4,4.17,5,Eng,71,32,71,32,0.450704225,0
b36_eop1_longestoverlap_ISI_6_test,b36,p1,Eng,single,6,11,2.66,4.13,5,Eng,71,32,71,32,0.450704225,0
b36_eop1_longestoverlap_ISI_7_test,b36,p1,Eng,single,7,5,1.04,4.81,5,Eng,71,32,71,32,0.450704225,0
b36_eop1_longestoverlap_ISI_8_test,b36,p1,Eng,single,8,10,3.02,3.31,5,Eng,71,32,71,32,0.450704225,0
b36_eop1_longestoverlap_ISI_10_test,b36,p1,Eng,single,10,3,0.62,4.84,5,Eng,71,32,71,32,0.450704225,0
b36_edp2_longestoverlap_ISI_0_test,b36,p2,Eng,mixed,0,14,3.14,4.46,5,Eng,71,32,71,32,0.450704225,0
b36_edp2_longestoverlap_ISI_1_test,b36,p2,Eng,mixed,1,15,2.78,5.39,5,Eng,71,32,71,32,0.450704225,0
b36_edp2_longestoverlap_ISI_3_test,b36,p2,Eng,mixed,3,3,0.88,3.41,5,Eng,71,32,71,32,0.450704225,0
b36_edp2_longestoverlap_ISI_4_test,b36,p2,Eng,mixed,4,10,1.84,5.43,5,Eng,71,32,71,32,0.450704225,0
b36_edp2_longestoverlap_ISI_5_test,b36,p2,Eng,mixed,5,13,2.34,5.55,5,Eng,71,32,71,32,0.450704225,0
b36_edp2_longestoverlap_ISI_6_test,b36,p2,Eng,mixed,6,8,1.86,4.3,5,Eng,71,32,71,32,0.450704225,0
b36_edp2_longestoverlap_ISI_7_test,b36,p2,Eng,mixed,7,12,2.36,5.08,5,Eng,71,32,71,32,0.450704225,0
b36_edp2_longestoverlap_ISI_8_test,b36,p2,Eng,mixed,8,2,0.8,2.5,5,Eng,71,32,71,32,0.450704225,0
b36_edp2_longestoverlap_ISI_9_test,b36,p2,Eng,mixed,9,12,3.1,3.87,5,Eng,71,32,71,32,0.450704225,0
b36_edp2_longestoverlap_ISI_10_test,b36,p2,Eng,mixed,10,7,2.06,3.4,5,Eng,71,32,71,32,0.450704225,0
b36_eop2_longestoverlap_ISI_0_test,b36,p2,Eng,single,0,13,2.88,4.51,5,Eng,71,32,71,32,0.450704225,0
b36_eop2_longestoverlap_ISI_1_test,b36,p2,Eng,single,1,9,2.34,3.85,5,Eng,71,32,71,32,0.450704225,0
b36_eop2_longestoverlap_ISI_3_test,b36,p2,Eng,single,3,2,0.5,4,5,Eng,71,32,71,32,0.450704225,0
b36_eop2_longestoverlap_ISI_4_test,b36,p2,Eng,single,4,9,1.78,5.06,5,Eng,71,32,71,32,0.450704225,0
b36_eop2_longestoverlap_ISI_5_test,b36,p2,Eng,single,5,10,2.1,4.76,5,Eng,71,32,71,32,0.450704225,0
b36_eop2_longestoverlap_ISI_6_test,b36,p2,Eng,single,6,8,1.52,5.26,5,Eng,71,32,71,32,0.450704225,0
b36_eop2_longestoverlap_ISI_7_test,b36,p2,Eng,single,7,13,2.58,5.04,5,Eng,71,32,71,32,0.450704225,0
b36_eop2_longestoverlap_ISI_8_test,b36,p2,Eng,single,8,2,0.72,2.78,5,Eng,71,32,71,32,0.450704225,0
b36_eop2_longestoverlap_ISI_9_test,b36,p2,Eng,single,9,12,2.38,5.04,5,Eng,71,32,71,32,0.450704225,0
b36_eop2_longestoverlap_ISI_10_test,b36,p2,Eng,single,10,7,1.34,5.22,5,Eng,71,32,71,32,0.450704225,0
b37r_edp1_longestoverlap_ISI_0_test,b37r,p1,Eng,mixed,0,5,1.54,3.25,6,Eng,62,55,62,55,0.887096774,5
b37r_edp1_longestoverlap_ISI_1_test,b37r,p1,Eng,mixed,1,11,3.14,3.5,6,Eng,62,55,62,55,0.887096774,5
b37r_edp1_longestoverlap_ISI_2_test,b37r,p1,Eng,mixed,2,8,2.02,3.96,6,Eng,62,55,62,55,0.887096774,5
b37r_edp1_longestoverlap_ISI_3_test,b37r,p1,Eng,mixed,3,8,1.78,4.49,6,Eng,62,55,62,55,0.887096774,5
b37r_edp1_longestoverlap_ISI_4_test,b37r,p1,Eng,mixed,4,4,0.94,4.25,6,Eng,62,55,62,55,0.887096774,5
b37r_edp1_longestoverlap_ISI_5_test,b37r,p1,Eng,mixed,5,13,3.36,3.87,6,Eng,62,55,62,55,0.887096774,5
b37r_edp1_longestoverlap_ISI_6_test,b37r,p1,Eng,mixed,6,5,1.74,2.87,6,Eng,62,55,62,55,0.887096774,5
b37r_edp1_longestoverlap_ISI_7_test,b37r,p1,Eng,mixed,7,5,1.46,3.42,6,Eng,62,55,62,55,0.887096774,5
b37r_edp1_longestoverlap_ISI_8_test,b37r,p1,Eng,mixed,8,6,2.2,2.73,6,Eng,62,55,62,55,0.887096774,5
b37r_edp1_longestoverlap_ISI_9_test,b37r,p1,Eng,mixed,9,11,2.16,5.09,6,Eng,62,55,62,55,0.887096774,5
b37r_edp1_longestoverlap_ISI_10_test,b37r,p1,Eng,mixed,10,3,1.38,2.17,6,Eng,62,55,62,55,0.887096774,5
b37r_eop1_longestoverlap_ISI_0_test,b37r,p1,Eng,single,0,7,1.68,4.17,6,Eng,62,55,62,55,0.887096774,5
b37r_eop1_longestoverlap_ISI_1_test,b37r,p1,Eng,single,1,11,2.74,4.01,6,Eng,62,55,62,55,0.887096774,5
b37r_eop1_longestoverlap_ISI_2_test,b37r,p1,Eng,single,2,8,1.78,4.49,6,Eng,62,55,62,55,0.887096774,5
b37r_eop1_longestoverlap_ISI_3_test,b37r,p1,Eng,single,3,6,1.72,3.49,6,Eng,62,55,62,55,0.887096774,5
b37r_eop1_longestoverlap_ISI_4_test,b37r,p1,Eng,single,4,4,0.9,4.44,6,Eng,62,55,62,55,0.887096774,5
b37r_eop1_longestoverlap_ISI_5_test,b37r,p1,Eng,single,5,15,3.44,4.36,6,Eng,62,55,62,55,0.887096774,5
b37r_eop1_longestoverlap_ISI_6_test,b37r,p1,Eng,single,6,7,1.74,4.02,6,Eng,62,55,62,55,0.887096774,5
b37r_eop1_longestoverlap_ISI_7_test,b37r,p1,Eng,single,7,6,1.12,5.36,6,Eng,62,55,62,55,0.887096774,5
b37r_eop1_longestoverlap_ISI_8_test,b37r,p1,Eng,single,8,6,2.18,2.75,6,Eng,62,55,62,55,0.887096774,5
b37r_eop1_longestoverlap_ISI_9_test,b37r,p1,Eng,single,9,11,2.32,4.74,6,Eng,62,55,62,55,0.887096774,5
b37r_eop1_longestoverlap_ISI_10_test,b37r,p1,Eng,single,10,4,1.24,3.23,6,Eng,62,55,62,55,0.887096774,5
b37r_edp2_longestoverlap_ISI_0_test,b37r,p2,Eng,mixed,0,8,2.46,3.25,6,Eng,62,55,62,55,0.887096774,5
b37r_edp2_longestoverlap_ISI_1_test,b37r,p2,Eng,mixed,1,4,1.18,3.39,6,Eng,62,55,62,55,0.887096774,5
b37r_edp2_longestoverlap_ISI_2_test,b37r,p2,Eng,mixed,2,5,1.32,3.79,6,Eng,62,55,62,55,0.887096774,5
b37r_edp2_longestoverlap_ISI_3_test,b37r,p2,Eng,mixed,3,2,0.54,3.7,6,Eng,62,55,62,55,0.887096774,5
b37r_edp2_longestoverlap_ISI_4_test,b37r,p2,Eng,mixed,4,9,1.62,5.55,6,Eng,62,55,62,55,0.887096774,5
b37r_edp2_longestoverlap_ISI_5_test,b37r,p2,Eng,mixed,5,12,3.18,3.77,6,Eng,62,55,62,55,0.887096774,5
b37r_edp2_longestoverlap_ISI_6_test,b37r,p2,Eng,mixed,6,8,2.04,3.92,6,Eng,62,55,62,55,0.887096774,5
b37r_edp2_longestoverlap_ISI_7_test,b37r,p2,Eng,mixed,7,11,2.48,4.43,6,Eng,62,55,62,55,0.887096774,5
b37r_edp2_longestoverlap_ISI_8_test,b37r,p2,Eng,mixed,8,5,1.06,4.72,6,Eng,62,55,62,55,0.887096774,5
b37r_edp2_longestoverlap_ISI_9_test,b37r,p2,Eng,mixed,9,8,2.22,3.6,6,Eng,62,55,62,55,0.887096774,5
b37r_edp2_longestoverlap_ISI_10_test,b37r,p2,Eng,mixed,10,4,1.58,2.53,6,Eng,62,55,62,55,0.887096774,5
b37r_eop2_longestoverlap_ISI_0_test,b37r,p2,Eng,single,0,8,2.42,3.3,6,Eng,62,55,62,55,0.887096774,5
b37r_eop2_longestoverlap_ISI_1_test,b37r,p2,Eng,single,1,3,1.24,2.42,6,Eng,62,55,62,55,0.887096774,5
b37r_eop2_longestoverlap_ISI_2_test,b37r,p2,Eng,single,2,6,1.42,4.22,6,Eng,62,55,62,55,0.887096774,5
b37r_eop2_longestoverlap_ISI_3_test,b37r,p2,Eng,single,3,2,0.62,3.22,6,Eng,62,55,62,55,0.887096774,5
b37r_eop2_longestoverlap_ISI_4_test,b37r,p2,Eng,single,4,8,1.9,4.21,6,Eng,62,55,62,55,0.887096774,5
b37r_eop2_longestoverlap_ISI_5_test,b37r,p2,Eng,single,5,14,3.4,4.12,6,Eng,62,55,62,55,0.887096774,5
b37r_eop2_longestoverlap_ISI_6_test,b37r,p2,Eng,single,6,8,2.06,3.88,6,Eng,62,55,62,55,0.887096774,5
b37r_eop2_longestoverlap_ISI_7_test,b37r,p2,Eng,single,7,11,2.48,4.43,6,Eng,62,55,62,55,0.887096774,5
b37r_eop2_longestoverlap_ISI_8_test,b37r,p2,Eng,single,8,4,1.14,3.51,6,Eng,62,55,62,55,0.887096774,5
b37r_eop2_longestoverlap_ISI_9_test,b37r,p2,Eng,single,9,7,2.04,3.43,6,Eng,62,55,62,55,0.887096774,5
b37r_eop2_longestoverlap_ISI_10_test,b37r,p2,Eng,single,10,6,1.66,3.61,6,Eng,62,55,62,55,0.887096774,5
b38_edp1_longestoverlap_ISI_0_test,b38,p1,Eng,mixed,0,3,1.12,2.68,7,Eng,69,30,69,30,0.434782609,0
b38_edp1_longestoverlap_ISI_1_test,b38,p1,Eng,mixed,1,15,3.56,4.21,7,Eng,69,30,69,30,0.434782609,0
b38_edp1_longestoverlap_ISI_2_test,b38,p1,Eng,mixed,2,6,1.46,4.11,7,Eng,69,30,69,30,0.434782609,0
b38_edp1_longestoverlap_ISI_3_test,b38,p1,Eng,mixed,3,6,1.82,3.3,7,Eng,69,30,69,30,0.434782609,0
b38_edp1_longestoverlap_ISI_4_test,b38,p1,Eng,mixed,4,3,1.06,2.83,7,Eng,69,30,69,30,0.434782609,0
b38_edp1_longestoverlap_ISI_5_test,b38,p1,Eng,mixed,5,3,1.74,1.72,7,Eng,69,30,69,30,0.434782609,0
b38_edp1_longestoverlap_ISI_6_test,b38,p1,Eng,mixed,6,5,1.7,2.94,7,Eng,69,30,69,30,0.434782609,0
b38_edp1_longestoverlap_ISI_7_test,b38,p1,Eng,mixed,7,5,1.36,3.68,7,Eng,69,30,69,30,0.434782609,0
b38_edp1_longestoverlap_ISI_8_test,b38,p1,Eng,mixed,8,5,1.34,3.73,7,Eng,69,30,69,30,0.434782609,0
b38_edp1_longestoverlap_ISI_9_test,b38,p1,Eng,mixed,9,13,2.74,4.74,7,Eng,69,30,69,30,0.434782609,0
b38_edp1_longestoverlap_ISI_10_test,b38,p1,Eng,mixed,10,4,1.08,3.7,7,Eng,69,30,69,30,0.434782609,0
b38_eop1_longestoverlap_ISI_0_test,b38,p1,Eng,single,0,3,1.36,2.21,7,Eng,69,30,69,30,0.434782609,0
b38_eop1_longestoverlap_ISI_1_test,b38,p1,Eng,single,1,13,3.56,3.65,7,Eng,69,30,69,30,0.434782609,0
b38_eop1_longestoverlap_ISI_2_test,b38,p1,Eng,single,2,4,1.02,3.92,7,Eng,69,30,69,30,0.434782609,0
b38_eop1_longestoverlap_ISI_3_test,b38,p1,Eng,single,3,6,2.04,2.94,7,Eng,69,30,69,30,0.434782609,0
b38_eop1_longestoverlap_ISI_4_test,b38,p1,Eng,single,4,4,1.02,3.92,7,Eng,69,30,69,30,0.434782609,0
b38_eop1_longestoverlap_ISI_5_test,b38,p1,Eng,single,5,3,1.72,1.74,7,Eng,69,30,69,30,0.434782609,0
b38_eop1_longestoverlap_ISI_6_test,b38,p1,Eng,single,6,9,2.5,3.6,7,Eng,69,30,69,30,0.434782609,0
b38_eop1_longestoverlap_ISI_7_test,b38,p1,Eng,single,7,5,1.34,3.73,7,Eng,69,30,69,30,0.434782609,0
b38_eop1_longestoverlap_ISI_8_test,b38,p1,Eng,single,8,6,1.48,4.05,7,Eng,69,30,69,30,0.434782609,0
b38_eop1_longestoverlap_ISI_9_test,b38,p1,Eng,single,9,11,2.54,4.33,7,Eng,69,30,69,30,0.434782609,0
b38_eop1_longestoverlap_ISI_10_test,b38,p1,Eng,single,10,5,0.9,5.55,7,Eng,69,30,69,30,0.434782609,0
b38_edp2_longestoverlap_ISI_0_test,b38,p2,Eng,mixed,0,12,3.3,3.64,7,Eng,69,30,69,30,0.434782609,0
b38_edp2_longestoverlap_ISI_1_test,b38,p2,Eng,mixed,1,9,2.72,3.31,7,Eng,69,30,69,30,0.434782609,0
b38_edp2_longestoverlap_ISI_2_test,b38,p2,Eng,mixed,2,5,1.32,3.79,7,Eng,69,30,69,30,0.434782609,0
b38_edp2_longestoverlap_ISI_3_test,b38,p2,Eng,mixed,3,2,0.62,3.23,7,Eng,69,30,69,30,0.434782609,0
b38_edp2_longestoverlap_ISI_4_test,b38,p2,Eng,mixed,4,7,1.74,4.02,7,Eng,69,30,69,30,0.434782609,0
b38_edp2_longestoverlap_ISI_5_test,b38,p2,Eng,mixed,5,12,2.26,5.31,7,Eng,69,30,69,30,0.434782609,0
b38_edp2_longestoverlap_ISI_6_test,b38,p2,Eng,mixed,6,3,0.72,4.17,7,Eng,69,30,69,30,0.434782609,0
b38_edp2_longestoverlap_ISI_7_test,b38,p2,Eng,mixed,7,10,2.72,3.68,7,Eng,69,30,69,30,0.434782609,0
b38_edp2_longestoverlap_ISI_8_test,b38,p2,Eng,mixed,8,3,1.1,2.73,7,Eng,69,30,69,30,0.434782609,0
b38_edp2_longestoverlap_ISI_9_test,b38,p2,Eng,mixed,9,9,2.5,3.6,7,Eng,69,30,69,30,0.434782609,0
b38_edp2_longestoverlap_ISI_10_test,b38,p2,Eng,mixed,10,6,1.9,3.16,7,Eng,69,30,69,30,0.434782609,0
b38_eop2_longestoverlap_ISI_0_test,b38,p2,Eng,single,0,13,3.7,3.51,7,Eng,69,30,69,30,0.434782609,0
b38_eop2_longestoverlap_ISI_1_test,b38,p2,Eng,single,1,12,3.02,3.97,7,Eng,69,30,69,30,0.434782609,0
b38_eop2_longestoverlap_ISI_2_test,b38,p2,Eng,single,2,5,1.54,3.25,7,Eng,69,30,69,30,0.434782609,0
b38_eop2_longestoverlap_ISI_3_test,b38,p2,Eng,single,3,2,0.74,2.7,7,Eng,69,30,69,30,0.434782609,0
b38_eop2_longestoverlap_ISI_4_test,b38,p2,Eng,single,4,6,1.72,3.49,7,Eng,69,30,69,30,0.434782609,0
b38_eop2_longestoverlap_ISI_5_test,b38,p2,Eng,single,5,11,2.36,4.66,7,Eng,69,30,69,30,0.434782609,0
b38_eop2_longestoverlap_ISI_6_test,b38,p2,Eng,single,6,4,1.02,3.92,7,Eng,69,30,69,30,0.434782609,0
b38_eop2_longestoverlap_ISI_7_test,b38,p2,Eng,single,7,15,2.96,5.07,7,Eng,69,30,69,30,0.434782609,0
b38_eop2_longestoverlap_ISI_8_test,b38,p2,Eng,single,8,3,1.26,2.38,7,Eng,69,30,69,30,0.434782609,0
b38_eop2_longestoverlap_ISI_9_test,b38,p2,Eng,single,9,8,2.14,3.74,7,Eng,69,30,69,30,0.434782609,0
b38_eop2_longestoverlap_ISI_10_test,b38,p2,Eng,single,10,7,1.48,4.73,7,Eng,69,30,69,30,0.434782609,0
b39_edp1_longestoverlap_ISI_0_test,b39,p1,Eng,mixed,0,5,1.46,3.42,8,Eng,64,2,64,2,0.03125,1
b39_edp1_longestoverlap_ISI_1_test,b39,p1,Eng,mixed,1,13,2.74,4.74,8,Eng,64,2,64,2,0.03125,1
b39_edp1_longestoverlap_ISI_2_test,b39,p1,Eng,mixed,2,4,1.14,3.51,8,Eng,64,2,64,2,0.03125,1
b39_edp1_longestoverlap_ISI_3_test,b39,p1,Eng,mixed,3,13,2.8,4.64,8,Eng,64,2,64,2,0.03125,1
b39_edp1_longestoverlap_ISI_4_test,b39,p1,Eng,mixed,4,4,0.9,4.44,8,Eng,64,2,64,2,0.03125,1
b39_edp1_longestoverlap_ISI_5_test,b39,p1,Eng,mixed,5,9,2.56,3.51,8,Eng,64,2,64,2,0.03125,1
b39_edp1_longestoverlap_ISI_6_test,b39,p1,Eng,mixed,6,8,1.7,4.7,8,Eng,64,2,64,2,0.03125,1
b39_edp1_longestoverlap_ISI_7_test,b39,p1,Eng,mixed,7,4,1.04,3.85,8,Eng,64,2,64,2,0.03125,1
b39_edp1_longestoverlap_ISI_8_test,b39,p1,Eng,mixed,8,5,1.02,4.9,8,Eng,64,2,64,2,0.03125,1
b39_edp1_longestoverlap_ISI_9_test,b39,p1,Eng,mixed,9,10,2.54,3.94,8,Eng,64,2,64,2,0.03125,1
b39_edp1_longestoverlap_ISI_10_test,b39,p1,Eng,mixed,10,5,1.18,4.24,8,Eng,64,2,64,2,0.03125,1
b39_eop1_longestoverlap_ISI_0_test,b39,p1,Eng,single,0,7,2.02,3.46,8,Eng,64,2,64,2,0.03125,1
b39_eop1_longestoverlap_ISI_1_test,b39,p1,Eng,single,1,13,3.02,4.3,8,Eng,64,2,64,2,0.03125,1
b39_eop1_longestoverlap_ISI_2_test,b39,p1,Eng,single,2,4,1.04,3.85,8,Eng,64,2,64,2,0.03125,1
b39_eop1_longestoverlap_ISI_3_test,b39,p1,Eng,single,3,13,2.7,4.81,8,Eng,64,2,64,2,0.03125,1
b39_eop1_longestoverlap_ISI_4_test,b39,p1,Eng,single,4,4,0.96,4.17,8,Eng,64,2,64,2,0.03125,1
b39_eop1_longestoverlap_ISI_5_test,b39,p1,Eng,single,5,8,2.7,2.96,8,Eng,64,2,64,2,0.03125,1
b39_eop1_longestoverlap_ISI_6_test,b39,p1,Eng,single,6,7,1.62,4.32,8,Eng,64,2,64,2,0.03125,1
b39_eop1_longestoverlap_ISI_7_test,b39,p1,Eng,single,7,4,1,4,8,Eng,64,2,64,2,0.03125,1
b39_eop1_longestoverlap_ISI_8_test,b39,p1,Eng,single,8,3,0.82,3.66,8,Eng,64,2,64,2,0.03125,1
b39_eop1_longestoverlap_ISI_9_test,b39,p1,Eng,single,9,12,2.66,4.51,8,Eng,64,2,64,2,0.03125,1
b39_eop1_longestoverlap_ISI_10_test,b39,p1,Eng,single,10,5,1.24,4.03,8,Eng,64,2,64,2,0.03125,1
b39_edp2_longestoverlap_ISI_0_test,b39,p2,Eng,mixed,0,11,3.1,3.55,8,Eng,64,2,64,2,0.03125,1
b39_edp2_longestoverlap_ISI_1_test,b39,p2,Eng,mixed,1,11,2.58,4.26,8,Eng,64,2,64,2,0.03125,1
b39_edp2_longestoverlap_ISI_2_test,b39,p2,Eng,mixed,2,2,0.84,2.38,8,Eng,64,2,64,2,0.03125,1
b39_edp2_longestoverlap_ISI_3_test,b39,p2,Eng,mixed,3,2,0.56,3.57,8,Eng,64,2,64,2,0.03125,1
b39_edp2_longestoverlap_ISI_4_test,b39,p2,Eng,mixed,4,6,1.58,3.8,8,Eng,64,2,64,2,0.03125,1
b39_edp2_longestoverlap_ISI_5_test,b39,p2,Eng,mixed,5,14,2.8,5,8,Eng,64,2,64,2,0.03125,1
b39_edp2_longestoverlap_ISI_6_test,b39,p2,Eng,mixed,6,11,2.48,4.43,8,Eng,64,2,64,2,0.03125,1
b39_edp2_longestoverlap_ISI_7_test,b39,p2,Eng,mixed,7,10,2.36,4.24,8,Eng,64,2,64,2,0.03125,1
b39_edp2_longestoverlap_ISI_8_test,b39,p2,Eng,mixed,8,4,1.14,3.51,8,Eng,64,2,64,2,0.03125,1
b39_edp2_longestoverlap_ISI_9_test,b39,p2,Eng,mixed,9,11,2.72,4.04,8,Eng,64,2,64,2,0.03125,1
b39_edp2_longestoverlap_ISI_10_test,b39,p2,Eng,mixed,10,5,1.22,4.1,8,Eng,64,2,64,2,0.03125,1
b39_eop2_longestoverlap_ISI_0_test,b39,p2,Eng,single,0,13,3.18,4.09,8,Eng,64,2,64,2,0.03125,1
b39_eop2_longestoverlap_ISI_1_test,b39,p2,Eng,single,1,10,2.56,3.9,8,Eng,64,2,64,2,0.03125,1
b39_eop2_longestoverlap_ISI_2_test,b39,p2,Eng,single,2,2,0.54,3.7,8,Eng,64,2,64,2,0.03125,1
b39_eop2_longestoverlap_ISI_3_test,b39,p2,Eng,single,3,2,0.52,3.84,8,Eng,64,2,64,2,0.03125,1
b39_eop2_longestoverlap_ISI_4_test,b39,p2,Eng,single,4,7,1.58,4.43,8,Eng,64,2,64,2,0.03125,1
b39_eop2_longestoverlap_ISI_5_test,b39,p2,Eng,single,5,12,2.78,4.31,8,Eng,64,2,64,2,0.03125,1
b39_eop2_longestoverlap_ISI_6_test,b39,p2,Eng,single,6,11,2.9,3.79,8,Eng,64,2,64,2,0.03125,1
b39_eop2_longestoverlap_ISI_7_test,b39,p2,Eng,single,7,10,2.14,4.67,8,Eng,64,2,64,2,0.03125,1
b39_eop2_longestoverlap_ISI_8_test,b39,p2,Eng,single,8,2,0.96,2.08,8,Eng,64,2,64,2,0.03125,1
b39_eop2_longestoverlap_ISI_9_test,b39,p2,Eng,single,9,13,2.74,4.74,8,Eng,64,2,64,2,0.03125,1
b39_eop2_longestoverlap_ISI_10_test,b39,p2,Eng,single,10,5,1.26,3.97,8,Eng,64,2,64,2,0.03125,1
b3rr_edp1_longestoverlap_ISI_0_test,b3rr,p1,Eng,mixed,0,4,1.16,3.45,4,Eng,77,44,77,44,0.571428571,0
b3rr_edp1_longestoverlap_ISI_1_test,b3rr,p1,Eng,mixed,1,8,2,4,4,Eng,77,44,77,44,0.571428571,0
b3rr_edp1_longestoverlap_ISI_2_test,b3rr,p1,Eng,mixed,2,5,1.5,3.33,4,Eng,77,44,77,44,0.571428571,0
b3rr_edp1_longestoverlap_ISI_3_test,b3rr,p1,Eng,mixed,3,5,1.66,3.01,4,Eng,77,44,77,44,0.571428571,0
b3rr_edp1_longestoverlap_ISI_4_test,b3rr,p1,Eng,mixed,4,4,0.9,4.44,4,Eng,77,44,77,44,0.571428571,0
b3rr_edp1_longestoverlap_ISI_5_test,b3rr,p1,Eng,mixed,5,10,2.52,3.97,4,Eng,77,44,77,44,0.571428571,0
b3rr_edp1_longestoverlap_ISI_6_test,b3rr,p1,Eng,mixed,6,9,1.82,4.94,4,Eng,77,44,77,44,0.571428571,0
b3rr_edp1_longestoverlap_ISI_7_test,b3rr,p1,Eng,mixed,7,4,1.1,3.64,4,Eng,77,44,77,44,0.571428571,0
b3rr_edp1_longestoverlap_ISI_9_test,b3rr,p1,Eng,mixed,9,8,1.38,5.8,4,Eng,77,44,77,44,0.571428571,0
b3rr_edp1_longestoverlap_ISI_10_test,b3rr,p1,Eng,mixed,10,3,1.22,2.46,4,Eng,77,44,77,44,0.571428571,0
b3rr_eop1_longestoverlap_ISI_0_test,b3rr,p1,Eng,single,0,4,1.14,3.51,4,Eng,77,44,77,44,0.571428571,0
b3rr_eop1_longestoverlap_ISI_1_test,b3rr,p1,Eng,single,1,10,2.04,4.9,4,Eng,77,44,77,44,0.571428571,0
b3rr_eop1_longestoverlap_ISI_2_test,b3rr,p1,Eng,single,2,6,1.42,4.22,4,Eng,77,44,77,44,0.571428571,0
b3rr_eop1_longestoverlap_ISI_3_test,b3rr,p1,Eng,single,3,5,1.3,3.85,4,Eng,77,44,77,44,0.571428571,0
b3rr_eop1_longestoverlap_ISI_4_test,b3rr,p1,Eng,single,4,5,0.84,5.95,4,Eng,77,44,77,44,0.571428571,0
b3rr_eop1_longestoverlap_ISI_5_test,b3rr,p1,Eng,single,5,10,2.46,4.06,4,Eng,77,44,77,44,0.571428571,0
b3rr_eop1_longestoverlap_ISI_6_test,b3rr,p1,Eng,single,6,7,1.56,4.49,4,Eng,77,44,77,44,0.571428571,0
b3rr_eop1_longestoverlap_ISI_7_test,b3rr,p1,Eng,single,7,4,1.14,3.51,4,Eng,77,44,77,44,0.571428571,0
b3rr_eop1_longestoverlap_ISI_9_test,b3rr,p1,Eng,single,9,8,1.46,5.48,4,Eng,77,44,77,44,0.571428571,0
b3rr_eop1_longestoverlap_ISI_10_test,b3rr,p1,Eng,single,10,3,1.1,2.73,4,Eng,77,44,77,44,0.571428571,0
b3rr_edp2_longestoverlap_ISI_0_test,b3rr,p2,Eng,mixed,0,13,2.8,4.64,4,Eng,77,44,77,44,0.571428571,0
b3rr_edp2_longestoverlap_ISI_1_test,b3rr,p2,Eng,mixed,1,10,2.5,4,4,Eng,77,44,77,44,0.571428571,0
b3rr_edp2_longestoverlap_ISI_3_test,b3rr,p2,Eng,mixed,3,2,0.54,3.7,4,Eng,77,44,77,44,0.571428571,0
b3rr_edp2_longestoverlap_ISI_4_test,b3rr,p2,Eng,mixed,4,5,1.3,3.85,4,Eng,77,44,77,44,0.571428571,0
b3rr_edp2_longestoverlap_ISI_5_test,b3rr,p2,Eng,mixed,5,10,2.02,4.95,4,Eng,77,44,77,44,0.571428571,0
b3rr_edp2_longestoverlap_ISI_6_test,b3rr,p2,Eng,mixed,6,8,1.8,4.44,4,Eng,77,44,77,44,0.571428571,0
b3rr_edp2_longestoverlap_ISI_7_test,b3rr,p2,Eng,mixed,7,6,1.82,3.3,4,Eng,77,44,77,44,0.571428571,0
b3rr_edp2_longestoverlap_ISI_8_test,b3rr,p2,Eng,mixed,8,4,0.88,4.54,4,Eng,77,44,77,44,0.571428571,0
b3rr_edp2_longestoverlap_ISI_9_test,b3rr,p2,Eng,mixed,9,8,1.96,4.08,4,Eng,77,44,77,44,0.571428571,0
b3rr_edp2_longestoverlap_ISI_10_test,b3rr,p2,Eng,mixed,10,3,1.28,2.34,4,Eng,77,44,77,44,0.571428571,0
b3rr_eop2_longestoverlap_ISI_0_test,b3rr,p2,Eng,single,0,13,2.94,4.42,4,Eng,77,44,77,44,0.571428571,0
b3rr_eop2_longestoverlap_ISI_1_test,b3rr,p2,Eng,single,1,12,2.52,4.76,4,Eng,77,44,77,44,0.571428571,0
b3rr_eop2_longestoverlap_ISI_3_test,b3rr,p2,Eng,single,3,2,0.56,3.57,4,Eng,77,44,77,44,0.571428571,0
b3rr_eop2_longestoverlap_ISI_4_test,b3rr,p2,Eng,single,4,6,1.38,4.35,4,Eng,77,44,77,44,0.571428571,0
b3rr_eop2_longestoverlap_ISI_5_test,b3rr,p2,Eng,single,5,11,2.14,5.14,4,Eng,77,44,77,44,0.571428571,0
b3rr_eop2_longestoverlap_ISI_6_test,b3rr,p2,Eng,single,6,7,1.72,4.07,4,Eng,77,44,77,44,0.571428571,0
b3rr_eop2_longestoverlap_ISI_7_test,b3rr,p2,Eng,single,7,9,1.8,5,4,Eng,77,44,77,44,0.571428571,0
b3rr_eop2_longestoverlap_ISI_8_test,b3rr,p2,Eng,single,8,3,0.8,3.75,4,Eng,77,44,77,44,0.571428571,0
b3rr_eop2_longestoverlap_ISI_9_test,b3rr,p2,Eng,single,9,7,1.72,4.07,4,Eng,77,44,77,44,0.571428571,0
b3rr_eop2_longestoverlap_ISI_10_test,b3rr,p2,Eng,single,10,6,1.3,4.61,4,Eng,77,44,77,44,0.571428571,0
b40_edp1_longestoverlap_ISI_0_test,b40,p1,Eng,mixed,0,2,1.06,1.89,9,Eng,70,38,70,38,0.542857143,3
b40_edp1_longestoverlap_ISI_1_test,b40,p1,Eng,mixed,1,10,3.08,3.25,9,Eng,70,38,70,38,0.542857143,3
b40_edp1_longestoverlap_ISI_2_test,b40,p1,Eng,mixed,2,5,1.36,3.68,9,Eng,70,38,70,38,0.542857143,3
b40_edp1_longestoverlap_ISI_3_test,b40,p1,Eng,mixed,3,9,1.56,5.77,9,Eng,70,38,70,38,0.542857143,3
b40_edp1_longestoverlap_ISI_4_test,b40,p1,Eng,mixed,4,4,1.1,3.64,9,Eng,70,38,70,38,0.542857143,3
b40_edp1_longestoverlap_ISI_5_test,b40,p1,Eng,mixed,5,7,2.56,2.73,9,Eng,70,38,70,38,0.542857143,3
b40_edp1_longestoverlap_ISI_6_test,b40,p1,Eng,mixed,6,8,2.04,3.92,9,Eng,70,38,70,38,0.542857143,3
b40_edp1_longestoverlap_ISI_7_test,b40,p1,Eng,mixed,7,3,1.46,2.05,9,Eng,70,38,70,38,0.542857143,3
b40_edp1_longestoverlap_ISI_8_test,b40,p1,Eng,mixed,8,12,2.78,4.32,9,Eng,70,38,70,38,0.542857143,3
b40_edp1_longestoverlap_ISI_9_test,b40,p1,Eng,mixed,9,15,3.22,4.66,9,Eng,70,38,70,38,0.542857143,3
b40_edp1_longestoverlap_ISI_10_test,b40,p1,Eng,mixed,10,2,1.06,1.89,9,Eng,70,38,70,38,0.542857143,3
b40_eop1_longestoverlap_ISI_0_test,b40,p1,Eng,single,0,3,1.04,2.88,9,Eng,70,38,70,38,0.542857143,3
b40_eop1_longestoverlap_ISI_1_test,b40,p1,Eng,single,1,13,3.5,3.71,9,Eng,70,38,70,38,0.542857143,3
b40_eop1_longestoverlap_ISI_2_test,b40,p1,Eng,single,2,5,1.32,3.79,9,Eng,70,38,70,38,0.542857143,3
b40_eop1_longestoverlap_ISI_3_test,b40,p1,Eng,single,3,6,1.64,3.66,9,Eng,70,38,70,38,0.542857143,3
b40_eop1_longestoverlap_ISI_4_test,b40,p1,Eng,single,4,5,1.14,4.39,9,Eng,70,38,70,38,0.542857143,3
b40_eop1_longestoverlap_ISI_5_test,b40,p1,Eng,single,5,6,2.16,2.78,9,Eng,70,38,70,38,0.542857143,3
b40_eop1_longestoverlap_ISI_6_test,b40,p1,Eng,single,6,8,1.78,4.49,9,Eng,70,38,70,38,0.542857143,3
b40_eop1_longestoverlap_ISI_7_test,b40,p1,Eng,single,7,4,1.36,2.94,9,Eng,70,38,70,38,0.542857143,3
b40_eop1_longestoverlap_ISI_8_test,b40,p1,Eng,single,8,10,2.2,4.54,9,Eng,70,38,70,38,0.542857143,3
b40_eop1_longestoverlap_ISI_9_test,b40,p1,Eng,single,9,13,3.14,4.14,9,Eng,70,38,70,38,0.542857143,3
b40_eop1_longestoverlap_ISI_10_test,b40,p1,Eng,single,10,3,1.38,2.17,9,Eng,70,38,70,38,0.542857143,3
b40_edp2_longestoverlap_ISI_0_test,b40,p2,Eng,mixed,0,13,3.82,3.4,9,Eng,70,38,70,38,0.542857143,3
b40_edp2_longestoverlap_ISI_1_test,b40,p2,Eng,mixed,1,3,0.74,4.05,9,Eng,70,38,70,38,0.542857143,3
b40_edp2_longestoverlap_ISI_2_test,b40,p2,Eng,mixed,2,6,2,3,9,Eng,70,38,70,38,0.542857143,3
b40_edp2_longestoverlap_ISI_3_test,b40,p2,Eng,mixed,3,3,0.64,4.69,9,Eng,70,38,70,38,0.542857143,3
b40_edp2_longestoverlap_ISI_4_test,b40,p2,Eng,mixed,4,7,1.76,3.98,9,Eng,70,38,70,38,0.542857143,3
b40_edp2_longestoverlap_ISI_5_test,b40,p2,Eng,mixed,5,11,2.42,4.54,9,Eng,70,38,70,38,0.542857143,3
b40_edp2_longestoverlap_ISI_6_test,b40,p2,Eng,mixed,6,6,1.14,5.26,9,Eng,70,38,70,38,0.542857143,3
b40_edp2_longestoverlap_ISI_7_test,b40,p2,Eng,mixed,7,12,2.72,4.41,9,Eng,70,38,70,38,0.542857143,3
b40_edp2_longestoverlap_ISI_8_test,b40,p2,Eng,mixed,8,2,0.42,4.76,9,Eng,70,38,70,38,0.542857143,3
b40_edp2_longestoverlap_ISI_9_test,b40,p2,Eng,mixed,9,6,1.78,3.37,9,Eng,70,38,70,38,0.542857143,3
b40_edp2_longestoverlap_ISI_10_test,b40,p2,Eng,mixed,10,7,1.5,4.67,9,Eng,70,38,70,38,0.542857143,3
b40_eop2_longestoverlap_ISI_0_test,b40,p2,Eng,single,0,13,4.16,3.12,9,Eng,70,38,70,38,0.542857143,3
b40_eop2_longestoverlap_ISI_1_test,b40,p2,Eng,single,1,6,1.4,4.29,9,Eng,70,38,70,38,0.542857143,3
b40_eop2_longestoverlap_ISI_2_test,b40,p2,Eng,single,2,5,1.32,3.79,9,Eng,70,38,70,38,0.542857143,3
b40_eop2_longestoverlap_ISI_3_test,b40,p2,Eng,single,3,2,0.52,3.85,9,Eng,70,38,70,38,0.542857143,3
b40_eop2_longestoverlap_ISI_4_test,b40,p2,Eng,single,4,7,2.24,3.12,9,Eng,70,38,70,38,0.542857143,3
b40_eop2_longestoverlap_ISI_5_test,b40,p2,Eng,single,5,12,2.66,4.51,9,Eng,70,38,70,38,0.542857143,3
b40_eop2_longestoverlap_ISI_6_test,b40,p2,Eng,single,6,4,0.74,5.4,9,Eng,70,38,70,38,0.542857143,3
b40_eop2_longestoverlap_ISI_7_test,b40,p2,Eng,single,7,11,2.86,3.85,9,Eng,70,38,70,38,0.542857143,3
b40_eop2_longestoverlap_ISI_8_test,b40,p2,Eng,single,8,2,0.38,5.26,9,Eng,70,38,70,38,0.542857143,3
b40_eop2_longestoverlap_ISI_9_test,b40,p2,Eng,single,9,6,1.84,3.26,9,Eng,70,38,70,38,0.542857143,3
b40_eop2_longestoverlap_ISI_10_test,b40,p2,Eng,single,10,6,1.66,3.61,9,Eng,70,38,70,38,0.542857143,3
b41r_edp1_longestoverlap_ISI_0_test,b41r,p1,Eng,mixed,0,5,1.38,3.62,10,Eng,69,57,69,57,0.826086957,4
b41r_edp1_longestoverlap_ISI_1_test,b41r,p1,Eng,mixed,1,10,2.88,3.47,10,Eng,69,57,69,57,0.826086957,4
b41r_edp1_longestoverlap_ISI_2_test,b41r,p1,Eng,mixed,2,8,1.62,4.94,10,Eng,69,57,69,57,0.826086957,4
b41r_edp1_longestoverlap_ISI_3_test,b41r,p1,Eng,mixed,3,11,2.6,4.23,10,Eng,69,57,69,57,0.826086957,4
b41r_edp1_longestoverlap_ISI_4_test,b41r,p1,Eng,mixed,4,4,0.88,4.55,10,Eng,69,57,69,57,0.826086957,4
b41r_edp1_longestoverlap_ISI_5_test,b41r,p1,Eng,mixed,5,13,2.76,4.71,10,Eng,69,57,69,57,0.826086957,4
b41r_edp1_longestoverlap_ISI_6_test,b41r,p1,Eng,mixed,6,7,1.5,4.67,10,Eng,69,57,69,57,0.826086957,4
b41r_edp1_longestoverlap_ISI_7_test,b41r,p1,Eng,mixed,7,4,1.28,3.12,10,Eng,69,57,69,57,0.826086957,4
b41r_edp1_longestoverlap_ISI_8_test,b41r,p1,Eng,mixed,8,8,2.1,3.81,10,Eng,69,57,69,57,0.826086957,4
b41r_edp1_longestoverlap_ISI_9_test,b41r,p1,Eng,mixed,9,11,2.5,4.4,10,Eng,69,57,69,57,0.826086957,4
b41r_edp1_longestoverlap_ISI_10_test,b41r,p1,Eng,mixed,10,3,1.1,2.73,10,Eng,69,57,69,57,0.826086957,4
b41r_eop1_longestoverlap_ISI_0_test,b41r,p1,Eng,single,0,4,1.5,2.67,10,Eng,69,57,69,57,0.826086957,4
b41r_eop1_longestoverlap_ISI_1_test,b41r,p1,Eng,single,1,11,2.76,3.98,10,Eng,69,57,69,57,0.826086957,4
b41r_eop1_longestoverlap_ISI_2_test,b41r,p1,Eng,single,2,8,1.62,4.94,10,Eng,69,57,69,57,0.826086957,4
b41r_eop1_longestoverlap_ISI_3_test,b41r,p1,Eng,single,3,12,2.54,4.72,10,Eng,69,57,69,57,0.826086957,4
b41r_eop1_longestoverlap_ISI_4_test,b41r,p1,Eng,single,4,4,0.88,4.54,10,Eng,69,57,69,57,0.826086957,4
b41r_eop1_longestoverlap_ISI_5_test,b41r,p1,Eng,single,5,14,2.6,5.38,10,Eng,69,57,69,57,0.826086957,4
b41r_eop1_longestoverlap_ISI_6_test,b41r,p1,Eng,single,6,8,1.5,5.33,10,Eng,69,57,69,57,0.826086957,4
b41r_eop1_longestoverlap_ISI_7_test,b41r,p1,Eng,single,7,3,1.02,2.94,10,Eng,69,57,69,57,0.826086957,4
b41r_eop1_longestoverlap_ISI_8_test,b41r,p1,Eng,single,8,9,2.04,4.41,10,Eng,69,57,69,57,0.826086957,4
b41r_eop1_longestoverlap_ISI_9_test,b41r,p1,Eng,single,9,12,2.46,4.88,10,Eng,69,57,69,57,0.826086957,4
b41r_eop1_longestoverlap_ISI_10_test,b41r,p1,Eng,single,10,3,0.98,3.06,10,Eng,69,57,69,57,0.826086957,4
b41r_edp2_longestoverlap_ISI_0_test,b41r,p2,Eng,mixed,0,12,3.08,3.89,10,Eng,69,57,69,57,0.826086957,4
b41r_edp2_longestoverlap_ISI_1_test,b41r,p2,Eng,mixed,1,12,2.52,4.76,10,Eng,69,57,69,57,0.826086957,4
b41r_edp2_longestoverlap_ISI_2_test,b41r,p2,Eng,mixed,2,5,1.12,4.46,10,Eng,69,57,69,57,0.826086957,4
b41r_edp2_longestoverlap_ISI_3_test,b41r,p2,Eng,mixed,3,2,0.6,3.33,10,Eng,69,57,69,57,0.826086957,4
b41r_edp2_longestoverlap_ISI_4_test,b41r,p2,Eng,mixed,4,7,1.38,5.07,10,Eng,69,57,69,57,0.826086957,4
b41r_edp2_longestoverlap_ISI_5_test,b41r,p2,Eng,mixed,5,15,2.66,5.64,10,Eng,69,57,69,57,0.826086957,4
b41r_edp2_longestoverlap_ISI_6_test,b41r,p2,Eng,mixed,6,12,2.7,4.44,10,Eng,69,57,69,57,0.826086957,4
b41r_edp2_longestoverlap_ISI_7_test,b41r,p2,Eng,mixed,7,19,3,6.33,10,Eng,69,57,69,57,0.826086957,4
b41r_edp2_longestoverlap_ISI_8_test,b41r,p2,Eng,mixed,8,2,0.9,2.22,10,Eng,69,57,69,57,0.826086957,4
b41r_edp2_longestoverlap_ISI_9_test,b41r,p2,Eng,mixed,9,12,2.56,4.69,10,Eng,69,57,69,57,0.826086957,4
b41r_edp2_longestoverlap_ISI_10_test,b41r,p2,Eng,mixed,10,7,1.28,5.47,10,Eng,69,57,69,57,0.826086957,4
b41r_eop2_longestoverlap_ISI_0_test,b41r,p2,Eng,single,0,13,3.1,4.19,10,Eng,69,57,69,57,0.826086957,4
b41r_eop2_longestoverlap_ISI_1_test,b41r,p2,Eng,single,1,11,2.42,4.54,10,Eng,69,57,69,57,0.826086957,4
b41r_eop2_longestoverlap_ISI_2_test,b41r,p2,Eng,single,2,5,1.1,4.54,10,Eng,69,57,69,57,0.826086957,4
b41r_eop2_longestoverlap_ISI_3_test,b41r,p2,Eng,single,3,2,0.58,3.45,10,Eng,69,57,69,57,0.826086957,4
b41r_eop2_longestoverlap_ISI_4_test,b41r,p2,Eng,single,4,8,1.52,5.26,10,Eng,69,57,69,57,0.826086957,4
b41r_eop2_longestoverlap_ISI_5_test,b41r,p2,Eng,single,5,15,2.5,6,10,Eng,69,57,69,57,0.826086957,4
b41r_eop2_longestoverlap_ISI_6_test,b41r,p2,Eng,single,6,13,2.62,4.96,10,Eng,69,57,69,57,0.826086957,4
b41r_eop2_longestoverlap_ISI_7_test,b41r,p2,Eng,single,7,17,3.1,5.48,10,Eng,69,57,69,57,0.826086957,4
b41r_eop2_longestoverlap_ISI_8_test,b41r,p2,Eng,single,8,3,0.9,3.33,10,Eng,69,57,69,57,0.826086957,4
b41r_eop2_longestoverlap_ISI_9_test,b41r,p2,Eng,single,9,11,2.66,4.13,10,Eng,69,57,69,57,0.826086957,4
b41r_eop2_longestoverlap_ISI_10_test,b41r,p2,Eng,single,10,6,1.28,4.69,10,Eng,69,57,69,57,0.826086957,4
b42rr_edp1_longestoverlap_ISI_0_test,b42rr,p1,Eng,mixed,0,3,1.06,2.83,11,Eng,78,49,78,49,0.628205128,6
b42rr_edp1_longestoverlap_ISI_1_test,b42rr,p1,Eng,mixed,1,10,2.44,4.1,11,Eng,78,49,78,49,0.628205128,6
b42rr_edp1_longestoverlap_ISI_2_test,b42rr,p1,Eng,mixed,2,6,1.8,3.33,11,Eng,78,49,78,49,0.628205128,6
b42rr_edp1_longestoverlap_ISI_3_test,b42rr,p1,Eng,mixed,3,6,1.48,4.05,11,Eng,78,49,78,49,0.628205128,6
b42rr_edp1_longestoverlap_ISI_4_test,b42rr,p1,Eng,mixed,4,4,0.86,4.65,11,Eng,78,49,78,49,0.628205128,6
b42rr_edp1_longestoverlap_ISI_5_test,b42rr,p1,Eng,mixed,5,5,1.32,3.79,11,Eng,78,49,78,49,0.628205128,6
b42rr_edp1_longestoverlap_ISI_6_test,b42rr,p1,Eng,mixed,6,5,1.36,3.68,11,Eng,78,49,78,49,0.628205128,6
b42rr_edp1_longestoverlap_ISI_7_test,b42rr,p1,Eng,mixed,7,3,0.96,3.12,11,Eng,78,49,78,49,0.628205128,6
b42rr_edp1_longestoverlap_ISI_8_test,b42rr,p1,Eng,mixed,8,7,2.04,3.43,11,Eng,78,49,78,49,0.628205128,6
b42rr_edp1_longestoverlap_ISI_9_test,b42rr,p1,Eng,mixed,9,7,1.8,3.89,11,Eng,78,49,78,49,0.628205128,6
b42rr_edp1_longestoverlap_ISI_10_test,b42rr,p1,Eng,mixed,10,6,2.08,2.88,11,Eng,78,49,78,49,0.628205128,6
b42rr_eop1_longestoverlap_ISI_0_test,b42rr,p1,Eng,single,0,4,0.88,4.54,11,Eng,78,49,78,49,0.628205128,6
b42rr_eop1_longestoverlap_ISI_1_test,b42rr,p1,Eng,single,1,11,2.54,4.33,11,Eng,78,49,78,49,0.628205128,6
b42rr_eop1_longestoverlap_ISI_2_test,b42rr,p1,Eng,single,2,6,1.34,4.48,11,Eng,78,49,78,49,0.628205128,6
b42rr_eop1_longestoverlap_ISI_3_test,b42rr,p1,Eng,single,3,7,1.34,5.22,11,Eng,78,49,78,49,0.628205128,6
b42rr_eop1_longestoverlap_ISI_4_test,b42rr,p1,Eng,single,4,4,0.92,4.35,11,Eng,78,49,78,49,0.628205128,6
b42rr_eop1_longestoverlap_ISI_5_test,b42rr,p1,Eng,single,5,4,1.2,3.33,11,Eng,78,49,78,49,0.628205128,6
b42rr_eop1_longestoverlap_ISI_6_test,b42rr,p1,Eng,single,6,5,1.22,4.1,11,Eng,78,49,78,49,0.628205128,6
b42rr_eop1_longestoverlap_ISI_7_test,b42rr,p1,Eng,single,7,4,1.02,3.92,11,Eng,78,49,78,49,0.628205128,6
b42rr_eop1_longestoverlap_ISI_8_test,b42rr,p1,Eng,single,8,8,2.04,3.92,11,Eng,78,49,78,49,0.628205128,6
b42rr_eop1_longestoverlap_ISI_9_test,b42rr,p1,Eng,single,9,10,1.9,5.26,11,Eng,78,49,78,49,0.628205128,6
b42rr_eop1_longestoverlap_ISI_10_test,b42rr,p1,Eng,single,10,5,1.46,3.42,11,Eng,78,49,78,49,0.628205128,6
b42rr_edp2_longestoverlap_ISI_0_test,b42rr,p2,Eng,mixed,0,12,2.42,4.96,11,Eng,78,49,78,49,0.628205128,6
b42rr_edp2_longestoverlap_ISI_1_test,b42rr,p2,Eng,mixed,1,5,1.1,4.54,11,Eng,78,49,78,49,0.628205128,6
b42rr_edp2_longestoverlap_ISI_3_test,b42rr,p2,Eng,mixed,3,2,0.62,3.23,11,Eng,78,49,78,49,0.628205128,6
b42rr_edp2_longestoverlap_ISI_4_test,b42rr,p2,Eng,mixed,4,3,0.98,3.06,11,Eng,78,49,78,49,0.628205128,6
b42rr_edp2_longestoverlap_ISI_5_test,b42rr,p2,Eng,mixed,5,8,1.84,4.35,11,Eng,78,49,78,49,0.628205128,6
b42rr_edp2_longestoverlap_ISI_6_test,b42rr,p2,Eng,mixed,6,3,0.76,3.95,11,Eng,78,49,78,49,0.628205128,6
b42rr_edp2_longestoverlap_ISI_7_test,b42rr,p2,Eng,mixed,7,8,1.42,5.63,11,Eng,78,49,78,49,0.628205128,6
b42rr_edp2_longestoverlap_ISI_9_test,b42rr,p2,Eng,mixed,9,7,1.6,4.37,11,Eng,78,49,78,49,0.628205128,6
b42rr_edp2_longestoverlap_ISI_10_test,b42rr,p2,Eng,mixed,10,11,2.32,4.74,11,Eng,78,49,78,49,0.628205128,6
b42rr_eop2_longestoverlap_ISI_0_test,b42rr,p2,Eng,single,0,11,2.32,4.74,11,Eng,78,49,78,49,0.628205128,6
b42rr_eop2_longestoverlap_ISI_1_test,b42rr,p2,Eng,single,1,5,1.04,4.81,11,Eng,78,49,78,49,0.628205128,6
b42rr_eop2_longestoverlap_ISI_3_test,b42rr,p2,Eng,single,3,2,0.78,2.56,11,Eng,78,49,78,49,0.628205128,6
b42rr_eop2_longestoverlap_ISI_4_test,b42rr,p2,Eng,single,4,4,1.16,3.45,11,Eng,78,49,78,49,0.628205128,6
b42rr_eop2_longestoverlap_ISI_5_test,b42rr,p2,Eng,single,5,8,1.62,4.94,11,Eng,78,49,78,49,0.628205128,6
b42rr_eop2_longestoverlap_ISI_6_test,b42rr,p2,Eng,single,6,3,0.78,3.84,11,Eng,78,49,78,49,0.628205128,6
b42rr_eop2_longestoverlap_ISI_7_test,b42rr,p2,Eng,single,7,7,1.26,5.55,11,Eng,78,49,78,49,0.628205128,6
b42rr_eop2_longestoverlap_ISI_9_test,b42rr,p2,Eng,single,9,7,1.5,4.67,11,Eng,78,49,78,49,0.628205128,6
b42rr_eop2_longestoverlap_ISI_10_test,b42rr,p2,Eng,single,10,10,2.04,4.9,11,Eng,78,49,78,49,0.628205128,6
b43_edp1_longestoverlap_ISI_0_test,b43,p1,Eng,mixed,0,7,1.84,3.8,12,Eng,69,45,69,45,0.652173913,0
b43_edp1_longestoverlap_ISI_1_test,b43,p1,Eng,mixed,1,12,3.58,3.35,12,Eng,69,45,69,45,0.652173913,0
b43_edp1_longestoverlap_ISI_2_test,b43,p1,Eng,mixed,2,9,2.3,3.91,12,Eng,69,45,69,45,0.652173913,0
b43_edp1_longestoverlap_ISI_3_test,b43,p1,Eng,mixed,3,3,1.24,2.42,12,Eng,69,45,69,45,0.652173913,0
b43_edp1_longestoverlap_ISI_4_test,b43,p1,Eng,mixed,4,4,1.36,2.94,12,Eng,69,45,69,45,0.652173913,0
b43_edp1_longestoverlap_ISI_5_test,b43,p1,Eng,mixed,5,11,2.88,3.82,12,Eng,69,45,69,45,0.652173913,0
b43_edp1_longestoverlap_ISI_6_test,b43,p1,Eng,mixed,6,6,1.8,3.33,12,Eng,69,45,69,45,0.652173913,0
b43_edp1_longestoverlap_ISI_7_test,b43,p1,Eng,mixed,7,7,1.26,5.55,12,Eng,69,45,69,45,0.652173913,0
b43_edp1_longestoverlap_ISI_8_test,b43,p1,Eng,mixed,8,6,2.24,2.68,12,Eng,69,45,69,45,0.652173913,0
b43_edp1_longestoverlap_ISI_9_test,b43,p1,Eng,mixed,9,8,1.68,4.76,12,Eng,69,45,69,45,0.652173913,0
b43_edp1_longestoverlap_ISI_10_test,b43,p1,Eng,mixed,10,4,1.42,2.82,12,Eng,69,45,69,45,0.652173913,0
b43_eop1_longestoverlap_ISI_0_test,b43,p1,Eng,single,0,8,1.98,4.04,12,Eng,69,45,69,45,0.652173913,0
b43_eop1_longestoverlap_ISI_1_test,b43,p1,Eng,single,1,14,3.52,3.98,12,Eng,69,45,69,45,0.652173913,0
b43_eop1_longestoverlap_ISI_2_test,b43,p1,Eng,single,2,9,2.3,3.91,12,Eng,69,45,69,45,0.652173913,0
b43_eop1_longestoverlap_ISI_3_test,b43,p1,Eng,single,3,4,1.26,3.17,12,Eng,69,45,69,45,0.652173913,0
b43_eop1_longestoverlap_ISI_4_test,b43,p1,Eng,single,4,6,1.08,5.55,12,Eng,69,45,69,45,0.652173913,0
b43_eop1_longestoverlap_ISI_5_test,b43,p1,Eng,single,5,11,3.14,3.5,12,Eng,69,45,69,45,0.652173913,0
b43_eop1_longestoverlap_ISI_6_test,b43,p1,Eng,single,6,7,1.9,3.68,12,Eng,69,45,69,45,0.652173913,0
b43_eop1_longestoverlap_ISI_7_test,b43,p1,Eng,single,7,5,1.28,3.91,12,Eng,69,45,69,45,0.652173913,0
b43_eop1_longestoverlap_ISI_8_test,b43,p1,Eng,single,8,5,2.12,2.36,12,Eng,69,45,69,45,0.652173913,0
b43_eop1_longestoverlap_ISI_9_test,b43,p1,Eng,single,9,8,1.9,4.21,12,Eng,69,45,69,45,0.652173913,0
b43_eop1_longestoverlap_ISI_10_test,b43,p1,Eng,single,10,3,1.44,2.08,12,Eng,69,45,69,45,0.652173913,0
b43_edp2_longestoverlap_ISI_0_test,b43,p2,Eng,mixed,0,8,2.2,3.64,12,Eng,69,45,69,45,0.652173913,0
b43_edp2_longestoverlap_ISI_1_test,b43,p2,Eng,mixed,1,6,1.54,3.9,12,Eng,69,45,69,45,0.652173913,0
b43_edp2_longestoverlap_ISI_3_test,b43,p2,Eng,mixed,3,3,0.98,3.06,12,Eng,69,45,69,45,0.652173913,0
b43_edp2_longestoverlap_ISI_4_test,b43,p2,Eng,mixed,4,4,1.2,3.33,12,Eng,69,45,69,45,0.652173913,0
b43_edp2_longestoverlap_ISI_5_test,b43,p2,Eng,mixed,5,9,2.5,3.6,12,Eng,69,45,69,45,0.652173913,0
b43_edp2_longestoverlap_ISI_6_test,b43,p2,Eng,mixed,6,11,2.78,3.96,12,Eng,69,45,69,45,0.652173913,0
b43_edp2_longestoverlap_ISI_7_test,b43,p2,Eng,mixed,7,13,3.26,3.99,12,Eng,69,45,69,45,0.652173913,0
b43_edp2_longestoverlap_ISI_8_test,b43,p2,Eng,mixed,8,4,1.24,3.23,12,Eng,69,45,69,45,0.652173913,0
b43_edp2_longestoverlap_ISI_9_test,b43,p2,Eng,mixed,9,13,3.32,3.92,12,Eng,69,45,69,45,0.652173913,0
b43_edp2_longestoverlap_ISI_10_test,b43,p2,Eng,mixed,10,7,1.6,4.37,12,Eng,69,45,69,45,0.652173913,0
b43_eop2_longestoverlap_ISI_0_test,b43,p2,Eng,single,0,6,2.26,2.65,12,Eng,69,45,69,45,0.652173913,0
b43_eop2_longestoverlap_ISI_1_test,b43,p2,Eng,single,1,4,1.18,3.39,12,Eng,69,45,69,45,0.652173913,0
b43_eop2_longestoverlap_ISI_3_test,b43,p2,Eng,single,3,2,0.54,3.7,12,Eng,69,45,69,45,0.652173913,0
b43_eop2_longestoverlap_ISI_4_test,b43,p2,Eng,single,4,5,1.06,4.72,12,Eng,69,45,69,45,0.652173913,0
b43_eop2_longestoverlap_ISI_5_test,b43,p2,Eng,single,5,12,2.38,5.04,12,Eng,69,45,69,45,0.652173913,0
b43_eop2_longestoverlap_ISI_6_test,b43,p2,Eng,single,6,11,2.54,4.33,12,Eng,69,45,69,45,0.652173913,0
b43_eop2_longestoverlap_ISI_7_test,b43,p2,Eng,single,7,12,3.56,3.37,12,Eng,69,45,69,45,0.652173913,0
b43_eop2_longestoverlap_ISI_8_test,b43,p2,Eng,single,8,4,1.24,3.23,12,Eng,69,45,69,45,0.652173913,0
b43_eop2_longestoverlap_ISI_9_test,b43,p2,Eng,single,9,12,3.22,3.73,12,Eng,69,45,69,45,0.652173913,0
b43_eop2_longestoverlap_ISI_10_test,b43,p2,Eng,single,10,6,1.58,3.8,12,Eng,69,45,69,45,0.652173913,0
b44_edp1_longestoverlap_ISI_0_test,b44,p1,Eng,mixed,0,2,1,2,13,Eng,68,49,68,49,0.720588235,3
b44_edp1_longestoverlap_ISI_1_test,b44,p1,Eng,mixed,1,6,1.54,3.89,13,Eng,68,49,68,49,0.720588235,3
b44_edp1_longestoverlap_ISI_2_test,b44,p1,Eng,mixed,2,10,2.5,4,13,Eng,68,49,68,49,0.720588235,3
b44_edp1_longestoverlap_ISI_3_test,b44,p1,Eng,mixed,3,6,1.22,4.92,13,Eng,68,49,68,49,0.720588235,3
b44_edp1_longestoverlap_ISI_4_test,b44,p1,Eng,mixed,4,5,1.04,4.81,13,Eng,68,49,68,49,0.720588235,3
b44_edp1_longestoverlap_ISI_5_test,b44,p1,Eng,mixed,5,11,3.06,3.59,13,Eng,68,49,68,49,0.720588235,3
b44_edp1_longestoverlap_ISI_6_test,b44,p1,Eng,mixed,6,7,1.78,3.93,13,Eng,68,49,68,49,0.720588235,3
b44_edp1_longestoverlap_ISI_7_test,b44,p1,Eng,mixed,7,4,1.2,3.33,13,Eng,68,49,68,49,0.720588235,3
b44_edp1_longestoverlap_ISI_8_test,b44,p1,Eng,mixed,8,3,1.12,2.68,13,Eng,68,49,68,49,0.720588235,3
b44_edp1_longestoverlap_ISI_9_test,b44,p1,Eng,mixed,9,7,1.38,5.07,13,Eng,68,49,68,49,0.720588235,3
b44_edp1_longestoverlap_ISI_10_test,b44,p1,Eng,mixed,10,4,1.38,2.9,13,Eng,68,49,68,49,0.720588235,3
b44_eop1_longestoverlap_ISI_0_test,b44,p1,Eng,single,0,3,0.92,3.26,13,Eng,68,49,68,49,0.720588235,3
b44_eop1_longestoverlap_ISI_1_test,b44,p1,Eng,single,1,6,1.4,4.28,13,Eng,68,49,68,49,0.720588235,3
b44_eop1_longestoverlap_ISI_2_test,b44,p1,Eng,single,2,10,2.38,4.2,13,Eng,68,49,68,49,0.720588235,3
b44_eop1_longestoverlap_ISI_3_test,b44,p1,Eng,single,3,5,1.24,4.03,13,Eng,68,49,68,49,0.720588235,3
b44_eop1_longestoverlap_ISI_4_test,b44,p1,Eng,single,4,4,1,4,13,Eng,68,49,68,49,0.720588235,3
b44_eop1_longestoverlap_ISI_5_test,b44,p1,Eng,single,5,10,2.9,3.45,13,Eng,68,49,68,49,0.720588235,3
b44_eop1_longestoverlap_ISI_6_test,b44,p1,Eng,single,6,7,1.82,3.84,13,Eng,68,49,68,49,0.720588235,3
b44_eop1_longestoverlap_ISI_7_test,b44,p1,Eng,single,7,6,1.14,5.26,13,Eng,68,49,68,49,0.720588235,3
b44_eop1_longestoverlap_ISI_8_test,b44,p1,Eng,single,8,4,0.98,4.08,13,Eng,68,49,68,49,0.720588235,3
b44_eop1_longestoverlap_ISI_9_test,b44,p1,Eng,single,9,6,1.52,3.95,13,Eng,68,49,68,49,0.720588235,3
b44_eop1_longestoverlap_ISI_10_test,b44,p1,Eng,single,10,4,1.26,3.17,13,Eng,68,49,68,49,0.720588235,3
b44_edp2_longestoverlap_ISI_0_test,b44,p2,Eng,mixed,0,13,3.32,3.92,13,Eng,68,49,68,49,0.720588235,3
b44_edp2_longestoverlap_ISI_1_test,b44,p2,Eng,mixed,1,7,1.86,3.76,13,Eng,68,49,68,49,0.720588235,3
b44_edp2_longestoverlap_ISI_3_test,b44,p2,Eng,mixed,3,3,0.7,4.29,13,Eng,68,49,68,49,0.720588235,3
b44_edp2_longestoverlap_ISI_4_test,b44,p2,Eng,mixed,4,8,1.76,4.55,13,Eng,68,49,68,49,0.720588235,3
b44_edp2_longestoverlap_ISI_5_test,b44,p2,Eng,mixed,5,9,1.74,5.17,13,Eng,68,49,68,49,0.720588235,3
b44_edp2_longestoverlap_ISI_6_test,b44,p2,Eng,mixed,6,10,2.1,4.76,13,Eng,68,49,68,49,0.720588235,3
b44_edp2_longestoverlap_ISI_7_test,b44,p2,Eng,mixed,7,6,1.44,4.17,13,Eng,68,49,68,49,0.720588235,3
b44_edp2_longestoverlap_ISI_8_test,b44,p2,Eng,mixed,8,4,1.12,3.57,13,Eng,68,49,68,49,0.720588235,3
b44_edp2_longestoverlap_ISI_9_test,b44,p2,Eng,mixed,9,8,1.9,4.21,13,Eng,68,49,68,49,0.720588235,3
b44_edp2_longestoverlap_ISI_10_test,b44,p2,Eng,mixed,10,7,1.58,4.43,13,Eng,68,49,68,49,0.720588235,3
b44_eop2_longestoverlap_ISI_0_test,b44,p2,Eng,single,0,12,3.28,3.66,13,Eng,68,49,68,49,0.720588235,3
b44_eop2_longestoverlap_ISI_1_test,b44,p2,Eng,single,1,6,1.86,3.23,13,Eng,68,49,68,49,0.720588235,3
b44_eop2_longestoverlap_ISI_3_test,b44,p2,Eng,single,3,3,0.68,4.41,13,Eng,68,49,68,49,0.720588235,3
b44_eop2_longestoverlap_ISI_4_test,b44,p2,Eng,single,4,8,1.66,4.82,13,Eng,68,49,68,49,0.720588235,3
b44_eop2_longestoverlap_ISI_5_test,b44,p2,Eng,single,5,9,1.66,5.42,13,Eng,68,49,68,49,0.720588235,3
b44_eop2_longestoverlap_ISI_6_test,b44,p2,Eng,single,6,9,1.9,4.74,13,Eng,68,49,68,49,0.720588235,3
b44_eop2_longestoverlap_ISI_7_test,b44,p2,Eng,single,7,5,1.46,3.42,13,Eng,68,49,68,49,0.720588235,3
b44_eop2_longestoverlap_ISI_8_test,b44,p2,Eng,single,8,3,1.08,2.78,13,Eng,68,49,68,49,0.720588235,3
b44_eop2_longestoverlap_ISI_9_test,b44,p2,Eng,single,9,10,1.78,5.62,13,Eng,68,49,68,49,0.720588235,3
b44_eop2_longestoverlap_ISI_10_test,b44,p2,Eng,single,10,7,1.5,4.67,13,Eng,68,49,68,49,0.720588235,3
b45r_edp1_longestoverlap_ISI_0_test,b45r,p1,Eng,mixed,0,3,0.98,3.06,14,Eng,64,32,64,32,0.5,0
b45r_edp1_longestoverlap_ISI_1_test,b45r,p1,Eng,mixed,1,12,3,4,14,Eng,64,32,64,32,0.5,0
b45r_edp1_longestoverlap_ISI_2_test,b45r,p1,Eng,mixed,2,12,2.94,4.08,14,Eng,64,32,64,32,0.5,0
b45r_edp1_longestoverlap_ISI_3_test,b45r,p1,Eng,mixed,3,14,2.64,5.3,14,Eng,64,32,64,32,0.5,0
b45r_edp1_longestoverlap_ISI_4_test,b45r,p1,Eng,mixed,4,4,0.88,4.54,14,Eng,64,32,64,32,0.5,0
b45r_edp1_longestoverlap_ISI_5_test,b45r,p1,Eng,mixed,5,11,2.28,4.82,14,Eng,64,32,64,32,0.5,0
b45r_edp1_longestoverlap_ISI_6_test,b45r,p1,Eng,mixed,6,8,1.62,4.94,14,Eng,64,32,64,32,0.5,0
b45r_edp1_longestoverlap_ISI_7_test,b45r,p1,Eng,mixed,7,5,1.48,3.38,14,Eng,64,32,64,32,0.5,0
b45r_edp1_longestoverlap_ISI_8_test,b45r,p1,Eng,mixed,8,3,1.08,2.78,14,Eng,64,32,64,32,0.5,0
b45r_edp1_longestoverlap_ISI_9_test,b45r,p1,Eng,mixed,9,5,1.18,4.24,14,Eng,64,32,64,32,0.5,0
b45r_edp1_longestoverlap_ISI_10_test,b45r,p1,Eng,mixed,10,4,1.12,3.57,14,Eng,64,32,64,32,0.5,0
b45r_eop1_longestoverlap_ISI_0_test,b45r,p1,Eng,single,0,3,0.9,3.33,14,Eng,64,32,64,32,0.5,0
b45r_eop1_longestoverlap_ISI_1_test,b45r,p1,Eng,single,1,12,2.5,4.8,14,Eng,64,32,64,32,0.5,0
b45r_eop1_longestoverlap_ISI_2_test,b45r,p1,Eng,single,2,12,3.42,3.51,14,Eng,64,32,64,32,0.5,0
b45r_eop1_longestoverlap_ISI_3_test,b45r,p1,Eng,single,3,15,3.46,4.33,14,Eng,64,32,64,32,0.5,0
b45r_eop1_longestoverlap_ISI_4_test,b45r,p1,Eng,single,4,4,0.94,4.25,14,Eng,64,32,64,32,0.5,0
b45r_eop1_longestoverlap_ISI_5_test,b45r,p1,Eng,single,5,15,5.3,2.83,14,Eng,64,32,64,32,0.5,0
b45r_eop1_longestoverlap_ISI_6_test,b45r,p1,Eng,single,6,7,1.78,3.93,14,Eng,64,32,64,32,0.5,0
b45r_eop1_longestoverlap_ISI_7_test,b45r,p1,Eng,single,7,5,1.1,4.54,14,Eng,64,32,64,32,0.5,0
b45r_eop1_longestoverlap_ISI_8_test,b45r,p1,Eng,single,8,5,1.26,3.97,14,Eng,64,32,64,32,0.5,0
b45r_eop1_longestoverlap_ISI_9_test,b45r,p1,Eng,single,9,5,1.1,4.54,14,Eng,64,32,64,32,0.5,0
b45r_eop1_longestoverlap_ISI_10_test,b45r,p1,Eng,single,10,4,1.7,2.35,14,Eng,64,32,64,32,0.5,0
b45r_edp2_longestoverlap_ISI_0_test,b45r,p2,Eng,mixed,0,14,3.22,4.35,14,Eng,64,32,64,32,0.5,0
b45r_edp2_longestoverlap_ISI_1_test,b45r,p2,Eng,mixed,1,13,2.5,5.2,14,Eng,64,32,64,32,0.5,0
b45r_edp2_longestoverlap_ISI_3_test,b45r,p2,Eng,mixed,3,2,0.66,3.03,14,Eng,64,32,64,32,0.5,0
b45r_edp2_longestoverlap_ISI_4_test,b45r,p2,Eng,mixed,4,3,1.08,2.78,14,Eng,64,32,64,32,0.5,0
b45r_edp2_longestoverlap_ISI_5_test,b45r,p2,Eng,mixed,5,10,2.1,4.76,14,Eng,64,32,64,32,0.5,0
b45r_edp2_longestoverlap_ISI_6_test,b45r,p2,Eng,mixed,6,8,1.92,4.17,14,Eng,64,32,64,32,0.5,0
b45r_edp2_longestoverlap_ISI_7_test,b45r,p2,Eng,mixed,7,8,1.66,4.82,14,Eng,64,32,64,32,0.5,0
b45r_edp2_longestoverlap_ISI_8_test,b45r,p2,Eng,mixed,8,2,0.44,4.54,14,Eng,64,32,64,32,0.5,0
b45r_edp2_longestoverlap_ISI_9_test,b45r,p2,Eng,mixed,9,12,2.4,5,14,Eng,64,32,64,32,0.5,0
b45r_edp2_longestoverlap_ISI_10_test,b45r,p2,Eng,mixed,10,7,1.62,4.32,14,Eng,64,32,64,32,0.5,0
b45r_eop2_longestoverlap_ISI_0_test,b45r,p2,Eng,single,0,16,3.72,4.3,14,Eng,64,32,64,32,0.5,0
b45r_eop2_longestoverlap_ISI_1_test,b45r,p2,Eng,single,1,13,2.6,5,14,Eng,64,32,64,32,0.5,0
b45r_eop2_longestoverlap_ISI_3_test,b45r,p2,Eng,single,3,3,0.66,4.54,14,Eng,64,32,64,32,0.5,0
b45r_eop2_longestoverlap_ISI_4_test,b45r,p2,Eng,single,4,4,1.1,3.64,14,Eng,64,32,64,32,0.5,0
b45r_eop2_longestoverlap_ISI_5_test,b45r,p2,Eng,single,5,9,1.94,4.64,14,Eng,64,32,64,32,0.5,0
b45r_eop2_longestoverlap_ISI_6_test,b45r,p2,Eng,single,6,9,2,4.5,14,Eng,64,32,64,32,0.5,0
b45r_eop2_longestoverlap_ISI_7_test,b45r,p2,Eng,single,7,10,1.96,5.1,14,Eng,64,32,64,32,0.5,0
b45r_eop2_longestoverlap_ISI_8_test,b45r,p2,Eng,single,8,2,0.5,4,14,Eng,64,32,64,32,0.5,0
b45r_eop2_longestoverlap_ISI_9_test,b45r,p2,Eng,single,9,13,2.86,4.54,14,Eng,64,32,64,32,0.5,0
b45r_eop2_longestoverlap_ISI_10_test,b45r,p2,Eng,single,10,5,1.54,3.25,14,Eng,64,32,64,32,0.5,0
b46r_edp1_longestoverlap_ISI_0_test,b46r,p1,Eng,mixed,0,3,1,3,15,Eng,69,53,69,53,0.768115942,3
b46r_edp1_longestoverlap_ISI_1_test,b46r,p1,Eng,mixed,1,2,0.78,2.56,15,Eng,69,53,69,53,0.768115942,3
b46r_edp1_longestoverlap_ISI_2_test,b46r,p1,Eng,mixed,2,7,2.42,2.89,15,Eng,69,53,69,53,0.768115942,3
b46r_edp1_longestoverlap_ISI_3_test,b46r,p1,Eng,mixed,3,14,2.88,4.86,15,Eng,69,53,69,53,0.768115942,3
b46r_edp1_longestoverlap_ISI_4_test,b46r,p1,Eng,mixed,4,4,0.86,4.65,15,Eng,69,53,69,53,0.768115942,3
b46r_edp1_longestoverlap_ISI_5_test,b46r,p1,Eng,mixed,5,8,1.94,4.12,15,Eng,69,53,69,53,0.768115942,3
b46r_edp1_longestoverlap_ISI_6_test,b46r,p1,Eng,mixed,6,7,1.74,4.02,15,Eng,69,53,69,53,0.768115942,3
b46r_edp1_longestoverlap_ISI_7_test,b46r,p1,Eng,mixed,7,3,0.74,4.05,15,Eng,69,53,69,53,0.768115942,3
b46r_edp1_longestoverlap_ISI_8_test,b46r,p1,Eng,mixed,8,5,1.74,2.87,15,Eng,69,53,69,53,0.768115942,3
b46r_edp1_longestoverlap_ISI_10_test,b46r,p1,Eng,mixed,10,3,0.76,3.95,15,Eng,69,53,69,53,0.768115942,3
b46r_eop1_longestoverlap_ISI_0_test,b46r,p1,Eng,single,0,5,1.2,4.17,15,Eng,69,53,69,53,0.768115942,3
b46r_eop1_longestoverlap_ISI_1_test,b46r,p1,Eng,single,1,2,0.88,2.27,15,Eng,69,53,69,53,0.768115942,3
b46r_eop1_longestoverlap_ISI_2_test,b46r,p1,Eng,single,2,8,2.94,2.72,15,Eng,69,53,69,53,0.768115942,3
b46r_eop1_longestoverlap_ISI_3_test,b46r,p1,Eng,single,3,12,3.36,3.57,15,Eng,69,53,69,53,0.768115942,3
b46r_eop1_longestoverlap_ISI_4_test,b46r,p1,Eng,single,4,5,1.14,4.39,15,Eng,69,53,69,53,0.768115942,3
b46r_eop1_longestoverlap_ISI_5_test,b46r,p1,Eng,single,5,9,2.34,3.85,15,Eng,69,53,69,53,0.768115942,3
b46r_eop1_longestoverlap_ISI_6_test,b46r,p1,Eng,single,6,7,1.8,3.89,15,Eng,69,53,69,53,0.768115942,3
b46r_eop1_longestoverlap_ISI_7_test,b46r,p1,Eng,single,7,5,1.22,4.1,15,Eng,69,53,69,53,0.768115942,3
b46r_eop1_longestoverlap_ISI_8_test,b46r,p1,Eng,single,8,8,2.08,3.85,15,Eng,69,53,69,53,0.768115942,3
b46r_eop1_longestoverlap_ISI_10_test,b46r,p1,Eng,single,10,3,0.82,3.66,15,Eng,69,53,69,53,0.768115942,3
b46r_edp2_longestoverlap_ISI_0_test,b46r,p2,Eng,mixed,0,5,1.44,3.47,15,Eng,69,53,69,53,0.768115942,3
b46r_edp2_longestoverlap_ISI_1_test,b46r,p2,Eng,mixed,1,6,1.08,5.55,15,Eng,69,53,69,53,0.768115942,3
b46r_edp2_longestoverlap_ISI_3_test,b46r,p2,Eng,mixed,3,2,0.58,3.45,15,Eng,69,53,69,53,0.768115942,3
b46r_edp2_longestoverlap_ISI_4_test,b46r,p2,Eng,mixed,4,4,0.8,5,15,Eng,69,53,69,53,0.768115942,3
b46r_edp2_longestoverlap_ISI_5_test,b46r,p2,Eng,mixed,5,11,2.5,4.4,15,Eng,69,53,69,53,0.768115942,3
b46r_edp2_longestoverlap_ISI_6_test,b46r,p2,Eng,mixed,6,3,1,3,15,Eng,69,53,69,53,0.768115942,3
b46r_edp2_longestoverlap_ISI_7_test,b46r,p2,Eng,mixed,7,13,3.6,3.61,15,Eng,69,53,69,53,0.768115942,3
b46r_edp2_longestoverlap_ISI_8_test,b46r,p2,Eng,mixed,8,3,1.08,2.78,15,Eng,69,53,69,53,0.768115942,3
b46r_edp2_longestoverlap_ISI_9_test,b46r,p2,Eng,mixed,9,6,1.36,4.41,15,Eng,69,53,69,53,0.768115942,3
b46r_edp2_longestoverlap_ISI_10_test,b46r,p2,Eng,mixed,10,3,0.98,3.06,15,Eng,69,53,69,53,0.768115942,3
b46r_eop2_longestoverlap_ISI_0_test,b46r,p2,Eng,single,0,6,1.66,3.61,15,Eng,69,53,69,53,0.768115942,3
b46r_eop2_longestoverlap_ISI_1_test,b46r,p2,Eng,single,1,4,1.08,3.7,15,Eng,69,53,69,53,0.768115942,3
b46r_eop2_longestoverlap_ISI_3_test,b46r,p2,Eng,single,3,2,0.58,3.45,15,Eng,69,53,69,53,0.768115942,3
b46r_eop2_longestoverlap_ISI_4_test,b46r,p2,Eng,single,4,3,0.86,3.49,15,Eng,69,53,69,53,0.768115942,3
b46r_eop2_longestoverlap_ISI_5_test,b46r,p2,Eng,single,5,9,2.32,3.88,15,Eng,69,53,69,53,0.768115942,3
b46r_eop2_longestoverlap_ISI_6_test,b46r,p2,Eng,single,6,6,1.32,4.54,15,Eng,69,53,69,53,0.768115942,3
b46r_eop2_longestoverlap_ISI_7_test,b46r,p2,Eng,single,7,16,3.72,4.3,15,Eng,69,53,69,53,0.768115942,3
b46r_eop2_longestoverlap_ISI_8_test,b46r,p2,Eng,single,8,3,0.98,3.06,15,Eng,69,53,69,53,0.768115942,3
b46r_eop2_longestoverlap_ISI_9_test,b46r,p2,Eng,single,9,5,1.28,3.91,15,Eng,69,53,69,53,0.768115942,3
b46r_eop2_longestoverlap_ISI_10_test,b46r,p2,Eng,single,10,3,0.66,4.54,15,Eng,69,53,69,53,0.768115942,3
b47r_edp1_longestoverlap_ISI_0_test,b47r,p1,Eng,mixed,0,4,1.26,3.17,16,Eng,62,48,62,48,0.774193548,5
b47r_edp1_longestoverlap_ISI_1_test,b47r,p1,Eng,mixed,1,11,2.82,3.9,16,Eng,62,48,62,48,0.774193548,5
b47r_edp1_longestoverlap_ISI_2_test,b47r,p1,Eng,mixed,2,5,1.58,3.16,16,Eng,62,48,62,48,0.774193548,5
b47r_edp1_longestoverlap_ISI_3_test,b47r,p1,Eng,mixed,3,13,3.32,3.91,16,Eng,62,48,62,48,0.774193548,5
b47r_edp1_longestoverlap_ISI_4_test,b47r,p1,Eng,mixed,4,4,1.12,3.57,16,Eng,62,48,62,48,0.774193548,5
b47r_edp1_longestoverlap_ISI_5_test,b47r,p1,Eng,mixed,5,7,1.88,3.72,16,Eng,62,48,62,48,0.774193548,5
b47r_edp1_longestoverlap_ISI_6_test,b47r,p1,Eng,mixed,6,5,1.4,3.57,16,Eng,62,48,62,48,0.774193548,5
b47r_edp1_longestoverlap_ISI_7_test,b47r,p1,Eng,mixed,7,3,0.96,3.12,16,Eng,62,48,62,48,0.774193548,5
b47r_edp1_longestoverlap_ISI_8_test,b47r,p1,Eng,mixed,8,3,1.02,2.94,16,Eng,62,48,62,48,0.774193548,5
b47r_edp1_longestoverlap_ISI_9_test,b47r,p1,Eng,mixed,9,4,1.06,3.77,16,Eng,62,48,62,48,0.774193548,5
b47r_edp1_longestoverlap_ISI_10_test,b47r,p1,Eng,mixed,10,3,0.84,3.57,16,Eng,62,48,62,48,0.774193548,5
b47r_eop1_longestoverlap_ISI_0_test,b47r,p1,Eng,single,0,5,1.14,4.39,16,Eng,62,48,62,48,0.774193548,5
b47r_eop1_longestoverlap_ISI_1_test,b47r,p1,Eng,single,1,9,2.34,3.85,16,Eng,62,48,62,48,0.774193548,5
b47r_eop1_longestoverlap_ISI_2_test,b47r,p1,Eng,single,2,4,1.22,3.28,16,Eng,62,48,62,48,0.774193548,5
b47r_eop1_longestoverlap_ISI_3_test,b47r,p1,Eng,single,3,11,2.9,3.79,16,Eng,62,48,62,48,0.774193548,5
b47r_eop1_longestoverlap_ISI_4_test,b47r,p1,Eng,single,4,4,1.06,3.77,16,Eng,62,48,62,48,0.774193548,5
b47r_eop1_longestoverlap_ISI_5_test,b47r,p1,Eng,single,5,9,2.24,4.02,16,Eng,62,48,62,48,0.774193548,5
b47r_eop1_longestoverlap_ISI_6_test,b47r,p1,Eng,single,6,3,1.16,2.59,16,Eng,62,48,62,48,0.774193548,5
b47r_eop1_longestoverlap_ISI_7_test,b47r,p1,Eng,single,7,3,0.78,3.85,16,Eng,62,48,62,48,0.774193548,5
b47r_eop1_longestoverlap_ISI_8_test,b47r,p1,Eng,single,8,4,1.06,3.77,16,Eng,62,48,62,48,0.774193548,5
b47r_eop1_longestoverlap_ISI_9_test,b47r,p1,Eng,single,9,4,1.22,3.28,16,Eng,62,48,62,48,0.774193548,5
b47r_eop1_longestoverlap_ISI_10_test,b47r,p1,Eng,single,10,3,0.8,3.75,16,Eng,62,48,62,48,0.774193548,5
b47r_edp2_longestoverlap_ISI_0_test,b47r,p2,Eng,mixed,0,12,3.66,3.28,16,Eng,62,48,62,48,0.774193548,5
b47r_edp2_longestoverlap_ISI_1_test,b47r,p2,Eng,mixed,1,13,3.42,3.8,16,Eng,62,48,62,48,0.774193548,5
b47r_edp2_longestoverlap_ISI_3_test,b47r,p2,Eng,mixed,3,3,0.64,4.69,16,Eng,62,48,62,48,0.774193548,5
b47r_edp2_longestoverlap_ISI_4_test,b47r,p2,Eng,mixed,4,12,1.98,6.06,16,Eng,62,48,62,48,0.774193548,5
b47r_edp2_longestoverlap_ISI_5_test,b47r,p2,Eng,mixed,5,15,3.62,4.14,16,Eng,62,48,62,48,0.774193548,5
b47r_edp2_longestoverlap_ISI_6_test,b47r,p2,Eng,mixed,6,5,1.42,3.52,16,Eng,62,48,62,48,0.774193548,5
b47r_edp2_longestoverlap_ISI_7_test,b47r,p2,Eng,mixed,7,18,3.86,4.66,16,Eng,62,48,62,48,0.774193548,5
b47r_edp2_longestoverlap_ISI_8_test,b47r,p2,Eng,mixed,8,3,1.68,1.79,16,Eng,62,48,62,48,0.774193548,5
b47r_edp2_longestoverlap_ISI_9_test,b47r,p2,Eng,mixed,9,6,1.8,3.33,16,Eng,62,48,62,48,0.774193548,5
b47r_edp2_longestoverlap_ISI_10_test,b47r,p2,Eng,mixed,10,7,1.86,3.76,16,Eng,62,48,62,48,0.774193548,5
b47r_eop2_longestoverlap_ISI_0_test,b47r,p2,Eng,single,0,12,3.94,3.05,16,Eng,62,48,62,48,0.774193548,5
b47r_eop2_longestoverlap_ISI_1_test,b47r,p2,Eng,single,1,11,3,3.67,16,Eng,62,48,62,48,0.774193548,5
b47r_eop2_longestoverlap_ISI_3_test,b47r,p2,Eng,single,3,2,0.72,2.78,16,Eng,62,48,62,48,0.774193548,5
b47r_eop2_longestoverlap_ISI_4_test,b47r,p2,Eng,single,4,9,2.02,4.45,16,Eng,62,48,62,48,0.774193548,5
b47r_eop2_longestoverlap_ISI_5_test,b47r,p2,Eng,single,5,16,3.2,5,16,Eng,62,48,62,48,0.774193548,5
b47r_eop2_longestoverlap_ISI_6_test,b47r,p2,Eng,single,6,5,1.4,3.57,16,Eng,62,48,62,48,0.774193548,5
b47r_eop2_longestoverlap_ISI_7_test,b47r,p2,Eng,single,7,17,4.34,3.92,16,Eng,62,48,62,48,0.774193548,5
b47r_eop2_longestoverlap_ISI_8_test,b47r,p2,Eng,single,8,5,1.24,4.03,16,Eng,62,48,62,48,0.774193548,5
b47r_eop2_longestoverlap_ISI_9_test,b47r,p2,Eng,single,9,6,1.82,3.3,16,Eng,62,48,62,48,0.774193548,5
b47r_eop2_longestoverlap_ISI_10_test,b47r,p2,Eng,single,10,6,1.9,3.16,16,Eng,62,48,62,48,0.774193548,5
b48_edp1_longestoverlap_ISI_0_test,b48,p1,Eng,mixed,0,2,0.76,2.63,17,Eng,75,37,75,37,0.493333333,0
b48_edp1_longestoverlap_ISI_1_test,b48,p1,Eng,mixed,1,11,2.98,3.69,17,Eng,75,37,75,37,0.493333333,0
b48_edp1_longestoverlap_ISI_2_test,b48,p1,Eng,mixed,2,5,1.48,3.38,17,Eng,75,37,75,37,0.493333333,0
b48_edp1_longestoverlap_ISI_3_test,b48,p1,Eng,mixed,3,14,2.58,5.42,17,Eng,75,37,75,37,0.493333333,0
b48_edp1_longestoverlap_ISI_4_test,b48,p1,Eng,mixed,4,4,1.02,3.92,17,Eng,75,37,75,37,0.493333333,0
b48_edp1_longestoverlap_ISI_5_test,b48,p1,Eng,mixed,5,11,2.4,4.58,17,Eng,75,37,75,37,0.493333333,0
b48_edp1_longestoverlap_ISI_6_test,b48,p1,Eng,mixed,6,6,1.6,3.75,17,Eng,75,37,75,37,0.493333333,0
b48_edp1_longestoverlap_ISI_7_test,b48,p1,Eng,mixed,7,4,1.06,3.77,17,Eng,75,37,75,37,0.493333333,0
b48_edp1_longestoverlap_ISI_8_test,b48,p1,Eng,mixed,8,15,2.98,5.03,17,Eng,75,37,75,37,0.493333333,0
b48_edp1_longestoverlap_ISI_9_test,b48,p1,Eng,mixed,9,9,2,4.5,17,Eng,75,37,75,37,0.493333333,0
b48_edp1_longestoverlap_ISI_10_test,b48,p1,Eng,mixed,10,7,1.84,3.8,17,Eng,75,37,75,37,0.493333333,0
b48_eop1_longestoverlap_ISI_0_test,b48,p1,Eng,single,0,2,0.72,2.78,17,Eng,75,37,75,37,0.493333333,0
b48_eop1_longestoverlap_ISI_1_test,b48,p1,Eng,single,1,13,2.96,4.39,17,Eng,75,37,75,37,0.493333333,0
b48_eop1_longestoverlap_ISI_2_test,b48,p1,Eng,single,2,5,1.24,4.03,17,Eng,75,37,75,37,0.493333333,0
b48_eop1_longestoverlap_ISI_3_test,b48,p1,Eng,single,3,10,2.6,3.85,17,Eng,75,37,75,37,0.493333333,0
b48_eop1_longestoverlap_ISI_4_test,b48,p1,Eng,single,4,4,0.98,4.08,17,Eng,75,37,75,37,0.493333333,0
b48_eop1_longestoverlap_ISI_5_test,b48,p1,Eng,single,5,9,2.48,3.63,17,Eng,75,37,75,37,0.493333333,0
b48_eop1_longestoverlap_ISI_6_test,b48,p1,Eng,single,6,6,1.56,3.85,17,Eng,75,37,75,37,0.493333333,0
b48_eop1_longestoverlap_ISI_7_test,b48,p1,Eng,single,7,4,1,4,17,Eng,75,37,75,37,0.493333333,0
b48_eop1_longestoverlap_ISI_8_test,b48,p1,Eng,single,8,14,3.2,4.37,17,Eng,75,37,75,37,0.493333333,0
b48_eop1_longestoverlap_ISI_9_test,b48,p1,Eng,single,9,8,1.64,4.88,17,Eng,75,37,75,37,0.493333333,0
b48_eop1_longestoverlap_ISI_10_test,b48,p1,Eng,single,10,6,1.6,3.75,17,Eng,75,37,75,37,0.493333333,0
b48_edp2_longestoverlap_ISI_0_test,b48,p2,Eng,mixed,0,13,2.88,4.51,17,Eng,75,37,75,37,0.493333333,0
b48_edp2_longestoverlap_ISI_1_test,b48,p2,Eng,mixed,1,10,2.46,4.06,17,Eng,75,37,75,37,0.493333333,0
b48_edp2_longestoverlap_ISI_3_test,b48,p2,Eng,mixed,3,2,0.52,3.85,17,Eng,75,37,75,37,0.493333333,0
b48_edp2_longestoverlap_ISI_4_test,b48,p2,Eng,mixed,4,4,0.92,4.35,17,Eng,75,37,75,37,0.493333333,0
b48_edp2_longestoverlap_ISI_5_test,b48,p2,Eng,mixed,5,9,2.62,3.43,17,Eng,75,37,75,37,0.493333333,0
b48_edp2_longestoverlap_ISI_6_test,b48,p2,Eng,mixed,6,5,1.14,4.39,17,Eng,75,37,75,37,0.493333333,0
b48_edp2_longestoverlap_ISI_7_test,b48,p2,Eng,mixed,7,12,2.8,4.29,17,Eng,75,37,75,37,0.493333333,0
b48_edp2_longestoverlap_ISI_9_test,b48,p2,Eng,mixed,9,2,1.14,1.75,17,Eng,75,37,75,37,0.493333333,0
b48_edp2_longestoverlap_ISI_10_test,b48,p2,Eng,mixed,10,6,1.34,4.48,17,Eng,75,37,75,37,0.493333333,0
b48_eop2_longestoverlap_ISI_0_test,b48,p2,Eng,single,0,14,3,4.66,17,Eng,75,37,75,37,0.493333333,0
b48_eop2_longestoverlap_ISI_1_test,b48,p2,Eng,single,1,10,2.5,4,17,Eng,75,37,75,37,0.493333333,0
b48_eop2_longestoverlap_ISI_3_test,b48,p2,Eng,single,3,2,0.56,3.57,17,Eng,75,37,75,37,0.493333333,0
b48_eop2_longestoverlap_ISI_4_test,b48,p2,Eng,single,4,3,0.78,3.84,17,Eng,75,37,75,37,0.493333333,0
b48_eop2_longestoverlap_ISI_5_test,b48,p2,Eng,single,5,12,2.56,4.69,17,Eng,75,37,75,37,0.493333333,0
b48_eop2_longestoverlap_ISI_6_test,b48,p2,Eng,single,6,5,1.12,4.46,17,Eng,75,37,75,37,0.493333333,0
b48_eop2_longestoverlap_ISI_7_test,b48,p2,Eng,single,7,15,2.68,5.59,17,Eng,75,37,75,37,0.493333333,0
b48_eop2_longestoverlap_ISI_9_test,b48,p2,Eng,single,9,4,1.24,3.22,17,Eng,75,37,75,37,0.493333333,0
b48_eop2_longestoverlap_ISI_10_test,b48,p2,Eng,single,10,6,1.54,3.89,17,Eng,75,37,75,37,0.493333333,0
b4rr_edp1_longestoverlap_ISI_0_test,b4rr,p1,Eng,mixed,0,3,0.86,3.49,5,Eng,64,58,64,58,0.90625,0
b4rr_edp1_longestoverlap_ISI_1_test,b4rr,p1,Eng,mixed,1,9,2.16,4.17,5,Eng,64,58,64,58,0.90625,0
b4rr_edp1_longestoverlap_ISI_2_test,b4rr,p1,Eng,mixed,2,6,1.58,3.8,5,Eng,64,58,64,58,0.90625,0
b4rr_edp1_longestoverlap_ISI_3_test,b4rr,p1,Eng,mixed,3,11,2.74,4.01,5,Eng,64,58,64,58,0.90625,0
b4rr_edp1_longestoverlap_ISI_4_test,b4rr,p1,Eng,mixed,4,3,0.92,3.26,5,Eng,64,58,64,58,0.90625,0
b4rr_edp1_longestoverlap_ISI_5_test,b4rr,p1,Eng,mixed,5,6,1.84,3.26,5,Eng,64,58,64,58,0.90625,0
b4rr_edp1_longestoverlap_ISI_6_test,b4rr,p1,Eng,mixed,6,7,1.82,3.84,5,Eng,64,58,64,58,0.90625,0
b4rr_edp1_longestoverlap_ISI_7_test,b4rr,p1,Eng,mixed,7,5,0.98,5.1,5,Eng,64,58,64,58,0.90625,0
b4rr_edp1_longestoverlap_ISI_8_test,b4rr,p1,Eng,mixed,8,8,2.42,3.3,5,Eng,64,58,64,58,0.90625,0
b4rr_edp1_longestoverlap_ISI_9_test,b4rr,p1,Eng,mixed,9,2,0.54,3.7,5,Eng,64,58,64,58,0.90625,0
b4rr_edp1_longestoverlap_ISI_10_test,b4rr,p1,Eng,mixed,10,3,1.2,2.5,5,Eng,64,58,64,58,0.90625,0
b4rr_eop1_longestoverlap_ISI_0_test,b4rr,p1,Eng,single,0,2,0.86,2.33,5,Eng,64,58,64,58,0.90625,0
b4rr_eop1_longestoverlap_ISI_1_test,b4rr,p1,Eng,single,1,7,1.8,3.89,5,Eng,64,58,64,58,0.90625,0
b4rr_eop1_longestoverlap_ISI_2_test,b4rr,p1,Eng,single,2,7,1.4,5,5,Eng,64,58,64,58,0.90625,0
b4rr_eop1_longestoverlap_ISI_3_test,b4rr,p1,Eng,single,3,12,2.46,4.88,5,Eng,64,58,64,58,0.90625,0
b4rr_eop1_longestoverlap_ISI_4_test,b4rr,p1,Eng,single,4,5,0.96,5.21,5,Eng,64,58,64,58,0.90625,0
b4rr_eop1_longestoverlap_ISI_5_test,b4rr,p1,Eng,single,5,6,1.84,3.26,5,Eng,64,58,64,58,0.90625,0
b4rr_eop1_longestoverlap_ISI_6_test,b4rr,p1,Eng,single,6,8,1.78,4.49,5,Eng,64,58,64,58,0.90625,0
b4rr_eop1_longestoverlap_ISI_7_test,b4rr,p1,Eng,single,7,3,1.08,2.78,5,Eng,64,58,64,58,0.90625,0
b4rr_eop1_longestoverlap_ISI_8_test,b4rr,p1,Eng,single,8,10,2.44,4.1,5,Eng,64,58,64,58,0.90625,0
b4rr_eop1_longestoverlap_ISI_9_test,b4rr,p1,Eng,single,9,3,0.58,5.17,5,Eng,64,58,64,58,0.90625,0
b4rr_eop1_longestoverlap_ISI_10_test,b4rr,p1,Eng,single,10,3,1.24,2.42,5,Eng,64,58,64,58,0.90625,0
b4rr_edp2_longestoverlap_ISI_0_test,b4rr,p2,Eng,mixed,0,11,3.44,3.2,5,Eng,64,58,64,58,0.90625,0
b4rr_edp2_longestoverlap_ISI_1_test,b4rr,p2,Eng,mixed,1,5,1.18,4.24,5,Eng,64,58,64,58,0.90625,0
b4rr_edp2_longestoverlap_ISI_4_test,b4rr,p2,Eng,mixed,4,4,1.18,3.39,5,Eng,64,58,64,58,0.90625,0
b4rr_edp2_longestoverlap_ISI_5_test,b4rr,p2,Eng,mixed,5,4,1.36,2.94,5,Eng,64,58,64,58,0.90625,0
b4rr_edp2_longestoverlap_ISI_6_test,b4rr,p2,Eng,mixed,6,7,1.34,5.22,5,Eng,64,58,64,58,0.90625,0
b4rr_edp2_longestoverlap_ISI_7_test,b4rr,p2,Eng,mixed,7,5,1.64,3.05,5,Eng,64,58,64,58,0.90625,0
b4rr_edp2_longestoverlap_ISI_9_test,b4rr,p2,Eng,mixed,9,10,2.2,4.54,5,Eng,64,58,64,58,0.90625,0
b4rr_edp2_longestoverlap_ISI_10_test,b4rr,p2,Eng,mixed,10,4,1.24,3.23,5,Eng,64,58,64,58,0.90625,0
b4rr_eop2_longestoverlap_ISI_0_test,b4rr,p2,Eng,single,0,12,3.28,3.66,5,Eng,64,58,64,58,0.90625,0
b4rr_eop2_longestoverlap_ISI_1_test,b4rr,p2,Eng,single,1,3,0.98,3.06,5,Eng,64,58,64,58,0.90625,0
b4rr_eop2_longestoverlap_ISI_4_test,b4rr,p2,Eng,single,4,5,1.26,3.97,5,Eng,64,58,64,58,0.90625,0
b4rr_eop2_longestoverlap_ISI_5_test,b4rr,p2,Eng,single,5,4,1.34,2.98,5,Eng,64,58,64,58,0.90625,0
b4rr_eop2_longestoverlap_ISI_6_test,b4rr,p2,Eng,single,6,7,1.48,4.73,5,Eng,64,58,64,58,0.90625,0
b4rr_eop2_longestoverlap_ISI_7_test,b4rr,p2,Eng,single,7,6,1.34,4.48,5,Eng,64,58,64,58,0.90625,0
b4rr_eop2_longestoverlap_ISI_9_test,b4rr,p2,Eng,single,9,8,2.06,3.88,5,Eng,64,58,64,58,0.90625,0
b4rr_eop2_longestoverlap_ISI_10_test,b4rr,p2,Eng,single,10,3,1.04,2.88,5,Eng,64,58,64,58,0.90625,0
b5_edp1_longestoverlap_ISI_0_test,b5,p1,Eng,mixed,0,11,2.42,4.54,6,Eng,60,55,60,55,0.916666667,4
b5_edp1_longestoverlap_ISI_1_test,b5,p1,Eng,mixed,1,5,1.44,3.47,6,Eng,60,55,60,55,0.916666667,4
b5_edp1_longestoverlap_ISI_2_test,b5,p1,Eng,mixed,2,5,1.42,3.52,6,Eng,60,55,60,55,0.916666667,4
b5_edp1_longestoverlap_ISI_3_test,b5,p1,Eng,mixed,3,13,2.9,4.48,6,Eng,60,55,60,55,0.916666667,4
b5_edp1_longestoverlap_ISI_4_test,b5,p1,Eng,mixed,4,4,0.98,4.08,6,Eng,60,55,60,55,0.916666667,4
b5_edp1_longestoverlap_ISI_5_test,b5,p1,Eng,mixed,5,5,2.02,2.47,6,Eng,60,55,60,55,0.916666667,4
b5_edp1_longestoverlap_ISI_6_test,b5,p1,Eng,mixed,6,6,1.66,3.61,6,Eng,60,55,60,55,0.916666667,4
b5_edp1_longestoverlap_ISI_7_test,b5,p1,Eng,mixed,7,4,1.3,3.08,6,Eng,60,55,60,55,0.916666667,4
b5_edp1_longestoverlap_ISI_8_test,b5,p1,Eng,mixed,8,12,3.34,3.59,6,Eng,60,55,60,55,0.916666667,4
b5_edp1_longestoverlap_ISI_9_test,b5,p1,Eng,mixed,9,12,2.78,4.32,6,Eng,60,55,60,55,0.916666667,4
b5_edp1_longestoverlap_ISI_10_test,b5,p1,Eng,mixed,10,4,1.4,2.86,6,Eng,60,55,60,55,0.916666667,4
b5_eop1_longestoverlap_ISI_0_test,b5,p1,Eng,single,0,9,2.4,3.75,6,Eng,60,55,60,55,0.916666667,4
b5_eop1_longestoverlap_ISI_1_test,b5,p1,Eng,single,1,6,1.34,4.48,6,Eng,60,55,60,55,0.916666667,4
b5_eop1_longestoverlap_ISI_2_test,b5,p1,Eng,single,2,6,1.36,4.41,6,Eng,60,55,60,55,0.916666667,4
b5_eop1_longestoverlap_ISI_3_test,b5,p1,Eng,single,3,14,2.9,4.83,6,Eng,60,55,60,55,0.916666667,4
b5_eop1_longestoverlap_ISI_4_test,b5,p1,Eng,single,4,4,1,4,6,Eng,60,55,60,55,0.916666667,4
b5_eop1_longestoverlap_ISI_5_test,b5,p1,Eng,single,5,5,2.12,2.36,6,Eng,60,55,60,55,0.916666667,4
b5_eop1_longestoverlap_ISI_6_test,b5,p1,Eng,single,6,7,1.9,3.68,6,Eng,60,55,60,55,0.916666667,4
b5_eop1_longestoverlap_ISI_7_test,b5,p1,Eng,single,7,3,1.14,2.63,6,Eng,60,55,60,55,0.916666667,4
b5_eop1_longestoverlap_ISI_8_test,b5,p1,Eng,single,8,15,3.38,4.44,6,Eng,60,55,60,55,0.916666667,4
b5_eop1_longestoverlap_ISI_9_test,b5,p1,Eng,single,9,13,2.8,4.64,6,Eng,60,55,60,55,0.916666667,4
b5_eop1_longestoverlap_ISI_10_test,b5,p1,Eng,single,10,3,0.94,3.19,6,Eng,60,55,60,55,0.916666667,4
b5_edp2_longestoverlap_ISI_0_test,b5,p2,Eng,mixed,0,10,3.24,3.09,6,Eng,60,55,60,55,0.916666667,4
b5_edp2_longestoverlap_ISI_1_test,b5,p2,Eng,mixed,1,11,2.74,4.01,6,Eng,60,55,60,55,0.916666667,4
b5_edp2_longestoverlap_ISI_2_test,b5,p2,Eng,mixed,2,6,1.54,3.9,6,Eng,60,55,60,55,0.916666667,4
b5_edp2_longestoverlap_ISI_3_test,b5,p2,Eng,mixed,3,3,0.72,4.17,6,Eng,60,55,60,55,0.916666667,4
b5_edp2_longestoverlap_ISI_4_test,b5,p2,Eng,mixed,4,8,1.68,4.76,6,Eng,60,55,60,55,0.916666667,4
b5_edp2_longestoverlap_ISI_5_test,b5,p2,Eng,mixed,5,8,1.64,4.88,6,Eng,60,55,60,55,0.916666667,4
b5_edp2_longestoverlap_ISI_6_test,b5,p2,Eng,mixed,6,3,0.76,3.95,6,Eng,60,55,60,55,0.916666667,4
b5_edp2_longestoverlap_ISI_7_test,b5,p2,Eng,mixed,7,14,3.26,4.29,6,Eng,60,55,60,55,0.916666667,4
b5_edp2_longestoverlap_ISI_8_test,b5,p2,Eng,mixed,8,3,1,3,6,Eng,60,55,60,55,0.916666667,4
b5_edp2_longestoverlap_ISI_9_test,b5,p2,Eng,mixed,9,7,1.38,5.07,6,Eng,60,55,60,55,0.916666667,4
b5_edp2_longestoverlap_ISI_10_test,b5,p2,Eng,mixed,10,5,1.1,4.54,6,Eng,60,55,60,55,0.916666667,4
b5_eop2_longestoverlap_ISI_0_test,b5,p2,Eng,single,0,13,3.32,3.91,6,Eng,60,55,60,55,0.916666667,4
b5_eop2_longestoverlap_ISI_1_test,b5,p2,Eng,single,1,9,2.54,3.54,6,Eng,60,55,60,55,0.916666667,4
b5_eop2_longestoverlap_ISI_2_test,b5,p2,Eng,single,2,4,1.28,3.12,6,Eng,60,55,60,55,0.916666667,4
b5_eop2_longestoverlap_ISI_3_test,b5,p2,Eng,single,3,2,0.78,2.56,6,Eng,60,55,60,55,0.916666667,4
b5_eop2_longestoverlap_ISI_4_test,b5,p2,Eng,single,4,7,1.66,4.22,6,Eng,60,55,60,55,0.916666667,4
b5_eop2_longestoverlap_ISI_5_test,b5,p2,Eng,single,5,7,1.68,4.17,6,Eng,60,55,60,55,0.916666667,4
b5_eop2_longestoverlap_ISI_6_test,b5,p2,Eng,single,6,3,0.82,3.66,6,Eng,60,55,60,55,0.916666667,4
b5_eop2_longestoverlap_ISI_7_test,b5,p2,Eng,single,7,16,3.64,4.39,6,Eng,60,55,60,55,0.916666667,4
b5_eop2_longestoverlap_ISI_8_test,b5,p2,Eng,single,8,5,1,5,6,Eng,60,55,60,55,0.916666667,4
b5_eop2_longestoverlap_ISI_9_test,b5,p2,Eng,single,9,7,1.4,5,6,Eng,60,55,60,55,0.916666667,4
b5_eop2_longestoverlap_ISI_10_test,b5,p2,Eng,single,10,6,1.7,3.53,6,Eng,60,55,60,55,0.916666667,4
b6_edp1_longestoverlap_ISI_0_test,b6,p1,Eng,mixed,0,7,1.68,4.17,7,Eng,67,47,67,47,0.701492537,4
b6_edp1_longestoverlap_ISI_1_test,b6,p1,Eng,mixed,1,15,2.96,5.07,7,Eng,67,47,67,47,0.701492537,4
b6_edp1_longestoverlap_ISI_2_test,b6,p1,Eng,mixed,2,13,2.8,4.64,7,Eng,67,47,67,47,0.701492537,4
b6_edp1_longestoverlap_ISI_3_test,b6,p1,Eng,mixed,3,7,1.72,4.07,7,Eng,67,47,67,47,0.701492537,4
b6_edp1_longestoverlap_ISI_4_test,b6,p1,Eng,mixed,4,5,0.98,5.1,7,Eng,67,47,67,47,0.701492537,4
b6_edp1_longestoverlap_ISI_5_test,b6,p1,Eng,mixed,5,11,2.68,4.1,7,Eng,67,47,67,47,0.701492537,4
b6_edp1_longestoverlap_ISI_6_test,b6,p1,Eng,mixed,6,8,1.7,4.7,7,Eng,67,47,67,47,0.701492537,4
b6_edp1_longestoverlap_ISI_7_test,b6,p1,Eng,mixed,7,5,1.18,4.24,7,Eng,67,47,67,47,0.701492537,4
b6_edp1_longestoverlap_ISI_8_test,b6,p1,Eng,mixed,8,15,3.42,4.38,7,Eng,67,47,67,47,0.701492537,4
b6_edp1_longestoverlap_ISI_9_test,b6,p1,Eng,mixed,9,12,2.88,4.17,7,Eng,67,47,67,47,0.701492537,4
b6_edp1_longestoverlap_ISI_10_test,b6,p1,Eng,mixed,10,3,1.62,1.85,7,Eng,67,47,67,47,0.701492537,4
b6_eop1_longestoverlap_ISI_0_test,b6,p1,Eng,single,0,6,1.88,3.19,7,Eng,67,47,67,47,0.701492537,4
b6_eop1_longestoverlap_ISI_1_test,b6,p1,Eng,single,1,12,3.08,3.9,7,Eng,67,47,67,47,0.701492537,4
b6_eop1_longestoverlap_ISI_2_test,b6,p1,Eng,single,2,13,2.84,4.58,7,Eng,67,47,67,47,0.701492537,4
b6_eop1_longestoverlap_ISI_3_test,b6,p1,Eng,single,3,7,1.58,4.43,7,Eng,67,47,67,47,0.701492537,4
b6_eop1_longestoverlap_ISI_4_test,b6,p1,Eng,single,4,6,1,6,7,Eng,67,47,67,47,0.701492537,4
b6_eop1_longestoverlap_ISI_5_test,b6,p1,Eng,single,5,10,2.66,3.76,7,Eng,67,47,67,47,0.701492537,4
b6_eop1_longestoverlap_ISI_6_test,b6,p1,Eng,single,6,7,1.7,4.12,7,Eng,67,47,67,47,0.701492537,4
b6_eop1_longestoverlap_ISI_7_test,b6,p1,Eng,single,7,4,1.2,3.33,7,Eng,67,47,67,47,0.701492537,4
b6_eop1_longestoverlap_ISI_8_test,b6,p1,Eng,single,8,15,3.22,4.66,7,Eng,67,47,67,47,0.701492537,4
b6_eop1_longestoverlap_ISI_9_test,b6,p1,Eng,single,9,14,2.78,5.03,7,Eng,67,47,67,47,0.701492537,4
b6_eop1_longestoverlap_ISI_10_test,b6,p1,Eng,single,10,5,1.32,3.79,7,Eng,67,47,67,47,0.701492537,4
b6_edp2_longestoverlap_ISI_0_test,b6,p2,Eng,mixed,0,12,3.18,3.77,7,Eng,67,47,67,47,0.701492537,4
b6_edp2_longestoverlap_ISI_1_test,b6,p2,Eng,mixed,1,6,1.08,5.55,7,Eng,67,47,67,47,0.701492537,4
b6_edp2_longestoverlap_ISI_2_test,b6,p2,Eng,mixed,2,6,1.2,5,7,Eng,67,47,67,47,0.701492537,4
b6_edp2_longestoverlap_ISI_3_test,b6,p2,Eng,mixed,3,3,0.62,4.84,7,Eng,67,47,67,47,0.701492537,4
b6_edp2_longestoverlap_ISI_4_test,b6,p2,Eng,mixed,4,5,1.04,4.81,7,Eng,67,47,67,47,0.701492537,4
b6_edp2_longestoverlap_ISI_5_test,b6,p2,Eng,mixed,5,13,2.92,4.45,7,Eng,67,47,67,47,0.701492537,4
b6_edp2_longestoverlap_ISI_6_test,b6,p2,Eng,mixed,6,12,2.28,5.26,7,Eng,67,47,67,47,0.701492537,4
b6_edp2_longestoverlap_ISI_7_test,b6,p2,Eng,mixed,7,12,2.56,4.69,7,Eng,67,47,67,47,0.701492537,4
b6_edp2_longestoverlap_ISI_8_test,b6,p2,Eng,mixed,8,3,0.9,3.33,7,Eng,67,47,67,47,0.701492537,4
b6_edp2_longestoverlap_ISI_9_test,b6,p2,Eng,mixed,9,7,1.52,4.6,7,Eng,67,47,67,47,0.701492537,4
b6_edp2_longestoverlap_ISI_10_test,b6,p2,Eng,mixed,10,7,1.54,4.54,7,Eng,67,47,67,47,0.701492537,4
b6_eop2_longestoverlap_ISI_0_test,b6,p2,Eng,single,0,14,3.16,4.43,7,Eng,67,47,67,47,0.701492537,4
b6_eop2_longestoverlap_ISI_1_test,b6,p2,Eng,single,1,6,1.12,5.36,7,Eng,67,47,67,47,0.701492537,4
b6_eop2_longestoverlap_ISI_2_test,b6,p2,Eng,single,2,5,1.26,3.97,7,Eng,67,47,67,47,0.701492537,4
b6_eop2_longestoverlap_ISI_3_test,b6,p2,Eng,single,3,3,0.66,4.54,7,Eng,67,47,67,47,0.701492537,4
b6_eop2_longestoverlap_ISI_4_test,b6,p2,Eng,single,4,4,1.06,3.77,7,Eng,67,47,67,47,0.701492537,4
b6_eop2_longestoverlap_ISI_5_test,b6,p2,Eng,single,5,17,2.98,5.7,7,Eng,67,47,67,47,0.701492537,4
b6_eop2_longestoverlap_ISI_6_test,b6,p2,Eng,single,6,10,2.12,4.72,7,Eng,67,47,67,47,0.701492537,4
b6_eop2_longestoverlap_ISI_7_test,b6,p2,Eng,single,7,12,2.78,4.32,7,Eng,67,47,67,47,0.701492537,4
b6_eop2_longestoverlap_ISI_8_test,b6,p2,Eng,single,8,4,1.02,3.92,7,Eng,67,47,67,47,0.701492537,4
b6_eop2_longestoverlap_ISI_9_test,b6,p2,Eng,single,9,7,1.52,4.6,7,Eng,67,47,67,47,0.701492537,4
b6_eop2_longestoverlap_ISI_10_test,b6,p2,Eng,single,10,6,1.48,4.05,7,Eng,67,47,67,47,0.701492537,4
b7r_edp1_longestoverlap_ISI_0_test,b7r,p1,Eng,mixed,0,4,1.06,3.77,8,Eng,70,43,70,43,0.614285714,5
b7r_edp1_longestoverlap_ISI_1_test,b7r,p1,Eng,mixed,1,9,2.12,4.24,8,Eng,70,43,70,43,0.614285714,5
b7r_edp1_longestoverlap_ISI_2_test,b7r,p1,Eng,mixed,2,4,1.3,3.08,8,Eng,70,43,70,43,0.614285714,5
b7r_edp1_longestoverlap_ISI_3_test,b7r,p1,Eng,mixed,3,6,1.96,3.06,8,Eng,70,43,70,43,0.614285714,5
b7r_edp1_longestoverlap_ISI_4_test,b7r,p1,Eng,mixed,4,4,1.02,3.92,8,Eng,70,43,70,43,0.614285714,5
b7r_edp1_longestoverlap_ISI_5_test,b7r,p1,Eng,mixed,5,8,3.2,2.5,8,Eng,70,43,70,43,0.614285714,5
b7r_edp1_longestoverlap_ISI_6_test,b7r,p1,Eng,mixed,6,8,1.84,4.35,8,Eng,70,43,70,43,0.614285714,5
b7r_edp1_longestoverlap_ISI_7_test,b7r,p1,Eng,mixed,7,6,1.4,4.29,8,Eng,70,43,70,43,0.614285714,5
b7r_edp1_longestoverlap_ISI_8_test,b7r,p1,Eng,mixed,8,4,0.94,4.25,8,Eng,70,43,70,43,0.614285714,5
b7r_edp1_longestoverlap_ISI_9_test,b7r,p1,Eng,mixed,9,14,3.26,4.29,8,Eng,70,43,70,43,0.614285714,5
b7r_edp1_longestoverlap_ISI_10_test,b7r,p1,Eng,mixed,10,3,0.72,4.17,8,Eng,70,43,70,43,0.614285714,5
b7r_eop1_longestoverlap_ISI_0_test,b7r,p1,Eng,single,0,4,1.18,3.39,8,Eng,70,43,70,43,0.614285714,5
b7r_eop1_longestoverlap_ISI_1_test,b7r,p1,Eng,single,1,7,2.18,3.21,8,Eng,70,43,70,43,0.614285714,5
b7r_eop1_longestoverlap_ISI_2_test,b7r,p1,Eng,single,2,5,1.2,4.17,8,Eng,70,43,70,43,0.614285714,5
b7r_eop1_longestoverlap_ISI_3_test,b7r,p1,Eng,single,3,6,1.54,3.9,8,Eng,70,43,70,43,0.614285714,5
b7r_eop1_longestoverlap_ISI_4_test,b7r,p1,Eng,single,4,3,1.04,2.88,8,Eng,70,43,70,43,0.614285714,5
b7r_eop1_longestoverlap_ISI_5_test,b7r,p1,Eng,single,5,9,3.14,2.87,8,Eng,70,43,70,43,0.614285714,5
b7r_eop1_longestoverlap_ISI_6_test,b7r,p1,Eng,single,6,7,1.84,3.8,8,Eng,70,43,70,43,0.614285714,5
b7r_eop1_longestoverlap_ISI_7_test,b7r,p1,Eng,single,7,5,1.18,4.24,8,Eng,70,43,70,43,0.614285714,5
b7r_eop1_longestoverlap_ISI_8_test,b7r,p1,Eng,single,8,2,0.9,2.22,8,Eng,70,43,70,43,0.614285714,5
b7r_eop1_longestoverlap_ISI_9_test,b7r,p1,Eng,single,9,10,2.74,3.65,8,Eng,70,43,70,43,0.614285714,5
b7r_eop1_longestoverlap_ISI_10_test,b7r,p1,Eng,single,10,4,0.96,4.17,8,Eng,70,43,70,43,0.614285714,5
b7r_edp2_longestoverlap_ISI_0_test,b7r,p2,Eng,mixed,0,6,1.48,4.05,8,Eng,70,43,70,43,0.614285714,5
b7r_edp2_longestoverlap_ISI_1_test,b7r,p2,Eng,mixed,1,4,1,4,8,Eng,70,43,70,43,0.614285714,5
b7r_edp2_longestoverlap_ISI_3_test,b7r,p2,Eng,mixed,3,2,0.62,3.22,8,Eng,70,43,70,43,0.614285714,5
b7r_edp2_longestoverlap_ISI_4_test,b7r,p2,Eng,mixed,4,6,1.6,3.75,8,Eng,70,43,70,43,0.614285714,5
b7r_edp2_longestoverlap_ISI_5_test,b7r,p2,Eng,mixed,5,9,2.16,4.17,8,Eng,70,43,70,43,0.614285714,5
b7r_edp2_longestoverlap_ISI_6_test,b7r,p2,Eng,mixed,6,9,2.22,4.05,8,Eng,70,43,70,43,0.614285714,5
b7r_edp2_longestoverlap_ISI_7_test,b7r,p2,Eng,mixed,7,11,2.68,4.1,8,Eng,70,43,70,43,0.614285714,5
b7r_edp2_longestoverlap_ISI_8_test,b7r,p2,Eng,mixed,8,3,0.92,3.26,8,Eng,70,43,70,43,0.614285714,5
b7r_edp2_longestoverlap_ISI_9_test,b7r,p2,Eng,mixed,9,5,1.58,3.16,8,Eng,70,43,70,43,0.614285714,5
b7r_edp2_longestoverlap_ISI_10_test,b7r,p2,Eng,mixed,10,4,0.98,4.08,8,Eng,70,43,70,43,0.614285714,5
b7r_eop2_longestoverlap_ISI_0_test,b7r,p2,Eng,single,0,5,1.5,3.33,8,Eng,70,43,70,43,0.614285714,5
b7r_eop2_longestoverlap_ISI_1_test,b7r,p2,Eng,single,1,5,1.12,4.46,8,Eng,70,43,70,43,0.614285714,5
b7r_eop2_longestoverlap_ISI_3_test,b7r,p2,Eng,single,3,2,0.58,3.45,8,Eng,70,43,70,43,0.614285714,5
b7r_eop2_longestoverlap_ISI_4_test,b7r,p2,Eng,single,4,9,1.86,4.84,8,Eng,70,43,70,43,0.614285714,5
b7r_eop2_longestoverlap_ISI_5_test,b7r,p2,Eng,single,5,10,2.24,4.46,8,Eng,70,43,70,43,0.614285714,5
b7r_eop2_longestoverlap_ISI_6_test,b7r,p2,Eng,single,6,7,1.86,3.76,8,Eng,70,43,70,43,0.614285714,5
b7r_eop2_longestoverlap_ISI_7_test,b7r,p2,Eng,single,7,12,2.38,5.04,8,Eng,70,43,70,43,0.614285714,5
b7r_eop2_longestoverlap_ISI_8_test,b7r,p2,Eng,single,8,5,0.92,5.43,8,Eng,70,43,70,43,0.614285714,5
b7r_eop2_longestoverlap_ISI_9_test,b7r,p2,Eng,single,9,4,1.52,2.63,8,Eng,70,43,70,43,0.614285714,5
b7r_eop2_longestoverlap_ISI_10_test,b7r,p2,Eng,single,10,3,0.9,3.33,8,Eng,70,43,70,43,0.614285714,5
b8r_edp1_longestoverlap_ISI_0_test,b8r,p1,Eng,mixed,0,6,1.42,4.22,9,Eng,75,39,75,39,0.52,3
b8r_edp1_longestoverlap_ISI_1_test,b8r,p1,Eng,mixed,1,12,2.82,4.25,9,Eng,75,39,75,39,0.52,3
b8r_edp1_longestoverlap_ISI_2_test,b8r,p1,Eng,mixed,2,6,1.32,4.54,9,Eng,75,39,75,39,0.52,3
b8r_edp1_longestoverlap_ISI_3_test,b8r,p1,Eng,mixed,3,13,2.14,6.07,9,Eng,75,39,75,39,0.52,3
b8r_edp1_longestoverlap_ISI_4_test,b8r,p1,Eng,mixed,4,4,0.96,4.17,9,Eng,75,39,75,39,0.52,3
b8r_edp1_longestoverlap_ISI_5_test,b8r,p1,Eng,mixed,5,13,2.92,4.45,9,Eng,75,39,75,39,0.52,3
b8r_edp1_longestoverlap_ISI_6_test,b8r,p1,Eng,mixed,6,9,1.52,5.92,9,Eng,75,39,75,39,0.52,3
b8r_edp1_longestoverlap_ISI_7_test,b8r,p1,Eng,mixed,7,4,1.04,3.84,9,Eng,75,39,75,39,0.52,3
b8r_edp1_longestoverlap_ISI_8_test,b8r,p1,Eng,mixed,8,10,2,5,9,Eng,75,39,75,39,0.52,3
b8r_edp1_longestoverlap_ISI_9_test,b8r,p1,Eng,mixed,9,11,1.98,5.55,9,Eng,75,39,75,39,0.52,3
b8r_edp1_longestoverlap_ISI_10_test,b8r,p1,Eng,mixed,10,3,0.96,3.12,9,Eng,75,39,75,39,0.52,3
b8r_eop1_longestoverlap_ISI_0_test,b8r,p1,Eng,single,0,6,1.38,4.35,9,Eng,75,39,75,39,0.52,3
b8r_eop1_longestoverlap_ISI_1_test,b8r,p1,Eng,single,1,11,2.8,3.93,9,Eng,75,39,75,39,0.52,3
b8r_eop1_longestoverlap_ISI_2_test,b8r,p1,Eng,single,2,6,1.38,4.35,9,Eng,75,39,75,39,0.52,3
b8r_eop1_longestoverlap_ISI_3_test,b8r,p1,Eng,single,3,12,2.26,5.31,9,Eng,75,39,75,39,0.52,3
b8r_eop1_longestoverlap_ISI_4_test,b8r,p1,Eng,single,4,4,0.86,4.65,9,Eng,75,39,75,39,0.52,3
b8r_eop1_longestoverlap_ISI_5_test,b8r,p1,Eng,single,5,14,2.88,4.86,9,Eng,75,39,75,39,0.52,3
b8r_eop1_longestoverlap_ISI_6_test,b8r,p1,Eng,single,6,7,1.56,4.49,9,Eng,75,39,75,39,0.52,3
b8r_eop1_longestoverlap_ISI_7_test,b8r,p1,Eng,single,7,5,1.12,4.46,9,Eng,75,39,75,39,0.52,3
b8r_eop1_longestoverlap_ISI_8_test,b8r,p1,Eng,single,8,7,1.88,3.72,9,Eng,75,39,75,39,0.52,3
b8r_eop1_longestoverlap_ISI_9_test,b8r,p1,Eng,single,9,11,2.12,5.19,9,Eng,75,39,75,39,0.52,3
b8r_eop1_longestoverlap_ISI_10_test,b8r,p1,Eng,single,10,4,1.02,3.92,9,Eng,75,39,75,39,0.52,3
b8r_edp2_longestoverlap_ISI_0_test,b8r,p2,Eng,mixed,0,14,2.66,5.26,9,Eng,75,39,75,39,0.52,3
b8r_edp2_longestoverlap_ISI_1_test,b8r,p2,Eng,mixed,1,12,2.54,4.72,9,Eng,75,39,75,39,0.52,3
b8r_edp2_longestoverlap_ISI_3_test,b8r,p2,Eng,mixed,3,2,0.54,3.7,9,Eng,75,39,75,39,0.52,3
b8r_edp2_longestoverlap_ISI_4_test,b8r,p2,Eng,mixed,4,6,1.36,4.41,9,Eng,75,39,75,39,0.52,3
b8r_edp2_longestoverlap_ISI_5_test,b8r,p2,Eng,mixed,5,13,2.62,4.96,9,Eng,75,39,75,39,0.52,3
b8r_edp2_longestoverlap_ISI_6_test,b8r,p2,Eng,mixed,6,12,2.38,5.04,9,Eng,75,39,75,39,0.52,3
b8r_edp2_longestoverlap_ISI_7_test,b8r,p2,Eng,mixed,7,11,2.34,4.7,9,Eng,75,39,75,39,0.52,3
b8r_edp2_longestoverlap_ISI_8_test,b8r,p2,Eng,mixed,8,4,0.86,4.65,9,Eng,75,39,75,39,0.52,3
b8r_edp2_longestoverlap_ISI_9_test,b8r,p2,Eng,mixed,9,13,2.52,5.16,9,Eng,75,39,75,39,0.52,3
b8r_edp2_longestoverlap_ISI_10_test,b8r,p2,Eng,mixed,10,6,1.36,4.41,9,Eng,75,39,75,39,0.52,3
b8r_eop2_longestoverlap_ISI_0_test,b8r,p2,Eng,single,0,13,3.02,4.3,9,Eng,75,39,75,39,0.52,3
b8r_eop2_longestoverlap_ISI_1_test,b8r,p2,Eng,single,1,14,2.64,5.3,9,Eng,75,39,75,39,0.52,3
b8r_eop2_longestoverlap_ISI_3_test,b8r,p2,Eng,single,3,2,0.54,3.7,9,Eng,75,39,75,39,0.52,3
b8r_eop2_longestoverlap_ISI_4_test,b8r,p2,Eng,single,4,7,1.46,4.79,9,Eng,75,39,75,39,0.52,3
b8r_eop2_longestoverlap_ISI_5_test,b8r,p2,Eng,single,5,14,2.78,5.03,9,Eng,75,39,75,39,0.52,3
b8r_eop2_longestoverlap_ISI_6_test,b8r,p2,Eng,single,6,12,2.42,4.96,9,Eng,75,39,75,39,0.52,3
b8r_eop2_longestoverlap_ISI_7_test,b8r,p2,Eng,single,7,11,2.56,4.3,9,Eng,75,39,75,39,0.52,3
b8r_eop2_longestoverlap_ISI_8_test,b8r,p2,Eng,single,8,2,0.84,2.38,9,Eng,75,39,75,39,0.52,3
b8r_eop2_longestoverlap_ISI_9_test,b8r,p2,Eng,single,9,11,2.66,4.13,9,Eng,75,39,75,39,0.52,3
b8r_eop2_longestoverlap_ISI_10_test,b8r,p2,Eng,single,10,6,1.44,4.17,9,Eng,75,39,75,39,0.52,3
b9_edp1_longestoverlap_ISI_1_test,b9,p1,Eng,mixed,1,12,2.74,4.38,10,Eng,73,47,73,47,0.643835616,3.7
b9_edp1_longestoverlap_ISI_2_test,b9,p1,Eng,mixed,2,2,0.8,2.5,10,Eng,73,47,73,47,0.643835616,3.7
b9_edp1_longestoverlap_ISI_3_test,b9,p1,Eng,mixed,3,14,2.8,5,10,Eng,73,47,73,47,0.643835616,3.7
b9_edp1_longestoverlap_ISI_4_test,b9,p1,Eng,mixed,4,4,0.92,4.35,10,Eng,73,47,73,47,0.643835616,3.7
b9_edp1_longestoverlap_ISI_5_test,b9,p1,Eng,mixed,5,7,1.76,3.98,10,Eng,73,47,73,47,0.643835616,3.7
b9_edp1_longestoverlap_ISI_6_test,b9,p1,Eng,mixed,6,7,1.66,4.22,10,Eng,73,47,73,47,0.643835616,3.7
b9_edp1_longestoverlap_ISI_7_test,b9,p1,Eng,mixed,7,3,1.02,2.94,10,Eng,73,47,73,47,0.643835616,3.7
b9_edp1_longestoverlap_ISI_8_test,b9,p1,Eng,mixed,8,4,0.86,4.65,10,Eng,73,47,73,47,0.643835616,3.7
b9_edp1_longestoverlap_ISI_9_test,b9,p1,Eng,mixed,9,9,2.8,3.21,10,Eng,73,47,73,47,0.643835616,3.7
b9_edp1_longestoverlap_ISI_10_test,b9,p1,Eng,mixed,10,2,0.72,2.78,10,Eng,73,47,73,47,0.643835616,3.7
b9_eop1_longestoverlap_ISI_1_test,b9,p1,Eng,single,1,11,2.72,4.04,10,Eng,73,47,73,47,0.643835616,3.7
b9_eop1_longestoverlap_ISI_2_test,b9,p1,Eng,single,2,2,0.84,2.38,10,Eng,73,47,73,47,0.643835616,3.7
b9_eop1_longestoverlap_ISI_3_test,b9,p1,Eng,single,3,15,3,5,10,Eng,73,47,73,47,0.643835616,3.7
b9_eop1_longestoverlap_ISI_4_test,b9,p1,Eng,single,4,3,0.88,3.41,10,Eng,73,47,73,47,0.643835616,3.7
b9_eop1_longestoverlap_ISI_5_test,b9,p1,Eng,single,5,5,1.82,2.75,10,Eng,73,47,73,47,0.643835616,3.7
b9_eop1_longestoverlap_ISI_6_test,b9,p1,Eng,single,6,8,1.74,4.6,10,Eng,73,47,73,47,0.643835616,3.7
b9_eop1_longestoverlap_ISI_7_test,b9,p1,Eng,single,7,3,1.18,2.54,10,Eng,73,47,73,47,0.643835616,3.7
b9_eop1_longestoverlap_ISI_8_test,b9,p1,Eng,single,8,3,0.92,3.26,10,Eng,73,47,73,47,0.643835616,3.7
b9_eop1_longestoverlap_ISI_9_test,b9,p1,Eng,single,9,11,2.48,4.43,10,Eng,73,47,73,47,0.643835616,3.7
b9_eop1_longestoverlap_ISI_10_test,b9,p1,Eng,single,10,2,0.52,3.84,10,Eng,73,47,73,47,0.643835616,3.7
b9_edp2_longestoverlap_ISI_0_test,b9,p2,Eng,mixed,0,8,1.94,4.12,10,Eng,73,47,73,47,0.643835616,3.7
b9_edp2_longestoverlap_ISI_1_test,b9,p2,Eng,mixed,1,11,2.72,4.04,10,Eng,73,47,73,47,0.643835616,3.7
b9_edp2_longestoverlap_ISI_4_test,b9,p2,Eng,mixed,4,6,1.32,4.54,10,Eng,73,47,73,47,0.643835616,3.7
b9_edp2_longestoverlap_ISI_5_test,b9,p2,Eng,mixed,5,8,1.66,4.82,10,Eng,73,47,73,47,0.643835616,3.7
b9_edp2_longestoverlap_ISI_6_test,b9,p2,Eng,mixed,6,12,2.56,4.69,10,Eng,73,47,73,47,0.643835616,3.7
b9_edp2_longestoverlap_ISI_7_test,b9,p2,Eng,mixed,7,12,2.46,4.88,10,Eng,73,47,73,47,0.643835616,3.7
b9_edp2_longestoverlap_ISI_8_test,b9,p2,Eng,mixed,8,2,0.98,2.04,10,Eng,73,47,73,47,0.643835616,3.7
b9_edp2_longestoverlap_ISI_9_test,b9,p2,Eng,mixed,9,9,2.04,4.41,10,Eng,73,47,73,47,0.643835616,3.7
b9_edp2_longestoverlap_ISI_10_test,b9,p2,Eng,mixed,10,7,1.36,5.15,10,Eng,73,47,73,47,0.643835616,3.7
b9_eop2_longestoverlap_ISI_0_test,b9,p2,Eng,single,0,7,1.9,3.68,10,Eng,73,47,73,47,0.643835616,3.7
b9_eop2_longestoverlap_ISI_1_test,b9,p2,Eng,single,1,8,2.38,3.36,10,Eng,73,47,73,47,0.643835616,3.7
b9_eop2_longestoverlap_ISI_4_test,b9,p2,Eng,single,4,5,1.18,4.24,10,Eng,73,47,73,47,0.643835616,3.7
b9_eop2_longestoverlap_ISI_5_test,b9,p2,Eng,single,5,8,1.84,4.35,10,Eng,73,47,73,47,0.643835616,3.7
b9_eop2_longestoverlap_ISI_6_test,b9,p2,Eng,single,6,13,2.58,5.04,10,Eng,73,47,73,47,0.643835616,3.7
b9_eop2_longestoverlap_ISI_7_test,b9,p2,Eng,single,7,12,2.5,4.8,10,Eng,73,47,73,47,0.643835616,3.7
b9_eop2_longestoverlap_ISI_8_test,b9,p2,Eng,single,8,2,0.88,2.27,10,Eng,73,47,73,47,0.643835616,3.7
b9_eop2_longestoverlap_ISI_9_test,b9,p2,Eng,single,9,8,1.92,4.17,10,Eng,73,47,73,47,0.643835616,3.7
b9_eop2_longestoverlap_ISI_10_test,b9,p2,Eng,single,10,6,1.42,4.22,10,Eng,73,47,73,47,0.643835616,3.7
b1_edp3_longestoverlap_ISI_0_test,b1,p3,Eng,mixed,0,13,3.22,4.04,2,Eng,60,41,60,41,0.683333333,6
b1_edp3_longestoverlap_ISI_1_test,b1,p3,Eng,mixed,1,5,1.44,3.47,2,Eng,60,41,60,41,0.683333333,6
b1_edp3_longestoverlap_ISI_2_test,b1,p3,Eng,mixed,2,5,1.42,3.52,2,Eng,60,41,60,41,0.683333333,6
b1_edp3_longestoverlap_ISI_4_test,b1,p3,Eng,mixed,4,3,0.82,3.66,2,Eng,60,41,60,41,0.683333333,6
b1_edp3_longestoverlap_ISI_5_test,b1,p3,Eng,mixed,5,6,1.78,3.37,2,Eng,60,41,60,41,0.683333333,6
b1_edp3_longestoverlap_ISI_6_test,b1,p3,Eng,mixed,6,3,0.94,3.19,2,Eng,60,41,60,41,0.683333333,6
b1_edp3_longestoverlap_ISI_7_test,b1,p3,Eng,mixed,7,4,1.04,3.84,2,Eng,60,41,60,41,0.683333333,6
b1_edp3_longestoverlap_ISI_8_test,b1,p3,Eng,mixed,8,12,2.84,4.22,2,Eng,60,41,60,41,0.683333333,6
b1_edp3_longestoverlap_ISI_9_test,b1,p3,Eng,mixed,9,5,1.44,3.47,2,Eng,60,41,60,41,0.683333333,6
b1_edp3_longestoverlap_ISI_10_test,b1,p3,Eng,mixed,10,7,1.96,3.57,2,Eng,60,41,60,41,0.683333333,6
b1_eop3_longestoverlap_ISI_0_test,b1,p3,Eng,single,0,14,2.82,4.96,2,Eng,60,41,60,41,0.683333333,6
b1_eop3_longestoverlap_ISI_1_test,b1,p3,Eng,single,1,6,1.36,4.41,2,Eng,60,41,60,41,0.683333333,6
b1_eop3_longestoverlap_ISI_2_test,b1,p3,Eng,single,2,5,1.32,3.79,2,Eng,60,41,60,41,0.683333333,6
b1_eop3_longestoverlap_ISI_4_test,b1,p3,Eng,single,4,4,0.84,4.76,2,Eng,60,41,60,41,0.683333333,6
b1_eop3_longestoverlap_ISI_5_test,b1,p3,Eng,single,5,9,1.86,4.84,2,Eng,60,41,60,41,0.683333333,6
b1_eop3_longestoverlap_ISI_6_test,b1,p3,Eng,single,6,2,0.96,2.08,2,Eng,60,41,60,41,0.683333333,6
b1_eop3_longestoverlap_ISI_7_test,b1,p3,Eng,single,7,4,1,4,2,Eng,60,41,60,41,0.683333333,6
b1_eop3_longestoverlap_ISI_8_test,b1,p3,Eng,single,8,13,3.02,4.3,2,Eng,60,41,60,41,0.683333333,6
b1_eop3_longestoverlap_ISI_9_test,b1,p3,Eng,single,9,4,1.34,2.98,2,Eng,60,41,60,41,0.683333333,6
b1_eop3_longestoverlap_ISI_10_test,b1,p3,Eng,single,10,7,1.92,3.64,2,Eng,60,41,60,41,0.683333333,6
b1_edp4_longestoverlap_ISI_0_test,b1,p4,Eng,mixed,0,4,0.84,4.76,2,Eng,60,41,60,41,0.683333333,6
b1_edp4_longestoverlap_ISI_1_test,b1,p4,Eng,mixed,1,2,0.8,2.5,2,Eng,60,41,60,41,0.683333333,6
b1_edp4_longestoverlap_ISI_2_test,b1,p4,Eng,mixed,2,8,1.82,4.39,2,Eng,60,41,60,41,0.683333333,6
b1_edp4_longestoverlap_ISI_3_test,b1,p4,Eng,mixed,3,15,3.54,4.24,2,Eng,60,41,60,41,0.683333333,6
b1_edp4_longestoverlap_ISI_4_test,b1,p4,Eng,mixed,4,6,1.36,4.41,2,Eng,60,41,60,41,0.683333333,6
b1_edp4_longestoverlap_ISI_5_test,b1,p4,Eng,mixed,5,9,1.82,4.94,2,Eng,60,41,60,41,0.683333333,6
b1_edp4_longestoverlap_ISI_6_test,b1,p4,Eng,mixed,6,11,2.54,4.33,2,Eng,60,41,60,41,0.683333333,6
b1_edp4_longestoverlap_ISI_7_test,b1,p4,Eng,mixed,7,2,0.78,2.56,2,Eng,60,41,60,41,0.683333333,6
b1_edp4_longestoverlap_ISI_8_test,b1,p4,Eng,mixed,8,6,1.14,5.26,2,Eng,60,41,60,41,0.683333333,6
b1_edp4_longestoverlap_ISI_9_test,b1,p4,Eng,mixed,9,6,1.24,4.84,2,Eng,60,41,60,41,0.683333333,6
b1_edp4_longestoverlap_ISI_10_test,b1,p4,Eng,mixed,10,4,1.06,3.77,2,Eng,60,41,60,41,0.683333333,6
b1_eop4_longestoverlap_ISI_0_test,b1,p4,Eng,single,0,4,0.88,4.54,2,Eng,60,41,60,41,0.683333333,6
b1_eop4_longestoverlap_ISI_1_test,b1,p4,Eng,single,1,2,0.8,2.5,2,Eng,60,41,60,41,0.683333333,6
b1_eop4_longestoverlap_ISI_2_test,b1,p4,Eng,single,2,8,1.88,4.25,2,Eng,60,41,60,41,0.683333333,6
b1_eop4_longestoverlap_ISI_3_test,b1,p4,Eng,single,3,15,3.36,4.46,2,Eng,60,41,60,41,0.683333333,6
b1_eop4_longestoverlap_ISI_4_test,b1,p4,Eng,single,4,7,1.24,5.64,2,Eng,60,41,60,41,0.683333333,6
b1_eop4_longestoverlap_ISI_5_test,b1,p4,Eng,single,5,8,1.72,4.65,2,Eng,60,41,60,41,0.683333333,6
b1_eop4_longestoverlap_ISI_6_test,b1,p4,Eng,single,6,10,2.66,3.76,2,Eng,60,41,60,41,0.683333333,6
b1_eop4_longestoverlap_ISI_7_test,b1,p4,Eng,single,7,2,0.78,2.56,2,Eng,60,41,60,41,0.683333333,6
b1_eop4_longestoverlap_ISI_8_test,b1,p4,Eng,single,8,4,1.04,3.84,2,Eng,60,41,60,41,0.683333333,6
b1_eop4_longestoverlap_ISI_9_test,b1,p4,Eng,single,9,6,1.26,4.76,2,Eng,60,41,60,41,0.683333333,6
b1_eop4_longestoverlap_ISI_10_test,b1,p4,Eng,single,10,4,1,4,2,Eng,60,41,60,41,0.683333333,6
b10r_edp3_longestoverlap_ISI_0_test,b10r,p3,Eng,mixed,0,12,3.28,3.66,11,Eng,64,51,64,51,0.796875,5
b10r_edp3_longestoverlap_ISI_1_test,b10r,p3,Eng,mixed,1,7,1.46,4.79,11,Eng,64,51,64,51,0.796875,5
b10r_edp3_longestoverlap_ISI_2_test,b10r,p3,Eng,mixed,2,5,1.44,3.47,11,Eng,64,51,64,51,0.796875,5
b10r_edp3_longestoverlap_ISI_3_test,b10r,p3,Eng,mixed,3,4,1.02,3.92,11,Eng,64,51,64,51,0.796875,5
b10r_edp3_longestoverlap_ISI_4_test,b10r,p3,Eng,mixed,4,6,1.24,4.84,11,Eng,64,51,64,51,0.796875,5
b10r_edp3_longestoverlap_ISI_5_test,b10r,p3,Eng,mixed,5,3,0.82,3.66,11,Eng,64,51,64,51,0.796875,5
b10r_edp3_longestoverlap_ISI_6_test,b10r,p3,Eng,mixed,6,3,0.98,3.06,11,Eng,64,51,64,51,0.796875,5
b10r_edp3_longestoverlap_ISI_7_test,b10r,p3,Eng,mixed,7,4,1.06,3.77,11,Eng,64,51,64,51,0.796875,5
b10r_edp3_longestoverlap_ISI_8_test,b10r,p3,Eng,mixed,8,6,1.58,3.8,11,Eng,64,51,64,51,0.796875,5
b10r_edp3_longestoverlap_ISI_9_test,b10r,p3,Eng,mixed,9,14,3.3,4.24,11,Eng,64,51,64,51,0.796875,5
b10r_edp3_longestoverlap_ISI_10_test,b10r,p3,Eng,mixed,10,11,2.3,4.78,11,Eng,64,51,64,51,0.796875,5
b10r_eop3_longestoverlap_ISI_0_test,b10r,p3,Eng,single,0,13,2.78,4.67,11,Eng,64,51,64,51,0.796875,5
b10r_eop3_longestoverlap_ISI_1_test,b10r,p3,Eng,single,1,7,1.44,4.86,11,Eng,64,51,64,51,0.796875,5
b10r_eop3_longestoverlap_ISI_2_test,b10r,p3,Eng,single,2,4,1.4,2.86,11,Eng,64,51,64,51,0.796875,5
b10r_eop3_longestoverlap_ISI_3_test,b10r,p3,Eng,single,3,2,0.76,2.63,11,Eng,64,51,64,51,0.796875,5
b10r_eop3_longestoverlap_ISI_4_test,b10r,p3,Eng,single,4,5,1.2,4.17,11,Eng,64,51,64,51,0.796875,5
b10r_eop3_longestoverlap_ISI_5_test,b10r,p3,Eng,single,5,5,1.44,3.47,11,Eng,64,51,64,51,0.796875,5
b10r_eop3_longestoverlap_ISI_6_test,b10r,p3,Eng,single,6,3,0.9,3.33,11,Eng,64,51,64,51,0.796875,5
b10r_eop3_longestoverlap_ISI_7_test,b10r,p3,Eng,single,7,4,0.94,4.25,11,Eng,64,51,64,51,0.796875,5
b10r_eop3_longestoverlap_ISI_8_test,b10r,p3,Eng,single,8,5,1.32,3.79,11,Eng,64,51,64,51,0.796875,5
b10r_eop3_longestoverlap_ISI_9_test,b10r,p3,Eng,single,9,13,2.94,4.42,11,Eng,64,51,64,51,0.796875,5
b10r_eop3_longestoverlap_ISI_10_test,b10r,p3,Eng,single,10,8,2.04,3.92,11,Eng,64,51,64,51,0.796875,5
b10r_edp4_longestoverlap_ISI_0_test,b10r,p4,Eng,mixed,0,3,0.9,3.33,11,Eng,64,51,64,51,0.796875,5
b10r_edp4_longestoverlap_ISI_1_test,b10r,p4,Eng,mixed,1,4,0.86,4.65,11,Eng,64,51,64,51,0.796875,5
b10r_edp4_longestoverlap_ISI_2_test,b10r,p4,Eng,mixed,2,8,2.02,3.96,11,Eng,64,51,64,51,0.796875,5
b10r_edp4_longestoverlap_ISI_3_test,b10r,p4,Eng,mixed,3,9,1.98,4.54,11,Eng,64,51,64,51,0.796875,5
b10r_edp4_longestoverlap_ISI_4_test,b10r,p4,Eng,mixed,4,12,2.68,4.48,11,Eng,64,51,64,51,0.796875,5
b10r_edp4_longestoverlap_ISI_5_test,b10r,p4,Eng,mixed,5,7,1.86,3.76,11,Eng,64,51,64,51,0.796875,5
b10r_edp4_longestoverlap_ISI_6_test,b10r,p4,Eng,mixed,6,4,1.4,2.86,11,Eng,64,51,64,51,0.796875,5
b10r_edp4_longestoverlap_ISI_7_test,b10r,p4,Eng,mixed,7,3,1.12,2.68,11,Eng,64,51,64,51,0.796875,5
b10r_edp4_longestoverlap_ISI_8_test,b10r,p4,Eng,mixed,8,6,1.1,5.45,11,Eng,64,51,64,51,0.796875,5
b10r_edp4_longestoverlap_ISI_9_test,b10r,p4,Eng,mixed,9,7,1.6,4.37,11,Eng,64,51,64,51,0.796875,5
b10r_edp4_longestoverlap_ISI_10_test,b10r,p4,Eng,mixed,10,5,1.14,4.39,11,Eng,64,51,64,51,0.796875,5
b10r_eop4_longestoverlap_ISI_0_test,b10r,p4,Eng,single,0,3,0.9,3.33,11,Eng,64,51,64,51,0.796875,5
b10r_eop4_longestoverlap_ISI_1_test,b10r,p4,Eng,single,1,4,0.82,4.88,11,Eng,64,51,64,51,0.796875,5
b10r_eop4_longestoverlap_ISI_2_test,b10r,p4,Eng,single,2,9,1.92,4.69,11,Eng,64,51,64,51,0.796875,5
b10r_eop4_longestoverlap_ISI_3_test,b10r,p4,Eng,single,3,9,1.9,4.74,11,Eng,64,51,64,51,0.796875,5
b10r_eop4_longestoverlap_ISI_4_test,b10r,p4,Eng,single,4,13,2.82,4.61,11,Eng,64,51,64,51,0.796875,5
b10r_eop4_longestoverlap_ISI_5_test,b10r,p4,Eng,single,5,8,1.74,4.6,11,Eng,64,51,64,51,0.796875,5
b10r_eop4_longestoverlap_ISI_6_test,b10r,p4,Eng,single,6,5,1.6,3.12,11,Eng,64,51,64,51,0.796875,5
b10r_eop4_longestoverlap_ISI_7_test,b10r,p4,Eng,single,7,3,1.12,2.68,11,Eng,64,51,64,51,0.796875,5
b10r_eop4_longestoverlap_ISI_8_test,b10r,p4,Eng,single,8,4,1.04,3.84,11,Eng,64,51,64,51,0.796875,5
b10r_eop4_longestoverlap_ISI_9_test,b10r,p4,Eng,single,9,7,1.44,4.86,11,Eng,64,51,64,51,0.796875,5
b10r_eop4_longestoverlap_ISI_10_test,b10r,p4,Eng,single,10,5,1.18,4.24,11,Eng,64,51,64,51,0.796875,5
b11rr_edp3_longestoverlap_ISI_0_test,b11rr,p3,Eng,mixed,0,5,1.52,3.29,12,Eng,64,44,64,44,0.6875,6
b11rr_edp3_longestoverlap_ISI_1_test,b11rr,p3,Eng,mixed,1,5,1.5,3.33,12,Eng,64,44,64,44,0.6875,6
b11rr_edp3_longestoverlap_ISI_2_test,b11rr,p3,Eng,mixed,2,6,1.54,3.89,12,Eng,64,44,64,44,0.6875,6
b11rr_edp3_longestoverlap_ISI_3_test,b11rr,p3,Eng,mixed,3,4,0.96,4.17,12,Eng,64,44,64,44,0.6875,6
b11rr_edp3_longestoverlap_ISI_4_test,b11rr,p3,Eng,mixed,4,3,0.86,3.49,12,Eng,64,44,64,44,0.6875,6
b11rr_edp3_longestoverlap_ISI_6_test,b11rr,p3,Eng,mixed,6,2,0.94,2.13,12,Eng,64,44,64,44,0.6875,6
b11rr_edp3_longestoverlap_ISI_7_test,b11rr,p3,Eng,mixed,7,5,1.14,4.38,12,Eng,64,44,64,44,0.6875,6
b11rr_edp3_longestoverlap_ISI_8_test,b11rr,p3,Eng,mixed,8,12,2.84,4.22,12,Eng,64,44,64,44,0.6875,6
b11rr_edp3_longestoverlap_ISI_9_test,b11rr,p3,Eng,mixed,9,13,3.44,3.78,12,Eng,64,44,64,44,0.6875,6
b11rr_edp3_longestoverlap_ISI_10_test,b11rr,p3,Eng,mixed,10,6,1.38,4.35,12,Eng,64,44,64,44,0.6875,6
b11rr_eop3_longestoverlap_ISI_0_test,b11rr,p3,Eng,single,0,6,1.38,4.35,12,Eng,64,44,64,44,0.6875,6
b11rr_eop3_longestoverlap_ISI_1_test,b11rr,p3,Eng,single,1,6,1.48,4.05,12,Eng,64,44,64,44,0.6875,6
b11rr_eop3_longestoverlap_ISI_2_test,b11rr,p3,Eng,single,2,4,1.52,2.63,12,Eng,64,44,64,44,0.6875,6
b11rr_eop3_longestoverlap_ISI_3_test,b11rr,p3,Eng,single,3,2,0.72,2.78,12,Eng,64,44,64,44,0.6875,6
b11rr_eop3_longestoverlap_ISI_4_test,b11rr,p3,Eng,single,4,3,0.82,3.66,12,Eng,64,44,64,44,0.6875,6
b11rr_eop3_longestoverlap_ISI_6_test,b11rr,p3,Eng,single,6,3,0.92,3.26,12,Eng,64,44,64,44,0.6875,6
b11rr_eop3_longestoverlap_ISI_7_test,b11rr,p3,Eng,single,7,5,1.1,4.54,12,Eng,64,44,64,44,0.6875,6
b11rr_eop3_longestoverlap_ISI_8_test,b11rr,p3,Eng,single,8,11,3.1,3.55,12,Eng,64,44,64,44,0.6875,6
b11rr_eop3_longestoverlap_ISI_9_test,b11rr,p3,Eng,single,9,13,3.02,4.3,12,Eng,64,44,64,44,0.6875,6
b11rr_eop3_longestoverlap_ISI_10_test,b11rr,p3,Eng,single,10,6,1.24,4.84,12,Eng,64,44,64,44,0.6875,6
b11rr_edp4_longestoverlap_ISI_0_test,b11rr,p4,Eng,mixed,0,4,0.96,4.17,12,Eng,64,44,64,44,0.6875,6
b11rr_edp4_longestoverlap_ISI_2_test,b11rr,p4,Eng,mixed,2,7,1.98,3.53,12,Eng,64,44,64,44,0.6875,6
b11rr_edp4_longestoverlap_ISI_3_test,b11rr,p4,Eng,mixed,3,10,3,3.33,12,Eng,64,44,64,44,0.6875,6
b11rr_edp4_longestoverlap_ISI_4_test,b11rr,p4,Eng,mixed,4,4,1.16,3.45,12,Eng,64,44,64,44,0.6875,6
b11rr_edp4_longestoverlap_ISI_5_test,b11rr,p4,Eng,mixed,5,7,1.8,3.89,12,Eng,64,44,64,44,0.6875,6
b11rr_edp4_longestoverlap_ISI_6_test,b11rr,p4,Eng,mixed,6,12,2.7,4.44,12,Eng,64,44,64,44,0.6875,6
b11rr_edp4_longestoverlap_ISI_7_test,b11rr,p4,Eng,mixed,7,6,1.66,3.61,12,Eng,64,44,64,44,0.6875,6
b11rr_edp4_longestoverlap_ISI_8_test,b11rr,p4,Eng,mixed,8,7,1.4,5,12,Eng,64,44,64,44,0.6875,6
b11rr_edp4_longestoverlap_ISI_9_test,b11rr,p4,Eng,mixed,9,5,1.2,4.17,12,Eng,64,44,64,44,0.6875,6
b11rr_edp4_longestoverlap_ISI_10_test,b11rr,p4,Eng,mixed,10,4,1.1,3.64,12,Eng,64,44,64,44,0.6875,6
b11rr_eop4_longestoverlap_ISI_0_test,b11rr,p4,Eng,single,0,3,0.96,3.12,12,Eng,64,44,64,44,0.6875,6
b11rr_eop4_longestoverlap_ISI_2_test,b11rr,p4,Eng,single,2,9,1.84,4.89,12,Eng,64,44,64,44,0.6875,6
b11rr_eop4_longestoverlap_ISI_3_test,b11rr,p4,Eng,single,3,9,2.44,3.69,12,Eng,64,44,64,44,0.6875,6
b11rr_eop4_longestoverlap_ISI_4_test,b11rr,p4,Eng,single,4,6,1.02,5.88,12,Eng,64,44,64,44,0.6875,6
b11rr_eop4_longestoverlap_ISI_5_test,b11rr,p4,Eng,single,5,7,1.64,4.27,12,Eng,64,44,64,44,0.6875,6
b11rr_eop4_longestoverlap_ISI_6_test,b11rr,p4,Eng,single,6,11,2.56,4.3,12,Eng,64,44,64,44,0.6875,6
b11rr_eop4_longestoverlap_ISI_7_test,b11rr,p4,Eng,single,7,4,1.54,2.6,12,Eng,64,44,64,44,0.6875,6
b11rr_eop4_longestoverlap_ISI_8_test,b11rr,p4,Eng,single,8,6,1.52,3.95,12,Eng,64,44,64,44,0.6875,6
b11rr_eop4_longestoverlap_ISI_9_test,b11rr,p4,Eng,single,9,4,1.12,3.57,12,Eng,64,44,64,44,0.6875,6
b11rr_eop4_longestoverlap_ISI_10_test,b11rr,p4,Eng,single,10,2,0.76,2.63,12,Eng,64,44,64,44,0.6875,6
b12_edp3_longestoverlap_ISI_0_test,b12,p3,Eng,mixed,0,13,2.96,4.39,13,Eng,77,48,77,48,0.623376623,3
b12_edp3_longestoverlap_ISI_1_test,b12,p3,Eng,mixed,1,4,1.38,2.9,13,Eng,77,48,77,48,0.623376623,3
b12_edp3_longestoverlap_ISI_2_test,b12,p3,Eng,mixed,2,4,1.38,2.9,13,Eng,77,48,77,48,0.623376623,3
b12_edp3_longestoverlap_ISI_4_test,b12,p3,Eng,mixed,4,3,1.1,2.73,13,Eng,77,48,77,48,0.623376623,3
b12_edp3_longestoverlap_ISI_5_test,b12,p3,Eng,mixed,5,8,1.78,4.49,13,Eng,77,48,77,48,0.623376623,3
b12_edp3_longestoverlap_ISI_6_test,b12,p3,Eng,mixed,6,4,0.94,4.25,13,Eng,77,48,77,48,0.623376623,3
b12_edp3_longestoverlap_ISI_7_test,b12,p3,Eng,mixed,7,2,1.14,1.75,13,Eng,77,48,77,48,0.623376623,3
b12_edp3_longestoverlap_ISI_8_test,b12,p3,Eng,mixed,8,11,2.8,3.93,13,Eng,77,48,77,48,0.623376623,3
b12_edp3_longestoverlap_ISI_9_test,b12,p3,Eng,mixed,9,14,2.78,5.03,13,Eng,77,48,77,48,0.623376623,3
b12_edp3_longestoverlap_ISI_10_test,b12,p3,Eng,mixed,10,9,2,4.5,13,Eng,77,48,77,48,0.623376623,3
b12_eop3_longestoverlap_ISI_0_test,b12,p3,Eng,single,0,11,3,3.67,13,Eng,77,48,77,48,0.623376623,3
b12_eop3_longestoverlap_ISI_1_test,b12,p3,Eng,single,1,3,1.42,2.11,13,Eng,77,48,77,48,0.623376623,3
b12_eop3_longestoverlap_ISI_2_test,b12,p3,Eng,single,2,5,1.38,3.62,13,Eng,77,48,77,48,0.623376623,3
b12_eop3_longestoverlap_ISI_4_test,b12,p3,Eng,single,4,5,1.2,4.17,13,Eng,77,48,77,48,0.623376623,3
b12_eop3_longestoverlap_ISI_5_test,b12,p3,Eng,single,5,8,1.78,4.49,13,Eng,77,48,77,48,0.623376623,3
b12_eop3_longestoverlap_ISI_6_test,b12,p3,Eng,single,6,2,0.88,2.27,13,Eng,77,48,77,48,0.623376623,3
b12_eop3_longestoverlap_ISI_7_test,b12,p3,Eng,single,7,2,0.86,2.32,13,Eng,77,48,77,48,0.623376623,3
b12_eop3_longestoverlap_ISI_8_test,b12,p3,Eng,single,8,12,2.62,4.58,13,Eng,77,48,77,48,0.623376623,3
b12_eop3_longestoverlap_ISI_9_test,b12,p3,Eng,single,9,12,2.88,4.17,13,Eng,77,48,77,48,0.623376623,3
b12_eop3_longestoverlap_ISI_10_test,b12,p3,Eng,single,10,8,1.94,4.12,13,Eng,77,48,77,48,0.623376623,3
b12_edp4_longestoverlap_ISI_0_test,b12,p4,Eng,mixed,0,4,0.82,4.88,13,Eng,77,48,77,48,0.623376623,3
b12_edp4_longestoverlap_ISI_1_test,b12,p4,Eng,mixed,1,3,0.78,3.85,13,Eng,77,48,77,48,0.623376623,3
b12_edp4_longestoverlap_ISI_2_test,b12,p4,Eng,mixed,2,8,1.92,4.17,13,Eng,77,48,77,48,0.623376623,3
b12_edp4_longestoverlap_ISI_3_test,b12,p4,Eng,mixed,3,11,2.52,4.36,13,Eng,77,48,77,48,0.623376623,3
b12_edp4_longestoverlap_ISI_4_test,b12,p4,Eng,mixed,4,5,1.1,4.54,13,Eng,77,48,77,48,0.623376623,3
b12_edp4_longestoverlap_ISI_5_test,b12,p4,Eng,mixed,5,7,1.76,3.98,13,Eng,77,48,77,48,0.623376623,3
b12_edp4_longestoverlap_ISI_6_test,b12,p4,Eng,mixed,6,15,3.08,4.87,13,Eng,77,48,77,48,0.623376623,3
b12_edp4_longestoverlap_ISI_7_test,b12,p4,Eng,mixed,7,3,1.04,2.88,13,Eng,77,48,77,48,0.623376623,3
b12_edp4_longestoverlap_ISI_8_test,b12,p4,Eng,mixed,8,4,1.34,2.98,13,Eng,77,48,77,48,0.623376623,3
b12_edp4_longestoverlap_ISI_9_test,b12,p4,Eng,mixed,9,4,1.12,3.57,13,Eng,77,48,77,48,0.623376623,3
b12_edp4_longestoverlap_ISI_10_test,b12,p4,Eng,mixed,10,3,0.96,3.12,13,Eng,77,48,77,48,0.623376623,3
b12_eop4_longestoverlap_ISI_0_test,b12,p4,Eng,single,0,3,0.78,3.85,13,Eng,77,48,77,48,0.623376623,3
b12_eop4_longestoverlap_ISI_1_test,b12,p4,Eng,single,1,3,0.68,4.41,13,Eng,77,48,77,48,0.623376623,3
b12_eop4_longestoverlap_ISI_2_test,b12,p4,Eng,single,2,9,1.84,4.89,13,Eng,77,48,77,48,0.623376623,3
b12_eop4_longestoverlap_ISI_3_test,b12,p4,Eng,single,3,9,2.76,3.26,13,Eng,77,48,77,48,0.623376623,3
b12_eop4_longestoverlap_ISI_4_test,b12,p4,Eng,single,4,5,1.02,4.9,13,Eng,77,48,77,48,0.623376623,3
b12_eop4_longestoverlap_ISI_5_test,b12,p4,Eng,single,5,8,1.74,4.6,13,Eng,77,48,77,48,0.623376623,3
b12_eop4_longestoverlap_ISI_6_test,b12,p4,Eng,single,6,15,3.1,4.84,13,Eng,77,48,77,48,0.623376623,3
b12_eop4_longestoverlap_ISI_7_test,b12,p4,Eng,single,7,3,1,3,13,Eng,77,48,77,48,0.623376623,3
b12_eop4_longestoverlap_ISI_8_test,b12,p4,Eng,single,8,5,1.36,3.68,13,Eng,77,48,77,48,0.623376623,3
b12_eop4_longestoverlap_ISI_9_test,b12,p4,Eng,single,9,5,1.04,4.81,13,Eng,77,48,77,48,0.623376623,3
b12_eop4_longestoverlap_ISI_10_test,b12,p4,Eng,single,10,3,0.9,3.33,13,Eng,77,48,77,48,0.623376623,3
b13_edp3_longestoverlap_ISI_0_test,b13,p3,Eng,mixed,0,5,1.46,3.42,14,Eng,67,51,67,51,0.76119403,0
b13_edp3_longestoverlap_ISI_1_test,b13,p3,Eng,mixed,1,7,1.6,4.37,14,Eng,67,51,67,51,0.76119403,0
b13_edp3_longestoverlap_ISI_2_test,b13,p3,Eng,mixed,2,6,1.64,3.66,14,Eng,67,51,67,51,0.76119403,0
b13_edp3_longestoverlap_ISI_3_test,b13,p3,Eng,mixed,3,5,1.04,4.81,14,Eng,67,51,67,51,0.76119403,0
b13_edp3_longestoverlap_ISI_4_test,b13,p3,Eng,mixed,4,5,1.34,3.73,14,Eng,67,51,67,51,0.76119403,0
b13_edp3_longestoverlap_ISI_5_test,b13,p3,Eng,mixed,5,3,0.92,3.26,14,Eng,67,51,67,51,0.76119403,0
b13_edp3_longestoverlap_ISI_6_test,b13,p3,Eng,mixed,6,3,1.08,2.78,14,Eng,67,51,67,51,0.76119403,0
b13_edp3_longestoverlap_ISI_7_test,b13,p3,Eng,mixed,7,6,1.24,4.84,14,Eng,67,51,67,51,0.76119403,0
b13_edp3_longestoverlap_ISI_8_test,b13,p3,Eng,mixed,8,14,3.22,4.35,14,Eng,67,51,67,51,0.76119403,0
b13_edp3_longestoverlap_ISI_9_test,b13,p3,Eng,mixed,9,10,2.4,4.17,14,Eng,67,51,67,51,0.76119403,0
b13_edp3_longestoverlap_ISI_10_test,b13,p3,Eng,mixed,10,6,1.16,5.17,14,Eng,67,51,67,51,0.76119403,0
b13_eop3_longestoverlap_ISI_0_test,b13,p3,Eng,single,0,6,1.46,4.11,14,Eng,67,51,67,51,0.76119403,0
b13_eop3_longestoverlap_ISI_1_test,b13,p3,Eng,single,1,7,2.14,3.27,14,Eng,67,51,67,51,0.76119403,0
b13_eop3_longestoverlap_ISI_2_test,b13,p3,Eng,single,2,6,1.52,3.95,14,Eng,67,51,67,51,0.76119403,0
b13_eop3_longestoverlap_ISI_3_test,b13,p3,Eng,single,3,3,0.82,3.66,14,Eng,67,51,67,51,0.76119403,0
b13_eop3_longestoverlap_ISI_4_test,b13,p3,Eng,single,4,4,1.42,2.82,14,Eng,67,51,67,51,0.76119403,0
b13_eop3_longestoverlap_ISI_5_test,b13,p3,Eng,single,5,4,1.28,3.12,14,Eng,67,51,67,51,0.76119403,0
b13_eop3_longestoverlap_ISI_6_test,b13,p3,Eng,single,6,3,0.96,3.12,14,Eng,67,51,67,51,0.76119403,0
b13_eop3_longestoverlap_ISI_7_test,b13,p3,Eng,single,7,5,1.26,3.97,14,Eng,67,51,67,51,0.76119403,0
b13_eop3_longestoverlap_ISI_8_test,b13,p3,Eng,single,8,15,3.18,4.72,14,Eng,67,51,67,51,0.76119403,0
b13_eop3_longestoverlap_ISI_9_test,b13,p3,Eng,single,9,11,2.32,4.74,14,Eng,67,51,67,51,0.76119403,0
b13_eop3_longestoverlap_ISI_10_test,b13,p3,Eng,single,10,6,1.36,4.41,14,Eng,67,51,67,51,0.76119403,0
b13_edp4_longestoverlap_ISI_0_test,b13,p4,Eng,mixed,0,4,0.8,5,14,Eng,67,51,67,51,0.76119403,0
b13_edp4_longestoverlap_ISI_1_test,b13,p4,Eng,mixed,1,2,0.78,2.56,14,Eng,67,51,67,51,0.76119403,0
b13_edp4_longestoverlap_ISI_2_test,b13,p4,Eng,mixed,2,6,1.26,4.76,14,Eng,67,51,67,51,0.76119403,0
b13_edp4_longestoverlap_ISI_3_test,b13,p4,Eng,mixed,3,8,1.62,4.94,14,Eng,67,51,67,51,0.76119403,0
b13_edp4_longestoverlap_ISI_4_test,b13,p4,Eng,mixed,4,4,1.24,3.22,14,Eng,67,51,67,51,0.76119403,0
b13_edp4_longestoverlap_ISI_5_test,b13,p4,Eng,mixed,5,8,1.64,4.88,14,Eng,67,51,67,51,0.76119403,0
b13_edp4_longestoverlap_ISI_6_test,b13,p4,Eng,mixed,6,5,1.66,3.01,14,Eng,67,51,67,51,0.76119403,0
b13_edp4_longestoverlap_ISI_7_test,b13,p4,Eng,mixed,7,11,2.88,3.82,14,Eng,67,51,67,51,0.76119403,0
b13_edp4_longestoverlap_ISI_8_test,b13,p4,Eng,mixed,8,5,1.38,3.62,14,Eng,67,51,67,51,0.76119403,0
b13_edp4_longestoverlap_ISI_9_test,b13,p4,Eng,mixed,9,4,1.26,3.17,14,Eng,67,51,67,51,0.76119403,0
b13_edp4_longestoverlap_ISI_10_test,b13,p4,Eng,mixed,10,2,1,2,14,Eng,67,51,67,51,0.76119403,0
b13_eop4_longestoverlap_ISI_0_test,b13,p4,Eng,single,0,4,1.04,3.85,14,Eng,67,51,67,51,0.76119403,0
b13_eop4_longestoverlap_ISI_1_test,b13,p4,Eng,single,1,2,0.86,2.33,14,Eng,67,51,67,51,0.76119403,0
b13_eop4_longestoverlap_ISI_2_test,b13,p4,Eng,single,2,4,1.22,3.28,14,Eng,67,51,67,51,0.76119403,0
b13_eop4_longestoverlap_ISI_3_test,b13,p4,Eng,single,3,7,1.78,3.93,14,Eng,67,51,67,51,0.76119403,0
b13_eop4_longestoverlap_ISI_4_test,b13,p4,Eng,single,4,5,1.36,3.68,14,Eng,67,51,67,51,0.76119403,0
b13_eop4_longestoverlap_ISI_5_test,b13,p4,Eng,single,5,8,1.86,4.3,14,Eng,67,51,67,51,0.76119403,0
b13_eop4_longestoverlap_ISI_6_test,b13,p4,Eng,single,6,3,1.38,2.17,14,Eng,67,51,67,51,0.76119403,0
b13_eop4_longestoverlap_ISI_7_test,b13,p4,Eng,single,7,9,2.78,3.24,14,Eng,67,51,67,51,0.76119403,0
b13_eop4_longestoverlap_ISI_8_test,b13,p4,Eng,single,8,6,1.52,3.95,14,Eng,67,51,67,51,0.76119403,0
b13_eop4_longestoverlap_ISI_9_test,b13,p4,Eng,single,9,4,1.3,3.08,14,Eng,67,51,67,51,0.76119403,0
b13_eop4_longestoverlap_ISI_10_test,b13,p4,Eng,single,10,4,1.14,3.51,14,Eng,67,51,67,51,0.76119403,0
b14r_edp3_longestoverlap_ISI_0_test,b14r,p3,Eng,mixed,0,11,2.58,4.26,15,Eng,67,41,67,41,0.611940299,7
b14r_edp3_longestoverlap_ISI_1_test,b14r,p3,Eng,mixed,1,7,1.6,4.37,15,Eng,67,41,67,41,0.611940299,7
b14r_edp3_longestoverlap_ISI_2_test,b14r,p3,Eng,mixed,2,4,1.34,2.98,15,Eng,67,41,67,41,0.611940299,7
b14r_edp3_longestoverlap_ISI_3_test,b14r,p3,Eng,mixed,3,5,1.04,4.81,15,Eng,67,41,67,41,0.611940299,7
b14r_edp3_longestoverlap_ISI_4_test,b14r,p3,Eng,mixed,4,4,0.86,4.65,15,Eng,67,41,67,41,0.611940299,7
b14r_edp3_longestoverlap_ISI_5_test,b14r,p3,Eng,mixed,5,6,1.76,3.41,15,Eng,67,41,67,41,0.611940299,7
b14r_edp3_longestoverlap_ISI_6_test,b14r,p3,Eng,mixed,6,4,0.96,4.17,15,Eng,67,41,67,41,0.611940299,7
b14r_edp3_longestoverlap_ISI_7_test,b14r,p3,Eng,mixed,7,7,1.7,4.12,15,Eng,67,41,67,41,0.611940299,7
b14r_edp3_longestoverlap_ISI_8_test,b14r,p3,Eng,mixed,8,12,2.72,4.41,15,Eng,67,41,67,41,0.611940299,7
b14r_edp3_longestoverlap_ISI_9_test,b14r,p3,Eng,mixed,9,12,2.72,4.41,15,Eng,67,41,67,41,0.611940299,7
b14r_edp3_longestoverlap_ISI_10_test,b14r,p3,Eng,mixed,10,6,1.66,3.61,15,Eng,67,41,67,41,0.611940299,7
b14r_eop3_longestoverlap_ISI_0_test,b14r,p3,Eng,single,0,10,2.86,3.5,15,Eng,67,41,67,41,0.611940299,7
b14r_eop3_longestoverlap_ISI_1_test,b14r,p3,Eng,single,1,6,1.58,3.8,15,Eng,67,41,67,41,0.611940299,7
b14r_eop3_longestoverlap_ISI_2_test,b14r,p3,Eng,single,2,4,1.36,2.94,15,Eng,67,41,67,41,0.611940299,7
b14r_eop3_longestoverlap_ISI_3_test,b14r,p3,Eng,single,3,2,0.78,2.56,15,Eng,67,41,67,41,0.611940299,7
b14r_eop3_longestoverlap_ISI_4_test,b14r,p3,Eng,single,4,4,0.94,4.25,15,Eng,67,41,67,41,0.611940299,7
b14r_eop3_longestoverlap_ISI_5_test,b14r,p3,Eng,single,5,10,1.76,5.68,15,Eng,67,41,67,41,0.611940299,7
b14r_eop3_longestoverlap_ISI_6_test,b14r,p3,Eng,single,6,4,1.02,3.92,15,Eng,67,41,67,41,0.611940299,7
b14r_eop3_longestoverlap_ISI_7_test,b14r,p3,Eng,single,7,7,1.58,4.43,15,Eng,67,41,67,41,0.611940299,7
b14r_eop3_longestoverlap_ISI_8_test,b14r,p3,Eng,single,8,11,2.64,4.16,15,Eng,67,41,67,41,0.611940299,7
b14r_eop3_longestoverlap_ISI_9_test,b14r,p3,Eng,single,9,10,2.38,4.2,15,Eng,67,41,67,41,0.611940299,7
b14r_eop3_longestoverlap_ISI_10_test,b14r,p3,Eng,single,10,6,1.64,3.66,15,Eng,67,41,67,41,0.611940299,7
b14r_edp4_longestoverlap_ISI_0_test,b14r,p4,Eng,mixed,0,4,0.88,4.54,15,Eng,67,41,67,41,0.611940299,7
b14r_edp4_longestoverlap_ISI_1_test,b14r,p4,Eng,mixed,1,4,0.84,4.76,15,Eng,67,41,67,41,0.611940299,7
b14r_edp4_longestoverlap_ISI_2_test,b14r,p4,Eng,mixed,2,9,1.98,4.54,15,Eng,67,41,67,41,0.611940299,7
b14r_edp4_longestoverlap_ISI_3_test,b14r,p4,Eng,mixed,3,9,2.5,3.6,15,Eng,67,41,67,41,0.611940299,7
b14r_edp4_longestoverlap_ISI_4_test,b14r,p4,Eng,mixed,4,11,2.8,3.93,15,Eng,67,41,67,41,0.611940299,7
b14r_edp4_longestoverlap_ISI_5_test,b14r,p4,Eng,mixed,5,4,1.22,3.28,15,Eng,67,41,67,41,0.611940299,7
b14r_edp4_longestoverlap_ISI_6_test,b14r,p4,Eng,mixed,6,5,1.46,3.42,15,Eng,67,41,67,41,0.611940299,7
b14r_edp4_longestoverlap_ISI_7_test,b14r,p4,Eng,mixed,7,3,1.12,2.68,15,Eng,67,41,67,41,0.611940299,7
b14r_edp4_longestoverlap_ISI_8_test,b14r,p4,Eng,mixed,8,6,1.36,4.41,15,Eng,67,41,67,41,0.611940299,7
b14r_edp4_longestoverlap_ISI_9_test,b14r,p4,Eng,mixed,9,6,1.14,5.26,15,Eng,67,41,67,41,0.611940299,7
b14r_edp4_longestoverlap_ISI_10_test,b14r,p4,Eng,mixed,10,4,1.22,3.28,15,Eng,67,41,67,41,0.611940299,7
b14r_eop4_longestoverlap_ISI_0_test,b14r,p4,Eng,single,0,3,0.94,3.19,15,Eng,67,41,67,41,0.611940299,7
b14r_eop4_longestoverlap_ISI_1_test,b14r,p4,Eng,single,1,3,0.9,3.33,15,Eng,67,41,67,41,0.611940299,7
b14r_eop4_longestoverlap_ISI_2_test,b14r,p4,Eng,single,2,8,1.98,4.04,15,Eng,67,41,67,41,0.611940299,7
b14r_eop4_longestoverlap_ISI_3_test,b14r,p4,Eng,single,3,9,2.56,3.51,15,Eng,67,41,67,41,0.611940299,7
b14r_eop4_longestoverlap_ISI_4_test,b14r,p4,Eng,single,4,9,2.8,3.21,15,Eng,67,41,67,41,0.611940299,7
b14r_eop4_longestoverlap_ISI_5_test,b14r,p4,Eng,single,5,4,1.22,3.28,15,Eng,67,41,67,41,0.611940299,7
b14r_eop4_longestoverlap_ISI_6_test,b14r,p4,Eng,single,6,6,1.46,4.11,15,Eng,67,41,67,41,0.611940299,7
b14r_eop4_longestoverlap_ISI_7_test,b14r,p4,Eng,single,7,3,1.12,2.68,15,Eng,67,41,67,41,0.611940299,7
b14r_eop4_longestoverlap_ISI_8_test,b14r,p4,Eng,single,8,6,1.4,4.28,15,Eng,67,41,67,41,0.611940299,7
b14r_eop4_longestoverlap_ISI_9_test,b14r,p4,Eng,single,9,5,1.18,4.24,15,Eng,67,41,67,41,0.611940299,7
b14r_eop4_longestoverlap_ISI_10_test,b14r,p4,Eng,single,10,7,1.16,6.03,15,Eng,67,41,67,41,0.611940299,7
b15_edp3_longestoverlap_ISI_0_test,b15,p3,Eng,mixed,0,11,2.24,4.91,16,Eng,63,37,63,37,0.587301587,5
b15_edp3_longestoverlap_ISI_1_test,b15,p3,Eng,mixed,1,4,1.3,3.08,16,Eng,63,37,63,37,0.587301587,5
b15_edp3_longestoverlap_ISI_2_test,b15,p3,Eng,mixed,2,6,1.46,4.11,16,Eng,63,37,63,37,0.587301587,5
b15_edp3_longestoverlap_ISI_4_test,b15,p3,Eng,mixed,4,4,1.24,3.22,16,Eng,63,37,63,37,0.587301587,5
b15_edp3_longestoverlap_ISI_5_test,b15,p3,Eng,mixed,5,5,1.64,3.05,16,Eng,63,37,63,37,0.587301587,5
b15_edp3_longestoverlap_ISI_7_test,b15,p3,Eng,mixed,7,3,0.82,3.66,16,Eng,63,37,63,37,0.587301587,5
b15_edp3_longestoverlap_ISI_8_test,b15,p3,Eng,mixed,8,9,2.86,3.15,16,Eng,63,37,63,37,0.587301587,5
b15_edp3_longestoverlap_ISI_9_test,b15,p3,Eng,mixed,9,12,3.08,3.9,16,Eng,63,37,63,37,0.587301587,5
b15_eop3_longestoverlap_ISI_0_test,b15,p3,Eng,single,0,10,2.2,4.54,16,Eng,63,37,63,37,0.587301587,5
b15_eop3_longestoverlap_ISI_1_test,b15,p3,Eng,single,1,4,1.4,2.86,16,Eng,63,37,63,37,0.587301587,5
b15_eop3_longestoverlap_ISI_2_test,b15,p3,Eng,single,2,6,1.48,4.05,16,Eng,63,37,63,37,0.587301587,5
b15_eop3_longestoverlap_ISI_4_test,b15,p3,Eng,single,4,6,1.4,4.28,16,Eng,63,37,63,37,0.587301587,5
b15_eop3_longestoverlap_ISI_5_test,b15,p3,Eng,single,5,4,0.94,4.25,16,Eng,63,37,63,37,0.587301587,5
b15_eop3_longestoverlap_ISI_7_test,b15,p3,Eng,single,7,4,0.96,4.17,16,Eng,63,37,63,37,0.587301587,5
b15_eop3_longestoverlap_ISI_8_test,b15,p3,Eng,single,8,12,2.96,4.05,16,Eng,63,37,63,37,0.587301587,5
b15_eop3_longestoverlap_ISI_9_test,b15,p3,Eng,single,9,11,2.9,3.79,16,Eng,63,37,63,37,0.587301587,5
b15_edp4_longestoverlap_ISI_0_test,b15,p4,Eng,mixed,0,4,0.82,4.88,16,Eng,63,37,63,37,0.587301587,5
b15_edp4_longestoverlap_ISI_1_test,b15,p4,Eng,mixed,1,4,0.8,5,16,Eng,63,37,63,37,0.587301587,5
b15_edp4_longestoverlap_ISI_2_test,b15,p4,Eng,mixed,2,4,1.16,3.45,16,Eng,63,37,63,37,0.587301587,5
b15_edp4_longestoverlap_ISI_3_test,b15,p4,Eng,mixed,3,7,1.82,3.85,16,Eng,63,37,63,37,0.587301587,5
b15_edp4_longestoverlap_ISI_4_test,b15,p4,Eng,mixed,4,5,1.16,4.31,16,Eng,63,37,63,37,0.587301587,5
b15_edp4_longestoverlap_ISI_5_test,b15,p4,Eng,mixed,5,7,1.78,3.93,16,Eng,63,37,63,37,0.587301587,5
b15_edp4_longestoverlap_ISI_6_test,b15,p4,Eng,mixed,6,10,2.78,3.6,16,Eng,63,37,63,37,0.587301587,5
b15_edp4_longestoverlap_ISI_7_test,b15,p4,Eng,mixed,7,2,1.18,1.69,16,Eng,63,37,63,37,0.587301587,5
b15_edp4_longestoverlap_ISI_8_test,b15,p4,Eng,mixed,8,2,0.66,3.03,16,Eng,63,37,63,37,0.587301587,5
b15_edp4_longestoverlap_ISI_9_test,b15,p4,Eng,mixed,9,7,1.36,5.15,16,Eng,63,37,63,37,0.587301587,5
b15_edp4_longestoverlap_ISI_10_test,b15,p4,Eng,mixed,10,2,0.56,3.57,16,Eng,63,37,63,37,0.587301587,5
b15_eop4_longestoverlap_ISI_0_test,b15,p4,Eng,single,0,4,0.82,4.88,16,Eng,63,37,63,37,0.587301587,5
b15_eop4_longestoverlap_ISI_1_test,b15,p4,Eng,single,1,2,0.88,2.27,16,Eng,63,37,63,37,0.587301587,5
b15_eop4_longestoverlap_ISI_2_test,b15,p4,Eng,single,2,5,1.3,3.84,16,Eng,63,37,63,37,0.587301587,5
b15_eop4_longestoverlap_ISI_3_test,b15,p4,Eng,single,3,7,1.64,4.27,16,Eng,63,37,63,37,0.587301587,5
b15_eop4_longestoverlap_ISI_4_test,b15,p4,Eng,single,4,5,1.3,3.84,16,Eng,63,37,63,37,0.587301587,5
b15_eop4_longestoverlap_ISI_5_test,b15,p4,Eng,single,5,7,1.86,3.76,16,Eng,63,37,63,37,0.587301587,5
b15_eop4_longestoverlap_ISI_6_test,b15,p4,Eng,single,6,12,2.54,4.72,16,Eng,63,37,63,37,0.587301587,5
b15_eop4_longestoverlap_ISI_7_test,b15,p4,Eng,single,7,4,1.22,3.28,16,Eng,63,37,63,37,0.587301587,5
b15_eop4_longestoverlap_ISI_8_test,b15,p4,Eng,single,8,2,0.72,2.78,16,Eng,63,37,63,37,0.587301587,5
b15_eop4_longestoverlap_ISI_9_test,b15,p4,Eng,single,9,7,1.3,5.38,16,Eng,63,37,63,37,0.587301587,5
b15_eop4_longestoverlap_ISI_10_test,b15,p4,Eng,single,10,3,0.56,5.35,16,Eng,63,37,63,37,0.587301587,5
b16rrr_edp3_longestoverlap_ISI_0_test,b16rrr,p3,Eng,mixed,0,14,3.9,3.59,17,Eng,67,40,67,40,0.597014925,4
b16rrr_edp3_longestoverlap_ISI_1_test,b16rrr,p3,Eng,mixed,1,7,1.66,4.22,17,Eng,67,40,67,40,0.597014925,4
b16rrr_edp3_longestoverlap_ISI_2_test,b16rrr,p3,Eng,mixed,2,10,2.16,4.63,17,Eng,67,40,67,40,0.597014925,4
b16rrr_edp3_longestoverlap_ISI_3_test,b16rrr,p3,Eng,mixed,3,5,1.28,3.91,17,Eng,67,40,67,40,0.597014925,4
b16rrr_edp3_longestoverlap_ISI_4_test,b16rrr,p3,Eng,mixed,4,3,0.8,3.75,17,Eng,67,40,67,40,0.597014925,4
b16rrr_edp3_longestoverlap_ISI_5_test,b16rrr,p3,Eng,mixed,5,2,1,2,17,Eng,67,40,67,40,0.597014925,4
b16rrr_edp3_longestoverlap_ISI_6_test,b16rrr,p3,Eng,mixed,6,2,0.96,2.08,17,Eng,67,40,67,40,0.597014925,4
b16rrr_edp3_longestoverlap_ISI_7_test,b16rrr,p3,Eng,mixed,7,8,2.1,3.81,17,Eng,67,40,67,40,0.597014925,4
b16rrr_edp3_longestoverlap_ISI_8_test,b16rrr,p3,Eng,mixed,8,9,2.12,4.24,17,Eng,67,40,67,40,0.597014925,4
b16rrr_edp3_longestoverlap_ISI_9_test,b16rrr,p3,Eng,mixed,9,15,3.9,3.85,17,Eng,67,40,67,40,0.597014925,4
b16rrr_edp3_longestoverlap_ISI_10_test,b16rrr,p3,Eng,mixed,10,2,0.82,2.44,17,Eng,67,40,67,40,0.597014925,4
b16rrr_eop3_longestoverlap_ISI_0_test,b16rrr,p3,Eng,single,0,15,3.6,4.17,17,Eng,67,40,67,40,0.597014925,4
b16rrr_eop3_longestoverlap_ISI_1_test,b16rrr,p3,Eng,single,1,7,1.86,3.76,17,Eng,67,40,67,40,0.597014925,4
b16rrr_eop3_longestoverlap_ISI_2_test,b16rrr,p3,Eng,single,2,11,2.8,3.93,17,Eng,67,40,67,40,0.597014925,4
b16rrr_eop3_longestoverlap_ISI_3_test,b16rrr,p3,Eng,single,3,5,0.82,6.1,17,Eng,67,40,67,40,0.597014925,4
b16rrr_eop3_longestoverlap_ISI_4_test,b16rrr,p3,Eng,single,4,3,1.08,2.78,17,Eng,67,40,67,40,0.597014925,4
b16rrr_eop3_longestoverlap_ISI_5_test,b16rrr,p3,Eng,single,5,4,1.18,3.39,17,Eng,67,40,67,40,0.597014925,4
b16rrr_eop3_longestoverlap_ISI_6_test,b16rrr,p3,Eng,single,6,4,1.28,3.12,17,Eng,67,40,67,40,0.597014925,4
b16rrr_eop3_longestoverlap_ISI_7_test,b16rrr,p3,Eng,single,7,7,2.32,3.02,17,Eng,67,40,67,40,0.597014925,4
b16rrr_eop3_longestoverlap_ISI_8_test,b16rrr,p3,Eng,single,8,7,2.52,2.78,17,Eng,67,40,67,40,0.597014925,4
b16rrr_eop3_longestoverlap_ISI_9_test,b16rrr,p3,Eng,single,9,13,3.2,4.06,17,Eng,67,40,67,40,0.597014925,4
b16rrr_eop3_longestoverlap_ISI_10_test,b16rrr,p3,Eng,single,10,3,1.04,2.88,17,Eng,67,40,67,40,0.597014925,4
b16rrr_edp4_longestoverlap_ISI_0_test,b16rrr,p4,Eng,mixed,0,4,1.06,3.77,17,Eng,67,40,67,40,0.597014925,4
b16rrr_edp4_longestoverlap_ISI_2_test,b16rrr,p4,Eng,mixed,2,6,1.44,4.17,17,Eng,67,40,67,40,0.597014925,4
b16rrr_edp4_longestoverlap_ISI_3_test,b16rrr,p4,Eng,mixed,3,8,2.06,3.88,17,Eng,67,40,67,40,0.597014925,4
b16rrr_edp4_longestoverlap_ISI_4_test,b16rrr,p4,Eng,mixed,4,14,2.76,5.07,17,Eng,67,40,67,40,0.597014925,4
b16rrr_edp4_longestoverlap_ISI_5_test,b16rrr,p4,Eng,mixed,5,11,2.66,4.13,17,Eng,67,40,67,40,0.597014925,4
b16rrr_edp4_longestoverlap_ISI_6_test,b16rrr,p4,Eng,mixed,6,6,1.3,4.61,17,Eng,67,40,67,40,0.597014925,4
b16rrr_edp4_longestoverlap_ISI_7_test,b16rrr,p4,Eng,mixed,7,7,1.62,4.32,17,Eng,67,40,67,40,0.597014925,4
b16rrr_edp4_longestoverlap_ISI_8_test,b16rrr,p4,Eng,mixed,8,5,1.42,3.52,17,Eng,67,40,67,40,0.597014925,4
b16rrr_edp4_longestoverlap_ISI_9_test,b16rrr,p4,Eng,mixed,9,4,1.26,3.17,17,Eng,67,40,67,40,0.597014925,4
b16rrr_edp4_longestoverlap_ISI_10_test,b16rrr,p4,Eng,mixed,10,8,2.5,3.2,17,Eng,67,40,67,40,0.597014925,4
b16rrr_eop4_longestoverlap_ISI_0_test,b16rrr,p4,Eng,single,0,3,0.82,3.66,17,Eng,67,40,67,40,0.597014925,4
b16rrr_eop4_longestoverlap_ISI_2_test,b16rrr,p4,Eng,single,2,6,1.64,3.66,17,Eng,67,40,67,40,0.597014925,4
b16rrr_eop4_longestoverlap_ISI_3_test,b16rrr,p4,Eng,single,3,9,2.08,4.33,17,Eng,67,40,67,40,0.597014925,4
b16rrr_eop4_longestoverlap_ISI_4_test,b16rrr,p4,Eng,single,4,8,2.48,3.23,17,Eng,67,40,67,40,0.597014925,4
b16rrr_eop4_longestoverlap_ISI_5_test,b16rrr,p4,Eng,single,5,9,2.14,4.2,17,Eng,67,40,67,40,0.597014925,4
b16rrr_eop4_longestoverlap_ISI_6_test,b16rrr,p4,Eng,single,6,6,1.4,4.28,17,Eng,67,40,67,40,0.597014925,4
b16rrr_eop4_longestoverlap_ISI_7_test,b16rrr,p4,Eng,single,7,5,1.5,3.33,17,Eng,67,40,67,40,0.597014925,4
b16rrr_eop4_longestoverlap_ISI_8_test,b16rrr,p4,Eng,single,8,5,1.18,4.24,17,Eng,67,40,67,40,0.597014925,4
b16rrr_eop4_longestoverlap_ISI_9_test,b16rrr,p4,Eng,single,9,5,1.42,3.52,17,Eng,67,40,67,40,0.597014925,4
b16rrr_eop4_longestoverlap_ISI_10_test,b16rrr,p4,Eng,single,10,4,1.16,3.45,17,Eng,67,40,67,40,0.597014925,4
b17_edp3_longestoverlap_ISI_0_test,b17,p3,Eng,mixed,0,4,1.38,2.9,2,Eng,61,51,61,51,0.836065574,6
b17_edp3_longestoverlap_ISI_1_test,b17,p3,Eng,mixed,1,16,3.1,5.16,2,Eng,61,51,61,51,0.836065574,6
b17_edp3_longestoverlap_ISI_2_test,b17,p3,Eng,mixed,2,5,0.96,5.21,2,Eng,61,51,61,51,0.836065574,6
b17_edp3_longestoverlap_ISI_4_test,b17,p3,Eng,mixed,4,4,1.22,3.28,2,Eng,61,51,61,51,0.836065574,6
b17_edp3_longestoverlap_ISI_5_test,b17,p3,Eng,mixed,5,7,1.44,4.86,2,Eng,61,51,61,51,0.836065574,6
b17_edp3_longestoverlap_ISI_7_test,b17,p3,Eng,mixed,7,6,1.52,3.95,2,Eng,61,51,61,51,0.836065574,6
b17_edp3_longestoverlap_ISI_8_test,b17,p3,Eng,mixed,8,11,2.66,4.14,2,Eng,61,51,61,51,0.836065574,6
b17_edp3_longestoverlap_ISI_9_test,b17,p3,Eng,mixed,9,13,3.56,3.65,2,Eng,61,51,61,51,0.836065574,6
b17_edp3_longestoverlap_ISI_10_test,b17,p3,Eng,mixed,10,9,2.02,4.46,2,Eng,61,51,61,51,0.836065574,6
b17_eop3_longestoverlap_ISI_0_test,b17,p3,Eng,single,0,5,1.44,3.47,2,Eng,61,51,61,51,0.836065574,6
b17_eop3_longestoverlap_ISI_1_test,b17,p3,Eng,single,1,17,3.28,5.18,2,Eng,61,51,61,51,0.836065574,6
b17_eop3_longestoverlap_ISI_2_test,b17,p3,Eng,single,2,4,0.96,4.17,2,Eng,61,51,61,51,0.836065574,6
b17_eop3_longestoverlap_ISI_4_test,b17,p3,Eng,single,4,4,1.06,3.77,2,Eng,61,51,61,51,0.836065574,6
b17_eop3_longestoverlap_ISI_5_test,b17,p3,Eng,single,5,6,1.24,4.84,2,Eng,61,51,61,51,0.836065574,6
b17_eop3_longestoverlap_ISI_7_test,b17,p3,Eng,single,7,7,1.36,5.15,2,Eng,61,51,61,51,0.836065574,6
b17_eop3_longestoverlap_ISI_8_test,b17,p3,Eng,single,8,13,2.68,4.85,2,Eng,61,51,61,51,0.836065574,6
b17_eop3_longestoverlap_ISI_9_test,b17,p3,Eng,single,9,16,3.1,5.16,2,Eng,61,51,61,51,0.836065574,6
b17_eop3_longestoverlap_ISI_10_test,b17,p3,Eng,single,10,9,1.88,4.79,2,Eng,61,51,61,51,0.836065574,6
b17_edp4_longestoverlap_ISI_0_test,b17,p4,Eng,mixed,0,3,0.84,3.57,2,Eng,61,51,61,51,0.836065574,6
b17_edp4_longestoverlap_ISI_1_test,b17,p4,Eng,mixed,1,2,0.82,2.44,2,Eng,61,51,61,51,0.836065574,6
b17_edp4_longestoverlap_ISI_2_test,b17,p4,Eng,mixed,2,4,1.24,3.23,2,Eng,61,51,61,51,0.836065574,6
b17_edp4_longestoverlap_ISI_3_test,b17,p4,Eng,mixed,3,6,1.82,3.3,2,Eng,61,51,61,51,0.836065574,6
b17_edp4_longestoverlap_ISI_4_test,b17,p4,Eng,mixed,4,14,2.92,4.79,2,Eng,61,51,61,51,0.836065574,6
b17_edp4_longestoverlap_ISI_5_test,b17,p4,Eng,mixed,5,8,1.72,4.65,2,Eng,61,51,61,51,0.836065574,6
b17_edp4_longestoverlap_ISI_6_test,b17,p4,Eng,mixed,6,10,2.08,4.81,2,Eng,61,51,61,51,0.836065574,6
b17_edp4_longestoverlap_ISI_7_test,b17,p4,Eng,mixed,7,3,1.08,2.78,2,Eng,61,51,61,51,0.836065574,6
b17_edp4_longestoverlap_ISI_8_test,b17,p4,Eng,mixed,8,5,0.94,5.32,2,Eng,61,51,61,51,0.836065574,6
b17_edp4_longestoverlap_ISI_9_test,b17,p4,Eng,mixed,9,5,0.9,5.55,2,Eng,61,51,61,51,0.836065574,6
b17_edp4_longestoverlap_ISI_10_test,b17,p4,Eng,mixed,10,4,1.16,3.45,2,Eng,61,51,61,51,0.836065574,6
b17_eop4_longestoverlap_ISI_0_test,b17,p4,Eng,single,0,2,0.82,2.44,2,Eng,61,51,61,51,0.836065574,6
b17_eop4_longestoverlap_ISI_1_test,b17,p4,Eng,single,1,2,0.76,2.63,2,Eng,61,51,61,51,0.836065574,6
b17_eop4_longestoverlap_ISI_2_test,b17,p4,Eng,single,2,5,1.18,4.24,2,Eng,61,51,61,51,0.836065574,6
b17_eop4_longestoverlap_ISI_3_test,b17,p4,Eng,single,3,7,1.94,3.61,2,Eng,61,51,61,51,0.836065574,6
b17_eop4_longestoverlap_ISI_4_test,b17,p4,Eng,single,4,14,3.14,4.46,2,Eng,61,51,61,51,0.836065574,6
b17_eop4_longestoverlap_ISI_5_test,b17,p4,Eng,single,5,9,1.74,5.17,2,Eng,61,51,61,51,0.836065574,6
b17_eop4_longestoverlap_ISI_6_test,b17,p4,Eng,single,6,9,1.76,5.11,2,Eng,61,51,61,51,0.836065574,6
b17_eop4_longestoverlap_ISI_7_test,b17,p4,Eng,single,7,3,1.04,2.88,2,Eng,61,51,61,51,0.836065574,6
b17_eop4_longestoverlap_ISI_8_test,b17,p4,Eng,single,8,2,1.08,1.85,2,Eng,61,51,61,51,0.836065574,6
b17_eop4_longestoverlap_ISI_9_test,b17,p4,Eng,single,9,5,0.98,5.1,2,Eng,61,51,61,51,0.836065574,6
b17_eop4_longestoverlap_ISI_10_test,b17,p4,Eng,single,10,4,1.06,3.77,2,Eng,61,51,61,51,0.836065574,6
b18_edp3_longestoverlap_ISI_0_test,b18,p3,Eng,mixed,0,7,1.92,3.65,3,Eng,63,29,63,29,0.46031746,3
b18_edp3_longestoverlap_ISI_1_test,b18,p3,Eng,mixed,1,3,1.2,2.5,3,Eng,63,29,63,29,0.46031746,3
b18_edp3_longestoverlap_ISI_2_test,b18,p3,Eng,mixed,2,4,1.34,2.98,3,Eng,63,29,63,29,0.46031746,3
b18_edp3_longestoverlap_ISI_3_test,b18,p3,Eng,mixed,3,3,1.04,2.88,3,Eng,63,29,63,29,0.46031746,3
b18_edp3_longestoverlap_ISI_4_test,b18,p3,Eng,mixed,4,4,1.1,3.64,3,Eng,63,29,63,29,0.46031746,3
b18_edp3_longestoverlap_ISI_5_test,b18,p3,Eng,mixed,5,2,0.84,2.38,3,Eng,63,29,63,29,0.46031746,3
b18_edp3_longestoverlap_ISI_7_test,b18,p3,Eng,mixed,7,11,2.8,3.93,3,Eng,63,29,63,29,0.46031746,3
b18_edp3_longestoverlap_ISI_8_test,b18,p3,Eng,mixed,8,10,2.2,4.54,3,Eng,63,29,63,29,0.46031746,3
b18_edp3_longestoverlap_ISI_9_test,b18,p3,Eng,mixed,9,6,1.44,4.17,3,Eng,63,29,63,29,0.46031746,3
b18_eop3_longestoverlap_ISI_0_test,b18,p3,Eng,single,0,7,1.56,4.49,3,Eng,63,29,63,29,0.46031746,3
b18_eop3_longestoverlap_ISI_1_test,b18,p3,Eng,single,1,4,1.04,3.84,3,Eng,63,29,63,29,0.46031746,3
b18_eop3_longestoverlap_ISI_2_test,b18,p3,Eng,single,2,4,0.98,4.08,3,Eng,63,29,63,29,0.46031746,3
b18_eop3_longestoverlap_ISI_3_test,b18,p3,Eng,single,3,3,0.72,4.17,3,Eng,63,29,63,29,0.46031746,3
b18_eop3_longestoverlap_ISI_4_test,b18,p3,Eng,single,4,4,1.08,3.7,3,Eng,63,29,63,29,0.46031746,3
b18_eop3_longestoverlap_ISI_5_test,b18,p3,Eng,single,5,2,0.94,2.13,3,Eng,63,29,63,29,0.46031746,3
b18_eop3_longestoverlap_ISI_7_test,b18,p3,Eng,single,7,10,2.66,3.76,3,Eng,63,29,63,29,0.46031746,3
b18_eop3_longestoverlap_ISI_8_test,b18,p3,Eng,single,8,9,2.08,4.33,3,Eng,63,29,63,29,0.46031746,3
b18_eop3_longestoverlap_ISI_9_test,b18,p3,Eng,single,9,5,1.28,3.9,3,Eng,63,29,63,29,0.46031746,3
b18_edp4_longestoverlap_ISI_0_test,b18,p4,Eng,mixed,0,3,0.92,3.26,3,Eng,63,29,63,29,0.46031746,3
b18_edp4_longestoverlap_ISI_2_test,b18,p4,Eng,mixed,2,9,2.08,4.33,3,Eng,63,29,63,29,0.46031746,3
b18_edp4_longestoverlap_ISI_3_test,b18,p4,Eng,mixed,3,5,1.46,3.42,3,Eng,63,29,63,29,0.46031746,3
b18_edp4_longestoverlap_ISI_4_test,b18,p4,Eng,mixed,4,5,1.56,3.2,3,Eng,63,29,63,29,0.46031746,3
b18_edp4_longestoverlap_ISI_5_test,b18,p4,Eng,mixed,5,7,1.78,3.93,3,Eng,63,29,63,29,0.46031746,3
b18_edp4_longestoverlap_ISI_6_test,b18,p4,Eng,mixed,6,19,3.94,4.82,3,Eng,63,29,63,29,0.46031746,3
b18_edp4_longestoverlap_ISI_7_test,b18,p4,Eng,mixed,7,3,0.92,3.26,3,Eng,63,29,63,29,0.46031746,3
b18_edp4_longestoverlap_ISI_8_test,b18,p4,Eng,mixed,8,5,1.3,3.85,3,Eng,63,29,63,29,0.46031746,3
b18_edp4_longestoverlap_ISI_9_test,b18,p4,Eng,mixed,9,4,0.96,4.17,3,Eng,63,29,63,29,0.46031746,3
b18_edp4_longestoverlap_ISI_10_test,b18,p4,Eng,mixed,10,3,0.5,6,3,Eng,63,29,63,29,0.46031746,3
b18_eop4_longestoverlap_ISI_0_test,b18,p4,Eng,single,0,3,0.72,4.16,3,Eng,63,29,63,29,0.46031746,3
b18_eop4_longestoverlap_ISI_2_test,b18,p4,Eng,single,2,8,1.92,4.16,3,Eng,63,29,63,29,0.46031746,3
b18_eop4_longestoverlap_ISI_3_test,b18,p4,Eng,single,3,5,1.34,3.73,3,Eng,63,29,63,29,0.46031746,3
b18_eop4_longestoverlap_ISI_4_test,b18,p4,Eng,single,4,8,1.78,4.49,3,Eng,63,29,63,29,0.46031746,3
b18_eop4_longestoverlap_ISI_5_test,b18,p4,Eng,single,5,8,1.56,5.13,3,Eng,63,29,63,29,0.46031746,3
b18_eop4_longestoverlap_ISI_6_test,b18,p4,Eng,single,6,17,3.64,4.67,3,Eng,63,29,63,29,0.46031746,3
b18_eop4_longestoverlap_ISI_7_test,b18,p4,Eng,single,7,3,0.92,3.26,3,Eng,63,29,63,29,0.46031746,3
b18_eop4_longestoverlap_ISI_8_test,b18,p4,Eng,single,8,4,1.16,3.45,3,Eng,63,29,63,29,0.46031746,3
b18_eop4_longestoverlap_ISI_9_test,b18,p4,Eng,single,9,4,0.9,4.44,3,Eng,63,29,63,29,0.46031746,3
b18_eop4_longestoverlap_ISI_10_test,b18,p4,Eng,single,10,3,0.52,5.77,3,Eng,63,29,63,29,0.46031746,3
b19_edp3_longestoverlap_ISI_0_test,b19,p3,Eng,mixed,0,9,1.84,4.89,4,Eng,72,58,72,58,0.805555556,0
b19_edp3_longestoverlap_ISI_1_test,b19,p3,Eng,mixed,1,6,1.3,4.61,4,Eng,72,58,72,58,0.805555556,0
b19_edp3_longestoverlap_ISI_2_test,b19,p3,Eng,mixed,2,5,1.22,4.1,4,Eng,72,58,72,58,0.805555556,0
b19_edp3_longestoverlap_ISI_3_test,b19,p3,Eng,mixed,3,4,1.04,3.85,4,Eng,72,58,72,58,0.805555556,0
b19_edp3_longestoverlap_ISI_4_test,b19,p3,Eng,mixed,4,4,1,4,4,Eng,72,58,72,58,0.805555556,0
b19_edp3_longestoverlap_ISI_5_test,b19,p3,Eng,mixed,5,6,1.78,3.37,4,Eng,72,58,72,58,0.805555556,0
b19_edp3_longestoverlap_ISI_7_test,b19,p3,Eng,mixed,7,6,1.66,3.61,4,Eng,72,58,72,58,0.805555556,0
b19_edp3_longestoverlap_ISI_8_test,b19,p3,Eng,mixed,8,9,2.12,4.24,4,Eng,72,58,72,58,0.805555556,0
b19_edp3_longestoverlap_ISI_9_test,b19,p3,Eng,mixed,9,11,2.62,4.2,4,Eng,72,58,72,58,0.805555556,0
b19_edp3_longestoverlap_ISI_10_test,b19,p3,Eng,mixed,10,10,1.96,5.1,4,Eng,72,58,72,58,0.805555556,0
b19_eop3_longestoverlap_ISI_0_test,b19,p3,Eng,single,0,5,1.48,3.38,4,Eng,72,58,72,58,0.805555556,0
b19_eop3_longestoverlap_ISI_1_test,b19,p3,Eng,single,1,7,1.22,5.74,4,Eng,72,58,72,58,0.805555556,0
b19_eop3_longestoverlap_ISI_2_test,b19,p3,Eng,single,2,6,1.36,4.41,4,Eng,72,58,72,58,0.805555556,0
b19_eop3_longestoverlap_ISI_3_test,b19,p3,Eng,single,3,2,0.74,2.7,4,Eng,72,58,72,58,0.805555556,0
b19_eop3_longestoverlap_ISI_4_test,b19,p3,Eng,single,4,5,1.5,3.33,4,Eng,72,58,72,58,0.805555556,0
b19_eop3_longestoverlap_ISI_5_test,b19,p3,Eng,single,5,3,1,3,4,Eng,72,58,72,58,0.805555556,0
b19_eop3_longestoverlap_ISI_7_test,b19,p3,Eng,single,7,5,1.28,3.9,4,Eng,72,58,72,58,0.805555556,0
b19_eop3_longestoverlap_ISI_8_test,b19,p3,Eng,single,8,8,1.92,4.17,4,Eng,72,58,72,58,0.805555556,0
b19_eop3_longestoverlap_ISI_9_test,b19,p3,Eng,single,9,11,2.84,3.87,4,Eng,72,58,72,58,0.805555556,0
b19_eop3_longestoverlap_ISI_10_test,b19,p3,Eng,single,10,10,2.04,4.9,4,Eng,72,58,72,58,0.805555556,0
b19_edp4_longestoverlap_ISI_0_test,b19,p4,Eng,mixed,0,2,0.78,2.56,4,Eng,72,58,72,58,0.805555556,0
b19_edp4_longestoverlap_ISI_1_test,b19,p4,Eng,mixed,1,3,0.8,3.75,4,Eng,72,58,72,58,0.805555556,0
b19_edp4_longestoverlap_ISI_2_test,b19,p4,Eng,mixed,2,6,1.1,5.45,4,Eng,72,58,72,58,0.805555556,0
b19_edp4_longestoverlap_ISI_3_test,b19,p4,Eng,mixed,3,9,2.46,3.66,4,Eng,72,58,72,58,0.805555556,0
b19_edp4_longestoverlap_ISI_4_test,b19,p4,Eng,mixed,4,7,1.54,4.54,4,Eng,72,58,72,58,0.805555556,0
b19_edp4_longestoverlap_ISI_5_test,b19,p4,Eng,mixed,5,9,1.54,5.84,4,Eng,72,58,72,58,0.805555556,0
b19_edp4_longestoverlap_ISI_6_test,b19,p4,Eng,mixed,6,21,4.32,4.86,4,Eng,72,58,72,58,0.805555556,0
b19_edp4_longestoverlap_ISI_7_test,b19,p4,Eng,mixed,7,3,1.16,2.59,4,Eng,72,58,72,58,0.805555556,0
b19_edp4_longestoverlap_ISI_8_test,b19,p4,Eng,mixed,8,6,1.4,4.28,4,Eng,72,58,72,58,0.805555556,0
b19_edp4_longestoverlap_ISI_9_test,b19,p4,Eng,mixed,9,5,1.12,4.46,4,Eng,72,58,72,58,0.805555556,0
b19_edp4_longestoverlap_ISI_10_test,b19,p4,Eng,mixed,10,3,1.12,2.68,4,Eng,72,58,72,58,0.805555556,0
b19_eop4_longestoverlap_ISI_0_test,b19,p4,Eng,single,0,3,0.76,3.95,4,Eng,72,58,72,58,0.805555556,0
b19_eop4_longestoverlap_ISI_1_test,b19,p4,Eng,single,1,2,0.74,2.7,4,Eng,72,58,72,58,0.805555556,0
b19_eop4_longestoverlap_ISI_2_test,b19,p4,Eng,single,2,6,1.1,5.45,4,Eng,72,58,72,58,0.805555556,0
b19_eop4_longestoverlap_ISI_3_test,b19,p4,Eng,single,3,9,2.42,3.72,4,Eng,72,58,72,58,0.805555556,0
b19_eop4_longestoverlap_ISI_4_test,b19,p4,Eng,single,4,6,1.48,4.05,4,Eng,72,58,72,58,0.805555556,0
b19_eop4_longestoverlap_ISI_5_test,b19,p4,Eng,single,5,8,1.48,5.4,4,Eng,72,58,72,58,0.805555556,0
b19_eop4_longestoverlap_ISI_6_test,b19,p4,Eng,single,6,19,3.92,4.85,4,Eng,72,58,72,58,0.805555556,0
b19_eop4_longestoverlap_ISI_7_test,b19,p4,Eng,single,7,5,1.42,3.52,4,Eng,72,58,72,58,0.805555556,0
b19_eop4_longestoverlap_ISI_8_test,b19,p4,Eng,single,8,6,1.24,4.84,4,Eng,72,58,72,58,0.805555556,0
b19_eop4_longestoverlap_ISI_9_test,b19,p4,Eng,single,9,4,1.06,3.77,4,Eng,72,58,72,58,0.805555556,0
b19_eop4_longestoverlap_ISI_10_test,b19,p4,Eng,single,10,4,0.9,4.44,4,Eng,72,58,72,58,0.805555556,0
b2_edp3_longestoverlap_ISI_0_test,b2,p3,Eng,mixed,0,13,2.64,4.92,3,Eng,66,44,66,44,0.666666667,6
b2_edp3_longestoverlap_ISI_1_test,b2,p3,Eng,mixed,1,7,1.96,3.57,3,Eng,66,44,66,44,0.666666667,6
b2_edp3_longestoverlap_ISI_2_test,b2,p3,Eng,mixed,2,3,1.02,2.94,3,Eng,66,44,66,44,0.666666667,6
b2_edp3_longestoverlap_ISI_3_test,b2,p3,Eng,mixed,3,5,1.42,3.52,3,Eng,66,44,66,44,0.666666667,6
b2_edp3_longestoverlap_ISI_4_test,b2,p3,Eng,mixed,4,4,1.16,3.45,3,Eng,66,44,66,44,0.666666667,6
b2_edp3_longestoverlap_ISI_5_test,b2,p3,Eng,mixed,5,3,0.94,3.19,3,Eng,66,44,66,44,0.666666667,6
b2_edp3_longestoverlap_ISI_6_test,b2,p3,Eng,mixed,6,4,1.18,3.39,3,Eng,66,44,66,44,0.666666667,6
b2_edp3_longestoverlap_ISI_7_test,b2,p3,Eng,mixed,7,5,1.44,3.47,3,Eng,66,44,66,44,0.666666667,6
b2_edp3_longestoverlap_ISI_8_test,b2,p3,Eng,mixed,8,17,4.04,4.21,3,Eng,66,44,66,44,0.666666667,6
b2_edp3_longestoverlap_ISI_9_test,b2,p3,Eng,mixed,9,6,1.74,3.45,3,Eng,66,44,66,44,0.666666667,6
b2_edp3_longestoverlap_ISI_10_test,b2,p3,Eng,mixed,10,6,1.76,3.41,3,Eng,66,44,66,44,0.666666667,6
b2_eop3_longestoverlap_ISI_0_test,b2,p3,Eng,single,0,9,2.4,3.75,3,Eng,66,44,66,44,0.666666667,6
b2_eop3_longestoverlap_ISI_1_test,b2,p3,Eng,single,1,6,1.86,3.23,3,Eng,66,44,66,44,0.666666667,6
b2_eop3_longestoverlap_ISI_2_test,b2,p3,Eng,single,2,2,0.72,2.78,3,Eng,66,44,66,44,0.666666667,6
b2_eop3_longestoverlap_ISI_3_test,b2,p3,Eng,single,3,4,1,4,3,Eng,66,44,66,44,0.666666667,6
b2_eop3_longestoverlap_ISI_4_test,b2,p3,Eng,single,4,5,1.18,4.24,3,Eng,66,44,66,44,0.666666667,6
b2_eop3_longestoverlap_ISI_5_test,b2,p3,Eng,single,5,4,1.04,3.85,3,Eng,66,44,66,44,0.666666667,6
b2_eop3_longestoverlap_ISI_6_test,b2,p3,Eng,single,6,4,1.1,3.64,3,Eng,66,44,66,44,0.666666667,6
b2_eop3_longestoverlap_ISI_7_test,b2,p3,Eng,single,7,5,1.24,4.03,3,Eng,66,44,66,44,0.666666667,6
b2_eop3_longestoverlap_ISI_8_test,b2,p3,Eng,single,8,15,3.88,3.87,3,Eng,66,44,66,44,0.666666667,6
b2_eop3_longestoverlap_ISI_9_test,b2,p3,Eng,single,9,6,1.46,4.11,3,Eng,66,44,66,44,0.666666667,6
b2_eop3_longestoverlap_ISI_10_test,b2,p3,Eng,single,10,7,1.82,3.85,3,Eng,66,44,66,44,0.666666667,6
b2_edp4_longestoverlap_ISI_0_test,b2,p4,Eng,mixed,0,4,1.04,3.84,3,Eng,66,44,66,44,0.666666667,6
b2_edp4_longestoverlap_ISI_1_test,b2,p4,Eng,mixed,1,5,1.02,4.9,3,Eng,66,44,66,44,0.666666667,6
b2_edp4_longestoverlap_ISI_2_test,b2,p4,Eng,mixed,2,10,2.08,4.81,3,Eng,66,44,66,44,0.666666667,6
b2_edp4_longestoverlap_ISI_3_test,b2,p4,Eng,mixed,3,10,2.4,4.17,3,Eng,66,44,66,44,0.666666667,6
b2_edp4_longestoverlap_ISI_4_test,b2,p4,Eng,mixed,4,14,3.54,3.95,3,Eng,66,44,66,44,0.666666667,6
b2_edp4_longestoverlap_ISI_5_test,b2,p4,Eng,mixed,5,10,2.08,4.81,3,Eng,66,44,66,44,0.666666667,6
b2_edp4_longestoverlap_ISI_6_test,b2,p4,Eng,mixed,6,11,2.34,4.7,3,Eng,66,44,66,44,0.666666667,6
b2_edp4_longestoverlap_ISI_7_test,b2,p4,Eng,mixed,7,5,1.4,3.57,3,Eng,66,44,66,44,0.666666667,6
b2_edp4_longestoverlap_ISI_8_test,b2,p4,Eng,mixed,8,9,2.04,4.41,3,Eng,66,44,66,44,0.666666667,6
b2_edp4_longestoverlap_ISI_9_test,b2,p4,Eng,mixed,9,6,1.32,4.54,3,Eng,66,44,66,44,0.666666667,6
b2_edp4_longestoverlap_ISI_10_test,b2,p4,Eng,mixed,10,5,1.54,3.25,3,Eng,66,44,66,44,0.666666667,6
b2_eop4_longestoverlap_ISI_0_test,b2,p4,Eng,single,0,4,0.98,4.08,3,Eng,66,44,66,44,0.666666667,6
b2_eop4_longestoverlap_ISI_1_test,b2,p4,Eng,single,1,3,0.94,3.19,3,Eng,66,44,66,44,0.666666667,6
b2_eop4_longestoverlap_ISI_2_test,b2,p4,Eng,single,2,8,2.14,3.74,3,Eng,66,44,66,44,0.666666667,6
b2_eop4_longestoverlap_ISI_3_test,b2,p4,Eng,single,3,9,2.44,3.69,3,Eng,66,44,66,44,0.666666667,6
b2_eop4_longestoverlap_ISI_4_test,b2,p4,Eng,single,4,13,3.56,3.65,3,Eng,66,44,66,44,0.666666667,6
b2_eop4_longestoverlap_ISI_5_test,b2,p4,Eng,single,5,9,1.78,5.05,3,Eng,66,44,66,44,0.666666667,6
b2_eop4_longestoverlap_ISI_6_test,b2,p4,Eng,single,6,10,2.32,4.31,3,Eng,66,44,66,44,0.666666667,6
b2_eop4_longestoverlap_ISI_7_test,b2,p4,Eng,single,7,4,1.28,3.12,3,Eng,66,44,66,44,0.666666667,6
b2_eop4_longestoverlap_ISI_8_test,b2,p4,Eng,single,8,8,1.82,4.39,3,Eng,66,44,66,44,0.666666667,6
b2_eop4_longestoverlap_ISI_9_test,b2,p4,Eng,single,9,7,1.46,4.79,3,Eng,66,44,66,44,0.666666667,6
b2_eop4_longestoverlap_ISI_10_test,b2,p4,Eng,single,10,3,0.84,3.57,3,Eng,66,44,66,44,0.666666667,6
b20_edp3_longestoverlap_ISI_0_test,b20,p3,Eng,mixed,0,8,2.06,3.88,5,Eng,71,40,71,40,0.563380282,5
b20_edp3_longestoverlap_ISI_1_test,b20,p3,Eng,mixed,1,6,1.26,4.76,5,Eng,71,40,71,40,0.563380282,5
b20_edp3_longestoverlap_ISI_2_test,b20,p3,Eng,mixed,2,7,1.26,5.55,5,Eng,71,40,71,40,0.563380282,5
b20_edp3_longestoverlap_ISI_3_test,b20,p3,Eng,mixed,3,2,0.58,3.45,5,Eng,71,40,71,40,0.563380282,5
b20_edp3_longestoverlap_ISI_4_test,b20,p3,Eng,mixed,4,4,1.1,3.63,5,Eng,71,40,71,40,0.563380282,5
b20_edp3_longestoverlap_ISI_5_test,b20,p3,Eng,mixed,5,8,1.92,4.17,5,Eng,71,40,71,40,0.563380282,5
b20_edp3_longestoverlap_ISI_6_test,b20,p3,Eng,mixed,6,3,0.94,3.19,5,Eng,71,40,71,40,0.563380282,5
b20_edp3_longestoverlap_ISI_7_test,b20,p3,Eng,mixed,7,4,1.08,3.7,5,Eng,71,40,71,40,0.563380282,5
b20_edp3_longestoverlap_ISI_8_test,b20,p3,Eng,mixed,8,11,2.74,4.01,5,Eng,71,40,71,40,0.563380282,5
b20_edp3_longestoverlap_ISI_9_test,b20,p3,Eng,mixed,9,10,2.72,3.68,5,Eng,71,40,71,40,0.563380282,5
b20_edp3_longestoverlap_ISI_10_test,b20,p3,Eng,mixed,10,5,1.24,4.03,5,Eng,71,40,71,40,0.563380282,5
b20_eop3_longestoverlap_ISI_0_test,b20,p3,Eng,single,0,9,1.94,4.64,5,Eng,71,40,71,40,0.563380282,5
b20_eop3_longestoverlap_ISI_1_test,b20,p3,Eng,single,1,7,1.42,4.93,5,Eng,71,40,71,40,0.563380282,5
b20_eop3_longestoverlap_ISI_2_test,b20,p3,Eng,single,2,6,1.38,4.35,5,Eng,71,40,71,40,0.563380282,5
b20_eop3_longestoverlap_ISI_3_test,b20,p3,Eng,single,3,3,0.6,5,5,Eng,71,40,71,40,0.563380282,5
b20_eop3_longestoverlap_ISI_4_test,b20,p3,Eng,single,4,4,0.82,4.88,5,Eng,71,40,71,40,0.563380282,5
b20_eop3_longestoverlap_ISI_5_test,b20,p3,Eng,single,5,6,1.7,3.53,5,Eng,71,40,71,40,0.563380282,5
b20_eop3_longestoverlap_ISI_6_test,b20,p3,Eng,single,6,2,0.94,2.13,5,Eng,71,40,71,40,0.563380282,5
b20_eop3_longestoverlap_ISI_7_test,b20,p3,Eng,single,7,4,1.14,3.51,5,Eng,71,40,71,40,0.563380282,5
b20_eop3_longestoverlap_ISI_8_test,b20,p3,Eng,single,8,14,2.96,4.73,5,Eng,71,40,71,40,0.563380282,5
b20_eop3_longestoverlap_ISI_9_test,b20,p3,Eng,single,9,12,2.88,4.17,5,Eng,71,40,71,40,0.563380282,5
b20_eop3_longestoverlap_ISI_10_test,b20,p3,Eng,single,10,5,0.82,6.1,5,Eng,71,40,71,40,0.563380282,5
b20_edp4_longestoverlap_ISI_0_test,b20,p4,Eng,mixed,0,2,0.74,2.7,5,Eng,71,40,71,40,0.563380282,5
b20_edp4_longestoverlap_ISI_1_test,b20,p4,Eng,mixed,1,4,0.86,4.65,5,Eng,71,40,71,40,0.563380282,5
b20_edp4_longestoverlap_ISI_2_test,b20,p4,Eng,mixed,2,6,1.26,4.76,5,Eng,71,40,71,40,0.563380282,5
b20_edp4_longestoverlap_ISI_3_test,b20,p4,Eng,mixed,3,15,4.1,3.66,5,Eng,71,40,71,40,0.563380282,5
b20_edp4_longestoverlap_ISI_4_test,b20,p4,Eng,mixed,4,5,1.18,4.24,5,Eng,71,40,71,40,0.563380282,5
b20_edp4_longestoverlap_ISI_5_test,b20,p4,Eng,mixed,5,5,1.08,4.63,5,Eng,71,40,71,40,0.563380282,5
b20_edp4_longestoverlap_ISI_6_test,b20,p4,Eng,mixed,6,10,2.4,4.17,5,Eng,71,40,71,40,0.563380282,5
b20_edp4_longestoverlap_ISI_7_test,b20,p4,Eng,mixed,7,4,1.12,3.57,5,Eng,71,40,71,40,0.563380282,5
b20_edp4_longestoverlap_ISI_9_test,b20,p4,Eng,mixed,9,6,1.18,5.08,5,Eng,71,40,71,40,0.563380282,5
b20_edp4_longestoverlap_ISI_10_test,b20,p4,Eng,mixed,10,6,1.06,5.66,5,Eng,71,40,71,40,0.563380282,5
b20_eop4_longestoverlap_ISI_0_test,b20,p4,Eng,single,0,4,0.88,4.54,5,Eng,71,40,71,40,0.563380282,5
b20_eop4_longestoverlap_ISI_1_test,b20,p4,Eng,single,1,4,0.78,5.13,5,Eng,71,40,71,40,0.563380282,5
b20_eop4_longestoverlap_ISI_2_test,b20,p4,Eng,single,2,4,1.16,3.45,5,Eng,71,40,71,40,0.563380282,5
b20_eop4_longestoverlap_ISI_3_test,b20,p4,Eng,single,3,11,2.56,4.3,5,Eng,71,40,71,40,0.563380282,5
b20_eop4_longestoverlap_ISI_4_test,b20,p4,Eng,single,4,6,1.12,5.36,5,Eng,71,40,71,40,0.563380282,5
b20_eop4_longestoverlap_ISI_5_test,b20,p4,Eng,single,5,4,1.08,3.7,5,Eng,71,40,71,40,0.563380282,5
b20_eop4_longestoverlap_ISI_6_test,b20,p4,Eng,single,6,11,2.38,4.62,5,Eng,71,40,71,40,0.563380282,5
b20_eop4_longestoverlap_ISI_7_test,b20,p4,Eng,single,7,3,1.02,2.94,5,Eng,71,40,71,40,0.563380282,5
b20_eop4_longestoverlap_ISI_9_test,b20,p4,Eng,single,9,6,1.18,5.08,5,Eng,71,40,71,40,0.563380282,5
b20_eop4_longestoverlap_ISI_10_test,b20,p4,Eng,single,10,5,1.02,4.9,5,Eng,71,40,71,40,0.563380282,5
b21_edp3_longestoverlap_ISI_0_test,b21,p3,Eng,mixed,0,9,2,4.5,6,Eng,76,56,76,56,0.736842105,1
b21_edp3_longestoverlap_ISI_1_test,b21,p3,Eng,mixed,1,11,2.76,3.99,6,Eng,76,56,76,56,0.736842105,1
b21_edp3_longestoverlap_ISI_2_test,b21,p3,Eng,mixed,2,6,1.26,4.76,6,Eng,76,56,76,56,0.736842105,1
b21_edp3_longestoverlap_ISI_4_test,b21,p3,Eng,mixed,4,3,0.84,3.57,6,Eng,76,56,76,56,0.736842105,1
b21_edp3_longestoverlap_ISI_5_test,b21,p3,Eng,mixed,5,3,0.94,3.19,6,Eng,76,56,76,56,0.736842105,1
b21_edp3_longestoverlap_ISI_7_test,b21,p3,Eng,mixed,7,2,0.76,2.63,6,Eng,76,56,76,56,0.736842105,1
b21_edp3_longestoverlap_ISI_8_test,b21,p3,Eng,mixed,8,10,1.72,5.81,6,Eng,76,56,76,56,0.736842105,1
b21_edp3_longestoverlap_ISI_9_test,b21,p3,Eng,mixed,9,7,1.7,4.12,6,Eng,76,56,76,56,0.736842105,1
b21_eop3_longestoverlap_ISI_0_test,b21,p3,Eng,single,0,6,2.4,2.5,6,Eng,76,56,76,56,0.736842105,1
b21_eop3_longestoverlap_ISI_1_test,b21,p3,Eng,single,1,6,1.68,3.57,6,Eng,76,56,76,56,0.736842105,1
b21_eop3_longestoverlap_ISI_2_test,b21,p3,Eng,single,2,7,1.78,3.93,6,Eng,76,56,76,56,0.736842105,1
b21_eop3_longestoverlap_ISI_4_test,b21,p3,Eng,single,4,3,0.96,3.12,6,Eng,76,56,76,56,0.736842105,1
b21_eop3_longestoverlap_ISI_5_test,b21,p3,Eng,single,5,3,1.04,2.88,6,Eng,76,56,76,56,0.736842105,1
b21_eop3_longestoverlap_ISI_7_test,b21,p3,Eng,single,7,4,1.1,3.64,6,Eng,76,56,76,56,0.736842105,1
b21_eop3_longestoverlap_ISI_8_test,b21,p3,Eng,single,8,9,1.98,4.55,6,Eng,76,56,76,56,0.736842105,1
b21_eop3_longestoverlap_ISI_9_test,b21,p3,Eng,single,9,6,1.86,3.23,6,Eng,76,56,76,56,0.736842105,1
b21_edp4_longestoverlap_ISI_0_test,b21,p4,Eng,mixed,0,4,1.02,3.92,6,Eng,76,56,76,56,0.736842105,1
b21_edp4_longestoverlap_ISI_2_test,b21,p4,Eng,mixed,2,4,1.34,2.98,6,Eng,76,56,76,56,0.736842105,1
b21_edp4_longestoverlap_ISI_3_test,b21,p4,Eng,mixed,3,8,2.14,3.74,6,Eng,76,56,76,56,0.736842105,1
b21_edp4_longestoverlap_ISI_4_test,b21,p4,Eng,mixed,4,14,3.36,4.17,6,Eng,76,56,76,56,0.736842105,1
b21_edp4_longestoverlap_ISI_5_test,b21,p4,Eng,mixed,5,3,0.64,4.69,6,Eng,76,56,76,56,0.736842105,1
b21_edp4_longestoverlap_ISI_6_test,b21,p4,Eng,mixed,6,13,2.88,4.51,6,Eng,76,56,76,56,0.736842105,1
b21_edp4_longestoverlap_ISI_7_test,b21,p4,Eng,mixed,7,4,1.18,3.39,6,Eng,76,56,76,56,0.736842105,1
b21_edp4_longestoverlap_ISI_8_test,b21,p4,Eng,mixed,8,4,1.1,3.64,6,Eng,76,56,76,56,0.736842105,1
b21_edp4_longestoverlap_ISI_9_test,b21,p4,Eng,mixed,9,6,1.38,4.35,6,Eng,76,56,76,56,0.736842105,1
b21_edp4_longestoverlap_ISI_10_test,b21,p4,Eng,mixed,10,5,1.08,4.63,6,Eng,76,56,76,56,0.736842105,1
b21_eop4_longestoverlap_ISI_0_test,b21,p4,Eng,single,0,3,1.06,2.83,6,Eng,76,56,76,56,0.736842105,1
b21_eop4_longestoverlap_ISI_2_test,b21,p4,Eng,single,2,5,1.18,4.24,6,Eng,76,56,76,56,0.736842105,1
b21_eop4_longestoverlap_ISI_3_test,b21,p4,Eng,single,3,9,2.12,4.24,6,Eng,76,56,76,56,0.736842105,1
b21_eop4_longestoverlap_ISI_4_test,b21,p4,Eng,single,4,14,2.94,4.76,6,Eng,76,56,76,56,0.736842105,1
b21_eop4_longestoverlap_ISI_5_test,b21,p4,Eng,single,5,3,0.62,4.84,6,Eng,76,56,76,56,0.736842105,1
b21_eop4_longestoverlap_ISI_6_test,b21,p4,Eng,single,6,14,2.6,5.38,6,Eng,76,56,76,56,0.736842105,1
b21_eop4_longestoverlap_ISI_7_test,b21,p4,Eng,single,7,5,1.42,3.52,6,Eng,76,56,76,56,0.736842105,1
b21_eop4_longestoverlap_ISI_8_test,b21,p4,Eng,single,8,5,1.28,3.91,6,Eng,76,56,76,56,0.736842105,1
b21_eop4_longestoverlap_ISI_9_test,b21,p4,Eng,single,9,7,1.42,4.93,6,Eng,76,56,76,56,0.736842105,1
b21_eop4_longestoverlap_ISI_10_test,b21,p4,Eng,single,10,4,1.22,3.28,6,Eng,76,56,76,56,0.736842105,1
b22_edp3_longestoverlap_ISI_0_test,b22,p3,Eng,mixed,0,9,2.14,4.2,7,Eng,66,47,66,47,0.712121212,5
b22_edp3_longestoverlap_ISI_1_test,b22,p3,Eng,mixed,1,7,1.54,4.54,7,Eng,66,47,66,47,0.712121212,5
b22_edp3_longestoverlap_ISI_2_test,b22,p3,Eng,mixed,2,5,1.44,3.47,7,Eng,66,47,66,47,0.712121212,5
b22_edp3_longestoverlap_ISI_4_test,b22,p3,Eng,mixed,4,3,0.82,3.66,7,Eng,66,47,66,47,0.712121212,5
b22_edp3_longestoverlap_ISI_5_test,b22,p3,Eng,mixed,5,7,1.66,4.22,7,Eng,66,47,66,47,0.712121212,5
b22_edp3_longestoverlap_ISI_6_test,b22,p3,Eng,mixed,6,4,1.04,3.84,7,Eng,66,47,66,47,0.712121212,5
b22_edp3_longestoverlap_ISI_7_test,b22,p3,Eng,mixed,7,5,1.9,2.63,7,Eng,66,47,66,47,0.712121212,5
b22_edp3_longestoverlap_ISI_8_test,b22,p3,Eng,mixed,8,12,3.18,3.77,7,Eng,66,47,66,47,0.712121212,5
b22_edp3_longestoverlap_ISI_9_test,b22,p3,Eng,mixed,9,12,2.92,4.11,7,Eng,66,47,66,47,0.712121212,5
b22_edp3_longestoverlap_ISI_10_test,b22,p3,Eng,mixed,10,8,1.72,4.65,7,Eng,66,47,66,47,0.712121212,5
b22_eop3_longestoverlap_ISI_0_test,b22,p3,Eng,single,0,9,2.24,4.02,7,Eng,66,47,66,47,0.712121212,5
b22_eop3_longestoverlap_ISI_1_test,b22,p3,Eng,single,1,8,1.72,4.65,7,Eng,66,47,66,47,0.712121212,5
b22_eop3_longestoverlap_ISI_2_test,b22,p3,Eng,single,2,6,1.28,4.69,7,Eng,66,47,66,47,0.712121212,5
b22_eop3_longestoverlap_ISI_4_test,b22,p3,Eng,single,4,2,0.82,2.44,7,Eng,66,47,66,47,0.712121212,5
b22_eop3_longestoverlap_ISI_5_test,b22,p3,Eng,single,5,8,1.76,4.54,7,Eng,66,47,66,47,0.712121212,5
b22_eop3_longestoverlap_ISI_6_test,b22,p3,Eng,single,6,3,1.02,2.94,7,Eng,66,47,66,47,0.712121212,5
b22_eop3_longestoverlap_ISI_7_test,b22,p3,Eng,single,7,6,1.72,3.49,7,Eng,66,47,66,47,0.712121212,5
b22_eop3_longestoverlap_ISI_8_test,b22,p3,Eng,single,8,9,2.82,3.19,7,Eng,66,47,66,47,0.712121212,5
b22_eop3_longestoverlap_ISI_9_test,b22,p3,Eng,single,9,12,3.16,3.8,7,Eng,66,47,66,47,0.712121212,5
b22_eop3_longestoverlap_ISI_10_test,b22,p3,Eng,single,10,7,1.84,3.8,7,Eng,66,47,66,47,0.712121212,5
b22_edp4_longestoverlap_ISI_0_test,b22,p4,Eng,mixed,0,3,0.86,3.49,7,Eng,66,47,66,47,0.712121212,5
b22_edp4_longestoverlap_ISI_1_test,b22,p4,Eng,mixed,1,3,0.78,3.85,7,Eng,66,47,66,47,0.712121212,5
b22_edp4_longestoverlap_ISI_2_test,b22,p4,Eng,mixed,2,8,1.96,4.08,7,Eng,66,47,66,47,0.712121212,5
b22_edp4_longestoverlap_ISI_3_test,b22,p4,Eng,mixed,3,12,2.6,4.61,7,Eng,66,47,66,47,0.712121212,5
b22_edp4_longestoverlap_ISI_4_test,b22,p4,Eng,mixed,4,14,3.24,4.32,7,Eng,66,47,66,47,0.712121212,5
b22_edp4_longestoverlap_ISI_5_test,b22,p4,Eng,mixed,5,10,2.34,4.27,7,Eng,66,47,66,47,0.712121212,5
b22_edp4_longestoverlap_ISI_6_test,b22,p4,Eng,mixed,6,6,1.68,3.57,7,Eng,66,47,66,47,0.712121212,5
b22_edp4_longestoverlap_ISI_7_test,b22,p4,Eng,mixed,7,4,1.02,3.92,7,Eng,66,47,66,47,0.712121212,5
b22_edp4_longestoverlap_ISI_9_test,b22,p4,Eng,mixed,9,3,0.98,3.06,7,Eng,66,47,66,47,0.712121212,5
b22_eop4_longestoverlap_ISI_0_test,b22,p4,Eng,single,0,2,0.9,2.22,7,Eng,66,47,66,47,0.712121212,5
b22_eop4_longestoverlap_ISI_1_test,b22,p4,Eng,single,1,4,0.78,5.13,7,Eng,66,47,66,47,0.712121212,5
b22_eop4_longestoverlap_ISI_2_test,b22,p4,Eng,single,2,7,2,3.5,7,Eng,66,47,66,47,0.712121212,5
b22_eop4_longestoverlap_ISI_3_test,b22,p4,Eng,single,3,11,2.58,4.26,7,Eng,66,47,66,47,0.712121212,5
b22_eop4_longestoverlap_ISI_4_test,b22,p4,Eng,single,4,14,3.1,4.52,7,Eng,66,47,66,47,0.712121212,5
b22_eop4_longestoverlap_ISI_5_test,b22,p4,Eng,single,5,11,2.26,4.87,7,Eng,66,47,66,47,0.712121212,5
b22_eop4_longestoverlap_ISI_6_test,b22,p4,Eng,single,6,9,1.68,5.36,7,Eng,66,47,66,47,0.712121212,5
b22_eop4_longestoverlap_ISI_7_test,b22,p4,Eng,single,7,3,1.12,2.68,7,Eng,66,47,66,47,0.712121212,5
b22_eop4_longestoverlap_ISI_9_test,b22,p4,Eng,single,9,4,0.96,4.17,7,Eng,66,47,66,47,0.712121212,5
b23r4_edp3_longestoverlap_ISI_0_test,b23r4,p3,Eng,mixed,0,8,1.96,4.08,8,Eng,75,54,75,54,0.72,5
b23r4_edp3_longestoverlap_ISI_1_test,b23r4,p3,Eng,mixed,1,3,1.28,2.34,8,Eng,75,54,75,54,0.72,5
b23r4_edp3_longestoverlap_ISI_2_test,b23r4,p3,Eng,mixed,2,3,0.52,5.77,8,Eng,75,54,75,54,0.72,5
b23r4_edp3_longestoverlap_ISI_4_test,b23r4,p3,Eng,mixed,4,4,0.82,4.88,8,Eng,75,54,75,54,0.72,5
b23r4_edp3_longestoverlap_ISI_5_test,b23r4,p3,Eng,mixed,5,4,1.28,3.12,8,Eng,75,54,75,54,0.72,5
b23r4_edp3_longestoverlap_ISI_6_test,b23r4,p3,Eng,mixed,6,2,0.84,2.38,8,Eng,75,54,75,54,0.72,5
b23r4_edp3_longestoverlap_ISI_7_test,b23r4,p3,Eng,mixed,7,4,0.88,4.54,8,Eng,75,54,75,54,0.72,5
b23r4_edp3_longestoverlap_ISI_8_test,b23r4,p3,Eng,mixed,8,13,3.82,3.4,8,Eng,75,54,75,54,0.72,5
b23r4_edp3_longestoverlap_ISI_9_test,b23r4,p3,Eng,mixed,9,7,1.98,3.53,8,Eng,75,54,75,54,0.72,5
b23r4_edp3_longestoverlap_ISI_10_test,b23r4,p3,Eng,mixed,10,4,1,4,8,Eng,75,54,75,54,0.72,5
b23r4_eop3_longestoverlap_ISI_0_test,b23r4,p3,Eng,single,0,8,2.34,3.42,8,Eng,75,54,75,54,0.72,5
b23r4_eop3_longestoverlap_ISI_1_test,b23r4,p3,Eng,single,1,3,1.02,2.94,8,Eng,75,54,75,54,0.72,5
b23r4_eop3_longestoverlap_ISI_2_test,b23r4,p3,Eng,single,2,2,0.58,3.45,8,Eng,75,54,75,54,0.72,5
b23r4_eop3_longestoverlap_ISI_4_test,b23r4,p3,Eng,single,4,3,0.94,3.19,8,Eng,75,54,75,54,0.72,5
b23r4_eop3_longestoverlap_ISI_5_test,b23r4,p3,Eng,single,5,4,0.78,5.13,8,Eng,75,54,75,54,0.72,5
b23r4_eop3_longestoverlap_ISI_6_test,b23r4,p3,Eng,single,6,3,1.18,2.54,8,Eng,75,54,75,54,0.72,5
b23r4_eop3_longestoverlap_ISI_7_test,b23r4,p3,Eng,single,7,4,0.92,4.35,8,Eng,75,54,75,54,0.72,5
b23r4_eop3_longestoverlap_ISI_8_test,b23r4,p3,Eng,single,8,19,4.48,4.24,8,Eng,75,54,75,54,0.72,5
b23r4_eop3_longestoverlap_ISI_9_test,b23r4,p3,Eng,single,9,6,1.8,3.33,8,Eng,75,54,75,54,0.72,5
b23r4_eop3_longestoverlap_ISI_10_test,b23r4,p3,Eng,single,10,4,1.26,3.17,8,Eng,75,54,75,54,0.72,5
b23r4_edp4_longestoverlap_ISI_0_test,b23r4,p4,Eng,mixed,0,4,1.1,3.64,8,Eng,75,54,75,54,0.72,5
b23r4_edp4_longestoverlap_ISI_1_test,b23r4,p4,Eng,mixed,1,3,0.68,4.41,8,Eng,75,54,75,54,0.72,5
b23r4_edp4_longestoverlap_ISI_2_test,b23r4,p4,Eng,mixed,2,8,2.16,3.7,8,Eng,75,54,75,54,0.72,5
b23r4_edp4_longestoverlap_ISI_3_test,b23r4,p4,Eng,mixed,3,3,1.48,2.03,8,Eng,75,54,75,54,0.72,5
b23r4_edp4_longestoverlap_ISI_4_test,b23r4,p4,Eng,mixed,4,15,3.86,3.88,8,Eng,75,54,75,54,0.72,5
b23r4_edp4_longestoverlap_ISI_5_test,b23r4,p4,Eng,mixed,5,9,2.28,3.95,8,Eng,75,54,75,54,0.72,5
b23r4_edp4_longestoverlap_ISI_6_test,b23r4,p4,Eng,mixed,6,8,1.66,4.82,8,Eng,75,54,75,54,0.72,5
b23r4_edp4_longestoverlap_ISI_7_test,b23r4,p4,Eng,mixed,7,12,4.04,2.97,8,Eng,75,54,75,54,0.72,5
b23r4_edp4_longestoverlap_ISI_8_test,b23r4,p4,Eng,mixed,8,7,1.46,4.79,8,Eng,75,54,75,54,0.72,5
b23r4_edp4_longestoverlap_ISI_9_test,b23r4,p4,Eng,mixed,9,5,1.04,4.81,8,Eng,75,54,75,54,0.72,5
b23r4_edp4_longestoverlap_ISI_10_test,b23r4,p4,Eng,mixed,10,5,1.5,3.33,8,Eng,75,54,75,54,0.72,5
b23r4_eop4_longestoverlap_ISI_0_test,b23r4,p4,Eng,single,0,2,0.94,2.13,8,Eng,75,54,75,54,0.72,5
b23r4_eop4_longestoverlap_ISI_1_test,b23r4,p4,Eng,single,1,3,0.72,4.17,8,Eng,75,54,75,54,0.72,5
b23r4_eop4_longestoverlap_ISI_2_test,b23r4,p4,Eng,single,2,8,2.14,3.74,8,Eng,75,54,75,54,0.72,5
b23r4_eop4_longestoverlap_ISI_3_test,b23r4,p4,Eng,single,3,5,1.88,2.66,8,Eng,75,54,75,54,0.72,5
b23r4_eop4_longestoverlap_ISI_4_test,b23r4,p4,Eng,single,4,13,3.18,4.09,8,Eng,75,54,75,54,0.72,5
b23r4_eop4_longestoverlap_ISI_5_test,b23r4,p4,Eng,single,5,8,1.78,4.49,8,Eng,75,54,75,54,0.72,5
b23r4_eop4_longestoverlap_ISI_6_test,b23r4,p4,Eng,single,6,7,1.98,3.53,8,Eng,75,54,75,54,0.72,5
b23r4_eop4_longestoverlap_ISI_7_test,b23r4,p4,Eng,single,7,12,3.5,3.43,8,Eng,75,54,75,54,0.72,5
b23r4_eop4_longestoverlap_ISI_8_test,b23r4,p4,Eng,single,8,6,1.44,4.17,8,Eng,75,54,75,54,0.72,5
b23r4_eop4_longestoverlap_ISI_9_test,b23r4,p4,Eng,single,9,7,2.16,3.24,8,Eng,75,54,75,54,0.72,5
b23r4_eop4_longestoverlap_ISI_10_test,b23r4,p4,Eng,single,10,5,1.36,3.68,8,Eng,75,54,75,54,0.72,5
b24_edp3_longestoverlap_ISI_0_test,b24,p3,Eng,mixed,0,7,1.88,3.72,9,Eng,62,35,62,35,0.564516129,5
b24_edp3_longestoverlap_ISI_1_test,b24,p3,Eng,mixed,1,6,1.44,4.17,9,Eng,62,35,62,35,0.564516129,5
b24_edp3_longestoverlap_ISI_2_test,b24,p3,Eng,mixed,2,4,1.5,2.67,9,Eng,62,35,62,35,0.564516129,5
b24_edp3_longestoverlap_ISI_3_test,b24,p3,Eng,mixed,3,4,1.06,3.77,9,Eng,62,35,62,35,0.564516129,5
b24_edp3_longestoverlap_ISI_4_test,b24,p3,Eng,mixed,4,5,1.28,3.91,9,Eng,62,35,62,35,0.564516129,5
b24_edp3_longestoverlap_ISI_5_test,b24,p3,Eng,mixed,5,6,1.82,3.3,9,Eng,62,35,62,35,0.564516129,5
b24_edp3_longestoverlap_ISI_6_test,b24,p3,Eng,mixed,6,3,1,3,9,Eng,62,35,62,35,0.564516129,5
b24_edp3_longestoverlap_ISI_7_test,b24,p3,Eng,mixed,7,4,1.04,3.85,9,Eng,62,35,62,35,0.564516129,5
b24_edp3_longestoverlap_ISI_8_test,b24,p3,Eng,mixed,8,12,3.3,3.64,9,Eng,62,35,62,35,0.564516129,5
b24_edp3_longestoverlap_ISI_9_test,b24,p3,Eng,mixed,9,16,4.08,3.92,9,Eng,62,35,62,35,0.564516129,5
b24_edp3_longestoverlap_ISI_10_test,b24,p3,Eng,mixed,10,7,1.66,4.22,9,Eng,62,35,62,35,0.564516129,5
b24_eop3_longestoverlap_ISI_0_test,b24,p3,Eng,single,0,8,1.9,4.21,9,Eng,62,35,62,35,0.564516129,5
b24_eop3_longestoverlap_ISI_1_test,b24,p3,Eng,single,1,5,1.56,3.2,9,Eng,62,35,62,35,0.564516129,5
b24_eop3_longestoverlap_ISI_2_test,b24,p3,Eng,single,2,5,1.58,3.16,9,Eng,62,35,62,35,0.564516129,5
b24_eop3_longestoverlap_ISI_3_test,b24,p3,Eng,single,3,4,1.12,3.57,9,Eng,62,35,62,35,0.564516129,5
b24_eop3_longestoverlap_ISI_4_test,b24,p3,Eng,single,4,4,1.36,2.94,9,Eng,62,35,62,35,0.564516129,5
b24_eop3_longestoverlap_ISI_5_test,b24,p3,Eng,single,5,5,1.88,2.66,9,Eng,62,35,62,35,0.564516129,5
b24_eop3_longestoverlap_ISI_6_test,b24,p3,Eng,single,6,3,1.14,2.63,9,Eng,62,35,62,35,0.564516129,5
b24_eop3_longestoverlap_ISI_7_test,b24,p3,Eng,single,7,3,0.98,3.06,9,Eng,62,35,62,35,0.564516129,5
b24_eop3_longestoverlap_ISI_8_test,b24,p3,Eng,single,8,11,2.74,4.01,9,Eng,62,35,62,35,0.564516129,5
b24_eop3_longestoverlap_ISI_9_test,b24,p3,Eng,single,9,16,3.3,4.85,9,Eng,62,35,62,35,0.564516129,5
b24_eop3_longestoverlap_ISI_10_test,b24,p3,Eng,single,10,5,1.46,3.42,9,Eng,62,35,62,35,0.564516129,5
b24_edp4_longestoverlap_ISI_0_test,b24,p4,Eng,mixed,0,4,0.9,4.44,9,Eng,62,35,62,35,0.564516129,5
b24_edp4_longestoverlap_ISI_1_test,b24,p4,Eng,mixed,1,2,0.92,2.17,9,Eng,62,35,62,35,0.564516129,5
b24_edp4_longestoverlap_ISI_2_test,b24,p4,Eng,mixed,2,3,1.16,2.59,9,Eng,62,35,62,35,0.564516129,5
b24_edp4_longestoverlap_ISI_3_test,b24,p4,Eng,mixed,3,7,1.72,4.07,9,Eng,62,35,62,35,0.564516129,5
b24_edp4_longestoverlap_ISI_4_test,b24,p4,Eng,mixed,4,7,1.82,3.85,9,Eng,62,35,62,35,0.564516129,5
b24_edp4_longestoverlap_ISI_5_test,b24,p4,Eng,mixed,5,8,1.94,4.12,9,Eng,62,35,62,35,0.564516129,5
b24_edp4_longestoverlap_ISI_6_test,b24,p4,Eng,mixed,6,10,2.26,4.42,9,Eng,62,35,62,35,0.564516129,5
b24_edp4_longestoverlap_ISI_7_test,b24,p4,Eng,mixed,7,6,1.48,4.05,9,Eng,62,35,62,35,0.564516129,5
b24_edp4_longestoverlap_ISI_8_test,b24,p4,Eng,mixed,8,6,1.66,3.61,9,Eng,62,35,62,35,0.564516129,5
b24_edp4_longestoverlap_ISI_9_test,b24,p4,Eng,mixed,9,9,2.32,3.88,9,Eng,62,35,62,35,0.564516129,5
b24_edp4_longestoverlap_ISI_10_test,b24,p4,Eng,mixed,10,4,1.48,2.7,9,Eng,62,35,62,35,0.564516129,5
b24_eop4_longestoverlap_ISI_0_test,b24,p4,Eng,single,0,4,1.02,3.92,9,Eng,62,35,62,35,0.564516129,5
b24_eop4_longestoverlap_ISI_1_test,b24,p4,Eng,single,1,4,1.02,3.92,9,Eng,62,35,62,35,0.564516129,5
b24_eop4_longestoverlap_ISI_2_test,b24,p4,Eng,single,2,4,1.38,2.9,9,Eng,62,35,62,35,0.564516129,5
b24_eop4_longestoverlap_ISI_3_test,b24,p4,Eng,single,3,8,2.06,3.88,9,Eng,62,35,62,35,0.564516129,5
b24_eop4_longestoverlap_ISI_4_test,b24,p4,Eng,single,4,7,2.78,2.52,9,Eng,62,35,62,35,0.564516129,5
b24_eop4_longestoverlap_ISI_5_test,b24,p4,Eng,single,5,8,1.9,4.21,9,Eng,62,35,62,35,0.564516129,5
b24_eop4_longestoverlap_ISI_6_test,b24,p4,Eng,single,6,9,2.08,4.33,9,Eng,62,35,62,35,0.564516129,5
b24_eop4_longestoverlap_ISI_7_test,b24,p4,Eng,single,7,5,1.52,3.29,9,Eng,62,35,62,35,0.564516129,5
b24_eop4_longestoverlap_ISI_8_test,b24,p4,Eng,single,8,5,1.46,3.42,9,Eng,62,35,62,35,0.564516129,5
b24_eop4_longestoverlap_ISI_9_test,b24,p4,Eng,single,9,10,2.24,4.46,9,Eng,62,35,62,35,0.564516129,5
b24_eop4_longestoverlap_ISI_10_test,b24,p4,Eng,single,10,3,1.08,2.78,9,Eng,62,35,62,35,0.564516129,5
b25rr_edp3_longestoverlap_ISI_0_test,b25rr,p3,Eng,mixed,0,6,1.64,3.66,10,Eng,70,65,70,65,0.928571429,3
b25rr_edp3_longestoverlap_ISI_1_test,b25rr,p3,Eng,mixed,1,7,1.66,4.22,10,Eng,70,65,70,65,0.928571429,3
b25rr_edp3_longestoverlap_ISI_2_test,b25rr,p3,Eng,mixed,2,5,1.12,4.46,10,Eng,70,65,70,65,0.928571429,3
b25rr_edp3_longestoverlap_ISI_4_test,b25rr,p3,Eng,mixed,4,4,0.92,4.35,10,Eng,70,65,70,65,0.928571429,3
b25rr_edp3_longestoverlap_ISI_5_test,b25rr,p3,Eng,mixed,5,9,1.72,5.23,10,Eng,70,65,70,65,0.928571429,3
b25rr_edp3_longestoverlap_ISI_6_test,b25rr,p3,Eng,mixed,6,3,1.04,2.88,10,Eng,70,65,70,65,0.928571429,3
b25rr_edp3_longestoverlap_ISI_7_test,b25rr,p3,Eng,mixed,7,5,1.18,4.24,10,Eng,70,65,70,65,0.928571429,3
b25rr_edp3_longestoverlap_ISI_8_test,b25rr,p3,Eng,mixed,8,6,1.96,3.06,10,Eng,70,65,70,65,0.928571429,3
b25rr_edp3_longestoverlap_ISI_9_test,b25rr,p3,Eng,mixed,9,9,2.1,4.28,10,Eng,70,65,70,65,0.928571429,3
b25rr_edp3_longestoverlap_ISI_10_test,b25rr,p3,Eng,mixed,10,11,2.54,4.33,10,Eng,70,65,70,65,0.928571429,3
b25rr_eop3_longestoverlap_ISI_0_test,b25rr,p3,Eng,single,0,4,1.34,2.98,10,Eng,70,65,70,65,0.928571429,3
b25rr_eop3_longestoverlap_ISI_1_test,b25rr,p3,Eng,single,1,6,1.62,3.7,10,Eng,70,65,70,65,0.928571429,3
b25rr_eop3_longestoverlap_ISI_2_test,b25rr,p3,Eng,single,2,4,0.98,4.08,10,Eng,70,65,70,65,0.928571429,3
b25rr_eop3_longestoverlap_ISI_4_test,b25rr,p3,Eng,single,4,4,0.88,4.54,10,Eng,70,65,70,65,0.928571429,3
b25rr_eop3_longestoverlap_ISI_5_test,b25rr,p3,Eng,single,5,7,1.76,3.98,10,Eng,70,65,70,65,0.928571429,3
b25rr_eop3_longestoverlap_ISI_6_test,b25rr,p3,Eng,single,6,2,0.96,2.08,10,Eng,70,65,70,65,0.928571429,3
b25rr_eop3_longestoverlap_ISI_7_test,b25rr,p3,Eng,single,7,5,1.36,3.68,10,Eng,70,65,70,65,0.928571429,3
b25rr_eop3_longestoverlap_ISI_8_test,b25rr,p3,Eng,single,8,7,1.86,3.76,10,Eng,70,65,70,65,0.928571429,3
b25rr_eop3_longestoverlap_ISI_9_test,b25rr,p3,Eng,single,9,8,2.08,3.85,10,Eng,70,65,70,65,0.928571429,3
b25rr_eop3_longestoverlap_ISI_10_test,b25rr,p3,Eng,single,10,10,2.18,4.59,10,Eng,70,65,70,65,0.928571429,3
b25rr_edp4_longestoverlap_ISI_0_test,b25rr,p4,Eng,mixed,0,4,0.94,4.25,10,Eng,70,65,70,65,0.928571429,3
b25rr_edp4_longestoverlap_ISI_1_test,b25rr,p4,Eng,mixed,1,3,0.88,3.41,10,Eng,70,65,70,65,0.928571429,3
b25rr_edp4_longestoverlap_ISI_2_test,b25rr,p4,Eng,mixed,2,5,1.36,3.68,10,Eng,70,65,70,65,0.928571429,3
b25rr_edp4_longestoverlap_ISI_3_test,b25rr,p4,Eng,mixed,3,7,2.14,3.27,10,Eng,70,65,70,65,0.928571429,3
b25rr_edp4_longestoverlap_ISI_4_test,b25rr,p4,Eng,mixed,4,5,1.34,3.73,10,Eng,70,65,70,65,0.928571429,3
b25rr_edp4_longestoverlap_ISI_5_test,b25rr,p4,Eng,mixed,5,7,1.82,3.85,10,Eng,70,65,70,65,0.928571429,3
b25rr_edp4_longestoverlap_ISI_6_test,b25rr,p4,Eng,mixed,6,11,2.68,4.1,10,Eng,70,65,70,65,0.928571429,3
b25rr_edp4_longestoverlap_ISI_7_test,b25rr,p4,Eng,mixed,7,4,1.04,3.84,10,Eng,70,65,70,65,0.928571429,3
b25rr_edp4_longestoverlap_ISI_8_test,b25rr,p4,Eng,mixed,8,6,1.6,3.75,10,Eng,70,65,70,65,0.928571429,3
b25rr_edp4_longestoverlap_ISI_9_test,b25rr,p4,Eng,mixed,9,3,0.94,3.19,10,Eng,70,65,70,65,0.928571429,3
b25rr_edp4_longestoverlap_ISI_10_test,b25rr,p4,Eng,mixed,10,6,1.18,5.08,10,Eng,70,65,70,65,0.928571429,3
b25rr_eop4_longestoverlap_ISI_0_test,b25rr,p4,Eng,single,0,3,0.86,3.49,10,Eng,70,65,70,65,0.928571429,3
b25rr_eop4_longestoverlap_ISI_1_test,b25rr,p4,Eng,single,1,3,0.86,3.49,10,Eng,70,65,70,65,0.928571429,3
b25rr_eop4_longestoverlap_ISI_2_test,b25rr,p4,Eng,single,2,5,1.18,4.24,10,Eng,70,65,70,65,0.928571429,3
b25rr_eop4_longestoverlap_ISI_3_test,b25rr,p4,Eng,single,3,10,2.1,4.76,10,Eng,70,65,70,65,0.928571429,3
b25rr_eop4_longestoverlap_ISI_4_test,b25rr,p4,Eng,single,4,6,1.28,4.69,10,Eng,70,65,70,65,0.928571429,3
b25rr_eop4_longestoverlap_ISI_5_test,b25rr,p4,Eng,single,5,9,1.82,4.94,10,Eng,70,65,70,65,0.928571429,3
b25rr_eop4_longestoverlap_ISI_6_test,b25rr,p4,Eng,single,6,14,2.68,5.22,10,Eng,70,65,70,65,0.928571429,3
b25rr_eop4_longestoverlap_ISI_7_test,b25rr,p4,Eng,single,7,4,1.04,3.85,10,Eng,70,65,70,65,0.928571429,3
b25rr_eop4_longestoverlap_ISI_8_test,b25rr,p4,Eng,single,8,4,1.5,2.67,10,Eng,70,65,70,65,0.928571429,3
b25rr_eop4_longestoverlap_ISI_9_test,b25rr,p4,Eng,single,9,4,0.94,4.25,10,Eng,70,65,70,65,0.928571429,3
b25rr_eop4_longestoverlap_ISI_10_test,b25rr,p4,Eng,single,10,6,1.08,5.55,10,Eng,70,65,70,65,0.928571429,3
b26r_edp3_longestoverlap_ISI_0_test,b26r,p3,Eng,mixed,0,17,4.28,3.97,11,Eng,70,53,70,53,0.757142857,8
b26r_edp3_longestoverlap_ISI_1_test,b26r,p3,Eng,mixed,1,6,1.5,4,11,Eng,70,53,70,53,0.757142857,8
b26r_edp3_longestoverlap_ISI_2_test,b26r,p3,Eng,mixed,2,5,1.34,3.73,11,Eng,70,53,70,53,0.757142857,8
b26r_edp3_longestoverlap_ISI_4_test,b26r,p3,Eng,mixed,4,5,1.46,3.42,11,Eng,70,53,70,53,0.757142857,8
b26r_edp3_longestoverlap_ISI_5_test,b26r,p3,Eng,mixed,5,4,1.26,3.17,11,Eng,70,53,70,53,0.757142857,8
b26r_edp3_longestoverlap_ISI_7_test,b26r,p3,Eng,mixed,7,6,1.04,5.77,11,Eng,70,53,70,53,0.757142857,8
b26r_edp3_longestoverlap_ISI_8_test,b26r,p3,Eng,mixed,8,12,3.52,3.41,11,Eng,70,53,70,53,0.757142857,8
b26r_edp3_longestoverlap_ISI_9_test,b26r,p3,Eng,mixed,9,11,3.06,3.59,11,Eng,70,53,70,53,0.757142857,8
b26r_edp3_longestoverlap_ISI_10_test,b26r,p3,Eng,mixed,10,9,1.74,5.17,11,Eng,70,53,70,53,0.757142857,8
b26r_eop3_longestoverlap_ISI_0_test,b26r,p3,Eng,single,0,17,3.78,4.5,11,Eng,70,53,70,53,0.757142857,8
b26r_eop3_longestoverlap_ISI_1_test,b26r,p3,Eng,single,1,5,1.68,2.98,11,Eng,70,53,70,53,0.757142857,8
b26r_eop3_longestoverlap_ISI_2_test,b26r,p3,Eng,single,2,4,1,4,11,Eng,70,53,70,53,0.757142857,8
b26r_eop3_longestoverlap_ISI_4_test,b26r,p3,Eng,single,4,3,1.5,2,11,Eng,70,53,70,53,0.757142857,8
b26r_eop3_longestoverlap_ISI_5_test,b26r,p3,Eng,single,5,2,0.98,2.04,11,Eng,70,53,70,53,0.757142857,8
b26r_eop3_longestoverlap_ISI_7_test,b26r,p3,Eng,single,7,3,1,3,11,Eng,70,53,70,53,0.757142857,8
b26r_eop3_longestoverlap_ISI_8_test,b26r,p3,Eng,single,8,15,3.56,4.21,11,Eng,70,53,70,53,0.757142857,8
b26r_eop3_longestoverlap_ISI_9_test,b26r,p3,Eng,single,9,11,2.62,4.2,11,Eng,70,53,70,53,0.757142857,8
b26r_eop3_longestoverlap_ISI_10_test,b26r,p3,Eng,single,10,4,1.44,2.78,11,Eng,70,53,70,53,0.757142857,8
b26r_edp4_longestoverlap_ISI_0_test,b26r,p4,Eng,mixed,0,2,0.8,2.5,11,Eng,70,53,70,53,0.757142857,8
b26r_edp4_longestoverlap_ISI_1_test,b26r,p4,Eng,mixed,1,3,1.08,2.78,11,Eng,70,53,70,53,0.757142857,8
b26r_edp4_longestoverlap_ISI_2_test,b26r,p4,Eng,mixed,2,8,2.14,3.74,11,Eng,70,53,70,53,0.757142857,8
b26r_edp4_longestoverlap_ISI_3_test,b26r,p4,Eng,mixed,3,7,2.28,3.07,11,Eng,70,53,70,53,0.757142857,8
b26r_edp4_longestoverlap_ISI_4_test,b26r,p4,Eng,mixed,4,7,2.3,3.04,11,Eng,70,53,70,53,0.757142857,8
b26r_edp4_longestoverlap_ISI_5_test,b26r,p4,Eng,mixed,5,7,1.64,4.27,11,Eng,70,53,70,53,0.757142857,8
b26r_edp4_longestoverlap_ISI_6_test,b26r,p4,Eng,mixed,6,9,2.02,4.45,11,Eng,70,53,70,53,0.757142857,8
b26r_edp4_longestoverlap_ISI_7_test,b26r,p4,Eng,mixed,7,11,2.98,3.69,11,Eng,70,53,70,53,0.757142857,8
b26r_edp4_longestoverlap_ISI_8_test,b26r,p4,Eng,mixed,8,7,1.36,5.15,11,Eng,70,53,70,53,0.757142857,8
b26r_edp4_longestoverlap_ISI_9_test,b26r,p4,Eng,mixed,9,2,1.08,1.85,11,Eng,70,53,70,53,0.757142857,8
b26r_edp4_longestoverlap_ISI_10_test,b26r,p4,Eng,mixed,10,5,1.5,3.33,11,Eng,70,53,70,53,0.757142857,8
b26r_eop4_longestoverlap_ISI_0_test,b26r,p4,Eng,single,0,3,0.78,3.84,11,Eng,70,53,70,53,0.757142857,8
b26r_eop4_longestoverlap_ISI_1_test,b26r,p4,Eng,single,1,2,0.88,2.27,11,Eng,70,53,70,53,0.757142857,8
b26r_eop4_longestoverlap_ISI_2_test,b26r,p4,Eng,single,2,8,2.18,3.67,11,Eng,70,53,70,53,0.757142857,8
b26r_eop4_longestoverlap_ISI_3_test,b26r,p4,Eng,single,3,9,2.56,3.51,11,Eng,70,53,70,53,0.757142857,8
b26r_eop4_longestoverlap_ISI_4_test,b26r,p4,Eng,single,4,9,2.34,3.84,11,Eng,70,53,70,53,0.757142857,8
b26r_eop4_longestoverlap_ISI_5_test,b26r,p4,Eng,single,5,6,1.68,3.57,11,Eng,70,53,70,53,0.757142857,8
b26r_eop4_longestoverlap_ISI_6_test,b26r,p4,Eng,single,6,8,1.72,4.65,11,Eng,70,53,70,53,0.757142857,8
b26r_eop4_longestoverlap_ISI_7_test,b26r,p4,Eng,single,7,11,2.88,3.82,11,Eng,70,53,70,53,0.757142857,8
b26r_eop4_longestoverlap_ISI_8_test,b26r,p4,Eng,single,8,4,1.08,3.7,11,Eng,70,53,70,53,0.757142857,8
b26r_eop4_longestoverlap_ISI_9_test,b26r,p4,Eng,single,9,4,1.06,3.77,11,Eng,70,53,70,53,0.757142857,8
b26r_eop4_longestoverlap_ISI_10_test,b26r,p4,Eng,single,10,3,0.94,3.19,11,Eng,70,53,70,53,0.757142857,8
b27_edp3_longestoverlap_ISI_0_test,b27,p3,Eng,mixed,0,8,1.38,5.8,12,Eng,73,42,73,42,0.575342466,5
b27_edp3_longestoverlap_ISI_1_test,b27,p3,Eng,mixed,1,7,1.66,4.22,12,Eng,73,42,73,42,0.575342466,5
b27_edp3_longestoverlap_ISI_4_test,b27,p3,Eng,mixed,4,3,0.72,4.17,12,Eng,73,42,73,42,0.575342466,5
b27_edp3_longestoverlap_ISI_5_test,b27,p3,Eng,mixed,5,7,1.62,4.32,12,Eng,73,42,73,42,0.575342466,5
b27_edp3_longestoverlap_ISI_6_test,b27,p3,Eng,mixed,6,3,0.92,3.26,12,Eng,73,42,73,42,0.575342466,5
b27_edp3_longestoverlap_ISI_7_test,b27,p3,Eng,mixed,7,3,0.78,3.85,12,Eng,73,42,73,42,0.575342466,5
b27_edp3_longestoverlap_ISI_8_test,b27,p3,Eng,mixed,8,8,1.68,4.76,12,Eng,73,42,73,42,0.575342466,5
b27_edp3_longestoverlap_ISI_9_test,b27,p3,Eng,mixed,9,11,2.42,4.54,12,Eng,73,42,73,42,0.575342466,5
b27_edp3_longestoverlap_ISI_10_test,b27,p3,Eng,mixed,10,5,1.12,4.46,12,Eng,73,42,73,42,0.575342466,5
b27_eop3_longestoverlap_ISI_0_test,b27,p3,Eng,single,0,7,1.36,5.15,12,Eng,73,42,73,42,0.575342466,5
b27_eop3_longestoverlap_ISI_1_test,b27,p3,Eng,single,1,7,1.64,4.27,12,Eng,73,42,73,42,0.575342466,5
b27_eop3_longestoverlap_ISI_4_test,b27,p3,Eng,single,4,3,0.64,4.69,12,Eng,73,42,73,42,0.575342466,5
b27_eop3_longestoverlap_ISI_5_test,b27,p3,Eng,single,5,7,1.58,4.43,12,Eng,73,42,73,42,0.575342466,5
b27_eop3_longestoverlap_ISI_6_test,b27,p3,Eng,single,6,4,1.06,3.77,12,Eng,73,42,73,42,0.575342466,5
b27_eop3_longestoverlap_ISI_7_test,b27,p3,Eng,single,7,5,0.8,6.25,12,Eng,73,42,73,42,0.575342466,5
b27_eop3_longestoverlap_ISI_8_test,b27,p3,Eng,single,8,7,1.54,4.54,12,Eng,73,42,73,42,0.575342466,5
b27_eop3_longestoverlap_ISI_9_test,b27,p3,Eng,single,9,11,2.96,3.71,12,Eng,73,42,73,42,0.575342466,5
b27_eop3_longestoverlap_ISI_10_test,b27,p3,Eng,single,10,3,0.88,3.41,12,Eng,73,42,73,42,0.575342466,5
b27_edp4_longestoverlap_ISI_0_test,b27,p4,Eng,mixed,0,2,0.72,2.78,12,Eng,73,42,73,42,0.575342466,5
b27_edp4_longestoverlap_ISI_1_test,b27,p4,Eng,mixed,1,4,0.7,5.71,12,Eng,73,42,73,42,0.575342466,5
b27_edp4_longestoverlap_ISI_2_test,b27,p4,Eng,mixed,2,6,1.58,3.8,12,Eng,73,42,73,42,0.575342466,5
b27_edp4_longestoverlap_ISI_3_test,b27,p4,Eng,mixed,3,12,2.62,4.58,12,Eng,73,42,73,42,0.575342466,5
b27_edp4_longestoverlap_ISI_4_test,b27,p4,Eng,mixed,4,4,1.06,3.77,12,Eng,73,42,73,42,0.575342466,5
b27_edp4_longestoverlap_ISI_5_test,b27,p4,Eng,mixed,5,9,2.14,4.2,12,Eng,73,42,73,42,0.575342466,5
b27_edp4_longestoverlap_ISI_6_test,b27,p4,Eng,mixed,6,9,1.74,5.17,12,Eng,73,42,73,42,0.575342466,5
b27_edp4_longestoverlap_ISI_7_test,b27,p4,Eng,mixed,7,4,0.86,4.65,12,Eng,73,42,73,42,0.575342466,5
b27_edp4_longestoverlap_ISI_8_test,b27,p4,Eng,mixed,8,7,1.3,5.38,12,Eng,73,42,73,42,0.575342466,5
b27_edp4_longestoverlap_ISI_9_test,b27,p4,Eng,mixed,9,3,1.04,2.88,12,Eng,73,42,73,42,0.575342466,5
b27_edp4_longestoverlap_ISI_10_test,b27,p4,Eng,mixed,10,5,1.16,4.31,12,Eng,73,42,73,42,0.575342466,5
b27_eop4_longestoverlap_ISI_0_test,b27,p4,Eng,single,0,2,0.72,2.78,12,Eng,73,42,73,42,0.575342466,5
b27_eop4_longestoverlap_ISI_1_test,b27,p4,Eng,single,1,4,0.8,5,12,Eng,73,42,73,42,0.575342466,5
b27_eop4_longestoverlap_ISI_2_test,b27,p4,Eng,single,2,7,1.58,4.43,12,Eng,73,42,73,42,0.575342466,5
b27_eop4_longestoverlap_ISI_3_test,b27,p4,Eng,single,3,12,2.4,5,12,Eng,73,42,73,42,0.575342466,5
b27_eop4_longestoverlap_ISI_4_test,b27,p4,Eng,single,4,6,1.24,4.84,12,Eng,73,42,73,42,0.575342466,5
b27_eop4_longestoverlap_ISI_5_test,b27,p4,Eng,single,5,6,1.52,3.95,12,Eng,73,42,73,42,0.575342466,5
b27_eop4_longestoverlap_ISI_6_test,b27,p4,Eng,single,6,10,1.76,5.68,12,Eng,73,42,73,42,0.575342466,5
b27_eop4_longestoverlap_ISI_7_test,b27,p4,Eng,single,7,5,0.9,5.55,12,Eng,73,42,73,42,0.575342466,5
b27_eop4_longestoverlap_ISI_8_test,b27,p4,Eng,single,8,6,1.24,4.84,12,Eng,73,42,73,42,0.575342466,5
b27_eop4_longestoverlap_ISI_9_test,b27,p4,Eng,single,9,6,0.98,6.12,12,Eng,73,42,73,42,0.575342466,5
b27_eop4_longestoverlap_ISI_10_test,b27,p4,Eng,single,10,5,0.92,5.43,12,Eng,73,42,73,42,0.575342466,5
b28_edp3_longestoverlap_ISI_0_test,b28,p3,Eng,mixed,0,4,1.12,3.57,13,Eng,62,40,62,40,0.64516129,7
b28_edp3_longestoverlap_ISI_1_test,b28,p3,Eng,mixed,1,4,1.4,2.86,13,Eng,62,40,62,40,0.64516129,7
b28_edp3_longestoverlap_ISI_4_test,b28,p3,Eng,mixed,4,4,0.88,4.54,13,Eng,62,40,62,40,0.64516129,7
b28_edp3_longestoverlap_ISI_5_test,b28,p3,Eng,mixed,5,2,1.02,1.96,13,Eng,62,40,62,40,0.64516129,7
b28_edp3_longestoverlap_ISI_7_test,b28,p3,Eng,mixed,7,7,1.9,3.68,13,Eng,62,40,62,40,0.64516129,7
b28_edp3_longestoverlap_ISI_8_test,b28,p3,Eng,mixed,8,6,2.04,2.94,13,Eng,62,40,62,40,0.64516129,7
b28_edp3_longestoverlap_ISI_9_test,b28,p3,Eng,mixed,9,11,2.52,4.36,13,Eng,62,40,62,40,0.64516129,7
b28_edp3_longestoverlap_ISI_10_test,b28,p3,Eng,mixed,10,5,2.14,2.34,13,Eng,62,40,62,40,0.64516129,7
b28_eop3_longestoverlap_ISI_0_test,b28,p3,Eng,single,0,4,1.1,3.64,13,Eng,62,40,62,40,0.64516129,7
b28_eop3_longestoverlap_ISI_1_test,b28,p3,Eng,single,1,5,1.44,3.47,13,Eng,62,40,62,40,0.64516129,7
b28_eop3_longestoverlap_ISI_4_test,b28,p3,Eng,single,4,4,0.82,4.88,13,Eng,62,40,62,40,0.64516129,7
b28_eop3_longestoverlap_ISI_5_test,b28,p3,Eng,single,5,2,0.9,2.22,13,Eng,62,40,62,40,0.64516129,7
b28_eop3_longestoverlap_ISI_7_test,b28,p3,Eng,single,7,6,1.6,3.75,13,Eng,62,40,62,40,0.64516129,7
b28_eop3_longestoverlap_ISI_8_test,b28,p3,Eng,single,8,6,1.96,3.06,13,Eng,62,40,62,40,0.64516129,7
b28_eop3_longestoverlap_ISI_9_test,b28,p3,Eng,single,9,9,2.46,3.66,13,Eng,62,40,62,40,0.64516129,7
b28_eop3_longestoverlap_ISI_10_test,b28,p3,Eng,single,10,5,1.58,3.16,13,Eng,62,40,62,40,0.64516129,7
b28_edp4_longestoverlap_ISI_0_test,b28,p4,Eng,mixed,0,2,0.78,2.56,13,Eng,62,40,62,40,0.64516129,7
b28_edp4_longestoverlap_ISI_1_test,b28,p4,Eng,mixed,1,3,1,3,13,Eng,62,40,62,40,0.64516129,7
b28_edp4_longestoverlap_ISI_2_test,b28,p4,Eng,mixed,2,4,1.18,3.39,13,Eng,62,40,62,40,0.64516129,7
b28_edp4_longestoverlap_ISI_3_test,b28,p4,Eng,mixed,3,6,1.9,3.16,13,Eng,62,40,62,40,0.64516129,7
b28_edp4_longestoverlap_ISI_4_test,b28,p4,Eng,mixed,4,10,2.62,3.82,13,Eng,62,40,62,40,0.64516129,7
b28_edp4_longestoverlap_ISI_5_test,b28,p4,Eng,mixed,5,4,1,4,13,Eng,62,40,62,40,0.64516129,7
b28_edp4_longestoverlap_ISI_6_test,b28,p4,Eng,mixed,6,11,2.24,4.91,13,Eng,62,40,62,40,0.64516129,7
b28_edp4_longestoverlap_ISI_7_test,b28,p4,Eng,mixed,7,5,1.48,3.38,13,Eng,62,40,62,40,0.64516129,7
b28_edp4_longestoverlap_ISI_8_test,b28,p4,Eng,mixed,8,5,1.4,3.57,13,Eng,62,40,62,40,0.64516129,7
b28_edp4_longestoverlap_ISI_9_test,b28,p4,Eng,mixed,9,7,1.98,3.53,13,Eng,62,40,62,40,0.64516129,7
b28_edp4_longestoverlap_ISI_10_test,b28,p4,Eng,mixed,10,3,0.98,3.06,13,Eng,62,40,62,40,0.64516129,7
b28_eop4_longestoverlap_ISI_0_test,b28,p4,Eng,single,0,2,0.82,2.44,13,Eng,62,40,62,40,0.64516129,7
b28_eop4_longestoverlap_ISI_1_test,b28,p4,Eng,single,1,2,0.74,2.7,13,Eng,62,40,62,40,0.64516129,7
b28_eop4_longestoverlap_ISI_2_test,b28,p4,Eng,single,2,4,1,4,13,Eng,62,40,62,40,0.64516129,7
b28_eop4_longestoverlap_ISI_3_test,b28,p4,Eng,single,3,7,1.82,3.84,13,Eng,62,40,62,40,0.64516129,7
b28_eop4_longestoverlap_ISI_4_test,b28,p4,Eng,single,4,11,2.7,4.07,13,Eng,62,40,62,40,0.64516129,7
b28_eop4_longestoverlap_ISI_5_test,b28,p4,Eng,single,5,3,0.82,3.66,13,Eng,62,40,62,40,0.64516129,7
b28_eop4_longestoverlap_ISI_6_test,b28,p4,Eng,single,6,8,2.38,3.36,13,Eng,62,40,62,40,0.64516129,7
b28_eop4_longestoverlap_ISI_7_test,b28,p4,Eng,single,7,6,1.46,4.11,13,Eng,62,40,62,40,0.64516129,7
b28_eop4_longestoverlap_ISI_8_test,b28,p4,Eng,single,8,7,1.3,5.38,13,Eng,62,40,62,40,0.64516129,7
b28_eop4_longestoverlap_ISI_9_test,b28,p4,Eng,single,9,5,1.78,2.81,13,Eng,62,40,62,40,0.64516129,7
b28_eop4_longestoverlap_ISI_10_test,b28,p4,Eng,single,10,2,0.9,2.22,13,Eng,62,40,62,40,0.64516129,7
b29r_edp3_longestoverlap_ISI_0_test,b29r,p3,Eng,mixed,0,7,1.8,3.89,14,Eng,72,62,72,62,0.861111111,4
b29r_edp3_longestoverlap_ISI_1_test,b29r,p3,Eng,mixed,1,5,1.26,3.97,14,Eng,72,62,72,62,0.861111111,4
b29r_edp3_longestoverlap_ISI_2_test,b29r,p3,Eng,mixed,2,6,1.4,4.28,14,Eng,72,62,72,62,0.861111111,4
b29r_edp3_longestoverlap_ISI_4_test,b29r,p3,Eng,mixed,4,4,0.82,4.88,14,Eng,72,62,72,62,0.861111111,4
b29r_edp3_longestoverlap_ISI_5_test,b29r,p3,Eng,mixed,5,6,1.12,5.36,14,Eng,72,62,72,62,0.861111111,4
b29r_edp3_longestoverlap_ISI_6_test,b29r,p3,Eng,mixed,6,2,0.52,3.85,14,Eng,72,62,72,62,0.861111111,4
b29r_edp3_longestoverlap_ISI_7_test,b29r,p3,Eng,mixed,7,5,1.1,4.54,14,Eng,72,62,72,62,0.861111111,4
b29r_edp3_longestoverlap_ISI_8_test,b29r,p3,Eng,mixed,8,10,2.22,4.5,14,Eng,72,62,72,62,0.861111111,4
b29r_edp3_longestoverlap_ISI_9_test,b29r,p3,Eng,mixed,9,14,4.1,3.41,14,Eng,72,62,72,62,0.861111111,4
b29r_edp3_longestoverlap_ISI_10_test,b29r,p3,Eng,mixed,10,3,1.24,2.42,14,Eng,72,62,72,62,0.861111111,4
b29r_eop3_longestoverlap_ISI_0_test,b29r,p3,Eng,single,0,7,1.82,3.85,14,Eng,72,62,72,62,0.861111111,4
b29r_eop3_longestoverlap_ISI_1_test,b29r,p3,Eng,single,1,6,1.42,4.22,14,Eng,72,62,72,62,0.861111111,4
b29r_eop3_longestoverlap_ISI_2_test,b29r,p3,Eng,single,2,6,1.44,4.17,14,Eng,72,62,72,62,0.861111111,4
b29r_eop3_longestoverlap_ISI_4_test,b29r,p3,Eng,single,4,3,0.8,3.75,14,Eng,72,62,72,62,0.861111111,4
b29r_eop3_longestoverlap_ISI_5_test,b29r,p3,Eng,single,5,5,1.08,4.63,14,Eng,72,62,72,62,0.861111111,4
b29r_eop3_longestoverlap_ISI_6_test,b29r,p3,Eng,single,6,2,0.56,3.57,14,Eng,72,62,72,62,0.861111111,4
b29r_eop3_longestoverlap_ISI_7_test,b29r,p3,Eng,single,7,4,1.06,3.77,14,Eng,72,62,72,62,0.861111111,4
b29r_eop3_longestoverlap_ISI_8_test,b29r,p3,Eng,single,8,10,2.08,4.81,14,Eng,72,62,72,62,0.861111111,4
b29r_eop3_longestoverlap_ISI_9_test,b29r,p3,Eng,single,9,13,3.34,3.89,14,Eng,72,62,72,62,0.861111111,4
b29r_eop3_longestoverlap_ISI_10_test,b29r,p3,Eng,single,10,2,1.04,1.92,14,Eng,72,62,72,62,0.861111111,4
b29r_edp4_longestoverlap_ISI_0_test,b29r,p4,Eng,mixed,0,3,0.84,3.57,14,Eng,72,62,72,62,0.861111111,4
b29r_edp4_longestoverlap_ISI_1_test,b29r,p4,Eng,mixed,1,3,0.84,3.57,14,Eng,72,62,72,62,0.861111111,4
b29r_edp4_longestoverlap_ISI_2_test,b29r,p4,Eng,mixed,2,9,1.8,5,14,Eng,72,62,72,62,0.861111111,4
b29r_edp4_longestoverlap_ISI_3_test,b29r,p4,Eng,mixed,3,7,1.92,3.64,14,Eng,72,62,72,62,0.861111111,4
b29r_edp4_longestoverlap_ISI_4_test,b29r,p4,Eng,mixed,4,5,1.02,4.9,14,Eng,72,62,72,62,0.861111111,4
b29r_edp4_longestoverlap_ISI_5_test,b29r,p4,Eng,mixed,5,8,1.88,4.25,14,Eng,72,62,72,62,0.861111111,4
b29r_edp4_longestoverlap_ISI_6_test,b29r,p4,Eng,mixed,6,12,2.36,5.08,14,Eng,72,62,72,62,0.861111111,4
b29r_edp4_longestoverlap_ISI_7_test,b29r,p4,Eng,mixed,7,3,1.06,2.83,14,Eng,72,62,72,62,0.861111111,4
b29r_edp4_longestoverlap_ISI_8_test,b29r,p4,Eng,mixed,8,6,1.4,4.28,14,Eng,72,62,72,62,0.861111111,4
b29r_edp4_longestoverlap_ISI_9_test,b29r,p4,Eng,mixed,9,3,0.92,3.26,14,Eng,72,62,72,62,0.861111111,4
b29r_edp4_longestoverlap_ISI_10_test,b29r,p4,Eng,mixed,10,7,1.3,5.38,14,Eng,72,62,72,62,0.861111111,4
b29r_eop4_longestoverlap_ISI_0_test,b29r,p4,Eng,single,0,3,0.88,3.41,14,Eng,72,62,72,62,0.861111111,4
b29r_eop4_longestoverlap_ISI_1_test,b29r,p4,Eng,single,1,4,0.88,4.54,14,Eng,72,62,72,62,0.861111111,4
b29r_eop4_longestoverlap_ISI_2_test,b29r,p4,Eng,single,2,8,1.88,4.26,14,Eng,72,62,72,62,0.861111111,4
b29r_eop4_longestoverlap_ISI_3_test,b29r,p4,Eng,single,3,9,2.1,4.29,14,Eng,72,62,72,62,0.861111111,4
b29r_eop4_longestoverlap_ISI_4_test,b29r,p4,Eng,single,4,5,1,5,14,Eng,72,62,72,62,0.861111111,4
b29r_eop4_longestoverlap_ISI_5_test,b29r,p4,Eng,single,5,7,1.74,4.02,14,Eng,72,62,72,62,0.861111111,4
b29r_eop4_longestoverlap_ISI_6_test,b29r,p4,Eng,single,6,13,2.34,5.56,14,Eng,72,62,72,62,0.861111111,4
b29r_eop4_longestoverlap_ISI_7_test,b29r,p4,Eng,single,7,5,1.26,3.97,14,Eng,72,62,72,62,0.861111111,4
b29r_eop4_longestoverlap_ISI_8_test,b29r,p4,Eng,single,8,7,1.34,5.22,14,Eng,72,62,72,62,0.861111111,4
b29r_eop4_longestoverlap_ISI_9_test,b29r,p4,Eng,single,9,3,0.88,3.41,14,Eng,72,62,72,62,0.861111111,4
b29r_eop4_longestoverlap_ISI_10_test,b29r,p4,Eng,single,10,4,1,4,14,Eng,72,62,72,62,0.861111111,4
b30r_edp3_longestoverlap_ISI_0_test,b30r,p3,Eng,mixed,0,11,2.54,4.33,15,Eng,65,42,65,42,0.646153846,5
b30r_edp3_longestoverlap_ISI_1_test,b30r,p3,Eng,mixed,1,8,1.52,5.26,15,Eng,65,42,65,42,0.646153846,5
b30r_edp3_longestoverlap_ISI_2_test,b30r,p3,Eng,mixed,2,5,1.32,3.79,15,Eng,65,42,65,42,0.646153846,5
b30r_edp3_longestoverlap_ISI_3_test,b30r,p3,Eng,mixed,3,3,0.8,3.75,15,Eng,65,42,65,42,0.646153846,5
b30r_edp3_longestoverlap_ISI_4_test,b30r,p3,Eng,mixed,4,4,1.08,3.7,15,Eng,65,42,65,42,0.646153846,5
b30r_edp3_longestoverlap_ISI_5_test,b30r,p3,Eng,mixed,5,4,0.96,4.17,15,Eng,65,42,65,42,0.646153846,5
b30r_edp3_longestoverlap_ISI_6_test,b30r,p3,Eng,mixed,6,3,0.9,3.33,15,Eng,65,42,65,42,0.646153846,5
b30r_edp3_longestoverlap_ISI_7_test,b30r,p3,Eng,mixed,7,6,1.58,3.8,15,Eng,65,42,65,42,0.646153846,5
b30r_edp3_longestoverlap_ISI_8_test,b30r,p3,Eng,mixed,8,12,3,4,15,Eng,65,42,65,42,0.646153846,5
b30r_edp3_longestoverlap_ISI_9_test,b30r,p3,Eng,mixed,9,13,2.92,4.45,15,Eng,65,42,65,42,0.646153846,5
b30r_edp3_longestoverlap_ISI_10_test,b30r,p3,Eng,mixed,10,4,1,4,15,Eng,65,42,65,42,0.646153846,5
b30r_eop3_longestoverlap_ISI_0_test,b30r,p3,Eng,single,0,11,2.68,4.1,15,Eng,65,42,65,42,0.646153846,5
b30r_eop3_longestoverlap_ISI_1_test,b30r,p3,Eng,single,1,8,1.6,5,15,Eng,65,42,65,42,0.646153846,5
b30r_eop3_longestoverlap_ISI_2_test,b30r,p3,Eng,single,2,6,1.48,4.05,15,Eng,65,42,65,42,0.646153846,5
b30r_eop3_longestoverlap_ISI_3_test,b30r,p3,Eng,single,3,3,0.84,3.57,15,Eng,65,42,65,42,0.646153846,5
b30r_eop3_longestoverlap_ISI_4_test,b30r,p3,Eng,single,4,5,1.18,4.24,15,Eng,65,42,65,42,0.646153846,5
b30r_eop3_longestoverlap_ISI_5_test,b30r,p3,Eng,single,5,6,0.98,6.12,15,Eng,65,42,65,42,0.646153846,5
b30r_eop3_longestoverlap_ISI_6_test,b30r,p3,Eng,single,6,4,1.08,3.7,15,Eng,65,42,65,42,0.646153846,5
b30r_eop3_longestoverlap_ISI_7_test,b30r,p3,Eng,single,7,6,1.58,3.8,15,Eng,65,42,65,42,0.646153846,5
b30r_eop3_longestoverlap_ISI_8_test,b30r,p3,Eng,single,8,11,2.88,3.82,15,Eng,65,42,65,42,0.646153846,5
b30r_eop3_longestoverlap_ISI_9_test,b30r,p3,Eng,single,9,13,2.66,4.89,15,Eng,65,42,65,42,0.646153846,5
b30r_eop3_longestoverlap_ISI_10_test,b30r,p3,Eng,single,10,2,1.14,1.75,15,Eng,65,42,65,42,0.646153846,5
b30r_edp4_longestoverlap_ISI_0_test,b30r,p4,Eng,mixed,0,4,0.74,5.4,15,Eng,65,42,65,42,0.646153846,5
b30r_edp4_longestoverlap_ISI_1_test,b30r,p4,Eng,mixed,1,2,0.92,2.17,15,Eng,65,42,65,42,0.646153846,5
b30r_edp4_longestoverlap_ISI_2_test,b30r,p4,Eng,mixed,2,4,1.12,3.57,15,Eng,65,42,65,42,0.646153846,5
b30r_edp4_longestoverlap_ISI_3_test,b30r,p4,Eng,mixed,3,11,2.1,5.24,15,Eng,65,42,65,42,0.646153846,5
b30r_edp4_longestoverlap_ISI_4_test,b30r,p4,Eng,mixed,4,11,2.8,3.93,15,Eng,65,42,65,42,0.646153846,5
b30r_edp4_longestoverlap_ISI_5_test,b30r,p4,Eng,mixed,5,7,1.72,4.07,15,Eng,65,42,65,42,0.646153846,5
b30r_edp4_longestoverlap_ISI_6_test,b30r,p4,Eng,mixed,6,22,4.38,5.02,15,Eng,65,42,65,42,0.646153846,5
b30r_edp4_longestoverlap_ISI_7_test,b30r,p4,Eng,mixed,7,5,1.38,3.62,15,Eng,65,42,65,42,0.646153846,5
b30r_edp4_longestoverlap_ISI_8_test,b30r,p4,Eng,mixed,8,5,1.28,3.91,15,Eng,65,42,65,42,0.646153846,5
b30r_edp4_longestoverlap_ISI_9_test,b30r,p4,Eng,mixed,9,7,1.38,5.07,15,Eng,65,42,65,42,0.646153846,5
b30r_edp4_longestoverlap_ISI_10_test,b30r,p4,Eng,mixed,10,5,1.16,4.31,15,Eng,65,42,65,42,0.646153846,5
b30r_eop4_longestoverlap_ISI_0_test,b30r,p4,Eng,single,0,3,0.8,3.75,15,Eng,65,42,65,42,0.646153846,5
b30r_eop4_longestoverlap_ISI_1_test,b30r,p4,Eng,single,1,4,0.9,4.44,15,Eng,65,42,65,42,0.646153846,5
b30r_eop4_longestoverlap_ISI_2_test,b30r,p4,Eng,single,2,4,1.16,3.45,15,Eng,65,42,65,42,0.646153846,5
b30r_eop4_longestoverlap_ISI_3_test,b30r,p4,Eng,single,3,10,2.18,4.59,15,Eng,65,42,65,42,0.646153846,5
b30r_eop4_longestoverlap_ISI_4_test,b30r,p4,Eng,single,4,12,2.84,4.22,15,Eng,65,42,65,42,0.646153846,5
b30r_eop4_longestoverlap_ISI_5_test,b30r,p4,Eng,single,5,7,1.66,4.22,15,Eng,65,42,65,42,0.646153846,5
b30r_eop4_longestoverlap_ISI_6_test,b30r,p4,Eng,single,6,21,4,5.25,15,Eng,65,42,65,42,0.646153846,5
b30r_eop4_longestoverlap_ISI_7_test,b30r,p4,Eng,single,7,5,1.4,3.57,15,Eng,65,42,65,42,0.646153846,5
b30r_eop4_longestoverlap_ISI_8_test,b30r,p4,Eng,single,8,7,1.3,5.38,15,Eng,65,42,65,42,0.646153846,5
b30r_eop4_longestoverlap_ISI_9_test,b30r,p4,Eng,single,9,8,1.26,6.35,15,Eng,65,42,65,42,0.646153846,5
b30r_eop4_longestoverlap_ISI_10_test,b30r,p4,Eng,single,10,5,1.06,4.72,15,Eng,65,42,65,42,0.646153846,5
b31r_edp3_longestoverlap_ISI_0_test,b31r,p3,Eng,mixed,0,6,1.48,4.05,16,Eng,62,48,62,48,0.774193548,1
b31r_edp3_longestoverlap_ISI_1_test,b31r,p3,Eng,mixed,1,7,1.66,4.22,16,Eng,62,48,62,48,0.774193548,1
b31r_edp3_longestoverlap_ISI_2_test,b31r,p3,Eng,mixed,2,4,0.94,4.25,16,Eng,62,48,62,48,0.774193548,1
b31r_edp3_longestoverlap_ISI_4_test,b31r,p3,Eng,mixed,4,4,1.52,2.63,16,Eng,62,48,62,48,0.774193548,1
b31r_edp3_longestoverlap_ISI_5_test,b31r,p3,Eng,mixed,5,8,2.3,3.48,16,Eng,62,48,62,48,0.774193548,1
b31r_edp3_longestoverlap_ISI_7_test,b31r,p3,Eng,mixed,7,4,1.26,3.17,16,Eng,62,48,62,48,0.774193548,1
b31r_edp3_longestoverlap_ISI_8_test,b31r,p3,Eng,mixed,8,12,3.26,3.68,16,Eng,62,48,62,48,0.774193548,1
b31r_edp3_longestoverlap_ISI_9_test,b31r,p3,Eng,mixed,9,15,3.68,4.08,16,Eng,62,48,62,48,0.774193548,1
b31r_edp3_longestoverlap_ISI_10_test,b31r,p3,Eng,mixed,10,11,2.28,4.82,16,Eng,62,48,62,48,0.774193548,1
b31r_eop3_longestoverlap_ISI_0_test,b31r,p3,Eng,single,0,6,1.52,3.95,16,Eng,62,48,62,48,0.774193548,1
b31r_eop3_longestoverlap_ISI_1_test,b31r,p3,Eng,single,1,6,1.62,3.7,16,Eng,62,48,62,48,0.774193548,1
b31r_eop3_longestoverlap_ISI_2_test,b31r,p3,Eng,single,2,4,0.96,4.17,16,Eng,62,48,62,48,0.774193548,1
b31r_eop3_longestoverlap_ISI_4_test,b31r,p3,Eng,single,4,5,1.36,3.68,16,Eng,62,48,62,48,0.774193548,1
b31r_eop3_longestoverlap_ISI_5_test,b31r,p3,Eng,single,5,9,1.94,4.64,16,Eng,62,48,62,48,0.774193548,1
b31r_eop3_longestoverlap_ISI_7_test,b31r,p3,Eng,single,7,4,1.14,3.51,16,Eng,62,48,62,48,0.774193548,1
b31r_eop3_longestoverlap_ISI_8_test,b31r,p3,Eng,single,8,15,3.76,3.99,16,Eng,62,48,62,48,0.774193548,1
b31r_eop3_longestoverlap_ISI_9_test,b31r,p3,Eng,single,9,14,3.24,4.32,16,Eng,62,48,62,48,0.774193548,1
b31r_eop3_longestoverlap_ISI_10_test,b31r,p3,Eng,single,10,11,2.38,4.62,16,Eng,62,48,62,48,0.774193548,1
b31r_edp4_longestoverlap_ISI_0_test,b31r,p4,Eng,mixed,0,2,1,2,16,Eng,62,48,62,48,0.774193548,1
b31r_edp4_longestoverlap_ISI_1_test,b31r,p4,Eng,mixed,1,3,0.9,3.33,16,Eng,62,48,62,48,0.774193548,1
b31r_edp4_longestoverlap_ISI_2_test,b31r,p4,Eng,mixed,2,9,2.3,3.91,16,Eng,62,48,62,48,0.774193548,1
b31r_edp4_longestoverlap_ISI_3_test,b31r,p4,Eng,mixed,3,11,2.58,4.26,16,Eng,62,48,62,48,0.774193548,1
b31r_edp4_longestoverlap_ISI_4_test,b31r,p4,Eng,mixed,4,14,3.5,4,16,Eng,62,48,62,48,0.774193548,1
b31r_edp4_longestoverlap_ISI_5_test,b31r,p4,Eng,mixed,5,9,2,4.5,16,Eng,62,48,62,48,0.774193548,1
b31r_edp4_longestoverlap_ISI_6_test,b31r,p4,Eng,mixed,6,7,1.8,3.89,16,Eng,62,48,62,48,0.774193548,1
b31r_edp4_longestoverlap_ISI_7_test,b31r,p4,Eng,mixed,7,7,1.76,3.98,16,Eng,62,48,62,48,0.774193548,1
b31r_edp4_longestoverlap_ISI_8_test,b31r,p4,Eng,mixed,8,7,1.38,5.07,16,Eng,62,48,62,48,0.774193548,1
b31r_edp4_longestoverlap_ISI_9_test,b31r,p4,Eng,mixed,9,6,1.7,3.53,16,Eng,62,48,62,48,0.774193548,1
b31r_edp4_longestoverlap_ISI_10_test,b31r,p4,Eng,mixed,10,4,1.18,3.39,16,Eng,62,48,62,48,0.774193548,1
b31r_eop4_longestoverlap_ISI_0_test,b31r,p4,Eng,single,0,3,0.92,3.26,16,Eng,62,48,62,48,0.774193548,1
b31r_eop4_longestoverlap_ISI_1_test,b31r,p4,Eng,single,1,3,1,3,16,Eng,62,48,62,48,0.774193548,1
b31r_eop4_longestoverlap_ISI_2_test,b31r,p4,Eng,single,2,8,2.32,3.45,16,Eng,62,48,62,48,0.774193548,1
b31r_eop4_longestoverlap_ISI_3_test,b31r,p4,Eng,single,3,10,2.64,3.79,16,Eng,62,48,62,48,0.774193548,1
b31r_eop4_longestoverlap_ISI_4_test,b31r,p4,Eng,single,4,15,3.2,4.69,16,Eng,62,48,62,48,0.774193548,1
b31r_eop4_longestoverlap_ISI_5_test,b31r,p4,Eng,single,5,9,1.9,4.74,16,Eng,62,48,62,48,0.774193548,1
b31r_eop4_longestoverlap_ISI_6_test,b31r,p4,Eng,single,6,8,1.82,4.39,16,Eng,62,48,62,48,0.774193548,1
b31r_eop4_longestoverlap_ISI_7_test,b31r,p4,Eng,single,7,5,1.74,2.87,16,Eng,62,48,62,48,0.774193548,1
b31r_eop4_longestoverlap_ISI_8_test,b31r,p4,Eng,single,8,7,1.4,5,16,Eng,62,48,62,48,0.774193548,1
b31r_eop4_longestoverlap_ISI_9_test,b31r,p4,Eng,single,9,7,1.38,5.07,16,Eng,62,48,62,48,0.774193548,1
b31r_eop4_longestoverlap_ISI_10_test,b31r,p4,Eng,single,10,5,1.22,4.1,16,Eng,62,48,62,48,0.774193548,1
b32_edp3_longestoverlap_ISI_0_test,b32,p3,Eng,mixed,0,13,2.72,4.78,17,Eng,67,49,67,49,0.731343284,3
b32_edp3_longestoverlap_ISI_1_test,b32,p3,Eng,mixed,1,7,1.28,5.47,17,Eng,67,49,67,49,0.731343284,3
b32_edp3_longestoverlap_ISI_2_test,b32,p3,Eng,mixed,2,5,1.34,3.73,17,Eng,67,49,67,49,0.731343284,3
b32_edp3_longestoverlap_ISI_4_test,b32,p3,Eng,mixed,4,3,0.8,3.75,17,Eng,67,49,67,49,0.731343284,3
b32_edp3_longestoverlap_ISI_5_test,b32,p3,Eng,mixed,5,7,1.54,4.54,17,Eng,67,49,67,49,0.731343284,3
b32_edp3_longestoverlap_ISI_6_test,b32,p3,Eng,mixed,6,3,0.8,3.75,17,Eng,67,49,67,49,0.731343284,3
b32_edp3_longestoverlap_ISI_7_test,b32,p3,Eng,mixed,7,5,0.88,5.68,17,Eng,67,49,67,49,0.731343284,3
b32_edp3_longestoverlap_ISI_8_test,b32,p3,Eng,mixed,8,10,2.6,3.85,17,Eng,67,49,67,49,0.731343284,3
b32_edp3_longestoverlap_ISI_9_test,b32,p3,Eng,mixed,9,11,2.26,4.87,17,Eng,67,49,67,49,0.731343284,3
b32_edp3_longestoverlap_ISI_10_test,b32,p3,Eng,mixed,10,3,1.08,2.78,17,Eng,67,49,67,49,0.731343284,3
b32_eop3_longestoverlap_ISI_0_test,b32,p3,Eng,single,0,10,2.64,3.79,17,Eng,67,49,67,49,0.731343284,3
b32_eop3_longestoverlap_ISI_1_test,b32,p3,Eng,single,1,6,1.18,5.08,17,Eng,67,49,67,49,0.731343284,3
b32_eop3_longestoverlap_ISI_2_test,b32,p3,Eng,single,2,4,1.32,3.03,17,Eng,67,49,67,49,0.731343284,3
b32_eop3_longestoverlap_ISI_4_test,b32,p3,Eng,single,4,3,0.7,4.28,17,Eng,67,49,67,49,0.731343284,3
b32_eop3_longestoverlap_ISI_5_test,b32,p3,Eng,single,5,5,1.4,3.57,17,Eng,67,49,67,49,0.731343284,3
b32_eop3_longestoverlap_ISI_6_test,b32,p3,Eng,single,6,3,1.02,2.94,17,Eng,67,49,67,49,0.731343284,3
b32_eop3_longestoverlap_ISI_7_test,b32,p3,Eng,single,7,4,0.8,5,17,Eng,67,49,67,49,0.731343284,3
b32_eop3_longestoverlap_ISI_8_test,b32,p3,Eng,single,8,11,2.46,4.47,17,Eng,67,49,67,49,0.731343284,3
b32_eop3_longestoverlap_ISI_9_test,b32,p3,Eng,single,9,11,2.52,4.36,17,Eng,67,49,67,49,0.731343284,3
b32_eop3_longestoverlap_ISI_10_test,b32,p3,Eng,single,10,4,1.12,3.57,17,Eng,67,49,67,49,0.731343284,3
b32_edp4_longestoverlap_ISI_0_test,b32,p4,Eng,mixed,0,3,0.66,4.55,17,Eng,67,49,67,49,0.731343284,3
b32_edp4_longestoverlap_ISI_1_test,b32,p4,Eng,mixed,1,3,0.76,3.95,17,Eng,67,49,67,49,0.731343284,3
b32_edp4_longestoverlap_ISI_2_test,b32,p4,Eng,mixed,2,8,1.88,4.25,17,Eng,67,49,67,49,0.731343284,3
b32_edp4_longestoverlap_ISI_3_test,b32,p4,Eng,mixed,3,6,1.68,3.57,17,Eng,67,49,67,49,0.731343284,3
b32_edp4_longestoverlap_ISI_4_test,b32,p4,Eng,mixed,4,12,2.52,4.76,17,Eng,67,49,67,49,0.731343284,3
b32_edp4_longestoverlap_ISI_5_test,b32,p4,Eng,mixed,5,3,0.8,3.75,17,Eng,67,49,67,49,0.731343284,3
b32_edp4_longestoverlap_ISI_6_test,b32,p4,Eng,mixed,6,9,2.58,3.49,17,Eng,67,49,67,49,0.731343284,3
b32_edp4_longestoverlap_ISI_7_test,b32,p4,Eng,mixed,7,7,1.94,3.61,17,Eng,67,49,67,49,0.731343284,3
b32_edp4_longestoverlap_ISI_8_test,b32,p4,Eng,mixed,8,5,1.1,4.54,17,Eng,67,49,67,49,0.731343284,3
b32_edp4_longestoverlap_ISI_9_test,b32,p4,Eng,mixed,9,3,1.02,2.94,17,Eng,67,49,67,49,0.731343284,3
b32_edp4_longestoverlap_ISI_10_test,b32,p4,Eng,mixed,10,3,0.86,3.49,17,Eng,67,49,67,49,0.731343284,3
b32_eop4_longestoverlap_ISI_0_test,b32,p4,Eng,single,0,3,0.92,3.26,17,Eng,67,49,67,49,0.731343284,3
b32_eop4_longestoverlap_ISI_1_test,b32,p4,Eng,single,1,3,0.98,3.06,17,Eng,67,49,67,49,0.731343284,3
b32_eop4_longestoverlap_ISI_2_test,b32,p4,Eng,single,2,8,1.7,4.71,17,Eng,67,49,67,49,0.731343284,3
b32_eop4_longestoverlap_ISI_3_test,b32,p4,Eng,single,3,6,1.94,3.09,17,Eng,67,49,67,49,0.731343284,3
b32_eop4_longestoverlap_ISI_4_test,b32,p4,Eng,single,4,12,2.8,4.29,17,Eng,67,49,67,49,0.731343284,3
b32_eop4_longestoverlap_ISI_5_test,b32,p4,Eng,single,5,4,0.88,4.55,17,Eng,67,49,67,49,0.731343284,3
b32_eop4_longestoverlap_ISI_6_test,b32,p4,Eng,single,6,12,2.8,4.29,17,Eng,67,49,67,49,0.731343284,3
b32_eop4_longestoverlap_ISI_7_test,b32,p4,Eng,single,7,8,2.46,3.25,17,Eng,67,49,67,49,0.731343284,3
b32_eop4_longestoverlap_ISI_8_test,b32,p4,Eng,single,8,2,1.26,1.59,17,Eng,67,49,67,49,0.731343284,3
b32_eop4_longestoverlap_ISI_9_test,b32,p4,Eng,single,9,4,1.22,3.28,17,Eng,67,49,67,49,0.731343284,3
b32_eop4_longestoverlap_ISI_10_test,b32,p4,Eng,single,10,3,0.82,3.66,17,Eng,67,49,67,49,0.731343284,3
b33r_edp3_longestoverlap_ISI_0_test,b33r,p3,Eng,mixed,0,8,2.26,3.54,2,Eng,54,42,54,42,0.777777778,4
b33r_edp3_longestoverlap_ISI_1_test,b33r,p3,Eng,mixed,1,6,1.82,3.3,2,Eng,54,42,54,42,0.777777778,4
b33r_edp3_longestoverlap_ISI_2_test,b33r,p3,Eng,mixed,2,3,0.58,5.17,2,Eng,54,42,54,42,0.777777778,4
b33r_edp3_longestoverlap_ISI_4_test,b33r,p3,Eng,mixed,4,4,1.46,2.74,2,Eng,54,42,54,42,0.777777778,4
b33r_edp3_longestoverlap_ISI_5_test,b33r,p3,Eng,mixed,5,4,1.18,3.39,2,Eng,54,42,54,42,0.777777778,4
b33r_edp3_longestoverlap_ISI_6_test,b33r,p3,Eng,mixed,6,4,1.34,2.98,2,Eng,54,42,54,42,0.777777778,4
b33r_edp3_longestoverlap_ISI_7_test,b33r,p3,Eng,mixed,7,7,2.06,3.4,2,Eng,54,42,54,42,0.777777778,4
b33r_edp3_longestoverlap_ISI_8_test,b33r,p3,Eng,mixed,8,12,3.34,3.59,2,Eng,54,42,54,42,0.777777778,4
b33r_edp3_longestoverlap_ISI_9_test,b33r,p3,Eng,mixed,9,8,1.9,4.21,2,Eng,54,42,54,42,0.777777778,4
b33r_edp3_longestoverlap_ISI_10_test,b33r,p3,Eng,mixed,10,6,1.92,3.12,2,Eng,54,42,54,42,0.777777778,4
b33r_eop3_longestoverlap_ISI_0_test,b33r,p3,Eng,single,0,6,1.96,3.06,2,Eng,54,42,54,42,0.777777778,4
b33r_eop3_longestoverlap_ISI_1_test,b33r,p3,Eng,single,1,9,1.74,5.17,2,Eng,54,42,54,42,0.777777778,4
b33r_eop3_longestoverlap_ISI_2_test,b33r,p3,Eng,single,2,3,0.74,4.05,2,Eng,54,42,54,42,0.777777778,4
b33r_eop3_longestoverlap_ISI_4_test,b33r,p3,Eng,single,4,3,1.48,2.03,2,Eng,54,42,54,42,0.777777778,4
b33r_eop3_longestoverlap_ISI_5_test,b33r,p3,Eng,single,5,5,1.4,3.57,2,Eng,54,42,54,42,0.777777778,4
b33r_eop3_longestoverlap_ISI_6_test,b33r,p3,Eng,single,6,3,0.98,3.06,2,Eng,54,42,54,42,0.777777778,4
b33r_eop3_longestoverlap_ISI_7_test,b33r,p3,Eng,single,7,8,1.96,4.08,2,Eng,54,42,54,42,0.777777778,4
b33r_eop3_longestoverlap_ISI_8_test,b33r,p3,Eng,single,8,13,3.24,4.01,2,Eng,54,42,54,42,0.777777778,4
b33r_eop3_longestoverlap_ISI_9_test,b33r,p3,Eng,single,9,6,2.04,2.94,2,Eng,54,42,54,42,0.777777778,4
b33r_eop3_longestoverlap_ISI_10_test,b33r,p3,Eng,single,10,7,1.86,3.76,2,Eng,54,42,54,42,0.777777778,4
b33r_edp4_longestoverlap_ISI_0_test,b33r,p4,Eng,mixed,0,4,1.08,3.7,2,Eng,54,42,54,42,0.777777778,4
b33r_edp4_longestoverlap_ISI_1_test,b33r,p4,Eng,mixed,1,3,1,3,2,Eng,54,42,54,42,0.777777778,4
b33r_edp4_longestoverlap_ISI_2_test,b33r,p4,Eng,mixed,2,6,2.18,2.75,2,Eng,54,42,54,42,0.777777778,4
b33r_edp4_longestoverlap_ISI_3_test,b33r,p4,Eng,mixed,3,10,3.02,3.31,2,Eng,54,42,54,42,0.777777778,4
b33r_edp4_longestoverlap_ISI_4_test,b33r,p4,Eng,mixed,4,5,1.6,3.12,2,Eng,54,42,54,42,0.777777778,4
b33r_edp4_longestoverlap_ISI_5_test,b33r,p4,Eng,mixed,5,4,1.76,2.27,2,Eng,54,42,54,42,0.777777778,4
b33r_edp4_longestoverlap_ISI_6_test,b33r,p4,Eng,mixed,6,6,1.84,3.26,2,Eng,54,42,54,42,0.777777778,4
b33r_edp4_longestoverlap_ISI_7_test,b33r,p4,Eng,mixed,7,4,1.4,2.86,2,Eng,54,42,54,42,0.777777778,4
b33r_edp4_longestoverlap_ISI_8_test,b33r,p4,Eng,mixed,8,2,0.88,2.27,2,Eng,54,42,54,42,0.777777778,4
b33r_edp4_longestoverlap_ISI_9_test,b33r,p4,Eng,mixed,9,6,1.46,4.11,2,Eng,54,42,54,42,0.777777778,4
b33r_eop4_longestoverlap_ISI_0_test,b33r,p4,Eng,single,0,3,1.04,2.88,2,Eng,54,42,54,42,0.777777778,4
b33r_eop4_longestoverlap_ISI_1_test,b33r,p4,Eng,single,1,2,1,2,2,Eng,54,42,54,42,0.777777778,4
b33r_eop4_longestoverlap_ISI_2_test,b33r,p4,Eng,single,2,6,2.24,2.68,2,Eng,54,42,54,42,0.777777778,4
b33r_eop4_longestoverlap_ISI_3_test,b33r,p4,Eng,single,3,12,2.94,4.08,2,Eng,54,42,54,42,0.777777778,4
b33r_eop4_longestoverlap_ISI_4_test,b33r,p4,Eng,single,4,7,1.7,4.12,2,Eng,54,42,54,42,0.777777778,4
b33r_eop4_longestoverlap_ISI_5_test,b33r,p4,Eng,single,5,4,1.5,2.67,2,Eng,54,42,54,42,0.777777778,4
b33r_eop4_longestoverlap_ISI_6_test,b33r,p4,Eng,single,6,4,1.24,3.23,2,Eng,54,42,54,42,0.777777778,4
b33r_eop4_longestoverlap_ISI_7_test,b33r,p4,Eng,single,7,3,1.36,2.21,2,Eng,54,42,54,42,0.777777778,4
b33r_eop4_longestoverlap_ISI_8_test,b33r,p4,Eng,single,8,2,0.88,2.27,2,Eng,54,42,54,42,0.777777778,4
b33r_eop4_longestoverlap_ISI_9_test,b33r,p4,Eng,single,9,6,1.44,4.17,2,Eng,54,42,54,42,0.777777778,4
b34_edp3_longestoverlap_ISI_0_test,b34,p3,Eng,mixed,0,12,2.94,4.08,3,Eng,72,55,72,55,0.763888889,6
b34_edp3_longestoverlap_ISI_1_test,b34,p3,Eng,mixed,1,6,1.28,4.69,3,Eng,72,55,72,55,0.763888889,6
b34_edp3_longestoverlap_ISI_2_test,b34,p3,Eng,mixed,2,6,1.46,4.11,3,Eng,72,55,72,55,0.763888889,6
b34_edp3_longestoverlap_ISI_4_test,b34,p3,Eng,mixed,4,5,1.26,3.97,3,Eng,72,55,72,55,0.763888889,6
b34_edp3_longestoverlap_ISI_5_test,b34,p3,Eng,mixed,5,6,1.54,3.9,3,Eng,72,55,72,55,0.763888889,6
b34_edp3_longestoverlap_ISI_6_test,b34,p3,Eng,mixed,6,4,0.94,4.25,3,Eng,72,55,72,55,0.763888889,6
b34_edp3_longestoverlap_ISI_7_test,b34,p3,Eng,mixed,7,4,1.14,3.51,3,Eng,72,55,72,55,0.763888889,6
b34_edp3_longestoverlap_ISI_8_test,b34,p3,Eng,mixed,8,8,1.8,4.44,3,Eng,72,55,72,55,0.763888889,6
b34_edp3_longestoverlap_ISI_9_test,b34,p3,Eng,mixed,9,12,2.58,4.65,3,Eng,72,55,72,55,0.763888889,6
b34_edp3_longestoverlap_ISI_10_test,b34,p3,Eng,mixed,10,7,1.66,4.22,3,Eng,72,55,72,55,0.763888889,6
b34_eop3_longestoverlap_ISI_0_test,b34,p3,Eng,single,0,11,2.76,3.99,3,Eng,72,55,72,55,0.763888889,6
b34_eop3_longestoverlap_ISI_1_test,b34,p3,Eng,single,1,5,1.26,3.97,3,Eng,72,55,72,55,0.763888889,6
b34_eop3_longestoverlap_ISI_2_test,b34,p3,Eng,single,2,6,1.36,4.41,3,Eng,72,55,72,55,0.763888889,6
b34_eop3_longestoverlap_ISI_4_test,b34,p3,Eng,single,4,3,1.04,2.88,3,Eng,72,55,72,55,0.763888889,6
b34_eop3_longestoverlap_ISI_5_test,b34,p3,Eng,single,5,8,1.56,5.13,3,Eng,72,55,72,55,0.763888889,6
b34_eop3_longestoverlap_ISI_6_test,b34,p3,Eng,single,6,4,0.9,4.44,3,Eng,72,55,72,55,0.763888889,6
b34_eop3_longestoverlap_ISI_7_test,b34,p3,Eng,single,7,3,1.08,2.78,3,Eng,72,55,72,55,0.763888889,6
b34_eop3_longestoverlap_ISI_8_test,b34,p3,Eng,single,8,6,1.72,3.49,3,Eng,72,55,72,55,0.763888889,6
b34_eop3_longestoverlap_ISI_9_test,b34,p3,Eng,single,9,12,2.66,4.51,3,Eng,72,55,72,55,0.763888889,6
b34_eop3_longestoverlap_ISI_10_test,b34,p3,Eng,single,10,7,1.58,4.43,3,Eng,72,55,72,55,0.763888889,6
b34_edp4_longestoverlap_ISI_0_test,b34,p4,Eng,mixed,0,4,0.86,4.65,3,Eng,72,55,72,55,0.763888889,6
b34_edp4_longestoverlap_ISI_1_test,b34,p4,Eng,mixed,1,4,0.8,5,3,Eng,72,55,72,55,0.763888889,6
b34_edp4_longestoverlap_ISI_2_test,b34,p4,Eng,mixed,2,5,1.26,3.97,3,Eng,72,55,72,55,0.763888889,6
b34_edp4_longestoverlap_ISI_3_test,b34,p4,Eng,mixed,3,9,2.4,3.75,3,Eng,72,55,72,55,0.763888889,6
b34_edp4_longestoverlap_ISI_4_test,b34,p4,Eng,mixed,4,13,2.62,4.96,3,Eng,72,55,72,55,0.763888889,6
b34_edp4_longestoverlap_ISI_5_test,b34,p4,Eng,mixed,5,7,1.72,4.07,3,Eng,72,55,72,55,0.763888889,6
b34_edp4_longestoverlap_ISI_6_test,b34,p4,Eng,mixed,6,9,2.34,3.84,3,Eng,72,55,72,55,0.763888889,6
b34_edp4_longestoverlap_ISI_7_test,b34,p4,Eng,mixed,7,6,1.36,4.41,3,Eng,72,55,72,55,0.763888889,6
b34_edp4_longestoverlap_ISI_8_test,b34,p4,Eng,mixed,8,5,1.3,3.84,3,Eng,72,55,72,55,0.763888889,6
b34_edp4_longestoverlap_ISI_9_test,b34,p4,Eng,mixed,9,5,1.06,4.72,3,Eng,72,55,72,55,0.763888889,6
b34_edp4_longestoverlap_ISI_10_test,b34,p4,Eng,mixed,10,4,0.9,4.44,3,Eng,72,55,72,55,0.763888889,6
b34_eop4_longestoverlap_ISI_0_test,b34,p4,Eng,single,0,2,0.84,2.38,3,Eng,72,55,72,55,0.763888889,6
b34_eop4_longestoverlap_ISI_1_test,b34,p4,Eng,single,1,3,0.8,3.75,3,Eng,72,55,72,55,0.763888889,6
b34_eop4_longestoverlap_ISI_2_test,b34,p4,Eng,single,2,4,1.18,3.39,3,Eng,72,55,72,55,0.763888889,6
b34_eop4_longestoverlap_ISI_3_test,b34,p4,Eng,single,3,9,2.32,3.88,3,Eng,72,55,72,55,0.763888889,6
b34_eop4_longestoverlap_ISI_4_test,b34,p4,Eng,single,4,11,2.42,4.54,3,Eng,72,55,72,55,0.763888889,6
b34_eop4_longestoverlap_ISI_5_test,b34,p4,Eng,single,5,7,1.6,4.37,3,Eng,72,55,72,55,0.763888889,6
b34_eop4_longestoverlap_ISI_6_test,b34,p4,Eng,single,6,9,2.32,3.88,3,Eng,72,55,72,55,0.763888889,6
b34_eop4_longestoverlap_ISI_7_test,b34,p4,Eng,single,7,6,1.4,4.28,3,Eng,72,55,72,55,0.763888889,6
b34_eop4_longestoverlap_ISI_8_test,b34,p4,Eng,single,8,6,1.34,4.48,3,Eng,72,55,72,55,0.763888889,6
b34_eop4_longestoverlap_ISI_9_test,b34,p4,Eng,single,9,6,1.14,5.26,3,Eng,72,55,72,55,0.763888889,6
b34_eop4_longestoverlap_ISI_10_test,b34,p4,Eng,single,10,3,0.86,3.49,3,Eng,72,55,72,55,0.763888889,6
b35_edp3_longestoverlap_ISI_0_test,b35,p3,Eng,mixed,0,6,1.56,3.84,4,Eng,60,54,60,54,0.9,10
b35_edp3_longestoverlap_ISI_1_test,b35,p3,Eng,mixed,1,5,1.6,3.12,4,Eng,60,54,60,54,0.9,10
b35_edp3_longestoverlap_ISI_3_test,b35,p3,Eng,mixed,3,3,0.96,3.12,4,Eng,60,54,60,54,0.9,10
b35_edp3_longestoverlap_ISI_4_test,b35,p3,Eng,mixed,4,4,1,4,4,Eng,60,54,60,54,0.9,10
b35_edp3_longestoverlap_ISI_5_test,b35,p3,Eng,mixed,5,2,0.9,2.22,4,Eng,60,54,60,54,0.9,10
b35_edp3_longestoverlap_ISI_6_test,b35,p3,Eng,mixed,6,4,1.06,3.77,4,Eng,60,54,60,54,0.9,10
b35_edp3_longestoverlap_ISI_7_test,b35,p3,Eng,mixed,7,4,1.3,3.08,4,Eng,60,54,60,54,0.9,10
b35_edp3_longestoverlap_ISI_8_test,b35,p3,Eng,mixed,8,11,2.82,3.9,4,Eng,60,54,60,54,0.9,10
b35_edp3_longestoverlap_ISI_9_test,b35,p3,Eng,mixed,9,12,2.58,4.65,4,Eng,60,54,60,54,0.9,10
b35_edp3_longestoverlap_ISI_10_test,b35,p3,Eng,mixed,10,3,0.96,3.12,4,Eng,60,54,60,54,0.9,10
b35_eop3_longestoverlap_ISI_0_test,b35,p3,Eng,single,0,5,1.38,3.62,4,Eng,60,54,60,54,0.9,10
b35_eop3_longestoverlap_ISI_1_test,b35,p3,Eng,single,1,6,1.56,3.85,4,Eng,60,54,60,54,0.9,10
b35_eop3_longestoverlap_ISI_3_test,b35,p3,Eng,single,3,5,0.84,5.95,4,Eng,60,54,60,54,0.9,10
b35_eop3_longestoverlap_ISI_4_test,b35,p3,Eng,single,4,4,1,4,4,Eng,60,54,60,54,0.9,10
b35_eop3_longestoverlap_ISI_5_test,b35,p3,Eng,single,5,2,0.84,2.38,4,Eng,60,54,60,54,0.9,10
b35_eop3_longestoverlap_ISI_6_test,b35,p3,Eng,single,6,3,1,3,4,Eng,60,54,60,54,0.9,10
b35_eop3_longestoverlap_ISI_7_test,b35,p3,Eng,single,7,5,1.08,4.63,4,Eng,60,54,60,54,0.9,10
b35_eop3_longestoverlap_ISI_8_test,b35,p3,Eng,single,8,11,2.78,3.96,4,Eng,60,54,60,54,0.9,10
b35_eop3_longestoverlap_ISI_9_test,b35,p3,Eng,single,9,12,2.7,4.44,4,Eng,60,54,60,54,0.9,10
b35_eop3_longestoverlap_ISI_10_test,b35,p3,Eng,single,10,4,1.04,3.85,4,Eng,60,54,60,54,0.9,10
b35_edp4_longestoverlap_ISI_0_test,b35,p4,Eng,mixed,0,3,0.98,3.06,4,Eng,60,54,60,54,0.9,10
b35_edp4_longestoverlap_ISI_2_test,b35,p4,Eng,mixed,2,6,1.22,4.92,4,Eng,60,54,60,54,0.9,10
b35_edp4_longestoverlap_ISI_3_test,b35,p4,Eng,mixed,3,8,2,4,4,Eng,60,54,60,54,0.9,10
b35_edp4_longestoverlap_ISI_4_test,b35,p4,Eng,mixed,4,6,1.18,5.08,4,Eng,60,54,60,54,0.9,10
b35_edp4_longestoverlap_ISI_5_test,b35,p4,Eng,mixed,5,6,1.62,3.7,4,Eng,60,54,60,54,0.9,10
b35_edp4_longestoverlap_ISI_6_test,b35,p4,Eng,mixed,6,13,2.44,5.33,4,Eng,60,54,60,54,0.9,10
b35_edp4_longestoverlap_ISI_7_test,b35,p4,Eng,mixed,7,3,1.02,2.94,4,Eng,60,54,60,54,0.9,10
b35_edp4_longestoverlap_ISI_8_test,b35,p4,Eng,mixed,8,5,1.48,3.38,4,Eng,60,54,60,54,0.9,10
b35_edp4_longestoverlap_ISI_9_test,b35,p4,Eng,mixed,9,5,1.22,4.1,4,Eng,60,54,60,54,0.9,10
b35_eop4_longestoverlap_ISI_0_test,b35,p4,Eng,single,0,3,0.96,3.12,4,Eng,60,54,60,54,0.9,10
b35_eop4_longestoverlap_ISI_2_test,b35,p4,Eng,single,2,4,1.22,3.28,4,Eng,60,54,60,54,0.9,10
b35_eop4_longestoverlap_ISI_3_test,b35,p4,Eng,single,3,9,1.86,4.84,4,Eng,60,54,60,54,0.9,10
b35_eop4_longestoverlap_ISI_4_test,b35,p4,Eng,single,4,4,1.12,3.57,4,Eng,60,54,60,54,0.9,10
b35_eop4_longestoverlap_ISI_5_test,b35,p4,Eng,single,5,8,1.76,4.54,4,Eng,60,54,60,54,0.9,10
b35_eop4_longestoverlap_ISI_6_test,b35,p4,Eng,single,6,12,2.28,5.26,4,Eng,60,54,60,54,0.9,10
b35_eop4_longestoverlap_ISI_7_test,b35,p4,Eng,single,7,4,1.02,3.92,4,Eng,60,54,60,54,0.9,10
b35_eop4_longestoverlap_ISI_8_test,b35,p4,Eng,single,8,5,1.36,3.68,4,Eng,60,54,60,54,0.9,10
b35_eop4_longestoverlap_ISI_9_test,b35,p4,Eng,single,9,5,1.14,4.38,4,Eng,60,54,60,54,0.9,10
b36_edp3_longestoverlap_ISI_0_test,b36,p3,Eng,mixed,0,5,1.74,2.87,5,Eng,71,32,71,32,0.450704225,0
b36_edp3_longestoverlap_ISI_1_test,b36,p3,Eng,mixed,1,9,2.24,4.02,5,Eng,71,32,71,32,0.450704225,0
b36_edp3_longestoverlap_ISI_2_test,b36,p3,Eng,mixed,2,7,1.46,4.79,5,Eng,71,32,71,32,0.450704225,0
b36_edp3_longestoverlap_ISI_5_test,b36,p3,Eng,mixed,5,7,1.86,3.76,5,Eng,71,32,71,32,0.450704225,0
b36_edp3_longestoverlap_ISI_6_test,b36,p3,Eng,mixed,6,6,1.28,4.69,5,Eng,71,32,71,32,0.450704225,0
b36_edp3_longestoverlap_ISI_7_test,b36,p3,Eng,mixed,7,4,1.22,3.28,5,Eng,71,32,71,32,0.450704225,0
b36_edp3_longestoverlap_ISI_8_test,b36,p3,Eng,mixed,8,8,1.92,4.17,5,Eng,71,32,71,32,0.450704225,0
b36_edp3_longestoverlap_ISI_9_test,b36,p3,Eng,mixed,9,10,3.52,2.84,5,Eng,71,32,71,32,0.450704225,0
b36_edp3_longestoverlap_ISI_10_test,b36,p3,Eng,mixed,10,7,2.02,3.46,5,Eng,71,32,71,32,0.450704225,0
b36_eop3_longestoverlap_ISI_0_test,b36,p3,Eng,single,0,6,1.3,4.61,5,Eng,71,32,71,32,0.450704225,0
b36_eop3_longestoverlap_ISI_1_test,b36,p3,Eng,single,1,8,1.4,5.71,5,Eng,71,32,71,32,0.450704225,0
b36_eop3_longestoverlap_ISI_2_test,b36,p3,Eng,single,2,6,1.38,4.35,5,Eng,71,32,71,32,0.450704225,0
b36_eop3_longestoverlap_ISI_5_test,b36,p3,Eng,single,5,3,1.16,2.59,5,Eng,71,32,71,32,0.450704225,0
b36_eop3_longestoverlap_ISI_6_test,b36,p3,Eng,single,6,3,0.96,3.12,5,Eng,71,32,71,32,0.450704225,0
b36_eop3_longestoverlap_ISI_7_test,b36,p3,Eng,single,7,7,1.52,4.6,5,Eng,71,32,71,32,0.450704225,0
b36_eop3_longestoverlap_ISI_8_test,b36,p3,Eng,single,8,9,1.88,4.79,5,Eng,71,32,71,32,0.450704225,0
b36_eop3_longestoverlap_ISI_9_test,b36,p3,Eng,single,9,10,1.88,5.32,5,Eng,71,32,71,32,0.450704225,0
b36_eop3_longestoverlap_ISI_10_test,b36,p3,Eng,single,10,10,2,5,5,Eng,71,32,71,32,0.450704225,0
b36_edp4_longestoverlap_ISI_0_test,b36,p4,Eng,mixed,0,4,1.12,3.57,5,Eng,71,32,71,32,0.450704225,0
b36_edp4_longestoverlap_ISI_2_test,b36,p4,Eng,mixed,2,8,2.02,3.96,5,Eng,71,32,71,32,0.450704225,0
b36_edp4_longestoverlap_ISI_3_test,b36,p4,Eng,mixed,3,3,1.3,2.31,5,Eng,71,32,71,32,0.450704225,0
b36_edp4_longestoverlap_ISI_4_test,b36,p4,Eng,mixed,4,6,1.26,4.76,5,Eng,71,32,71,32,0.450704225,0
b36_edp4_longestoverlap_ISI_5_test,b36,p4,Eng,mixed,5,9,1.76,5.11,5,Eng,71,32,71,32,0.450704225,0
b36_edp4_longestoverlap_ISI_6_test,b36,p4,Eng,mixed,6,19,4.18,4.55,5,Eng,71,32,71,32,0.450704225,0
b36_edp4_longestoverlap_ISI_7_test,b36,p4,Eng,mixed,7,3,1.06,2.83,5,Eng,71,32,71,32,0.450704225,0
b36_edp4_longestoverlap_ISI_8_test,b36,p4,Eng,mixed,8,5,1.68,2.98,5,Eng,71,32,71,32,0.450704225,0
b36_edp4_longestoverlap_ISI_9_test,b36,p4,Eng,mixed,9,6,1.48,4.05,5,Eng,71,32,71,32,0.450704225,0
b36_eop4_longestoverlap_ISI_0_test,b36,p4,Eng,single,0,3,0.82,3.66,5,Eng,71,32,71,32,0.450704225,0
b36_eop4_longestoverlap_ISI_2_test,b36,p4,Eng,single,2,8,1.86,4.3,5,Eng,71,32,71,32,0.450704225,0
b36_eop4_longestoverlap_ISI_3_test,b36,p4,Eng,single,3,4,1.4,2.86,5,Eng,71,32,71,32,0.450704225,0
b36_eop4_longestoverlap_ISI_4_test,b36,p4,Eng,single,4,6,1.64,3.66,5,Eng,71,32,71,32,0.450704225,0
b36_eop4_longestoverlap_ISI_5_test,b36,p4,Eng,single,5,7,1.6,4.37,5,Eng,71,32,71,32,0.450704225,0
b36_eop4_longestoverlap_ISI_6_test,b36,p4,Eng,single,6,19,3.76,5.05,5,Eng,71,32,71,32,0.450704225,0
b36_eop4_longestoverlap_ISI_7_test,b36,p4,Eng,single,7,4,1.06,3.77,5,Eng,71,32,71,32,0.450704225,0
b36_eop4_longestoverlap_ISI_8_test,b36,p4,Eng,single,8,6,1.64,3.66,5,Eng,71,32,71,32,0.450704225,0
b36_eop4_longestoverlap_ISI_9_test,b36,p4,Eng,single,9,5,1.3,3.85,5,Eng,71,32,71,32,0.450704225,0
b37r_edp3_longestoverlap_ISI_0_test,b37r,p3,Eng,mixed,0,9,2.46,3.66,6,Eng,62,55,62,55,0.887096774,5
b37r_edp3_longestoverlap_ISI_1_test,b37r,p3,Eng,mixed,1,12,2.64,4.54,6,Eng,62,55,62,55,0.887096774,5
b37r_edp3_longestoverlap_ISI_2_test,b37r,p3,Eng,mixed,2,8,1.64,4.88,6,Eng,62,55,62,55,0.887096774,5
b37r_edp3_longestoverlap_ISI_4_test,b37r,p3,Eng,mixed,4,3,0.96,3.12,6,Eng,62,55,62,55,0.887096774,5
b37r_edp3_longestoverlap_ISI_5_test,b37r,p3,Eng,mixed,5,6,1.88,3.19,6,Eng,62,55,62,55,0.887096774,5
b37r_edp3_longestoverlap_ISI_6_test,b37r,p3,Eng,mixed,6,3,0.92,3.26,6,Eng,62,55,62,55,0.887096774,5
b37r_edp3_longestoverlap_ISI_7_test,b37r,p3,Eng,mixed,7,9,1.8,5,6,Eng,62,55,62,55,0.887096774,5
b37r_edp3_longestoverlap_ISI_8_test,b37r,p3,Eng,mixed,8,12,2.96,4.05,6,Eng,62,55,62,55,0.887096774,5
b37r_edp3_longestoverlap_ISI_9_test,b37r,p3,Eng,mixed,9,14,3.9,3.59,6,Eng,62,55,62,55,0.887096774,5
b37r_edp3_longestoverlap_ISI_10_test,b37r,p3,Eng,mixed,10,10,2.32,4.31,6,Eng,62,55,62,55,0.887096774,5
b37r_eop3_longestoverlap_ISI_0_test,b37r,p3,Eng,single,0,7,2.4,2.92,6,Eng,62,55,62,55,0.887096774,5
b37r_eop3_longestoverlap_ISI_1_test,b37r,p3,Eng,single,1,12,2.86,4.2,6,Eng,62,55,62,55,0.887096774,5
b37r_eop3_longestoverlap_ISI_2_test,b37r,p3,Eng,single,2,6,1.68,3.57,6,Eng,62,55,62,55,0.887096774,5
b37r_eop3_longestoverlap_ISI_4_test,b37r,p3,Eng,single,4,4,1,4,6,Eng,62,55,62,55,0.887096774,5
b37r_eop3_longestoverlap_ISI_5_test,b37r,p3,Eng,single,5,7,2.16,3.24,6,Eng,62,55,62,55,0.887096774,5
b37r_eop3_longestoverlap_ISI_6_test,b37r,p3,Eng,single,6,4,0.96,4.17,6,Eng,62,55,62,55,0.887096774,5
b37r_eop3_longestoverlap_ISI_7_test,b37r,p3,Eng,single,7,7,1.84,3.8,6,Eng,62,55,62,55,0.887096774,5
b37r_eop3_longestoverlap_ISI_8_test,b37r,p3,Eng,single,8,10,3.06,3.27,6,Eng,62,55,62,55,0.887096774,5
b37r_eop3_longestoverlap_ISI_9_test,b37r,p3,Eng,single,9,18,3.88,4.64,6,Eng,62,55,62,55,0.887096774,5
b37r_eop3_longestoverlap_ISI_10_test,b37r,p3,Eng,single,10,10,2.56,3.91,6,Eng,62,55,62,55,0.887096774,5
b37r_edp4_longestoverlap_ISI_0_test,b37r,p4,Eng,mixed,0,4,0.88,4.54,6,Eng,62,55,62,55,0.887096774,5
b37r_edp4_longestoverlap_ISI_1_test,b37r,p4,Eng,mixed,1,3,0.88,3.41,6,Eng,62,55,62,55,0.887096774,5
b37r_edp4_longestoverlap_ISI_2_test,b37r,p4,Eng,mixed,2,10,2.1,4.76,6,Eng,62,55,62,55,0.887096774,5
b37r_edp4_longestoverlap_ISI_3_test,b37r,p4,Eng,mixed,3,8,2.6,3.08,6,Eng,62,55,62,55,0.887096774,5
b37r_edp4_longestoverlap_ISI_4_test,b37r,p4,Eng,mixed,4,12,3.14,3.82,6,Eng,62,55,62,55,0.887096774,5
b37r_edp4_longestoverlap_ISI_5_test,b37r,p4,Eng,mixed,5,7,1.84,3.8,6,Eng,62,55,62,55,0.887096774,5
b37r_edp4_longestoverlap_ISI_6_test,b37r,p4,Eng,mixed,6,12,2.78,4.32,6,Eng,62,55,62,55,0.887096774,5
b37r_edp4_longestoverlap_ISI_7_test,b37r,p4,Eng,mixed,7,13,2.72,4.78,6,Eng,62,55,62,55,0.887096774,5
b37r_edp4_longestoverlap_ISI_8_test,b37r,p4,Eng,mixed,8,7,1.36,5.15,6,Eng,62,55,62,55,0.887096774,5
b37r_edp4_longestoverlap_ISI_9_test,b37r,p4,Eng,mixed,9,4,1.38,2.9,6,Eng,62,55,62,55,0.887096774,5
b37r_edp4_longestoverlap_ISI_10_test,b37r,p4,Eng,mixed,10,3,0.64,4.69,6,Eng,62,55,62,55,0.887096774,5
b37r_eop4_longestoverlap_ISI_0_test,b37r,p4,Eng,single,0,3,0.9,3.33,6,Eng,62,55,62,55,0.887096774,5
b37r_eop4_longestoverlap_ISI_1_test,b37r,p4,Eng,single,1,2,0.9,2.22,6,Eng,62,55,62,55,0.887096774,5
b37r_eop4_longestoverlap_ISI_2_test,b37r,p4,Eng,single,2,8,1.98,4.04,6,Eng,62,55,62,55,0.887096774,5
b37r_eop4_longestoverlap_ISI_3_test,b37r,p4,Eng,single,3,7,2.44,2.87,6,Eng,62,55,62,55,0.887096774,5
b37r_eop4_longestoverlap_ISI_4_test,b37r,p4,Eng,single,4,12,3.04,3.95,6,Eng,62,55,62,55,0.887096774,5
b37r_eop4_longestoverlap_ISI_5_test,b37r,p4,Eng,single,5,9,1.9,4.73,6,Eng,62,55,62,55,0.887096774,5
b37r_eop4_longestoverlap_ISI_6_test,b37r,p4,Eng,single,6,9,2.84,3.17,6,Eng,62,55,62,55,0.887096774,5
b37r_eop4_longestoverlap_ISI_7_test,b37r,p4,Eng,single,7,12,2.8,4.28,6,Eng,62,55,62,55,0.887096774,5
b37r_eop4_longestoverlap_ISI_8_test,b37r,p4,Eng,single,8,7,1.26,5.55,6,Eng,62,55,62,55,0.887096774,5
b37r_eop4_longestoverlap_ISI_9_test,b37r,p4,Eng,single,9,4,1.2,3.33,6,Eng,62,55,62,55,0.887096774,5
b37r_eop4_longestoverlap_ISI_10_test,b37r,p4,Eng,single,10,3,0.62,4.84,6,Eng,62,55,62,55,0.887096774,5
b38_edp3_longestoverlap_ISI_0_test,b38,p3,Eng,mixed,0,6,1.48,4.05,7,Eng,69,30,69,30,0.434782609,0
b38_edp3_longestoverlap_ISI_1_test,b38,p3,Eng,mixed,1,4,1.54,2.6,7,Eng,69,30,69,30,0.434782609,0
b38_edp3_longestoverlap_ISI_2_test,b38,p3,Eng,mixed,2,5,1.54,3.25,7,Eng,69,30,69,30,0.434782609,0
b38_edp3_longestoverlap_ISI_4_test,b38,p3,Eng,mixed,4,5,1.34,3.73,7,Eng,69,30,69,30,0.434782609,0
b38_edp3_longestoverlap_ISI_5_test,b38,p3,Eng,mixed,5,8,1.96,4.08,7,Eng,69,30,69,30,0.434782609,0
b38_edp3_longestoverlap_ISI_6_test,b38,p3,Eng,mixed,6,2,1.04,1.92,7,Eng,69,30,69,30,0.434782609,0
b38_edp3_longestoverlap_ISI_7_test,b38,p3,Eng,mixed,7,4,1.08,3.7,7,Eng,69,30,69,30,0.434782609,0
b38_edp3_longestoverlap_ISI_8_test,b38,p3,Eng,mixed,8,2,1.32,1.52,7,Eng,69,30,69,30,0.434782609,0
b38_edp3_longestoverlap_ISI_9_test,b38,p3,Eng,mixed,9,7,2.16,3.24,7,Eng,69,30,69,30,0.434782609,0
b38_edp3_longestoverlap_ISI_10_test,b38,p3,Eng,mixed,10,6,1.38,4.35,7,Eng,69,30,69,30,0.434782609,0
b38_eop3_longestoverlap_ISI_0_test,b38,p3,Eng,single,0,6,1.7,3.53,7,Eng,69,30,69,30,0.434782609,0
b38_eop3_longestoverlap_ISI_1_test,b38,p3,Eng,single,1,6,1.76,3.41,7,Eng,69,30,69,30,0.434782609,0
b38_eop3_longestoverlap_ISI_2_test,b38,p3,Eng,single,2,6,1.42,4.22,7,Eng,69,30,69,30,0.434782609,0
b38_eop3_longestoverlap_ISI_4_test,b38,p3,Eng,single,4,4,1.48,2.7,7,Eng,69,30,69,30,0.434782609,0
b38_eop3_longestoverlap_ISI_5_test,b38,p3,Eng,single,5,6,1.84,3.26,7,Eng,69,30,69,30,0.434782609,0
b38_eop3_longestoverlap_ISI_6_test,b38,p3,Eng,single,6,3,1.06,2.83,7,Eng,69,30,69,30,0.434782609,0
b38_eop3_longestoverlap_ISI_7_test,b38,p3,Eng,single,7,6,1.9,3.16,7,Eng,69,30,69,30,0.434782609,0
b38_eop3_longestoverlap_ISI_8_test,b38,p3,Eng,single,8,4,1.36,2.94,7,Eng,69,30,69,30,0.434782609,0
b38_eop3_longestoverlap_ISI_9_test,b38,p3,Eng,single,9,6,2.26,2.65,7,Eng,69,30,69,30,0.434782609,0
b38_eop3_longestoverlap_ISI_10_test,b38,p3,Eng,single,10,5,1.4,3.57,7,Eng,69,30,69,30,0.434782609,0
b38_edp4_longestoverlap_ISI_0_test,b38,p4,Eng,mixed,0,3,0.86,3.49,7,Eng,69,30,69,30,0.434782609,0
b38_edp4_longestoverlap_ISI_2_test,b38,p4,Eng,mixed,2,5,1.42,3.52,7,Eng,69,30,69,30,0.434782609,0
b38_edp4_longestoverlap_ISI_3_test,b38,p4,Eng,mixed,3,9,2.98,3.02,7,Eng,69,30,69,30,0.434782609,0
b38_edp4_longestoverlap_ISI_4_test,b38,p4,Eng,mixed,4,14,3.2,4.37,7,Eng,69,30,69,30,0.434782609,0
b38_edp4_longestoverlap_ISI_5_test,b38,p4,Eng,mixed,5,3,2.04,1.47,7,Eng,69,30,69,30,0.434782609,0
b38_edp4_longestoverlap_ISI_6_test,b38,p4,Eng,mixed,6,8,2.82,2.84,7,Eng,69,30,69,30,0.434782609,0
b38_edp4_longestoverlap_ISI_7_test,b38,p4,Eng,mixed,7,7,1.98,3.53,7,Eng,69,30,69,30,0.434782609,0
b38_edp4_longestoverlap_ISI_8_test,b38,p4,Eng,mixed,8,6,1.48,4.05,7,Eng,69,30,69,30,0.434782609,0
b38_edp4_longestoverlap_ISI_9_test,b38,p4,Eng,mixed,9,6,1.38,4.35,7,Eng,69,30,69,30,0.434782609,0
b38_edp4_longestoverlap_ISI_10_test,b38,p4,Eng,mixed,10,5,1.58,3.16,7,Eng,69,30,69,30,0.434782609,0
b38_eop4_longestoverlap_ISI_0_test,b38,p4,Eng,single,0,3,0.86,3.49,7,Eng,69,30,69,30,0.434782609,0
b38_eop4_longestoverlap_ISI_2_test,b38,p4,Eng,single,2,5,1.92,2.6,7,Eng,69,30,69,30,0.434782609,0
b38_eop4_longestoverlap_ISI_3_test,b38,p4,Eng,single,3,9,2.64,3.41,7,Eng,69,30,69,30,0.434782609,0
b38_eop4_longestoverlap_ISI_4_test,b38,p4,Eng,single,4,13,3.22,4.04,7,Eng,69,30,69,30,0.434782609,0
b38_eop4_longestoverlap_ISI_5_test,b38,p4,Eng,single,5,4,1.62,2.47,7,Eng,69,30,69,30,0.434782609,0
b38_eop4_longestoverlap_ISI_6_test,b38,p4,Eng,single,6,10,2.88,3.47,7,Eng,69,30,69,30,0.434782609,0
b38_eop4_longestoverlap_ISI_7_test,b38,p4,Eng,single,7,7,1.8,3.89,7,Eng,69,30,69,30,0.434782609,0
b38_eop4_longestoverlap_ISI_8_test,b38,p4,Eng,single,8,8,1.34,5.97,7,Eng,69,30,69,30,0.434782609,0
b38_eop4_longestoverlap_ISI_9_test,b38,p4,Eng,single,9,6,1.42,4.22,7,Eng,69,30,69,30,0.434782609,0
b38_eop4_longestoverlap_ISI_10_test,b38,p4,Eng,single,10,4,1.2,3.33,7,Eng,69,30,69,30,0.434782609,0
b39_edp3_longestoverlap_ISI_0_test,b39,p3,Eng,mixed,0,11,2.72,4.04,8,Eng,64,2,64,2,0.03125,1
b39_edp3_longestoverlap_ISI_1_test,b39,p3,Eng,mixed,1,7,1.38,5.07,8,Eng,64,2,64,2,0.03125,1
b39_edp3_longestoverlap_ISI_2_test,b39,p3,Eng,mixed,2,6,1.32,4.54,8,Eng,64,2,64,2,0.03125,1
b39_edp3_longestoverlap_ISI_4_test,b39,p3,Eng,mixed,4,5,1.2,4.17,8,Eng,64,2,64,2,0.03125,1
b39_edp3_longestoverlap_ISI_5_test,b39,p3,Eng,mixed,5,10,1.8,5.55,8,Eng,64,2,64,2,0.03125,1
b39_edp3_longestoverlap_ISI_6_test,b39,p3,Eng,mixed,6,3,0.94,3.19,8,Eng,64,2,64,2,0.03125,1
b39_edp3_longestoverlap_ISI_7_test,b39,p3,Eng,mixed,7,4,1.16,3.45,8,Eng,64,2,64,2,0.03125,1
b39_edp3_longestoverlap_ISI_8_test,b39,p3,Eng,mixed,8,13,2.6,5,8,Eng,64,2,64,2,0.03125,1
b39_edp3_longestoverlap_ISI_9_test,b39,p3,Eng,mixed,9,17,3.7,4.59,8,Eng,64,2,64,2,0.03125,1
b39_edp3_longestoverlap_ISI_10_test,b39,p3,Eng,mixed,10,9,2.04,4.41,8,Eng,64,2,64,2,0.03125,1
b39_eop3_longestoverlap_ISI_0_test,b39,p3,Eng,single,0,12,2.32,5.17,8,Eng,64,2,64,2,0.03125,1
b39_eop3_longestoverlap_ISI_1_test,b39,p3,Eng,single,1,6,1.48,4.05,8,Eng,64,2,64,2,0.03125,1
b39_eop3_longestoverlap_ISI_2_test,b39,p3,Eng,single,2,5,1.5,3.33,8,Eng,64,2,64,2,0.03125,1
b39_eop3_longestoverlap_ISI_4_test,b39,p3,Eng,single,4,4,1.32,3.03,8,Eng,64,2,64,2,0.03125,1
b39_eop3_longestoverlap_ISI_5_test,b39,p3,Eng,single,5,8,1.76,4.54,8,Eng,64,2,64,2,0.03125,1
b39_eop3_longestoverlap_ISI_6_test,b39,p3,Eng,single,6,3,1,3,8,Eng,64,2,64,2,0.03125,1
b39_eop3_longestoverlap_ISI_7_test,b39,p3,Eng,single,7,4,0.98,4.08,8,Eng,64,2,64,2,0.03125,1
b39_eop3_longestoverlap_ISI_8_test,b39,p3,Eng,single,8,10,2.68,3.73,8,Eng,64,2,64,2,0.03125,1
b39_eop3_longestoverlap_ISI_9_test,b39,p3,Eng,single,9,18,3.88,4.64,8,Eng,64,2,64,2,0.03125,1
b39_eop3_longestoverlap_ISI_10_test,b39,p3,Eng,single,10,9,2.1,4.28,8,Eng,64,2,64,2,0.03125,1
b39_edp4_longestoverlap_ISI_0_test,b39,p4,Eng,mixed,0,3,0.78,3.85,8,Eng,64,2,64,2,0.03125,1
b39_edp4_longestoverlap_ISI_1_test,b39,p4,Eng,mixed,1,2,0.8,2.5,8,Eng,64,2,64,2,0.03125,1
b39_edp4_longestoverlap_ISI_2_test,b39,p4,Eng,mixed,2,4,1.02,3.92,8,Eng,64,2,64,2,0.03125,1
b39_edp4_longestoverlap_ISI_3_test,b39,p4,Eng,mixed,3,12,2.44,4.92,8,Eng,64,2,64,2,0.03125,1
b39_edp4_longestoverlap_ISI_4_test,b39,p4,Eng,mixed,4,12,2.68,4.48,8,Eng,64,2,64,2,0.03125,1
b39_edp4_longestoverlap_ISI_5_test,b39,p4,Eng,mixed,5,3,1.04,2.88,8,Eng,64,2,64,2,0.03125,1
b39_edp4_longestoverlap_ISI_6_test,b39,p4,Eng,mixed,6,14,2.52,5.55,8,Eng,64,2,64,2,0.03125,1
b39_edp4_longestoverlap_ISI_7_test,b39,p4,Eng,mixed,7,15,3.08,4.87,8,Eng,64,2,64,2,0.03125,1
b39_edp4_longestoverlap_ISI_8_test,b39,p4,Eng,mixed,8,4,1.28,3.12,8,Eng,64,2,64,2,0.03125,1
b39_edp4_longestoverlap_ISI_9_test,b39,p4,Eng,mixed,9,6,1.14,5.26,8,Eng,64,2,64,2,0.03125,1
b39_edp4_longestoverlap_ISI_10_test,b39,p4,Eng,mixed,10,4,1.44,2.78,8,Eng,64,2,64,2,0.03125,1
b39_eop4_longestoverlap_ISI_0_test,b39,p4,Eng,single,0,4,0.82,4.88,8,Eng,64,2,64,2,0.03125,1
b39_eop4_longestoverlap_ISI_1_test,b39,p4,Eng,single,1,4,0.82,4.88,8,Eng,64,2,64,2,0.03125,1
b39_eop4_longestoverlap_ISI_2_test,b39,p4,Eng,single,2,4,1.16,3.45,8,Eng,64,2,64,2,0.03125,1
b39_eop4_longestoverlap_ISI_3_test,b39,p4,Eng,single,3,9,2.4,3.75,8,Eng,64,2,64,2,0.03125,1
b39_eop4_longestoverlap_ISI_4_test,b39,p4,Eng,single,4,13,2.62,4.96,8,Eng,64,2,64,2,0.03125,1
b39_eop4_longestoverlap_ISI_5_test,b39,p4,Eng,single,5,4,1.14,3.51,8,Eng,64,2,64,2,0.03125,1
b39_eop4_longestoverlap_ISI_6_test,b39,p4,Eng,single,6,11,2.34,4.7,8,Eng,64,2,64,2,0.03125,1
b39_eop4_longestoverlap_ISI_7_test,b39,p4,Eng,single,7,13,2.66,4.89,8,Eng,64,2,64,2,0.03125,1
b39_eop4_longestoverlap_ISI_8_test,b39,p4,Eng,single,8,3,1.22,2.46,8,Eng,64,2,64,2,0.03125,1
b39_eop4_longestoverlap_ISI_9_test,b39,p4,Eng,single,9,4,1.04,3.84,8,Eng,64,2,64,2,0.03125,1
b39_eop4_longestoverlap_ISI_10_test,b39,p4,Eng,single,10,4,0.98,4.08,8,Eng,64,2,64,2,0.03125,1
b3rr_edp3_longestoverlap_ISI_0_test,b3rr,p3,Eng,mixed,0,5,1.28,3.91,4,Eng,77,44,77,44,0.571428571,0
b3rr_edp3_longestoverlap_ISI_1_test,b3rr,p3,Eng,mixed,1,5,1.34,3.73,4,Eng,77,44,77,44,0.571428571,0
b3rr_edp3_longestoverlap_ISI_2_test,b3rr,p3,Eng,mixed,2,3,0.8,3.75,4,Eng,77,44,77,44,0.571428571,0
b3rr_edp3_longestoverlap_ISI_4_test,b3rr,p3,Eng,mixed,4,4,1.12,3.57,4,Eng,77,44,77,44,0.571428571,0
b3rr_edp3_longestoverlap_ISI_5_test,b3rr,p3,Eng,mixed,5,8,1.7,4.71,4,Eng,77,44,77,44,0.571428571,0
b3rr_edp3_longestoverlap_ISI_6_test,b3rr,p3,Eng,mixed,6,4,0.94,4.26,4,Eng,77,44,77,44,0.571428571,0
b3rr_edp3_longestoverlap_ISI_7_test,b3rr,p3,Eng,mixed,7,7,1.6,4.37,4,Eng,77,44,77,44,0.571428571,0
b3rr_edp3_longestoverlap_ISI_8_test,b3rr,p3,Eng,mixed,8,11,2.66,4.13,4,Eng,77,44,77,44,0.571428571,0
b3rr_edp3_longestoverlap_ISI_9_test,b3rr,p3,Eng,mixed,9,11,2.76,3.99,4,Eng,77,44,77,44,0.571428571,0
b3rr_edp3_longestoverlap_ISI_10_test,b3rr,p3,Eng,mixed,10,5,1.42,3.52,4,Eng,77,44,77,44,0.571428571,0
b3rr_eop3_longestoverlap_ISI_0_test,b3rr,p3,Eng,single,0,5,1.16,4.31,4,Eng,77,44,77,44,0.571428571,0
b3rr_eop3_longestoverlap_ISI_1_test,b3rr,p3,Eng,single,1,6,1.3,4.61,4,Eng,77,44,77,44,0.571428571,0
b3rr_eop3_longestoverlap_ISI_2_test,b3rr,p3,Eng,single,2,3,0.9,3.33,4,Eng,77,44,77,44,0.571428571,0
b3rr_eop3_longestoverlap_ISI_4_test,b3rr,p3,Eng,single,4,6,1.1,5.45,4,Eng,77,44,77,44,0.571428571,0
b3rr_eop3_longestoverlap_ISI_5_test,b3rr,p3,Eng,single,5,9,1.7,5.29,4,Eng,77,44,77,44,0.571428571,0
b3rr_eop3_longestoverlap_ISI_6_test,b3rr,p3,Eng,single,6,3,0.94,3.19,4,Eng,77,44,77,44,0.571428571,0
b3rr_eop3_longestoverlap_ISI_7_test,b3rr,p3,Eng,single,7,7,1.54,4.54,4,Eng,77,44,77,44,0.571428571,0
b3rr_eop3_longestoverlap_ISI_8_test,b3rr,p3,Eng,single,8,12,2.66,4.51,4,Eng,77,44,77,44,0.571428571,0
b3rr_eop3_longestoverlap_ISI_9_test,b3rr,p3,Eng,single,9,11,2.76,3.98,4,Eng,77,44,77,44,0.571428571,0
b3rr_eop3_longestoverlap_ISI_10_test,b3rr,p3,Eng,single,10,5,1.28,3.91,4,Eng,77,44,77,44,0.571428571,0
b3rr_edp4_longestoverlap_ISI_0_test,b3rr,p4,Eng,mixed,0,3,0.88,3.41,4,Eng,77,44,77,44,0.571428571,0
b3rr_edp4_longestoverlap_ISI_1_test,b3rr,p4,Eng,mixed,1,3,0.74,4.05,4,Eng,77,44,77,44,0.571428571,0
b3rr_edp4_longestoverlap_ISI_2_test,b3rr,p4,Eng,mixed,2,7,1.74,4.02,4,Eng,77,44,77,44,0.571428571,0
b3rr_edp4_longestoverlap_ISI_3_test,b3rr,p4,Eng,mixed,3,8,1.98,4.04,4,Eng,77,44,77,44,0.571428571,0
b3rr_edp4_longestoverlap_ISI_4_test,b3rr,p4,Eng,mixed,4,14,2.72,5.15,4,Eng,77,44,77,44,0.571428571,0
b3rr_edp4_longestoverlap_ISI_5_test,b3rr,p4,Eng,mixed,5,5,0.84,5.95,4,Eng,77,44,77,44,0.571428571,0
b3rr_edp4_longestoverlap_ISI_6_test,b3rr,p4,Eng,mixed,6,10,1.72,5.81,4,Eng,77,44,77,44,0.571428571,0
b3rr_edp4_longestoverlap_ISI_7_test,b3rr,p4,Eng,mixed,7,9,1.38,6.52,4,Eng,77,44,77,44,0.571428571,0
b3rr_edp4_longestoverlap_ISI_8_test,b3rr,p4,Eng,mixed,8,6,1.3,4.61,4,Eng,77,44,77,44,0.571428571,0
b3rr_edp4_longestoverlap_ISI_9_test,b3rr,p4,Eng,mixed,9,4,1,4,4,Eng,77,44,77,44,0.571428571,0
b3rr_eop4_longestoverlap_ISI_0_test,b3rr,p4,Eng,single,0,4,0.82,4.88,4,Eng,77,44,77,44,0.571428571,0
b3rr_eop4_longestoverlap_ISI_1_test,b3rr,p4,Eng,single,1,3,0.64,4.69,4,Eng,77,44,77,44,0.571428571,0
b3rr_eop4_longestoverlap_ISI_2_test,b3rr,p4,Eng,single,2,7,1.74,4.02,4,Eng,77,44,77,44,0.571428571,0
b3rr_eop4_longestoverlap_ISI_3_test,b3rr,p4,Eng,single,3,9,1.98,4.54,4,Eng,77,44,77,44,0.571428571,0
b3rr_eop4_longestoverlap_ISI_4_test,b3rr,p4,Eng,single,4,11,2.52,4.36,4,Eng,77,44,77,44,0.571428571,0
b3rr_eop4_longestoverlap_ISI_5_test,b3rr,p4,Eng,single,5,5,0.8,6.25,4,Eng,77,44,77,44,0.571428571,0
b3rr_eop4_longestoverlap_ISI_6_test,b3rr,p4,Eng,single,6,7,1.62,4.32,4,Eng,77,44,77,44,0.571428571,0
b3rr_eop4_longestoverlap_ISI_7_test,b3rr,p4,Eng,single,7,6,1.36,4.41,4,Eng,77,44,77,44,0.571428571,0
b3rr_eop4_longestoverlap_ISI_8_test,b3rr,p4,Eng,single,8,7,1.22,5.74,4,Eng,77,44,77,44,0.571428571,0
b3rr_eop4_longestoverlap_ISI_9_test,b3rr,p4,Eng,single,9,6,1.02,5.88,4,Eng,77,44,77,44,0.571428571,0
b40_edp3_longestoverlap_ISI_0_test,b40,p3,Eng,mixed,0,14,4.02,3.48,9,Eng,70,38,70,38,0.542857143,3
b40_edp3_longestoverlap_ISI_1_test,b40,p3,Eng,mixed,1,7,2.04,3.43,9,Eng,70,38,70,38,0.542857143,3
b40_edp3_longestoverlap_ISI_2_test,b40,p3,Eng,mixed,2,7,1.78,3.93,9,Eng,70,38,70,38,0.542857143,3
b40_edp3_longestoverlap_ISI_4_test,b40,p3,Eng,mixed,4,4,1.28,3.12,9,Eng,70,38,70,38,0.542857143,3
b40_edp3_longestoverlap_ISI_5_test,b40,p3,Eng,mixed,5,4,1.18,3.39,9,Eng,70,38,70,38,0.542857143,3
b40_edp3_longestoverlap_ISI_6_test,b40,p3,Eng,mixed,6,4,1.8,2.22,9,Eng,70,38,70,38,0.542857143,3
b40_edp3_longestoverlap_ISI_7_test,b40,p3,Eng,mixed,7,2,0.74,2.7,9,Eng,70,38,70,38,0.542857143,3
b40_edp3_longestoverlap_ISI_8_test,b40,p3,Eng,mixed,8,15,3.42,4.39,9,Eng,70,38,70,38,0.542857143,3
b40_edp3_longestoverlap_ISI_9_test,b40,p3,Eng,mixed,9,13,3.08,4.22,9,Eng,70,38,70,38,0.542857143,3
b40_edp3_longestoverlap_ISI_10_test,b40,p3,Eng,mixed,10,3,0.96,3.12,9,Eng,70,38,70,38,0.542857143,3
b40_eop3_longestoverlap_ISI_0_test,b40,p3,Eng,single,0,14,3.56,3.93,9,Eng,70,38,70,38,0.542857143,3
b40_eop3_longestoverlap_ISI_1_test,b40,p3,Eng,single,1,6,1.94,3.09,9,Eng,70,38,70,38,0.542857143,3
b40_eop3_longestoverlap_ISI_2_test,b40,p3,Eng,single,2,7,1.6,4.37,9,Eng,70,38,70,38,0.542857143,3
b40_eop3_longestoverlap_ISI_4_test,b40,p3,Eng,single,4,3,0.68,4.41,9,Eng,70,38,70,38,0.542857143,3
b40_eop3_longestoverlap_ISI_5_test,b40,p3,Eng,single,5,4,1,4,9,Eng,70,38,70,38,0.542857143,3
b40_eop3_longestoverlap_ISI_6_test,b40,p3,Eng,single,6,2,0.88,2.27,9,Eng,70,38,70,38,0.542857143,3
b40_eop3_longestoverlap_ISI_7_test,b40,p3,Eng,single,7,2,0.64,3.12,9,Eng,70,38,70,38,0.542857143,3
b40_eop3_longestoverlap_ISI_8_test,b40,p3,Eng,single,8,15,3.36,4.46,9,Eng,70,38,70,38,0.542857143,3
b40_eop3_longestoverlap_ISI_9_test,b40,p3,Eng,single,9,10,2.9,3.45,9,Eng,70,38,70,38,0.542857143,3
b40_eop3_longestoverlap_ISI_10_test,b40,p3,Eng,single,10,2,0.86,2.33,9,Eng,70,38,70,38,0.542857143,3
b40_edp4_longestoverlap_ISI_0_test,b40,p4,Eng,mixed,0,3,0.84,3.57,9,Eng,70,38,70,38,0.542857143,3
b40_edp4_longestoverlap_ISI_1_test,b40,p4,Eng,mixed,1,3,0.98,3.06,9,Eng,70,38,70,38,0.542857143,3
b40_edp4_longestoverlap_ISI_2_test,b40,p4,Eng,mixed,2,5,1.36,3.68,9,Eng,70,38,70,38,0.542857143,3
b40_edp4_longestoverlap_ISI_3_test,b40,p4,Eng,mixed,3,8,2.3,3.48,9,Eng,70,38,70,38,0.542857143,3
b40_edp4_longestoverlap_ISI_4_test,b40,p4,Eng,mixed,4,12,2.76,4.35,9,Eng,70,38,70,38,0.542857143,3
b40_edp4_longestoverlap_ISI_5_test,b40,p4,Eng,mixed,5,5,1.56,3.2,9,Eng,70,38,70,38,0.542857143,3
b40_edp4_longestoverlap_ISI_6_test,b40,p4,Eng,mixed,6,10,2.12,4.72,9,Eng,70,38,70,38,0.542857143,3
b40_edp4_longestoverlap_ISI_7_test,b40,p4,Eng,mixed,7,3,1.3,2.31,9,Eng,70,38,70,38,0.542857143,3
b40_edp4_longestoverlap_ISI_8_test,b40,p4,Eng,mixed,8,4,0.8,5,9,Eng,70,38,70,38,0.542857143,3
b40_edp4_longestoverlap_ISI_9_test,b40,p4,Eng,mixed,9,2,0.74,2.7,9,Eng,70,38,70,38,0.542857143,3
b40_edp4_longestoverlap_ISI_10_test,b40,p4,Eng,mixed,10,2,0.84,2.38,9,Eng,70,38,70,38,0.542857143,3
b40_eop4_longestoverlap_ISI_0_test,b40,p4,Eng,single,0,3,1.06,2.83,9,Eng,70,38,70,38,0.542857143,3
b40_eop4_longestoverlap_ISI_1_test,b40,p4,Eng,single,1,4,1.12,3.57,9,Eng,70,38,70,38,0.542857143,3
b40_eop4_longestoverlap_ISI_2_test,b40,p4,Eng,single,2,6,1.4,4.28,9,Eng,70,38,70,38,0.542857143,3
b40_eop4_longestoverlap_ISI_3_test,b40,p4,Eng,single,3,8,2.48,3.22,9,Eng,70,38,70,38,0.542857143,3
b40_eop4_longestoverlap_ISI_4_test,b40,p4,Eng,single,4,9,2.58,3.49,9,Eng,70,38,70,38,0.542857143,3
b40_eop4_longestoverlap_ISI_5_test,b40,p4,Eng,single,5,5,1.54,3.25,9,Eng,70,38,70,38,0.542857143,3
b40_eop4_longestoverlap_ISI_6_test,b40,p4,Eng,single,6,10,2.28,4.38,9,Eng,70,38,70,38,0.542857143,3
b40_eop4_longestoverlap_ISI_7_test,b40,p4,Eng,single,7,4,1.08,3.7,9,Eng,70,38,70,38,0.542857143,3
b40_eop4_longestoverlap_ISI_8_test,b40,p4,Eng,single,8,4,0.82,4.88,9,Eng,70,38,70,38,0.542857143,3
b40_eop4_longestoverlap_ISI_9_test,b40,p4,Eng,single,9,5,1.22,4.1,9,Eng,70,38,70,38,0.542857143,3
b40_eop4_longestoverlap_ISI_10_test,b40,p4,Eng,single,10,6,1.22,4.92,9,Eng,70,38,70,38,0.542857143,3
b41r_edp3_longestoverlap_ISI_0_test,b41r,p3,Eng,mixed,0,14,3.08,4.54,10,Eng,69,57,69,57,0.826086957,4
b41r_edp3_longestoverlap_ISI_1_test,b41r,p3,Eng,mixed,1,4,1.3,3.08,10,Eng,69,57,69,57,0.826086957,4
b41r_edp3_longestoverlap_ISI_2_test,b41r,p3,Eng,mixed,2,7,1.46,4.79,10,Eng,69,57,69,57,0.826086957,4
b41r_edp3_longestoverlap_ISI_3_test,b41r,p3,Eng,mixed,3,4,0.96,4.17,10,Eng,69,57,69,57,0.826086957,4
b41r_edp3_longestoverlap_ISI_4_test,b41r,p3,Eng,mixed,4,5,1.24,4.03,10,Eng,69,57,69,57,0.826086957,4
b41r_edp3_longestoverlap_ISI_5_test,b41r,p3,Eng,mixed,5,6,1.66,3.61,10,Eng,69,57,69,57,0.826086957,4
b41r_edp3_longestoverlap_ISI_6_test,b41r,p3,Eng,mixed,6,3,0.92,3.26,10,Eng,69,57,69,57,0.826086957,4
b41r_edp3_longestoverlap_ISI_7_test,b41r,p3,Eng,mixed,7,7,1.72,4.07,10,Eng,69,57,69,57,0.826086957,4
b41r_edp3_longestoverlap_ISI_8_test,b41r,p3,Eng,mixed,8,13,2.88,4.51,10,Eng,69,57,69,57,0.826086957,4
b41r_edp3_longestoverlap_ISI_9_test,b41r,p3,Eng,mixed,9,17,4,4.25,10,Eng,69,57,69,57,0.826086957,4
b41r_edp3_longestoverlap_ISI_10_test,b41r,p3,Eng,mixed,10,10,2.04,4.9,10,Eng,69,57,69,57,0.826086957,4
b41r_eop3_longestoverlap_ISI_0_test,b41r,p3,Eng,single,0,12,2.82,4.25,10,Eng,69,57,69,57,0.826086957,4
b41r_eop3_longestoverlap_ISI_1_test,b41r,p3,Eng,single,1,3,1.2,2.5,10,Eng,69,57,69,57,0.826086957,4
b41r_eop3_longestoverlap_ISI_2_test,b41r,p3,Eng,single,2,9,1.54,5.84,10,Eng,69,57,69,57,0.826086957,4
b41r_eop3_longestoverlap_ISI_3_test,b41r,p3,Eng,single,3,3,0.88,3.41,10,Eng,69,57,69,57,0.826086957,4
b41r_eop3_longestoverlap_ISI_4_test,b41r,p3,Eng,single,4,3,1.04,2.88,10,Eng,69,57,69,57,0.826086957,4
b41r_eop3_longestoverlap_ISI_5_test,b41r,p3,Eng,single,5,7,1.7,4.12,10,Eng,69,57,69,57,0.826086957,4
b41r_eop3_longestoverlap_ISI_6_test,b41r,p3,Eng,single,6,3,0.9,3.33,10,Eng,69,57,69,57,0.826086957,4
b41r_eop3_longestoverlap_ISI_7_test,b41r,p3,Eng,single,7,7,1.64,4.27,10,Eng,69,57,69,57,0.826086957,4
b41r_eop3_longestoverlap_ISI_8_test,b41r,p3,Eng,single,8,14,2.74,5.11,10,Eng,69,57,69,57,0.826086957,4
b41r_eop3_longestoverlap_ISI_9_test,b41r,p3,Eng,single,9,18,3.74,4.81,10,Eng,69,57,69,57,0.826086957,4
b41r_eop3_longestoverlap_ISI_10_test,b41r,p3,Eng,single,10,9,2.14,4.21,10,Eng,69,57,69,57,0.826086957,4
b41r_edp4_longestoverlap_ISI_0_test,b41r,p4,Eng,mixed,0,3,0.84,3.57,10,Eng,69,57,69,57,0.826086957,4
b41r_edp4_longestoverlap_ISI_1_test,b41r,p4,Eng,mixed,1,3,0.8,3.75,10,Eng,69,57,69,57,0.826086957,4
b41r_edp4_longestoverlap_ISI_2_test,b41r,p4,Eng,mixed,2,6,1.24,4.84,10,Eng,69,57,69,57,0.826086957,4
b41r_edp4_longestoverlap_ISI_3_test,b41r,p4,Eng,mixed,3,9,2.42,3.72,10,Eng,69,57,69,57,0.826086957,4
b41r_edp4_longestoverlap_ISI_4_test,b41r,p4,Eng,mixed,4,12,2.78,4.31,10,Eng,69,57,69,57,0.826086957,4
b41r_edp4_longestoverlap_ISI_5_test,b41r,p4,Eng,mixed,5,7,1.56,4.49,10,Eng,69,57,69,57,0.826086957,4
b41r_edp4_longestoverlap_ISI_6_test,b41r,p4,Eng,mixed,6,12,2.52,4.76,10,Eng,69,57,69,57,0.826086957,4
b41r_edp4_longestoverlap_ISI_7_test,b41r,p4,Eng,mixed,7,3,1.08,2.78,10,Eng,69,57,69,57,0.826086957,4
b41r_edp4_longestoverlap_ISI_8_test,b41r,p4,Eng,mixed,8,4,1.3,3.08,10,Eng,69,57,69,57,0.826086957,4
b41r_edp4_longestoverlap_ISI_9_test,b41r,p4,Eng,mixed,9,5,1.14,4.38,10,Eng,69,57,69,57,0.826086957,4
b41r_edp4_longestoverlap_ISI_10_test,b41r,p4,Eng,mixed,10,3,0.58,5.17,10,Eng,69,57,69,57,0.826086957,4
b41r_eop4_longestoverlap_ISI_0_test,b41r,p4,Eng,single,0,4,0.82,4.88,10,Eng,69,57,69,57,0.826086957,4
b41r_eop4_longestoverlap_ISI_1_test,b41r,p4,Eng,single,1,2,0.88,2.27,10,Eng,69,57,69,57,0.826086957,4
b41r_eop4_longestoverlap_ISI_2_test,b41r,p4,Eng,single,2,5,1.22,4.1,10,Eng,69,57,69,57,0.826086957,4
b41r_eop4_longestoverlap_ISI_3_test,b41r,p4,Eng,single,3,9,2.4,3.75,10,Eng,69,57,69,57,0.826086957,4
b41r_eop4_longestoverlap_ISI_4_test,b41r,p4,Eng,single,4,10,2.68,3.73,10,Eng,69,57,69,57,0.826086957,4
b41r_eop4_longestoverlap_ISI_5_test,b41r,p4,Eng,single,5,8,1.72,4.65,10,Eng,69,57,69,57,0.826086957,4
b41r_eop4_longestoverlap_ISI_6_test,b41r,p4,Eng,single,6,11,2.32,4.74,10,Eng,69,57,69,57,0.826086957,4
b41r_eop4_longestoverlap_ISI_7_test,b41r,p4,Eng,single,7,5,1.08,4.63,10,Eng,69,57,69,57,0.826086957,4
b41r_eop4_longestoverlap_ISI_8_test,b41r,p4,Eng,single,8,5,1.32,3.79,10,Eng,69,57,69,57,0.826086957,4
b41r_eop4_longestoverlap_ISI_9_test,b41r,p4,Eng,single,9,4,1.14,3.51,10,Eng,69,57,69,57,0.826086957,4
b41r_eop4_longestoverlap_ISI_10_test,b41r,p4,Eng,single,10,3,0.58,5.17,10,Eng,69,57,69,57,0.826086957,4
b42rr_edp3_longestoverlap_ISI_2_test,b42rr,p3,Eng,mixed,2,6,1.36,4.41,11,Eng,78,49,78,49,0.628205128,6
b42rr_edp3_longestoverlap_ISI_5_test,b42rr,p3,Eng,mixed,5,8,1.62,4.94,11,Eng,78,49,78,49,0.628205128,6
b42rr_edp3_longestoverlap_ISI_7_test,b42rr,p3,Eng,mixed,7,7,1.44,4.86,11,Eng,78,49,78,49,0.628205128,6
b42rr_edp3_longestoverlap_ISI_8_test,b42rr,p3,Eng,mixed,8,14,2.86,4.89,11,Eng,78,49,78,49,0.628205128,6
b42rr_edp3_longestoverlap_ISI_9_test,b42rr,p3,Eng,mixed,9,9,2.5,3.6,11,Eng,78,49,78,49,0.628205128,6
b42rr_edp3_longestoverlap_ISI_10_test,b42rr,p3,Eng,mixed,10,6,1.46,4.11,11,Eng,78,49,78,49,0.628205128,6
b42rr_eop3_longestoverlap_ISI_2_test,b42rr,p3,Eng,single,2,3,0.72,4.17,11,Eng,78,49,78,49,0.628205128,6
b42rr_eop3_longestoverlap_ISI_5_test,b42rr,p3,Eng,single,5,5,1,5,11,Eng,78,49,78,49,0.628205128,6
b42rr_eop3_longestoverlap_ISI_7_test,b42rr,p3,Eng,single,7,3,0.9,3.33,11,Eng,78,49,78,49,0.628205128,6
b42rr_eop3_longestoverlap_ISI_8_test,b42rr,p3,Eng,single,8,6,1.66,3.61,11,Eng,78,49,78,49,0.628205128,6
b42rr_eop3_longestoverlap_ISI_9_test,b42rr,p3,Eng,single,9,4,1.16,3.45,11,Eng,78,49,78,49,0.628205128,6
b42rr_eop3_longestoverlap_ISI_10_test,b42rr,p3,Eng,single,10,2,0.72,2.78,11,Eng,78,49,78,49,0.628205128,6
b42rr_edp4_longestoverlap_ISI_0_test,b42rr,p4,Eng,mixed,0,4,1.02,3.92,11,Eng,78,49,78,49,0.628205128,6
b42rr_edp4_longestoverlap_ISI_1_test,b42rr,p4,Eng,mixed,1,4,0.84,4.76,11,Eng,78,49,78,49,0.628205128,6
b42rr_edp4_longestoverlap_ISI_2_test,b42rr,p4,Eng,mixed,2,8,1.88,4.25,11,Eng,78,49,78,49,0.628205128,6
b42rr_edp4_longestoverlap_ISI_3_test,b42rr,p4,Eng,mixed,3,6,1.72,3.49,11,Eng,78,49,78,49,0.628205128,6
b42rr_edp4_longestoverlap_ISI_4_test,b42rr,p4,Eng,mixed,4,6,1.06,5.66,11,Eng,78,49,78,49,0.628205128,6
b42rr_edp4_longestoverlap_ISI_5_test,b42rr,p4,Eng,mixed,5,8,1.68,4.76,11,Eng,78,49,78,49,0.628205128,6
b42rr_edp4_longestoverlap_ISI_6_test,b42rr,p4,Eng,mixed,6,4,1.18,3.39,11,Eng,78,49,78,49,0.628205128,6
b42rr_edp4_longestoverlap_ISI_7_test,b42rr,p4,Eng,mixed,7,8,1.94,4.12,11,Eng,78,49,78,49,0.628205128,6
b42rr_edp4_longestoverlap_ISI_8_test,b42rr,p4,Eng,mixed,8,6,1.68,3.57,11,Eng,78,49,78,49,0.628205128,6
b42rr_edp4_longestoverlap_ISI_9_test,b42rr,p4,Eng,mixed,9,8,1.42,5.63,11,Eng,78,49,78,49,0.628205128,6
b42rr_edp4_longestoverlap_ISI_10_test,b42rr,p4,Eng,mixed,10,4,1.16,3.45,11,Eng,78,49,78,49,0.628205128,6
b42rr_eop4_longestoverlap_ISI_0_test,b42rr,p4,Eng,single,0,4,0.98,4.08,11,Eng,78,49,78,49,0.628205128,6
b42rr_eop4_longestoverlap_ISI_1_test,b42rr,p4,Eng,single,1,3,0.8,3.75,11,Eng,78,49,78,49,0.628205128,6
b42rr_eop4_longestoverlap_ISI_2_test,b42rr,p4,Eng,single,2,8,1.82,4.39,11,Eng,78,49,78,49,0.628205128,6
b42rr_eop4_longestoverlap_ISI_3_test,b42rr,p4,Eng,single,3,7,1.76,3.98,11,Eng,78,49,78,49,0.628205128,6
b42rr_eop4_longestoverlap_ISI_4_test,b42rr,p4,Eng,single,4,6,1.02,5.88,11,Eng,78,49,78,49,0.628205128,6
b42rr_eop4_longestoverlap_ISI_5_test,b42rr,p4,Eng,single,5,10,1.64,6.1,11,Eng,78,49,78,49,0.628205128,6
b42rr_eop4_longestoverlap_ISI_6_test,b42rr,p4,Eng,single,6,3,1.1,2.73,11,Eng,78,49,78,49,0.628205128,6
b42rr_eop4_longestoverlap_ISI_7_test,b42rr,p4,Eng,single,7,6,1.86,3.22,11,Eng,78,49,78,49,0.628205128,6
b42rr_eop4_longestoverlap_ISI_8_test,b42rr,p4,Eng,single,8,5,1.6,3.12,11,Eng,78,49,78,49,0.628205128,6
b42rr_eop4_longestoverlap_ISI_9_test,b42rr,p4,Eng,single,9,6,1.18,5.08,11,Eng,78,49,78,49,0.628205128,6
b42rr_eop4_longestoverlap_ISI_10_test,b42rr,p4,Eng,single,10,4,1.02,3.92,11,Eng,78,49,78,49,0.628205128,6
b43_edp3_longestoverlap_ISI_0_test,b43,p3,Eng,mixed,0,11,2.98,3.69,12,Eng,69,45,69,45,0.652173913,0
b43_edp3_longestoverlap_ISI_1_test,b43,p3,Eng,mixed,1,8,1.9,4.21,12,Eng,69,45,69,45,0.652173913,0
b43_edp3_longestoverlap_ISI_3_test,b43,p3,Eng,mixed,3,3,1.02,2.94,12,Eng,69,45,69,45,0.652173913,0
b43_edp3_longestoverlap_ISI_4_test,b43,p3,Eng,mixed,4,3,0.86,3.49,12,Eng,69,45,69,45,0.652173913,0
b43_edp3_longestoverlap_ISI_5_test,b43,p3,Eng,mixed,5,8,2.22,3.6,12,Eng,69,45,69,45,0.652173913,0
b43_edp3_longestoverlap_ISI_6_test,b43,p3,Eng,mixed,6,4,1.1,3.64,12,Eng,69,45,69,45,0.652173913,0
b43_edp3_longestoverlap_ISI_7_test,b43,p3,Eng,mixed,7,4,1.24,3.23,12,Eng,69,45,69,45,0.652173913,0
b43_edp3_longestoverlap_ISI_8_test,b43,p3,Eng,mixed,8,17,3.46,4.91,12,Eng,69,45,69,45,0.652173913,0
b43_edp3_longestoverlap_ISI_9_test,b43,p3,Eng,mixed,9,15,4.36,3.44,12,Eng,69,45,69,45,0.652173913,0
b43_edp3_longestoverlap_ISI_10_test,b43,p3,Eng,mixed,10,3,1.36,2.21,12,Eng,69,45,69,45,0.652173913,0
b43_eop3_longestoverlap_ISI_0_test,b43,p3,Eng,single,0,11,2.72,4.04,12,Eng,69,45,69,45,0.652173913,0
b43_eop3_longestoverlap_ISI_1_test,b43,p3,Eng,single,1,6,1.8,3.33,12,Eng,69,45,69,45,0.652173913,0
b43_eop3_longestoverlap_ISI_3_test,b43,p3,Eng,single,3,4,1,4,12,Eng,69,45,69,45,0.652173913,0
b43_eop3_longestoverlap_ISI_4_test,b43,p3,Eng,single,4,3,1.22,2.46,12,Eng,69,45,69,45,0.652173913,0
b43_eop3_longestoverlap_ISI_5_test,b43,p3,Eng,single,5,7,2.14,3.27,12,Eng,69,45,69,45,0.652173913,0
b43_eop3_longestoverlap_ISI_6_test,b43,p3,Eng,single,6,3,0.96,3.12,12,Eng,69,45,69,45,0.652173913,0
b43_eop3_longestoverlap_ISI_7_test,b43,p3,Eng,single,7,4,1.04,3.85,12,Eng,69,45,69,45,0.652173913,0
b43_eop3_longestoverlap_ISI_8_test,b43,p3,Eng,single,8,14,3.32,4.22,12,Eng,69,45,69,45,0.652173913,0
b43_eop3_longestoverlap_ISI_9_test,b43,p3,Eng,single,9,15,3.58,4.19,12,Eng,69,45,69,45,0.652173913,0
b43_eop3_longestoverlap_ISI_10_test,b43,p3,Eng,single,10,3,1.18,2.54,12,Eng,69,45,69,45,0.652173913,0
b43_edp4_longestoverlap_ISI_0_test,b43,p4,Eng,mixed,0,3,0.92,3.26,12,Eng,69,45,69,45,0.652173913,0
b43_edp4_longestoverlap_ISI_1_test,b43,p4,Eng,mixed,1,4,1.12,3.57,12,Eng,69,45,69,45,0.652173913,0
b43_edp4_longestoverlap_ISI_2_test,b43,p4,Eng,mixed,2,5,1.34,3.73,12,Eng,69,45,69,45,0.652173913,0
b43_edp4_longestoverlap_ISI_3_test,b43,p4,Eng,mixed,3,9,2.22,4.05,12,Eng,69,45,69,45,0.652173913,0
b43_edp4_longestoverlap_ISI_4_test,b43,p4,Eng,mixed,4,5,1.1,4.55,12,Eng,69,45,69,45,0.652173913,0
b43_edp4_longestoverlap_ISI_5_test,b43,p4,Eng,mixed,5,9,2.06,4.37,12,Eng,69,45,69,45,0.652173913,0
b43_edp4_longestoverlap_ISI_6_test,b43,p4,Eng,mixed,6,6,1.8,3.33,12,Eng,69,45,69,45,0.652173913,0
b43_edp4_longestoverlap_ISI_7_test,b43,p4,Eng,mixed,7,4,1.2,3.33,12,Eng,69,45,69,45,0.652173913,0
b43_edp4_longestoverlap_ISI_8_test,b43,p4,Eng,mixed,8,6,1.56,3.85,12,Eng,69,45,69,45,0.652173913,0
b43_edp4_longestoverlap_ISI_9_test,b43,p4,Eng,mixed,9,6,1.22,4.92,12,Eng,69,45,69,45,0.652173913,0
b43_edp4_longestoverlap_ISI_10_test,b43,p4,Eng,mixed,10,2,0.72,2.78,12,Eng,69,45,69,45,0.652173913,0
b43_eop4_longestoverlap_ISI_0_test,b43,p4,Eng,single,0,3,0.82,3.66,12,Eng,69,45,69,45,0.652173913,0
b43_eop4_longestoverlap_ISI_1_test,b43,p4,Eng,single,1,2,1.1,1.82,12,Eng,69,45,69,45,0.652173913,0
b43_eop4_longestoverlap_ISI_2_test,b43,p4,Eng,single,2,5,1.38,3.62,12,Eng,69,45,69,45,0.652173913,0
b43_eop4_longestoverlap_ISI_3_test,b43,p4,Eng,single,3,8,2.04,3.92,12,Eng,69,45,69,45,0.652173913,0
b43_eop4_longestoverlap_ISI_4_test,b43,p4,Eng,single,4,6,1.1,5.45,12,Eng,69,45,69,45,0.652173913,0
b43_eop4_longestoverlap_ISI_5_test,b43,p4,Eng,single,5,7,1.74,4.02,12,Eng,69,45,69,45,0.652173913,0
b43_eop4_longestoverlap_ISI_6_test,b43,p4,Eng,single,6,7,1.9,3.68,12,Eng,69,45,69,45,0.652173913,0
b43_eop4_longestoverlap_ISI_7_test,b43,p4,Eng,single,7,3,1.2,2.5,12,Eng,69,45,69,45,0.652173913,0
b43_eop4_longestoverlap_ISI_8_test,b43,p4,Eng,single,8,6,1.48,4.05,12,Eng,69,45,69,45,0.652173913,0
b43_eop4_longestoverlap_ISI_9_test,b43,p4,Eng,single,9,5,1.18,4.24,12,Eng,69,45,69,45,0.652173913,0
b43_eop4_longestoverlap_ISI_10_test,b43,p4,Eng,single,10,3,0.56,5.36,12,Eng,69,45,69,45,0.652173913,0
b44_edp3_longestoverlap_ISI_0_test,b44,p3,Eng,mixed,0,15,3.3,4.54,13,Eng,68,49,68,49,0.720588235,3
b44_edp3_longestoverlap_ISI_1_test,b44,p3,Eng,mixed,1,6,1.76,3.41,13,Eng,68,49,68,49,0.720588235,3
b44_edp3_longestoverlap_ISI_2_test,b44,p3,Eng,mixed,2,5,1.58,3.16,13,Eng,68,49,68,49,0.720588235,3
b44_edp3_longestoverlap_ISI_3_test,b44,p3,Eng,mixed,3,4,1.04,3.85,13,Eng,68,49,68,49,0.720588235,3
b44_edp3_longestoverlap_ISI_4_test,b44,p3,Eng,mixed,4,4,1.34,2.98,13,Eng,68,49,68,49,0.720588235,3
b44_edp3_longestoverlap_ISI_5_test,b44,p3,Eng,mixed,5,5,1.08,4.63,13,Eng,68,49,68,49,0.720588235,3
b44_edp3_longestoverlap_ISI_7_test,b44,p3,Eng,mixed,7,6,2.12,2.83,13,Eng,68,49,68,49,0.720588235,3
b44_edp3_longestoverlap_ISI_8_test,b44,p3,Eng,mixed,8,6,1.62,3.7,13,Eng,68,49,68,49,0.720588235,3
b44_edp3_longestoverlap_ISI_9_test,b44,p3,Eng,mixed,9,12,2.64,4.54,13,Eng,68,49,68,49,0.720588235,3
b44_edp3_longestoverlap_ISI_10_test,b44,p3,Eng,mixed,10,3,1.42,2.11,13,Eng,68,49,68,49,0.720588235,3
b44_eop3_longestoverlap_ISI_0_test,b44,p3,Eng,single,0,13,3.4,3.82,13,Eng,68,49,68,49,0.720588235,3
b44_eop3_longestoverlap_ISI_1_test,b44,p3,Eng,single,1,6,1.68,3.57,13,Eng,68,49,68,49,0.720588235,3
b44_eop3_longestoverlap_ISI_2_test,b44,p3,Eng,single,2,7,1.56,4.49,13,Eng,68,49,68,49,0.720588235,3
b44_eop3_longestoverlap_ISI_3_test,b44,p3,Eng,single,3,4,0.96,4.17,13,Eng,68,49,68,49,0.720588235,3
b44_eop3_longestoverlap_ISI_4_test,b44,p3,Eng,single,4,4,1.26,3.17,13,Eng,68,49,68,49,0.720588235,3
b44_eop3_longestoverlap_ISI_5_test,b44,p3,Eng,single,5,5,0.98,5.1,13,Eng,68,49,68,49,0.720588235,3
b44_eop3_longestoverlap_ISI_7_test,b44,p3,Eng,single,7,7,1.8,3.89,13,Eng,68,49,68,49,0.720588235,3
b44_eop3_longestoverlap_ISI_8_test,b44,p3,Eng,single,8,6,1.8,3.33,13,Eng,68,49,68,49,0.720588235,3
b44_eop3_longestoverlap_ISI_9_test,b44,p3,Eng,single,9,12,2.74,4.38,13,Eng,68,49,68,49,0.720588235,3
b44_eop3_longestoverlap_ISI_10_test,b44,p3,Eng,single,10,2,0.9,2.22,13,Eng,68,49,68,49,0.720588235,3
b44_edp4_longestoverlap_ISI_0_test,b44,p4,Eng,mixed,0,3,0.96,3.12,13,Eng,68,49,68,49,0.720588235,3
b44_edp4_longestoverlap_ISI_1_test,b44,p4,Eng,mixed,1,4,1.04,3.85,13,Eng,68,49,68,49,0.720588235,3
b44_edp4_longestoverlap_ISI_2_test,b44,p4,Eng,mixed,2,4,1.2,3.33,13,Eng,68,49,68,49,0.720588235,3
b44_edp4_longestoverlap_ISI_3_test,b44,p4,Eng,mixed,3,10,3.1,3.22,13,Eng,68,49,68,49,0.720588235,3
b44_edp4_longestoverlap_ISI_4_test,b44,p4,Eng,mixed,4,7,1.98,3.53,13,Eng,68,49,68,49,0.720588235,3
b44_edp4_longestoverlap_ISI_5_test,b44,p4,Eng,mixed,5,5,1.78,2.81,13,Eng,68,49,68,49,0.720588235,3
b44_edp4_longestoverlap_ISI_6_test,b44,p4,Eng,mixed,6,3,1.04,2.88,13,Eng,68,49,68,49,0.720588235,3
b44_edp4_longestoverlap_ISI_7_test,b44,p4,Eng,mixed,7,4,1.2,3.33,13,Eng,68,49,68,49,0.720588235,3
b44_edp4_longestoverlap_ISI_8_test,b44,p4,Eng,mixed,8,4,1.2,3.33,13,Eng,68,49,68,49,0.720588235,3
b44_edp4_longestoverlap_ISI_9_test,b44,p4,Eng,mixed,9,4,1.38,2.9,13,Eng,68,49,68,49,0.720588235,3
b44_edp4_longestoverlap_ISI_10_test,b44,p4,Eng,mixed,10,5,1.74,2.87,13,Eng,68,49,68,49,0.720588235,3
b44_eop4_longestoverlap_ISI_0_test,b44,p4,Eng,single,0,3,0.9,3.33,13,Eng,68,49,68,49,0.720588235,3
b44_eop4_longestoverlap_ISI_1_test,b44,p4,Eng,single,1,2,0.92,2.17,13,Eng,68,49,68,49,0.720588235,3
b44_eop4_longestoverlap_ISI_2_test,b44,p4,Eng,single,2,4,1.16,3.45,13,Eng,68,49,68,49,0.720588235,3
b44_eop4_longestoverlap_ISI_3_test,b44,p4,Eng,single,3,8,2.88,2.78,13,Eng,68,49,68,49,0.720588235,3
b44_eop4_longestoverlap_ISI_4_test,b44,p4,Eng,single,4,8,2.1,3.81,13,Eng,68,49,68,49,0.720588235,3
b44_eop4_longestoverlap_ISI_5_test,b44,p4,Eng,single,5,5,1.66,3.01,13,Eng,68,49,68,49,0.720588235,3
b44_eop4_longestoverlap_ISI_6_test,b44,p4,Eng,single,6,3,0.92,3.26,13,Eng,68,49,68,49,0.720588235,3
b44_eop4_longestoverlap_ISI_7_test,b44,p4,Eng,single,7,3,1.16,2.59,13,Eng,68,49,68,49,0.720588235,3
b44_eop4_longestoverlap_ISI_8_test,b44,p4,Eng,single,8,6,1.76,3.41,13,Eng,68,49,68,49,0.720588235,3
b44_eop4_longestoverlap_ISI_9_test,b44,p4,Eng,single,9,5,1.06,4.72,13,Eng,68,49,68,49,0.720588235,3
b44_eop4_longestoverlap_ISI_10_test,b44,p4,Eng,single,10,4,1.14,3.51,13,Eng,68,49,68,49,0.720588235,3
b45r_edp3_longestoverlap_ISI_0_test,b45r,p3,Eng,mixed,0,16,3.36,4.76,14,Eng,64,32,64,32,0.5,0
b45r_edp3_longestoverlap_ISI_1_test,b45r,p3,Eng,mixed,1,9,1.8,5,14,Eng,64,32,64,32,0.5,0
b45r_edp3_longestoverlap_ISI_2_test,b45r,p3,Eng,mixed,2,6,1.66,3.61,14,Eng,64,32,64,32,0.5,0
b45r_edp3_longestoverlap_ISI_4_test,b45r,p3,Eng,mixed,4,4,1.38,2.9,14,Eng,64,32,64,32,0.5,0
b45r_edp3_longestoverlap_ISI_5_test,b45r,p3,Eng,mixed,5,8,1.64,4.88,14,Eng,64,32,64,32,0.5,0
b45r_edp3_longestoverlap_ISI_6_test,b45r,p3,Eng,mixed,6,3,0.9,3.33,14,Eng,64,32,64,32,0.5,0
b45r_edp3_longestoverlap_ISI_7_test,b45r,p3,Eng,mixed,7,5,1.2,4.17,14,Eng,64,32,64,32,0.5,0
b45r_edp3_longestoverlap_ISI_8_test,b45r,p3,Eng,mixed,8,7,1.66,4.22,14,Eng,64,32,64,32,0.5,0
b45r_edp3_longestoverlap_ISI_9_test,b45r,p3,Eng,mixed,9,9,1.96,4.59,14,Eng,64,32,64,32,0.5,0
b45r_edp3_longestoverlap_ISI_10_test,b45r,p3,Eng,mixed,10,7,1.44,4.86,14,Eng,64,32,64,32,0.5,0
b45r_eop3_longestoverlap_ISI_0_test,b45r,p3,Eng,single,0,12,3.08,3.9,14,Eng,64,32,64,32,0.5,0
b45r_eop3_longestoverlap_ISI_1_test,b45r,p3,Eng,single,1,8,1.86,4.3,14,Eng,64,32,64,32,0.5,0
b45r_eop3_longestoverlap_ISI_2_test,b45r,p3,Eng,single,2,5,1.4,3.57,14,Eng,64,32,64,32,0.5,0
b45r_eop3_longestoverlap_ISI_4_test,b45r,p3,Eng,single,4,5,1.64,3.05,14,Eng,64,32,64,32,0.5,0
b45r_eop3_longestoverlap_ISI_5_test,b45r,p3,Eng,single,5,7,1.78,3.93,14,Eng,64,32,64,32,0.5,0
b45r_eop3_longestoverlap_ISI_6_test,b45r,p3,Eng,single,6,4,1.22,3.28,14,Eng,64,32,64,32,0.5,0
b45r_eop3_longestoverlap_ISI_7_test,b45r,p3,Eng,single,7,5,1.6,3.12,14,Eng,64,32,64,32,0.5,0
b45r_eop3_longestoverlap_ISI_8_test,b45r,p3,Eng,single,8,8,1.92,4.17,14,Eng,64,32,64,32,0.5,0
b45r_eop3_longestoverlap_ISI_9_test,b45r,p3,Eng,single,9,8,1.58,5.06,14,Eng,64,32,64,32,0.5,0
b45r_eop3_longestoverlap_ISI_10_test,b45r,p3,Eng,single,10,8,1.48,5.4,14,Eng,64,32,64,32,0.5,0
b45r_edp4_longestoverlap_ISI_0_test,b45r,p4,Eng,mixed,0,3,0.96,3.12,14,Eng,64,32,64,32,0.5,0
b45r_edp4_longestoverlap_ISI_1_test,b45r,p4,Eng,mixed,1,3,0.82,3.66,14,Eng,64,32,64,32,0.5,0
b45r_edp4_longestoverlap_ISI_2_test,b45r,p4,Eng,mixed,2,5,1.48,3.38,14,Eng,64,32,64,32,0.5,0
b45r_edp4_longestoverlap_ISI_3_test,b45r,p4,Eng,mixed,3,13,2.72,4.78,14,Eng,64,32,64,32,0.5,0
b45r_edp4_longestoverlap_ISI_4_test,b45r,p4,Eng,mixed,4,5,1.34,3.73,14,Eng,64,32,64,32,0.5,0
b45r_edp4_longestoverlap_ISI_5_test,b45r,p4,Eng,mixed,5,9,1.78,5.06,14,Eng,64,32,64,32,0.5,0
b45r_edp4_longestoverlap_ISI_6_test,b45r,p4,Eng,mixed,6,9,1.8,5,14,Eng,64,32,64,32,0.5,0
b45r_edp4_longestoverlap_ISI_7_test,b45r,p4,Eng,mixed,7,4,1.2,3.33,14,Eng,64,32,64,32,0.5,0
b45r_edp4_longestoverlap_ISI_8_test,b45r,p4,Eng,mixed,8,7,1.4,5,14,Eng,64,32,64,32,0.5,0
b45r_edp4_longestoverlap_ISI_9_test,b45r,p4,Eng,mixed,9,4,0.9,4.44,14,Eng,64,32,64,32,0.5,0
b45r_eop4_longestoverlap_ISI_0_test,b45r,p4,Eng,single,0,3,0.94,3.19,14,Eng,64,32,64,32,0.5,0
b45r_eop4_longestoverlap_ISI_1_test,b45r,p4,Eng,single,1,3,0.84,3.57,14,Eng,64,32,64,32,0.5,0
b45r_eop4_longestoverlap_ISI_2_test,b45r,p4,Eng,single,2,7,1.62,4.32,14,Eng,64,32,64,32,0.5,0
b45r_eop4_longestoverlap_ISI_3_test,b45r,p4,Eng,single,3,12,2.9,4.14,14,Eng,64,32,64,32,0.5,0
b45r_eop4_longestoverlap_ISI_4_test,b45r,p4,Eng,single,4,8,1.44,5.55,14,Eng,64,32,64,32,0.5,0
b45r_eop4_longestoverlap_ISI_5_test,b45r,p4,Eng,single,5,9,1.84,4.89,14,Eng,64,32,64,32,0.5,0
b45r_eop4_longestoverlap_ISI_6_test,b45r,p4,Eng,single,6,7,1.8,3.89,14,Eng,64,32,64,32,0.5,0
b45r_eop4_longestoverlap_ISI_7_test,b45r,p4,Eng,single,7,5,1.24,4.03,14,Eng,64,32,64,32,0.5,0
b45r_eop4_longestoverlap_ISI_8_test,b45r,p4,Eng,single,8,7,1.42,4.93,14,Eng,64,32,64,32,0.5,0
b45r_eop4_longestoverlap_ISI_9_test,b45r,p4,Eng,single,9,3,0.86,3.49,14,Eng,64,32,64,32,0.5,0
b46r_edp3_longestoverlap_ISI_0_test,b46r,p3,Eng,mixed,0,12,2.84,4.22,15,Eng,69,53,69,53,0.768115942,3
b46r_edp3_longestoverlap_ISI_1_test,b46r,p3,Eng,mixed,1,5,1.8,2.78,15,Eng,69,53,69,53,0.768115942,3
b46r_edp3_longestoverlap_ISI_3_test,b46r,p3,Eng,mixed,3,4,1.02,3.92,15,Eng,69,53,69,53,0.768115942,3
b46r_edp3_longestoverlap_ISI_4_test,b46r,p3,Eng,mixed,4,6,1.6,3.75,15,Eng,69,53,69,53,0.768115942,3
b46r_edp3_longestoverlap_ISI_5_test,b46r,p3,Eng,mixed,5,3,1.08,2.78,15,Eng,69,53,69,53,0.768115942,3
b46r_edp3_longestoverlap_ISI_6_test,b46r,p3,Eng,mixed,6,4,1.06,3.77,15,Eng,69,53,69,53,0.768115942,3
b46r_edp3_longestoverlap_ISI_7_test,b46r,p3,Eng,mixed,7,4,1.28,3.12,15,Eng,69,53,69,53,0.768115942,3
b46r_edp3_longestoverlap_ISI_8_test,b46r,p3,Eng,mixed,8,12,2.82,4.25,15,Eng,69,53,69,53,0.768115942,3
b46r_edp3_longestoverlap_ISI_9_test,b46r,p3,Eng,mixed,9,14,3.46,4.05,15,Eng,69,53,69,53,0.768115942,3
b46r_edp3_longestoverlap_ISI_10_test,b46r,p3,Eng,mixed,10,12,2.86,4.2,15,Eng,69,53,69,53,0.768115942,3
b46r_eop3_longestoverlap_ISI_0_test,b46r,p3,Eng,single,0,13,3.38,3.85,15,Eng,69,53,69,53,0.768115942,3
b46r_eop3_longestoverlap_ISI_1_test,b46r,p3,Eng,single,1,6,1.52,3.95,15,Eng,69,53,69,53,0.768115942,3
b46r_eop3_longestoverlap_ISI_3_test,b46r,p3,Eng,single,3,5,1.08,4.63,15,Eng,69,53,69,53,0.768115942,3
b46r_eop3_longestoverlap_ISI_4_test,b46r,p3,Eng,single,4,5,1.34,3.73,15,Eng,69,53,69,53,0.768115942,3
b46r_eop3_longestoverlap_ISI_5_test,b46r,p3,Eng,single,5,6,1.72,3.49,15,Eng,69,53,69,53,0.768115942,3
b46r_eop3_longestoverlap_ISI_6_test,b46r,p3,Eng,single,6,4,0.96,4.17,15,Eng,69,53,69,53,0.768115942,3
b46r_eop3_longestoverlap_ISI_7_test,b46r,p3,Eng,single,7,4,1.24,3.23,15,Eng,69,53,69,53,0.768115942,3
b46r_eop3_longestoverlap_ISI_8_test,b46r,p3,Eng,single,8,13,3.48,3.74,15,Eng,69,53,69,53,0.768115942,3
b46r_eop3_longestoverlap_ISI_9_test,b46r,p3,Eng,single,9,12,3.1,3.87,15,Eng,69,53,69,53,0.768115942,3
b46r_eop3_longestoverlap_ISI_10_test,b46r,p3,Eng,single,10,8,2.32,3.45,15,Eng,69,53,69,53,0.768115942,3
b46r_edp4_longestoverlap_ISI_0_test,b46r,p4,Eng,mixed,0,3,0.9,3.33,15,Eng,69,53,69,53,0.768115942,3
b46r_edp4_longestoverlap_ISI_2_test,b46r,p4,Eng,mixed,2,4,1.06,3.77,15,Eng,69,53,69,53,0.768115942,3
b46r_edp4_longestoverlap_ISI_3_test,b46r,p4,Eng,mixed,3,3,1.04,2.88,15,Eng,69,53,69,53,0.768115942,3
b46r_edp4_longestoverlap_ISI_4_test,b46r,p4,Eng,mixed,4,13,2.7,4.81,15,Eng,69,53,69,53,0.768115942,3
b46r_edp4_longestoverlap_ISI_5_test,b46r,p4,Eng,mixed,5,7,1.54,4.54,15,Eng,69,53,69,53,0.768115942,3
b46r_edp4_longestoverlap_ISI_6_test,b46r,p4,Eng,mixed,6,6,1.54,3.9,15,Eng,69,53,69,53,0.768115942,3
b46r_edp4_longestoverlap_ISI_7_test,b46r,p4,Eng,mixed,7,7,1.56,4.49,15,Eng,69,53,69,53,0.768115942,3
b46r_edp4_longestoverlap_ISI_8_test,b46r,p4,Eng,mixed,8,8,1.44,5.55,15,Eng,69,53,69,53,0.768115942,3
b46r_edp4_longestoverlap_ISI_9_test,b46r,p4,Eng,mixed,9,4,2.24,1.79,15,Eng,69,53,69,53,0.768115942,3
b46r_edp4_longestoverlap_ISI_10_test,b46r,p4,Eng,mixed,10,4,1.52,2.63,15,Eng,69,53,69,53,0.768115942,3
b46r_eop4_longestoverlap_ISI_0_test,b46r,p4,Eng,single,0,3,0.9,3.33,15,Eng,69,53,69,53,0.768115942,3
b46r_eop4_longestoverlap_ISI_2_test,b46r,p4,Eng,single,2,4,1.24,3.22,15,Eng,69,53,69,53,0.768115942,3
b46r_eop4_longestoverlap_ISI_3_test,b46r,p4,Eng,single,3,2,1.34,1.49,15,Eng,69,53,69,53,0.768115942,3
b46r_eop4_longestoverlap_ISI_4_test,b46r,p4,Eng,single,4,14,3.06,4.57,15,Eng,69,53,69,53,0.768115942,3
b46r_eop4_longestoverlap_ISI_5_test,b46r,p4,Eng,single,5,8,1.74,4.6,15,Eng,69,53,69,53,0.768115942,3
b46r_eop4_longestoverlap_ISI_6_test,b46r,p4,Eng,single,6,7,1.82,3.85,15,Eng,69,53,69,53,0.768115942,3
b46r_eop4_longestoverlap_ISI_7_test,b46r,p4,Eng,single,7,6,1.68,3.57,15,Eng,69,53,69,53,0.768115942,3
b46r_eop4_longestoverlap_ISI_8_test,b46r,p4,Eng,single,8,6,1.56,3.85,15,Eng,69,53,69,53,0.768115942,3
b46r_eop4_longestoverlap_ISI_9_test,b46r,p4,Eng,single,9,5,1.7,2.94,15,Eng,69,53,69,53,0.768115942,3
b46r_eop4_longestoverlap_ISI_10_test,b46r,p4,Eng,single,10,4,0.98,4.08,15,Eng,69,53,69,53,0.768115942,3
b47r_edp3_longestoverlap_ISI_0_test,b47r,p3,Eng,mixed,0,8,2.08,3.85,16,Eng,62,48,62,48,0.774193548,5
b47r_edp3_longestoverlap_ISI_1_test,b47r,p3,Eng,mixed,1,9,2.1,4.28,16,Eng,62,48,62,48,0.774193548,5
b47r_edp3_longestoverlap_ISI_2_test,b47r,p3,Eng,mixed,2,5,1.8,2.78,16,Eng,62,48,62,48,0.774193548,5
b47r_edp3_longestoverlap_ISI_4_test,b47r,p3,Eng,mixed,4,5,1.5,3.33,16,Eng,62,48,62,48,0.774193548,5
b47r_edp3_longestoverlap_ISI_5_test,b47r,p3,Eng,mixed,5,6,2.4,2.5,16,Eng,62,48,62,48,0.774193548,5
b47r_edp3_longestoverlap_ISI_6_test,b47r,p3,Eng,mixed,6,2,1.72,1.16,16,Eng,62,48,62,48,0.774193548,5
b47r_edp3_longestoverlap_ISI_7_test,b47r,p3,Eng,mixed,7,7,1.56,4.49,16,Eng,62,48,62,48,0.774193548,5
b47r_edp3_longestoverlap_ISI_8_test,b47r,p3,Eng,mixed,8,8,1.66,4.82,16,Eng,62,48,62,48,0.774193548,5
b47r_edp3_longestoverlap_ISI_9_test,b47r,p3,Eng,mixed,9,17,5.08,3.35,16,Eng,62,48,62,48,0.774193548,5
b47r_edp3_longestoverlap_ISI_10_test,b47r,p3,Eng,mixed,10,10,2.46,4.06,16,Eng,62,48,62,48,0.774193548,5
b47r_eop3_longestoverlap_ISI_0_test,b47r,p3,Eng,single,0,7,2,3.5,16,Eng,62,48,62,48,0.774193548,5
b47r_eop3_longestoverlap_ISI_1_test,b47r,p3,Eng,single,1,9,2.38,3.78,16,Eng,62,48,62,48,0.774193548,5
b47r_eop3_longestoverlap_ISI_2_test,b47r,p3,Eng,single,2,6,1.68,3.57,16,Eng,62,48,62,48,0.774193548,5
b47r_eop3_longestoverlap_ISI_4_test,b47r,p3,Eng,single,4,6,1.96,3.06,16,Eng,62,48,62,48,0.774193548,5
b47r_eop3_longestoverlap_ISI_5_test,b47r,p3,Eng,single,5,6,1.46,4.11,16,Eng,62,48,62,48,0.774193548,5
b47r_eop3_longestoverlap_ISI_6_test,b47r,p3,Eng,single,6,4,1.02,3.92,16,Eng,62,48,62,48,0.774193548,5
b47r_eop3_longestoverlap_ISI_7_test,b47r,p3,Eng,single,7,4,1.48,2.7,16,Eng,62,48,62,48,0.774193548,5
b47r_eop3_longestoverlap_ISI_8_test,b47r,p3,Eng,single,8,6,2.2,2.73,16,Eng,62,48,62,48,0.774193548,5
b47r_eop3_longestoverlap_ISI_9_test,b47r,p3,Eng,single,9,19,5.4,3.52,16,Eng,62,48,62,48,0.774193548,5
b47r_eop3_longestoverlap_ISI_10_test,b47r,p3,Eng,single,10,9,2.64,3.41,16,Eng,62,48,62,48,0.774193548,5
b47r_edp4_longestoverlap_ISI_0_test,b47r,p4,Eng,mixed,0,4,1.14,3.51,16,Eng,62,48,62,48,0.774193548,5
b47r_edp4_longestoverlap_ISI_1_test,b47r,p4,Eng,mixed,1,5,1.02,4.9,16,Eng,62,48,62,48,0.774193548,5
b47r_edp4_longestoverlap_ISI_2_test,b47r,p4,Eng,mixed,2,8,2.04,3.92,16,Eng,62,48,62,48,0.774193548,5
b47r_edp4_longestoverlap_ISI_3_test,b47r,p4,Eng,mixed,3,9,2.24,4.02,16,Eng,62,48,62,48,0.774193548,5
b47r_edp4_longestoverlap_ISI_4_test,b47r,p4,Eng,mixed,4,5,1.48,3.38,16,Eng,62,48,62,48,0.774193548,5
b47r_edp4_longestoverlap_ISI_5_test,b47r,p4,Eng,mixed,5,7,1.44,4.86,16,Eng,62,48,62,48,0.774193548,5
b47r_edp4_longestoverlap_ISI_6_test,b47r,p4,Eng,mixed,6,18,4.44,4.05,16,Eng,62,48,62,48,0.774193548,5
b47r_edp4_longestoverlap_ISI_7_test,b47r,p4,Eng,mixed,7,3,1.24,2.42,16,Eng,62,48,62,48,0.774193548,5
b47r_edp4_longestoverlap_ISI_8_test,b47r,p4,Eng,mixed,8,8,1.86,4.3,16,Eng,62,48,62,48,0.774193548,5
b47r_edp4_longestoverlap_ISI_9_test,b47r,p4,Eng,mixed,9,4,1.14,3.51,16,Eng,62,48,62,48,0.774193548,5
b47r_edp4_longestoverlap_ISI_10_test,b47r,p4,Eng,mixed,10,3,0.92,3.26,16,Eng,62,48,62,48,0.774193548,5
b47r_eop4_longestoverlap_ISI_0_test,b47r,p4,Eng,single,0,4,1.12,3.57,16,Eng,62,48,62,48,0.774193548,5
b47r_eop4_longestoverlap_ISI_1_test,b47r,p4,Eng,single,1,3,1.02,2.94,16,Eng,62,48,62,48,0.774193548,5
b47r_eop4_longestoverlap_ISI_2_test,b47r,p4,Eng,single,2,8,2.24,3.57,16,Eng,62,48,62,48,0.774193548,5
b47r_eop4_longestoverlap_ISI_3_test,b47r,p4,Eng,single,3,9,2.5,3.6,16,Eng,62,48,62,48,0.774193548,5
b47r_eop4_longestoverlap_ISI_4_test,b47r,p4,Eng,single,4,7,1.34,5.22,16,Eng,62,48,62,48,0.774193548,5
b47r_eop4_longestoverlap_ISI_5_test,b47r,p4,Eng,single,5,6,1.42,4.22,16,Eng,62,48,62,48,0.774193548,5
b47r_eop4_longestoverlap_ISI_6_test,b47r,p4,Eng,single,6,18,4.12,4.37,16,Eng,62,48,62,48,0.774193548,5
b47r_eop4_longestoverlap_ISI_7_test,b47r,p4,Eng,single,7,5,1.4,3.57,16,Eng,62,48,62,48,0.774193548,5
b47r_eop4_longestoverlap_ISI_8_test,b47r,p4,Eng,single,8,6,1.7,3.53,16,Eng,62,48,62,48,0.774193548,5
b47r_eop4_longestoverlap_ISI_9_test,b47r,p4,Eng,single,9,4,1.14,3.51,16,Eng,62,48,62,48,0.774193548,5
b47r_eop4_longestoverlap_ISI_10_test,b47r,p4,Eng,single,10,2,0.78,2.56,16,Eng,62,48,62,48,0.774193548,5
b48_edp3_longestoverlap_ISI_0_test,b48,p3,Eng,mixed,0,16,3,5.33,17,Eng,75,37,75,37,0.493333333,0
b48_edp3_longestoverlap_ISI_1_test,b48,p3,Eng,mixed,1,5,1.34,3.73,17,Eng,75,37,75,37,0.493333333,0
b48_edp3_longestoverlap_ISI_2_test,b48,p3,Eng,mixed,2,6,1.38,4.35,17,Eng,75,37,75,37,0.493333333,0
b48_edp3_longestoverlap_ISI_4_test,b48,p3,Eng,mixed,4,3,1.08,2.78,17,Eng,75,37,75,37,0.493333333,0
b48_edp3_longestoverlap_ISI_5_test,b48,p3,Eng,mixed,5,5,1.24,4.03,17,Eng,75,37,75,37,0.493333333,0
b48_edp3_longestoverlap_ISI_6_test,b48,p3,Eng,mixed,6,3,0.86,3.49,17,Eng,75,37,75,37,0.493333333,0
b48_edp3_longestoverlap_ISI_7_test,b48,p3,Eng,mixed,7,5,1.7,2.94,17,Eng,75,37,75,37,0.493333333,0
b48_edp3_longestoverlap_ISI_8_test,b48,p3,Eng,mixed,8,11,2.74,4.01,17,Eng,75,37,75,37,0.493333333,0
b48_edp3_longestoverlap_ISI_9_test,b48,p3,Eng,mixed,9,14,2.84,4.93,17,Eng,75,37,75,37,0.493333333,0
b48_edp3_longestoverlap_ISI_10_test,b48,p3,Eng,mixed,10,4,0.9,4.44,17,Eng,75,37,75,37,0.493333333,0
b48_eop3_longestoverlap_ISI_0_test,b48,p3,Eng,single,0,14,3.16,4.43,17,Eng,75,37,75,37,0.493333333,0
b48_eop3_longestoverlap_ISI_1_test,b48,p3,Eng,single,1,5,1.38,3.62,17,Eng,75,37,75,37,0.493333333,0
b48_eop3_longestoverlap_ISI_2_test,b48,p3,Eng,single,2,6,1.32,4.54,17,Eng,75,37,75,37,0.493333333,0
b48_eop3_longestoverlap_ISI_4_test,b48,p3,Eng,single,4,2,0.78,2.56,17,Eng,75,37,75,37,0.493333333,0
b48_eop3_longestoverlap_ISI_5_test,b48,p3,Eng,single,5,3,0.84,3.57,17,Eng,75,37,75,37,0.493333333,0
b48_eop3_longestoverlap_ISI_6_test,b48,p3,Eng,single,6,3,0.98,3.06,17,Eng,75,37,75,37,0.493333333,0
b48_eop3_longestoverlap_ISI_7_test,b48,p3,Eng,single,7,6,1.52,3.95,17,Eng,75,37,75,37,0.493333333,0
b48_eop3_longestoverlap_ISI_8_test,b48,p3,Eng,single,8,10,2.68,3.73,17,Eng,75,37,75,37,0.493333333,0
b48_eop3_longestoverlap_ISI_9_test,b48,p3,Eng,single,9,13,2.6,5,17,Eng,75,37,75,37,0.493333333,0
b48_eop3_longestoverlap_ISI_10_test,b48,p3,Eng,single,10,3,0.74,4.05,17,Eng,75,37,75,37,0.493333333,0
b48_edp4_longestoverlap_ISI_0_test,b48,p4,Eng,mixed,0,4,0.78,5.13,17,Eng,75,37,75,37,0.493333333,0
b48_edp4_longestoverlap_ISI_1_test,b48,p4,Eng,mixed,1,5,0.84,5.95,17,Eng,75,37,75,37,0.493333333,0
b48_edp4_longestoverlap_ISI_2_test,b48,p4,Eng,mixed,2,8,1.74,4.6,17,Eng,75,37,75,37,0.493333333,0
b48_edp4_longestoverlap_ISI_3_test,b48,p4,Eng,mixed,3,11,2.18,5.04,17,Eng,75,37,75,37,0.493333333,0
b48_edp4_longestoverlap_ISI_4_test,b48,p4,Eng,mixed,4,6,1.04,5.77,17,Eng,75,37,75,37,0.493333333,0
b48_edp4_longestoverlap_ISI_5_test,b48,p4,Eng,mixed,5,7,1.58,4.43,17,Eng,75,37,75,37,0.493333333,0
b48_edp4_longestoverlap_ISI_6_test,b48,p4,Eng,mixed,6,6,1.6,3.75,17,Eng,75,37,75,37,0.493333333,0
b48_edp4_longestoverlap_ISI_7_test,b48,p4,Eng,mixed,7,12,2.62,4.58,17,Eng,75,37,75,37,0.493333333,0
b48_edp4_longestoverlap_ISI_8_test,b48,p4,Eng,mixed,8,5,1.34,3.73,17,Eng,75,37,75,37,0.493333333,0
b48_edp4_longestoverlap_ISI_9_test,b48,p4,Eng,mixed,9,6,1.24,4.84,17,Eng,75,37,75,37,0.493333333,0
b48_edp4_longestoverlap_ISI_10_test,b48,p4,Eng,mixed,10,6,1.16,5.17,17,Eng,75,37,75,37,0.493333333,0
b48_eop4_longestoverlap_ISI_0_test,b48,p4,Eng,single,0,3,0.84,3.57,17,Eng,75,37,75,37,0.493333333,0
b48_eop4_longestoverlap_ISI_1_test,b48,p4,Eng,single,1,5,0.9,5.55,17,Eng,75,37,75,37,0.493333333,0
b48_eop4_longestoverlap_ISI_2_test,b48,p4,Eng,single,2,8,2.14,3.74,17,Eng,75,37,75,37,0.493333333,0
b48_eop4_longestoverlap_ISI_3_test,b48,p4,Eng,single,3,11,2.6,4.23,17,Eng,75,37,75,37,0.493333333,0
b48_eop4_longestoverlap_ISI_4_test,b48,p4,Eng,single,4,6,0.94,6.38,17,Eng,75,37,75,37,0.493333333,0
b48_eop4_longestoverlap_ISI_5_test,b48,p4,Eng,single,5,7,1.64,4.27,17,Eng,75,37,75,37,0.493333333,0
b48_eop4_longestoverlap_ISI_6_test,b48,p4,Eng,single,6,8,1.64,4.88,17,Eng,75,37,75,37,0.493333333,0
b48_eop4_longestoverlap_ISI_7_test,b48,p4,Eng,single,7,11,2.7,4.07,17,Eng,75,37,75,37,0.493333333,0
b48_eop4_longestoverlap_ISI_8_test,b48,p4,Eng,single,8,6,1.34,4.48,17,Eng,75,37,75,37,0.493333333,0
b48_eop4_longestoverlap_ISI_9_test,b48,p4,Eng,single,9,7,1.2,5.83,17,Eng,75,37,75,37,0.493333333,0
b48_eop4_longestoverlap_ISI_10_test,b48,p4,Eng,single,10,3,0.96,3.12,17,Eng,75,37,75,37,0.493333333,0
b4rr_edp3_longestoverlap_ISI_0_test,b4rr,p3,Eng,mixed,0,8,1.62,4.94,5,Eng,64,58,64,58,0.90625,0
b4rr_edp3_longestoverlap_ISI_1_test,b4rr,p3,Eng,mixed,1,6,1.4,4.28,5,Eng,64,58,64,58,0.90625,0
b4rr_edp3_longestoverlap_ISI_2_test,b4rr,p3,Eng,mixed,2,6,1.5,4,5,Eng,64,58,64,58,0.90625,0
b4rr_edp3_longestoverlap_ISI_4_test,b4rr,p3,Eng,mixed,4,7,1.44,4.86,5,Eng,64,58,64,58,0.90625,0
b4rr_edp3_longestoverlap_ISI_5_test,b4rr,p3,Eng,mixed,5,2,0.92,2.17,5,Eng,64,58,64,58,0.90625,0
b4rr_edp3_longestoverlap_ISI_6_test,b4rr,p3,Eng,mixed,6,3,0.96,3.12,5,Eng,64,58,64,58,0.90625,0
b4rr_edp3_longestoverlap_ISI_7_test,b4rr,p3,Eng,mixed,7,4,0.96,4.17,5,Eng,64,58,64,58,0.90625,0
b4rr_edp3_longestoverlap_ISI_8_test,b4rr,p3,Eng,mixed,8,17,3.24,5.25,5,Eng,64,58,64,58,0.90625,0
b4rr_edp3_longestoverlap_ISI_9_test,b4rr,p3,Eng,mixed,9,12,2.62,4.58,5,Eng,64,58,64,58,0.90625,0
b4rr_edp3_longestoverlap_ISI_10_test,b4rr,p3,Eng,mixed,10,4,0.88,4.54,5,Eng,64,58,64,58,0.90625,0
b4rr_eop3_longestoverlap_ISI_0_test,b4rr,p3,Eng,single,0,8,1.62,4.94,5,Eng,64,58,64,58,0.90625,0
b4rr_eop3_longestoverlap_ISI_1_test,b4rr,p3,Eng,single,1,10,2.06,4.85,5,Eng,64,58,64,58,0.90625,0
b4rr_eop3_longestoverlap_ISI_2_test,b4rr,p3,Eng,single,2,7,1.56,4.49,5,Eng,64,58,64,58,0.90625,0
b4rr_eop3_longestoverlap_ISI_4_test,b4rr,p3,Eng,single,4,6,1.3,4.61,5,Eng,64,58,64,58,0.90625,0
b4rr_eop3_longestoverlap_ISI_5_test,b4rr,p3,Eng,single,5,2,0.78,2.56,5,Eng,64,58,64,58,0.90625,0
b4rr_eop3_longestoverlap_ISI_6_test,b4rr,p3,Eng,single,6,3,0.9,3.33,5,Eng,64,58,64,58,0.90625,0
b4rr_eop3_longestoverlap_ISI_7_test,b4rr,p3,Eng,single,7,3,0.92,3.26,5,Eng,64,58,64,58,0.90625,0
b4rr_eop3_longestoverlap_ISI_8_test,b4rr,p3,Eng,single,8,12,2.82,4.25,5,Eng,64,58,64,58,0.90625,0
b4rr_eop3_longestoverlap_ISI_9_test,b4rr,p3,Eng,single,9,12,2.7,4.44,5,Eng,64,58,64,58,0.90625,0
b4rr_eop3_longestoverlap_ISI_10_test,b4rr,p3,Eng,single,10,4,0.94,4.25,5,Eng,64,58,64,58,0.90625,0
b4rr_edp4_longestoverlap_ISI_0_test,b4rr,p4,Eng,mixed,0,3,0.88,3.41,5,Eng,64,58,64,58,0.90625,0
b4rr_edp4_longestoverlap_ISI_1_test,b4rr,p4,Eng,mixed,1,2,1,2,5,Eng,64,58,64,58,0.90625,0
b4rr_edp4_longestoverlap_ISI_2_test,b4rr,p4,Eng,mixed,2,5,1.3,3.85,5,Eng,64,58,64,58,0.90625,0
b4rr_edp4_longestoverlap_ISI_3_test,b4rr,p4,Eng,mixed,3,16,3.58,4.47,5,Eng,64,58,64,58,0.90625,0
b4rr_edp4_longestoverlap_ISI_4_test,b4rr,p4,Eng,mixed,4,6,1.06,5.66,5,Eng,64,58,64,58,0.90625,0
b4rr_edp4_longestoverlap_ISI_5_test,b4rr,p4,Eng,mixed,5,8,1.6,5,5,Eng,64,58,64,58,0.90625,0
b4rr_edp4_longestoverlap_ISI_6_test,b4rr,p4,Eng,mixed,6,13,2.44,5.33,5,Eng,64,58,64,58,0.90625,0
b4rr_edp4_longestoverlap_ISI_7_test,b4rr,p4,Eng,mixed,7,4,1.08,3.7,5,Eng,64,58,64,58,0.90625,0
b4rr_edp4_longestoverlap_ISI_8_test,b4rr,p4,Eng,mixed,8,5,1.3,3.85,5,Eng,64,58,64,58,0.90625,0
b4rr_edp4_longestoverlap_ISI_9_test,b4rr,p4,Eng,mixed,9,6,1.24,4.84,5,Eng,64,58,64,58,0.90625,0
b4rr_edp4_longestoverlap_ISI_10_test,b4rr,p4,Eng,mixed,10,4,1.12,3.57,5,Eng,64,58,64,58,0.90625,0
b4rr_eop4_longestoverlap_ISI_0_test,b4rr,p4,Eng,single,0,3,0.84,3.57,5,Eng,64,58,64,58,0.90625,0
b4rr_eop4_longestoverlap_ISI_1_test,b4rr,p4,Eng,single,1,2,0.94,2.13,5,Eng,64,58,64,58,0.90625,0
b4rr_eop4_longestoverlap_ISI_2_test,b4rr,p4,Eng,single,2,4,1.16,3.45,5,Eng,64,58,64,58,0.90625,0
b4rr_eop4_longestoverlap_ISI_3_test,b4rr,p4,Eng,single,3,16,3.4,4.7,5,Eng,64,58,64,58,0.90625,0
b4rr_eop4_longestoverlap_ISI_4_test,b4rr,p4,Eng,single,4,6,1.06,5.66,5,Eng,64,58,64,58,0.90625,0
b4rr_eop4_longestoverlap_ISI_5_test,b4rr,p4,Eng,single,5,8,1.6,5,5,Eng,64,58,64,58,0.90625,0
b4rr_eop4_longestoverlap_ISI_6_test,b4rr,p4,Eng,single,6,13,2.64,4.92,5,Eng,64,58,64,58,0.90625,0
b4rr_eop4_longestoverlap_ISI_7_test,b4rr,p4,Eng,single,7,5,1.08,4.63,5,Eng,64,58,64,58,0.90625,0
b4rr_eop4_longestoverlap_ISI_8_test,b4rr,p4,Eng,single,8,5,1.24,4.03,5,Eng,64,58,64,58,0.90625,0
b4rr_eop4_longestoverlap_ISI_9_test,b4rr,p4,Eng,single,9,7,1.2,5.83,5,Eng,64,58,64,58,0.90625,0
b4rr_eop4_longestoverlap_ISI_10_test,b4rr,p4,Eng,single,10,6,1.08,5.55,5,Eng,64,58,64,58,0.90625,0
b5_edp3_longestoverlap_ISI_0_test,b5,p3,Eng,mixed,0,5,1.34,3.73,6,Eng,60,55,60,55,0.916666667,4
b5_edp3_longestoverlap_ISI_1_test,b5,p3,Eng,mixed,1,6,1.56,3.84,6,Eng,60,55,60,55,0.916666667,4
b5_edp3_longestoverlap_ISI_2_test,b5,p3,Eng,mixed,2,6,1.48,4.05,6,Eng,60,55,60,55,0.916666667,4
b5_edp3_longestoverlap_ISI_4_test,b5,p3,Eng,mixed,4,4,1.28,3.12,6,Eng,60,55,60,55,0.916666667,4
b5_edp3_longestoverlap_ISI_5_test,b5,p3,Eng,mixed,5,8,1.76,4.54,6,Eng,60,55,60,55,0.916666667,4
b5_edp3_longestoverlap_ISI_7_test,b5,p3,Eng,mixed,7,3,1,3,6,Eng,60,55,60,55,0.916666667,4
b5_edp3_longestoverlap_ISI_8_test,b5,p3,Eng,mixed,8,13,2.8,4.64,6,Eng,60,55,60,55,0.916666667,4
b5_edp3_longestoverlap_ISI_9_test,b5,p3,Eng,mixed,9,12,2.96,4.05,6,Eng,60,55,60,55,0.916666667,4
b5_edp3_longestoverlap_ISI_10_test,b5,p3,Eng,mixed,10,6,1.42,4.22,6,Eng,60,55,60,55,0.916666667,4
b5_eop3_longestoverlap_ISI_0_test,b5,p3,Eng,single,0,4,1.34,2.98,6,Eng,60,55,60,55,0.916666667,4
b5_eop3_longestoverlap_ISI_1_test,b5,p3,Eng,single,1,5,1.46,3.42,6,Eng,60,55,60,55,0.916666667,4
b5_eop3_longestoverlap_ISI_2_test,b5,p3,Eng,single,2,5,1.58,3.16,6,Eng,60,55,60,55,0.916666667,4
b5_eop3_longestoverlap_ISI_4_test,b5,p3,Eng,single,4,4,1.26,3.17,6,Eng,60,55,60,55,0.916666667,4
b5_eop3_longestoverlap_ISI_5_test,b5,p3,Eng,single,5,6,1.88,3.19,6,Eng,60,55,60,55,0.916666667,4
b5_eop3_longestoverlap_ISI_7_test,b5,p3,Eng,single,7,2,0.96,2.08,6,Eng,60,55,60,55,0.916666667,4
b5_eop3_longestoverlap_ISI_8_test,b5,p3,Eng,single,8,14,3.36,4.17,6,Eng,60,55,60,55,0.916666667,4
b5_eop3_longestoverlap_ISI_9_test,b5,p3,Eng,single,9,13,2.82,4.61,6,Eng,60,55,60,55,0.916666667,4
b5_eop3_longestoverlap_ISI_10_test,b5,p3,Eng,single,10,6,1.32,4.54,6,Eng,60,55,60,55,0.916666667,4
b5_edp4_longestoverlap_ISI_0_test,b5,p4,Eng,mixed,0,4,0.86,4.65,6,Eng,60,55,60,55,0.916666667,4
b5_edp4_longestoverlap_ISI_1_test,b5,p4,Eng,mixed,1,3,0.88,3.41,6,Eng,60,55,60,55,0.916666667,4
b5_edp4_longestoverlap_ISI_2_test,b5,p4,Eng,mixed,2,6,2.08,2.88,6,Eng,60,55,60,55,0.916666667,4
b5_edp4_longestoverlap_ISI_3_test,b5,p4,Eng,mixed,3,3,1.34,2.24,6,Eng,60,55,60,55,0.916666667,4
b5_edp4_longestoverlap_ISI_4_test,b5,p4,Eng,mixed,4,15,3.22,4.66,6,Eng,60,55,60,55,0.916666667,4
b5_edp4_longestoverlap_ISI_5_test,b5,p4,Eng,mixed,5,11,2.32,4.74,6,Eng,60,55,60,55,0.916666667,4
b5_edp4_longestoverlap_ISI_6_test,b5,p4,Eng,mixed,6,9,1.82,4.94,6,Eng,60,55,60,55,0.916666667,4
b5_edp4_longestoverlap_ISI_7_test,b5,p4,Eng,mixed,7,7,1.68,4.17,6,Eng,60,55,60,55,0.916666667,4
b5_edp4_longestoverlap_ISI_8_test,b5,p4,Eng,mixed,8,4,1.18,3.39,6,Eng,60,55,60,55,0.916666667,4
b5_edp4_longestoverlap_ISI_9_test,b5,p4,Eng,mixed,9,7,1.3,5.38,6,Eng,60,55,60,55,0.916666667,4
b5_edp4_longestoverlap_ISI_10_test,b5,p4,Eng,mixed,10,3,0.62,4.84,6,Eng,60,55,60,55,0.916666667,4
b5_eop4_longestoverlap_ISI_0_test,b5,p4,Eng,single,0,4,0.86,4.65,6,Eng,60,55,60,55,0.916666667,4
b5_eop4_longestoverlap_ISI_1_test,b5,p4,Eng,single,1,2,1.08,1.85,6,Eng,60,55,60,55,0.916666667,4
b5_eop4_longestoverlap_ISI_2_test,b5,p4,Eng,single,2,8,2,4,6,Eng,60,55,60,55,0.916666667,4
b5_eop4_longestoverlap_ISI_3_test,b5,p4,Eng,single,3,4,1.4,2.86,6,Eng,60,55,60,55,0.916666667,4
b5_eop4_longestoverlap_ISI_4_test,b5,p4,Eng,single,4,12,3.04,3.95,6,Eng,60,55,60,55,0.916666667,4
b5_eop4_longestoverlap_ISI_5_test,b5,p4,Eng,single,5,10,2.36,4.24,6,Eng,60,55,60,55,0.916666667,4
b5_eop4_longestoverlap_ISI_6_test,b5,p4,Eng,single,6,9,1.94,4.64,6,Eng,60,55,60,55,0.916666667,4
b5_eop4_longestoverlap_ISI_7_test,b5,p4,Eng,single,7,7,1.68,4.16,6,Eng,60,55,60,55,0.916666667,4
b5_eop4_longestoverlap_ISI_8_test,b5,p4,Eng,single,8,4,1.3,3.08,6,Eng,60,55,60,55,0.916666667,4
b5_eop4_longestoverlap_ISI_9_test,b5,p4,Eng,single,9,7,1.54,4.54,6,Eng,60,55,60,55,0.916666667,4
b5_eop4_longestoverlap_ISI_10_test,b5,p4,Eng,single,10,3,0.56,5.36,6,Eng,60,55,60,55,0.916666667,4
b6_edp3_longestoverlap_ISI_0_test,b6,p3,Eng,mixed,0,13,3.1,4.19,7,Eng,67,47,67,47,0.701492537,4
b6_edp3_longestoverlap_ISI_1_test,b6,p3,Eng,mixed,1,7,1.52,4.6,7,Eng,67,47,67,47,0.701492537,4
b6_edp3_longestoverlap_ISI_2_test,b6,p3,Eng,mixed,2,7,1.46,4.79,7,Eng,67,47,67,47,0.701492537,4
b6_edp3_longestoverlap_ISI_3_test,b6,p3,Eng,mixed,3,5,0.96,5.21,7,Eng,67,47,67,47,0.701492537,4
b6_edp3_longestoverlap_ISI_4_test,b6,p3,Eng,mixed,4,5,1.26,3.97,7,Eng,67,47,67,47,0.701492537,4
b6_edp3_longestoverlap_ISI_5_test,b6,p3,Eng,mixed,5,8,1.66,4.82,7,Eng,67,47,67,47,0.701492537,4
b6_edp3_longestoverlap_ISI_6_test,b6,p3,Eng,mixed,6,3,0.9,3.33,7,Eng,67,47,67,47,0.701492537,4
b6_edp3_longestoverlap_ISI_7_test,b6,p3,Eng,mixed,7,5,1.2,4.17,7,Eng,67,47,67,47,0.701492537,4
b6_edp3_longestoverlap_ISI_8_test,b6,p3,Eng,mixed,8,12,2.94,4.08,7,Eng,67,47,67,47,0.701492537,4
b6_edp3_longestoverlap_ISI_9_test,b6,p3,Eng,mixed,9,14,3,4.67,7,Eng,67,47,67,47,0.701492537,4
b6_edp3_longestoverlap_ISI_10_test,b6,p3,Eng,mixed,10,3,0.94,3.19,7,Eng,67,47,67,47,0.701492537,4
b6_eop3_longestoverlap_ISI_0_test,b6,p3,Eng,single,0,12,3.1,3.87,7,Eng,67,47,67,47,0.701492537,4
b6_eop3_longestoverlap_ISI_1_test,b6,p3,Eng,single,1,7,1.44,4.86,7,Eng,67,47,67,47,0.701492537,4
b6_eop3_longestoverlap_ISI_2_test,b6,p3,Eng,single,2,6,1.32,4.54,7,Eng,67,47,67,47,0.701492537,4
b6_eop3_longestoverlap_ISI_3_test,b6,p3,Eng,single,3,3,0.82,3.66,7,Eng,67,47,67,47,0.701492537,4
b6_eop3_longestoverlap_ISI_4_test,b6,p3,Eng,single,4,4,1.08,3.7,7,Eng,67,47,67,47,0.701492537,4
b6_eop3_longestoverlap_ISI_5_test,b6,p3,Eng,single,5,8,1.68,4.76,7,Eng,67,47,67,47,0.701492537,4
b6_eop3_longestoverlap_ISI_6_test,b6,p3,Eng,single,6,4,0.98,4.08,7,Eng,67,47,67,47,0.701492537,4
b6_eop3_longestoverlap_ISI_7_test,b6,p3,Eng,single,7,5,1.26,3.97,7,Eng,67,47,67,47,0.701492537,4
b6_eop3_longestoverlap_ISI_8_test,b6,p3,Eng,single,8,13,2.84,4.58,7,Eng,67,47,67,47,0.701492537,4
b6_eop3_longestoverlap_ISI_9_test,b6,p3,Eng,single,9,13,2.9,4.48,7,Eng,67,47,67,47,0.701492537,4
b6_eop3_longestoverlap_ISI_10_test,b6,p3,Eng,single,10,4,1,4,7,Eng,67,47,67,47,0.701492537,4
b6_edp4_longestoverlap_ISI_0_test,b6,p4,Eng,mixed,0,4,0.9,4.44,7,Eng,67,47,67,47,0.701492537,4
b6_edp4_longestoverlap_ISI_1_test,b6,p4,Eng,mixed,1,4,0.86,4.65,7,Eng,67,47,67,47,0.701492537,4
b6_edp4_longestoverlap_ISI_2_test,b6,p4,Eng,mixed,2,4,1.3,3.08,7,Eng,67,47,67,47,0.701492537,4
b6_edp4_longestoverlap_ISI_3_test,b6,p4,Eng,mixed,3,11,2.68,4.1,7,Eng,67,47,67,47,0.701492537,4
b6_edp4_longestoverlap_ISI_4_test,b6,p4,Eng,mixed,4,14,2.74,5.11,7,Eng,67,47,67,47,0.701492537,4
b6_edp4_longestoverlap_ISI_5_test,b6,p4,Eng,mixed,5,7,1.56,4.49,7,Eng,67,47,67,47,0.701492537,4
b6_edp4_longestoverlap_ISI_6_test,b6,p4,Eng,mixed,6,12,2.46,4.88,7,Eng,67,47,67,47,0.701492537,4
b6_edp4_longestoverlap_ISI_7_test,b6,p4,Eng,mixed,7,7,1.62,4.32,7,Eng,67,47,67,47,0.701492537,4
b6_edp4_longestoverlap_ISI_8_test,b6,p4,Eng,mixed,8,7,1.28,5.47,7,Eng,67,47,67,47,0.701492537,4
b6_edp4_longestoverlap_ISI_9_test,b6,p4,Eng,mixed,9,6,1.22,4.92,7,Eng,67,47,67,47,0.701492537,4
b6_edp4_longestoverlap_ISI_10_test,b6,p4,Eng,mixed,10,3,0.64,4.69,7,Eng,67,47,67,47,0.701492537,4
b6_eop4_longestoverlap_ISI_0_test,b6,p4,Eng,single,0,3,0.96,3.12,7,Eng,67,47,67,47,0.701492537,4
b6_eop4_longestoverlap_ISI_1_test,b6,p4,Eng,single,1,2,0.84,2.38,7,Eng,67,47,67,47,0.701492537,4
b6_eop4_longestoverlap_ISI_2_test,b6,p4,Eng,single,2,5,1.34,3.73,7,Eng,67,47,67,47,0.701492537,4
b6_eop4_longestoverlap_ISI_3_test,b6,p4,Eng,single,3,10,2.58,3.88,7,Eng,67,47,67,47,0.701492537,4
b6_eop4_longestoverlap_ISI_4_test,b6,p4,Eng,single,4,12,2.7,4.44,7,Eng,67,47,67,47,0.701492537,4
b6_eop4_longestoverlap_ISI_5_test,b6,p4,Eng,single,5,7,1.82,3.85,7,Eng,67,47,67,47,0.701492537,4
b6_eop4_longestoverlap_ISI_6_test,b6,p4,Eng,single,6,12,2.38,5.04,7,Eng,67,47,67,47,0.701492537,4
b6_eop4_longestoverlap_ISI_7_test,b6,p4,Eng,single,7,7,1.64,4.27,7,Eng,67,47,67,47,0.701492537,4
b6_eop4_longestoverlap_ISI_8_test,b6,p4,Eng,single,8,5,1.14,4.39,7,Eng,67,47,67,47,0.701492537,4
b6_eop4_longestoverlap_ISI_9_test,b6,p4,Eng,single,9,7,1.12,6.25,7,Eng,67,47,67,47,0.701492537,4
b6_eop4_longestoverlap_ISI_10_test,b6,p4,Eng,single,10,3,0.58,5.17,7,Eng,67,47,67,47,0.701492537,4
b7r_edp3_longestoverlap_ISI_0_test,b7r,p3,Eng,mixed,0,8,2.26,3.54,8,Eng,70,43,70,43,0.614285714,5
b7r_edp3_longestoverlap_ISI_1_test,b7r,p3,Eng,mixed,1,7,1.6,4.37,8,Eng,70,43,70,43,0.614285714,5
b7r_edp3_longestoverlap_ISI_2_test,b7r,p3,Eng,mixed,2,6,1.4,4.28,8,Eng,70,43,70,43,0.614285714,5
b7r_edp3_longestoverlap_ISI_3_test,b7r,p3,Eng,mixed,3,3,0.96,3.12,8,Eng,70,43,70,43,0.614285714,5
b7r_edp3_longestoverlap_ISI_4_test,b7r,p3,Eng,mixed,4,3,0.98,3.06,8,Eng,70,43,70,43,0.614285714,5
b7r_edp3_longestoverlap_ISI_5_test,b7r,p3,Eng,mixed,5,8,1.98,4.04,8,Eng,70,43,70,43,0.614285714,5
b7r_edp3_longestoverlap_ISI_7_test,b7r,p3,Eng,mixed,7,5,1.28,3.91,8,Eng,70,43,70,43,0.614285714,5
b7r_edp3_longestoverlap_ISI_8_test,b7r,p3,Eng,mixed,8,12,2.74,4.38,8,Eng,70,43,70,43,0.614285714,5
b7r_edp3_longestoverlap_ISI_9_test,b7r,p3,Eng,mixed,9,11,2.82,3.9,8,Eng,70,43,70,43,0.614285714,5
b7r_edp3_longestoverlap_ISI_10_test,b7r,p3,Eng,mixed,10,2,0.92,2.17,8,Eng,70,43,70,43,0.614285714,5
b7r_eop3_longestoverlap_ISI_0_test,b7r,p3,Eng,single,0,8,2.38,3.36,8,Eng,70,43,70,43,0.614285714,5
b7r_eop3_longestoverlap_ISI_1_test,b7r,p3,Eng,single,1,6,1.38,4.35,8,Eng,70,43,70,43,0.614285714,5
b7r_eop3_longestoverlap_ISI_2_test,b7r,p3,Eng,single,2,5,1.54,3.25,8,Eng,70,43,70,43,0.614285714,5
b7r_eop3_longestoverlap_ISI_3_test,b7r,p3,Eng,single,3,4,0.94,4.26,8,Eng,70,43,70,43,0.614285714,5
b7r_eop3_longestoverlap_ISI_4_test,b7r,p3,Eng,single,4,4,2.52,1.59,8,Eng,70,43,70,43,0.614285714,5
b7r_eop3_longestoverlap_ISI_5_test,b7r,p3,Eng,single,5,7,1.86,3.76,8,Eng,70,43,70,43,0.614285714,5
b7r_eop3_longestoverlap_ISI_7_test,b7r,p3,Eng,single,7,5,1.12,4.46,8,Eng,70,43,70,43,0.614285714,5
b7r_eop3_longestoverlap_ISI_8_test,b7r,p3,Eng,single,8,12,2.66,4.51,8,Eng,70,43,70,43,0.614285714,5
b7r_eop3_longestoverlap_ISI_9_test,b7r,p3,Eng,single,9,11,2.76,3.99,8,Eng,70,43,70,43,0.614285714,5
b7r_eop3_longestoverlap_ISI_10_test,b7r,p3,Eng,single,10,2,0.9,2.22,8,Eng,70,43,70,43,0.614285714,5
b7r_edp4_longestoverlap_ISI_0_test,b7r,p4,Eng,mixed,0,3,0.9,3.33,8,Eng,70,43,70,43,0.614285714,5
b7r_edp4_longestoverlap_ISI_1_test,b7r,p4,Eng,mixed,1,3,0.88,3.41,8,Eng,70,43,70,43,0.614285714,5
b7r_edp4_longestoverlap_ISI_2_test,b7r,p4,Eng,mixed,2,5,1.3,3.84,8,Eng,70,43,70,43,0.614285714,5
b7r_edp4_longestoverlap_ISI_3_test,b7r,p4,Eng,mixed,3,7,2.22,3.15,8,Eng,70,43,70,43,0.614285714,5
b7r_edp4_longestoverlap_ISI_4_test,b7r,p4,Eng,mixed,4,11,3.08,3.57,8,Eng,70,43,70,43,0.614285714,5
b7r_edp4_longestoverlap_ISI_5_test,b7r,p4,Eng,mixed,5,10,1.76,5.68,8,Eng,70,43,70,43,0.614285714,5
b7r_edp4_longestoverlap_ISI_6_test,b7r,p4,Eng,mixed,6,9,1.84,4.89,8,Eng,70,43,70,43,0.614285714,5
b7r_edp4_longestoverlap_ISI_7_test,b7r,p4,Eng,mixed,7,5,1.26,3.97,8,Eng,70,43,70,43,0.614285714,5
b7r_edp4_longestoverlap_ISI_8_test,b7r,p4,Eng,mixed,8,7,1.5,4.66,8,Eng,70,43,70,43,0.614285714,5
b7r_edp4_longestoverlap_ISI_9_test,b7r,p4,Eng,mixed,9,7,1.14,6.14,8,Eng,70,43,70,43,0.614285714,5
b7r_edp4_longestoverlap_ISI_10_test,b7r,p4,Eng,mixed,10,3,0.76,3.95,8,Eng,70,43,70,43,0.614285714,5
b7r_eop4_longestoverlap_ISI_0_test,b7r,p4,Eng,single,0,3,0.8,3.75,8,Eng,70,43,70,43,0.614285714,5
b7r_eop4_longestoverlap_ISI_1_test,b7r,p4,Eng,single,1,3,1,3,8,Eng,70,43,70,43,0.614285714,5
b7r_eop4_longestoverlap_ISI_2_test,b7r,p4,Eng,single,2,6,1.5,4,8,Eng,70,43,70,43,0.614285714,5
b7r_eop4_longestoverlap_ISI_3_test,b7r,p4,Eng,single,3,10,2.46,4.06,8,Eng,70,43,70,43,0.614285714,5
b7r_eop4_longestoverlap_ISI_4_test,b7r,p4,Eng,single,4,12,3.14,3.82,8,Eng,70,43,70,43,0.614285714,5
b7r_eop4_longestoverlap_ISI_5_test,b7r,p4,Eng,single,5,9,2.04,4.41,8,Eng,70,43,70,43,0.614285714,5
b7r_eop4_longestoverlap_ISI_6_test,b7r,p4,Eng,single,6,7,1.96,3.57,8,Eng,70,43,70,43,0.614285714,5
b7r_eop4_longestoverlap_ISI_7_test,b7r,p4,Eng,single,7,4,1.06,3.77,8,Eng,70,43,70,43,0.614285714,5
b7r_eop4_longestoverlap_ISI_8_test,b7r,p4,Eng,single,8,6,1.24,4.84,8,Eng,70,43,70,43,0.614285714,5
b7r_eop4_longestoverlap_ISI_9_test,b7r,p4,Eng,single,9,5,1.1,4.54,8,Eng,70,43,70,43,0.614285714,5
b7r_eop4_longestoverlap_ISI_10_test,b7r,p4,Eng,single,10,3,0.66,4.54,8,Eng,70,43,70,43,0.614285714,5
b8r_edp3_longestoverlap_ISI_0_test,b8r,p3,Eng,mixed,0,14,2.74,5.11,9,Eng,75,39,75,39,0.52,3
b8r_edp3_longestoverlap_ISI_1_test,b8r,p3,Eng,mixed,1,6,1.46,4.11,9,Eng,75,39,75,39,0.52,3
b8r_edp3_longestoverlap_ISI_2_test,b8r,p3,Eng,mixed,2,6,1.3,4.61,9,Eng,75,39,75,39,0.52,3
b8r_edp3_longestoverlap_ISI_4_test,b8r,p3,Eng,mixed,4,4,1.02,3.92,9,Eng,75,39,75,39,0.52,3
b8r_edp3_longestoverlap_ISI_5_test,b8r,p3,Eng,mixed,5,9,1.7,5.29,9,Eng,75,39,75,39,0.52,3
b8r_edp3_longestoverlap_ISI_6_test,b8r,p3,Eng,mixed,6,4,1.1,3.63,9,Eng,75,39,75,39,0.52,3
b8r_edp3_longestoverlap_ISI_7_test,b8r,p3,Eng,mixed,7,4,1.6,2.5,9,Eng,75,39,75,39,0.52,3
b8r_edp3_longestoverlap_ISI_8_test,b8r,p3,Eng,mixed,8,12,3.02,3.97,9,Eng,75,39,75,39,0.52,3
b8r_edp3_longestoverlap_ISI_9_test,b8r,p3,Eng,mixed,9,16,3.84,4.17,9,Eng,75,39,75,39,0.52,3
b8r_edp3_longestoverlap_ISI_10_test,b8r,p3,Eng,mixed,10,6,1.56,3.84,9,Eng,75,39,75,39,0.52,3
b8r_eop3_longestoverlap_ISI_0_test,b8r,p3,Eng,single,0,16,2.92,5.48,9,Eng,75,39,75,39,0.52,3
b8r_eop3_longestoverlap_ISI_1_test,b8r,p3,Eng,single,1,6,1.32,4.54,9,Eng,75,39,75,39,0.52,3
b8r_eop3_longestoverlap_ISI_2_test,b8r,p3,Eng,single,2,5,1.22,4.1,9,Eng,75,39,75,39,0.52,3
b8r_eop3_longestoverlap_ISI_4_test,b8r,p3,Eng,single,4,5,1,5,9,Eng,75,39,75,39,0.52,3
b8r_eop3_longestoverlap_ISI_5_test,b8r,p3,Eng,single,5,7,1.52,4.6,9,Eng,75,39,75,39,0.52,3
b8r_eop3_longestoverlap_ISI_6_test,b8r,p3,Eng,single,6,3,0.88,3.41,9,Eng,75,39,75,39,0.52,3
b8r_eop3_longestoverlap_ISI_7_test,b8r,p3,Eng,single,7,6,1.46,4.11,9,Eng,75,39,75,39,0.52,3
b8r_eop3_longestoverlap_ISI_8_test,b8r,p3,Eng,single,8,15,2.74,5.47,9,Eng,75,39,75,39,0.52,3
b8r_eop3_longestoverlap_ISI_9_test,b8r,p3,Eng,single,9,16,3.52,4.54,9,Eng,75,39,75,39,0.52,3
b8r_eop3_longestoverlap_ISI_10_test,b8r,p3,Eng,single,10,7,1.58,4.43,9,Eng,75,39,75,39,0.52,3
b8r_edp4_longestoverlap_ISI_0_test,b8r,p4,Eng,mixed,0,3,0.74,4.05,9,Eng,75,39,75,39,0.52,3
b8r_edp4_longestoverlap_ISI_1_test,b8r,p4,Eng,mixed,1,4,0.8,5,9,Eng,75,39,75,39,0.52,3
b8r_edp4_longestoverlap_ISI_2_test,b8r,p4,Eng,mixed,2,4,1.12,3.57,9,Eng,75,39,75,39,0.52,3
b8r_edp4_longestoverlap_ISI_3_test,b8r,p4,Eng,mixed,3,10,2.42,4.13,9,Eng,75,39,75,39,0.52,3
b8r_edp4_longestoverlap_ISI_4_test,b8r,p4,Eng,mixed,4,7,1.56,4.49,9,Eng,75,39,75,39,0.52,3
b8r_edp4_longestoverlap_ISI_5_test,b8r,p4,Eng,mixed,5,8,1.46,5.48,9,Eng,75,39,75,39,0.52,3
b8r_edp4_longestoverlap_ISI_6_test,b8r,p4,Eng,mixed,6,10,2.22,4.5,9,Eng,75,39,75,39,0.52,3
b8r_edp4_longestoverlap_ISI_7_test,b8r,p4,Eng,mixed,7,7,1.44,4.86,9,Eng,75,39,75,39,0.52,3
b8r_edp4_longestoverlap_ISI_8_test,b8r,p4,Eng,mixed,8,6,1.22,4.92,9,Eng,75,39,75,39,0.52,3
b8r_edp4_longestoverlap_ISI_9_test,b8r,p4,Eng,mixed,9,6,1.06,5.66,9,Eng,75,39,75,39,0.52,3
b8r_edp4_longestoverlap_ISI_10_test,b8r,p4,Eng,mixed,10,5,1,5,9,Eng,75,39,75,39,0.52,3
b8r_eop4_longestoverlap_ISI_0_test,b8r,p4,Eng,single,0,3,0.8,3.75,9,Eng,75,39,75,39,0.52,3
b8r_eop4_longestoverlap_ISI_1_test,b8r,p4,Eng,single,1,4,0.8,5,9,Eng,75,39,75,39,0.52,3
b8r_eop4_longestoverlap_ISI_2_test,b8r,p4,Eng,single,2,5,1.26,3.97,9,Eng,75,39,75,39,0.52,3
b8r_eop4_longestoverlap_ISI_3_test,b8r,p4,Eng,single,3,11,2.38,4.62,9,Eng,75,39,75,39,0.52,3
b8r_eop4_longestoverlap_ISI_4_test,b8r,p4,Eng,single,4,7,1.56,4.49,9,Eng,75,39,75,39,0.52,3
b8r_eop4_longestoverlap_ISI_5_test,b8r,p4,Eng,single,5,8,1.52,5.26,9,Eng,75,39,75,39,0.52,3
b8r_eop4_longestoverlap_ISI_6_test,b8r,p4,Eng,single,6,12,2.46,4.88,9,Eng,75,39,75,39,0.52,3
b8r_eop4_longestoverlap_ISI_7_test,b8r,p4,Eng,single,7,8,1.5,5.33,9,Eng,75,39,75,39,0.52,3
b8r_eop4_longestoverlap_ISI_8_test,b8r,p4,Eng,single,8,5,1.3,3.85,9,Eng,75,39,75,39,0.52,3
b8r_eop4_longestoverlap_ISI_9_test,b8r,p4,Eng,single,9,6,1.04,5.77,9,Eng,75,39,75,39,0.52,3
b8r_eop4_longestoverlap_ISI_10_test,b8r,p4,Eng,single,10,4,0.98,4.08,9,Eng,75,39,75,39,0.52,3
b9_edp3_longestoverlap_ISI_0_test,b9,p3,Eng,mixed,0,12,2.68,4.48,10,Eng,73,47,73,47,0.643835616,3.7
b9_edp3_longestoverlap_ISI_1_test,b9,p3,Eng,mixed,1,12,2.54,4.72,10,Eng,73,47,73,47,0.643835616,3.7
b9_edp3_longestoverlap_ISI_4_test,b9,p3,Eng,mixed,4,5,1.22,4.1,10,Eng,73,47,73,47,0.643835616,3.7
b9_edp3_longestoverlap_ISI_5_test,b9,p3,Eng,mixed,5,2,0.98,2.04,10,Eng,73,47,73,47,0.643835616,3.7
b9_edp3_longestoverlap_ISI_6_test,b9,p3,Eng,mixed,6,3,1.02,2.94,10,Eng,73,47,73,47,0.643835616,3.7
b9_edp3_longestoverlap_ISI_7_test,b9,p3,Eng,mixed,7,4,1,4,10,Eng,73,47,73,47,0.643835616,3.7
b9_edp3_longestoverlap_ISI_8_test,b9,p3,Eng,mixed,8,10,2.5,4,10,Eng,73,47,73,47,0.643835616,3.7
b9_edp3_longestoverlap_ISI_9_test,b9,p3,Eng,mixed,9,11,2.54,4.33,10,Eng,73,47,73,47,0.643835616,3.7
b9_edp3_longestoverlap_ISI_10_test,b9,p3,Eng,mixed,10,9,2.18,4.13,10,Eng,73,47,73,47,0.643835616,3.7
b9_eop3_longestoverlap_ISI_0_test,b9,p3,Eng,single,0,11,2.34,4.7,10,Eng,73,47,73,47,0.643835616,3.7
b9_eop3_longestoverlap_ISI_1_test,b9,p3,Eng,single,1,11,2.36,4.66,10,Eng,73,47,73,47,0.643835616,3.7
b9_eop3_longestoverlap_ISI_4_test,b9,p3,Eng,single,4,5,1.16,4.31,10,Eng,73,47,73,47,0.643835616,3.7
b9_eop3_longestoverlap_ISI_5_test,b9,p3,Eng,single,5,2,0.76,2.63,10,Eng,73,47,73,47,0.643835616,3.7
b9_eop3_longestoverlap_ISI_6_test,b9,p3,Eng,single,6,3,0.9,3.33,10,Eng,73,47,73,47,0.643835616,3.7
b9_eop3_longestoverlap_ISI_7_test,b9,p3,Eng,single,7,4,0.9,4.44,10,Eng,73,47,73,47,0.643835616,3.7
b9_eop3_longestoverlap_ISI_8_test,b9,p3,Eng,single,8,10,2.4,4.17,10,Eng,73,47,73,47,0.643835616,3.7
b9_eop3_longestoverlap_ISI_9_test,b9,p3,Eng,single,9,9,2.32,3.88,10,Eng,73,47,73,47,0.643835616,3.7
b9_eop3_longestoverlap_ISI_10_test,b9,p3,Eng,single,10,8,2,4,10,Eng,73,47,73,47,0.643835616,3.7
b9_edp4_longestoverlap_ISI_0_test,b9,p4,Eng,mixed,0,3,0.64,4.69,10,Eng,73,47,73,47,0.643835616,3.7
b9_edp4_longestoverlap_ISI_1_test,b9,p4,Eng,mixed,1,3,0.9,3.33,10,Eng,73,47,73,47,0.643835616,3.7
b9_edp4_longestoverlap_ISI_2_test,b9,p4,Eng,mixed,2,4,1.2,3.33,10,Eng,73,47,73,47,0.643835616,3.7
b9_edp4_longestoverlap_ISI_3_test,b9,p4,Eng,mixed,3,12,2.86,4.19,10,Eng,73,47,73,47,0.643835616,3.7
b9_edp4_longestoverlap_ISI_4_test,b9,p4,Eng,mixed,4,13,2.82,4.61,10,Eng,73,47,73,47,0.643835616,3.7
b9_edp4_longestoverlap_ISI_5_test,b9,p4,Eng,mixed,5,6,1.64,3.66,10,Eng,73,47,73,47,0.643835616,3.7
b9_edp4_longestoverlap_ISI_6_test,b9,p4,Eng,mixed,6,12,2.76,4.35,10,Eng,73,47,73,47,0.643835616,3.7
b9_edp4_longestoverlap_ISI_7_test,b9,p4,Eng,mixed,7,8,1.76,4.54,10,Eng,73,47,73,47,0.643835616,3.7
b9_edp4_longestoverlap_ISI_8_test,b9,p4,Eng,mixed,8,5,1.44,3.47,10,Eng,73,47,73,47,0.643835616,3.7
b9_edp4_longestoverlap_ISI_9_test,b9,p4,Eng,mixed,9,6,1.2,5,10,Eng,73,47,73,47,0.643835616,3.7
b9_edp4_longestoverlap_ISI_10_test,b9,p4,Eng,mixed,10,4,1.38,2.9,10,Eng,73,47,73,47,0.643835616,3.7
b9_eop4_longestoverlap_ISI_0_test,b9,p4,Eng,single,0,2,0.74,2.7,10,Eng,73,47,73,47,0.643835616,3.7
b9_eop4_longestoverlap_ISI_1_test,b9,p4,Eng,single,1,2,0.84,2.38,10,Eng,73,47,73,47,0.643835616,3.7
b9_eop4_longestoverlap_ISI_2_test,b9,p4,Eng,single,2,4,1.18,3.39,10,Eng,73,47,73,47,0.643835616,3.7
b9_eop4_longestoverlap_ISI_3_test,b9,p4,Eng,single,3,9,2.5,3.6,10,Eng,73,47,73,47,0.643835616,3.7
b9_eop4_longestoverlap_ISI_4_test,b9,p4,Eng,single,4,13,2.76,4.71,10,Eng,73,47,73,47,0.643835616,3.7
b9_eop4_longestoverlap_ISI_5_test,b9,p4,Eng,single,5,6,1.74,3.45,10,Eng,73,47,73,47,0.643835616,3.7
b9_eop4_longestoverlap_ISI_6_test,b9,p4,Eng,single,6,10,2.58,3.88,10,Eng,73,47,73,47,0.643835616,3.7
b9_eop4_longestoverlap_ISI_7_test,b9,p4,Eng,single,7,7,1.92,3.65,10,Eng,73,47,73,47,0.643835616,3.7
b9_eop4_longestoverlap_ISI_8_test,b9,p4,Eng,single,8,5,1.52,3.29,10,Eng,73,47,73,47,0.643835616,3.7
b9_eop4_longestoverlap_ISI_9_test,b9,p4,Eng,single,9,3,1.16,2.59,10,Eng,73,47,73,47,0.643835616,3.7
b9_eop4_longestoverlap_ISI_10_test,b9,p4,Eng,single,10,3,0.64,4.69,10,Eng,73,47,73,47,0.643835616,3.7
b1_sdp1_longestoverlap_ISI_0_test,b1,p1,Span,mixed,0,13,3.98,3.27,2,Eng,60,41,60,41,0.683333333,6
b1_sdp1_longestoverlap_ISI_1_test,b1,p1,Span,mixed,1,6,1.96,3.06,2,Eng,60,41,60,41,0.683333333,6
b1_sdp1_longestoverlap_ISI_2_test,b1,p1,Span,mixed,2,11,3.4,3.23,2,Eng,60,41,60,41,0.683333333,6
b1_sdp1_longestoverlap_ISI_3_test,b1,p1,Span,mixed,3,8,1.8,4.44,2,Eng,60,41,60,41,0.683333333,6
b1_sdp1_longestoverlap_ISI_4_test,b1,p1,Span,mixed,4,6,1.68,3.57,2,Eng,60,41,60,41,0.683333333,6
b1_sdp1_longestoverlap_ISI_5_test,b1,p1,Span,mixed,5,9,2.6,3.46,2,Eng,60,41,60,41,0.683333333,6
b1_sdp1_longestoverlap_ISI_6_test,b1,p1,Span,mixed,6,4,1.78,2.25,2,Eng,60,41,60,41,0.683333333,6
b1_sdp1_longestoverlap_ISI_7_test,b1,p1,Span,mixed,7,2,0.72,2.78,2,Eng,60,41,60,41,0.683333333,6
b1_sdp1_longestoverlap_ISI_8_test,b1,p1,Span,mixed,8,7,2.7,2.59,2,Eng,60,41,60,41,0.683333333,6
b1_sdp1_longestoverlap_ISI_9_test,b1,p1,Span,mixed,9,7,1.72,4.07,2,Eng,60,41,60,41,0.683333333,6
b1_sdp1_longestoverlap_ISI_10_test,b1,p1,Span,mixed,10,3,1.28,2.34,2,Eng,60,41,60,41,0.683333333,6
b1_sop1_longestoverlap_ISI_0_test,b1,p1,Span,single,0,11,3.56,3.09,2,Eng,60,41,60,41,0.683333333,6
b1_sop1_longestoverlap_ISI_1_test,b1,p1,Span,single,1,9,2.1,4.29,2,Eng,60,41,60,41,0.683333333,6
b1_sop1_longestoverlap_ISI_2_test,b1,p1,Span,single,2,14,3.52,3.98,2,Eng,60,41,60,41,0.683333333,6
b1_sop1_longestoverlap_ISI_3_test,b1,p1,Span,single,3,6,1.74,3.45,2,Eng,60,41,60,41,0.683333333,6
b1_sop1_longestoverlap_ISI_4_test,b1,p1,Span,single,4,6,1.5,4,2,Eng,60,41,60,41,0.683333333,6
b1_sop1_longestoverlap_ISI_5_test,b1,p1,Span,single,5,9,2.52,3.57,2,Eng,60,41,60,41,0.683333333,6
b1_sop1_longestoverlap_ISI_6_test,b1,p1,Span,single,6,4,1.86,2.15,2,Eng,60,41,60,41,0.683333333,6
b1_sop1_longestoverlap_ISI_7_test,b1,p1,Span,single,7,2,0.72,2.78,2,Eng,60,41,60,41,0.683333333,6
b1_sop1_longestoverlap_ISI_8_test,b1,p1,Span,single,8,10,2.92,3.42,2,Eng,60,41,60,41,0.683333333,6
b1_sop1_longestoverlap_ISI_9_test,b1,p1,Span,single,9,5,1.56,3.2,2,Eng,60,41,60,41,0.683333333,6
b1_sop1_longestoverlap_ISI_10_test,b1,p1,Span,single,10,3,1.24,2.42,2,Eng,60,41,60,41,0.683333333,6
b1_sdp2_longestoverlap_ISI_0_test,b1,p2,Span,mixed,0,11,3.1,3.55,2,Eng,60,41,60,41,0.683333333,6
b1_sdp2_longestoverlap_ISI_1_test,b1,p2,Span,mixed,1,5,1.14,4.39,2,Eng,60,41,60,41,0.683333333,6
b1_sdp2_longestoverlap_ISI_2_test,b1,p2,Span,mixed,2,5,1.42,3.52,2,Eng,60,41,60,41,0.683333333,6
b1_sdp2_longestoverlap_ISI_3_test,b1,p2,Span,mixed,3,3,0.94,3.19,2,Eng,60,41,60,41,0.683333333,6
b1_sdp2_longestoverlap_ISI_4_test,b1,p2,Span,mixed,4,11,3,3.67,2,Eng,60,41,60,41,0.683333333,6
b1_sdp2_longestoverlap_ISI_5_test,b1,p2,Span,mixed,5,14,3.6,3.89,2,Eng,60,41,60,41,0.683333333,6
b1_sdp2_longestoverlap_ISI_6_test,b1,p2,Span,mixed,6,4,1.72,2.33,2,Eng,60,41,60,41,0.683333333,6
b1_sdp2_longestoverlap_ISI_7_test,b1,p2,Span,mixed,7,7,2.1,3.33,2,Eng,60,41,60,41,0.683333333,6
b1_sdp2_longestoverlap_ISI_8_test,b1,p2,Span,mixed,8,2,0.82,2.44,2,Eng,60,41,60,41,0.683333333,6
b1_sdp2_longestoverlap_ISI_9_test,b1,p2,Span,mixed,9,5,1.46,3.42,2,Eng,60,41,60,41,0.683333333,6
b1_sdp2_longestoverlap_ISI_10_test,b1,p2,Span,mixed,10,5,1.7,2.94,2,Eng,60,41,60,41,0.683333333,6
b1_sop2_longestoverlap_ISI_0_test,b1,p2,Span,single,0,12,3.08,3.9,2,Eng,60,41,60,41,0.683333333,6
b1_sop2_longestoverlap_ISI_1_test,b1,p2,Span,single,1,5,1.06,4.72,2,Eng,60,41,60,41,0.683333333,6
b1_sop2_longestoverlap_ISI_2_test,b1,p2,Span,single,2,8,2.32,3.45,2,Eng,60,41,60,41,0.683333333,6
b1_sop2_longestoverlap_ISI_3_test,b1,p2,Span,single,3,4,1.02,3.92,2,Eng,60,41,60,41,0.683333333,6
b1_sop2_longestoverlap_ISI_4_test,b1,p2,Span,single,4,9,2.9,3.1,2,Eng,60,41,60,41,0.683333333,6
b1_sop2_longestoverlap_ISI_5_test,b1,p2,Span,single,5,14,3.54,3.95,2,Eng,60,41,60,41,0.683333333,6
b1_sop2_longestoverlap_ISI_6_test,b1,p2,Span,single,6,6,1.7,3.53,2,Eng,60,41,60,41,0.683333333,6
b1_sop2_longestoverlap_ISI_7_test,b1,p2,Span,single,7,7,2.02,3.46,2,Eng,60,41,60,41,0.683333333,6
b1_sop2_longestoverlap_ISI_8_test,b1,p2,Span,single,8,2,0.82,2.44,2,Eng,60,41,60,41,0.683333333,6
b1_sop2_longestoverlap_ISI_9_test,b1,p2,Span,single,9,6,1.58,3.8,2,Eng,60,41,60,41,0.683333333,6
b1_sop2_longestoverlap_ISI_10_test,b1,p2,Span,single,10,7,1.62,4.32,2,Eng,60,41,60,41,0.683333333,6
b10r_sdp1_longestoverlap_ISI_0_test,b10r,p1,Span,mixed,0,13,3.52,3.69,11,Eng,64,51,64,51,0.796875,5
b10r_sdp1_longestoverlap_ISI_1_test,b10r,p1,Span,mixed,1,15,3.16,4.75,11,Eng,64,51,64,51,0.796875,5
b10r_sdp1_longestoverlap_ISI_2_test,b10r,p1,Span,mixed,2,21,4.04,5.2,11,Eng,64,51,64,51,0.796875,5
b10r_sdp1_longestoverlap_ISI_3_test,b10r,p1,Span,mixed,3,9,1.74,5.17,11,Eng,64,51,64,51,0.796875,5
b10r_sdp1_longestoverlap_ISI_4_test,b10r,p1,Span,mixed,4,7,1.54,4.54,11,Eng,64,51,64,51,0.796875,5
b10r_sdp1_longestoverlap_ISI_5_test,b10r,p1,Span,mixed,5,16,3.8,4.21,11,Eng,64,51,64,51,0.796875,5
b10r_sdp1_longestoverlap_ISI_6_test,b10r,p1,Span,mixed,6,7,1.86,3.76,11,Eng,64,51,64,51,0.796875,5
b10r_sdp1_longestoverlap_ISI_7_test,b10r,p1,Span,mixed,7,4,1.34,2.98,11,Eng,64,51,64,51,0.796875,5
b10r_sdp1_longestoverlap_ISI_8_test,b10r,p1,Span,mixed,8,13,2.6,5,11,Eng,64,51,64,51,0.796875,5
b10r_sdp1_longestoverlap_ISI_9_test,b10r,p1,Span,mixed,9,7,1.84,3.8,11,Eng,64,51,64,51,0.796875,5
b10r_sdp1_longestoverlap_ISI_10_test,b10r,p1,Span,mixed,10,7,2.2,3.18,11,Eng,64,51,64,51,0.796875,5
b10r_sop1_longestoverlap_ISI_0_test,b10r,p1,Span,single,0,11,3.3,3.33,11,Eng,64,51,64,51,0.796875,5
b10r_sop1_longestoverlap_ISI_1_test,b10r,p1,Span,single,1,15,2.88,5.21,11,Eng,64,51,64,51,0.796875,5
b10r_sop1_longestoverlap_ISI_2_test,b10r,p1,Span,single,2,19,3.84,4.95,11,Eng,64,51,64,51,0.796875,5
b10r_sop1_longestoverlap_ISI_3_test,b10r,p1,Span,single,3,8,1.68,4.76,11,Eng,64,51,64,51,0.796875,5
b10r_sop1_longestoverlap_ISI_4_test,b10r,p1,Span,single,4,7,1.54,4.54,11,Eng,64,51,64,51,0.796875,5
b10r_sop1_longestoverlap_ISI_5_test,b10r,p1,Span,single,5,11,2.88,3.82,11,Eng,64,51,64,51,0.796875,5
b10r_sop1_longestoverlap_ISI_6_test,b10r,p1,Span,single,6,6,1.8,3.33,11,Eng,64,51,64,51,0.796875,5
b10r_sop1_longestoverlap_ISI_7_test,b10r,p1,Span,single,7,5,1.4,3.57,11,Eng,64,51,64,51,0.796875,5
b10r_sop1_longestoverlap_ISI_8_test,b10r,p1,Span,single,8,13,2.68,4.85,11,Eng,64,51,64,51,0.796875,5
b10r_sop1_longestoverlap_ISI_9_test,b10r,p1,Span,single,9,8,2.38,3.36,11,Eng,64,51,64,51,0.796875,5
b10r_sop1_longestoverlap_ISI_10_test,b10r,p1,Span,single,10,6,1.96,3.06,11,Eng,64,51,64,51,0.796875,5
b10r_sdp2_longestoverlap_ISI_0_test,b10r,p2,Span,mixed,0,13,3.1,4.19,11,Eng,64,51,64,51,0.796875,5
b10r_sdp2_longestoverlap_ISI_1_test,b10r,p2,Span,mixed,1,16,3.98,4.02,11,Eng,64,51,64,51,0.796875,5
b10r_sdp2_longestoverlap_ISI_2_test,b10r,p2,Span,mixed,2,4,1.18,3.39,11,Eng,64,51,64,51,0.796875,5
b10r_sdp2_longestoverlap_ISI_3_test,b10r,p2,Span,mixed,3,3,0.96,3.12,11,Eng,64,51,64,51,0.796875,5
b10r_sdp2_longestoverlap_ISI_4_test,b10r,p2,Span,mixed,4,8,2.24,3.57,11,Eng,64,51,64,51,0.796875,5
b10r_sdp2_longestoverlap_ISI_5_test,b10r,p2,Span,mixed,5,20,3.88,5.15,11,Eng,64,51,64,51,0.796875,5
b10r_sdp2_longestoverlap_ISI_6_test,b10r,p2,Span,mixed,6,19,4.48,4.24,11,Eng,64,51,64,51,0.796875,5
b10r_sdp2_longestoverlap_ISI_7_test,b10r,p2,Span,mixed,7,12,2.92,4.11,11,Eng,64,51,64,51,0.796875,5
b10r_sdp2_longestoverlap_ISI_8_test,b10r,p2,Span,mixed,8,3,1.12,2.68,11,Eng,64,51,64,51,0.796875,5
b10r_sdp2_longestoverlap_ISI_9_test,b10r,p2,Span,mixed,9,12,2.84,4.22,11,Eng,64,51,64,51,0.796875,5
b10r_sdp2_longestoverlap_ISI_10_test,b10r,p2,Span,mixed,10,17,4.32,3.93,11,Eng,64,51,64,51,0.796875,5
b10r_sop2_longestoverlap_ISI_0_test,b10r,p2,Span,single,0,11,2.68,4.1,11,Eng,64,51,64,51,0.796875,5
b10r_sop2_longestoverlap_ISI_1_test,b10r,p2,Span,single,1,19,3.84,4.95,11,Eng,64,51,64,51,0.796875,5
b10r_sop2_longestoverlap_ISI_2_test,b10r,p2,Span,single,2,2,0.66,3.03,11,Eng,64,51,64,51,0.796875,5
b10r_sop2_longestoverlap_ISI_3_test,b10r,p2,Span,single,3,3,0.92,3.26,11,Eng,64,51,64,51,0.796875,5
b10r_sop2_longestoverlap_ISI_4_test,b10r,p2,Span,single,4,7,1.88,3.72,11,Eng,64,51,64,51,0.796875,5
b10r_sop2_longestoverlap_ISI_5_test,b10r,p2,Span,single,5,19,3.76,5.05,11,Eng,64,51,64,51,0.796875,5
b10r_sop2_longestoverlap_ISI_6_test,b10r,p2,Span,single,6,17,4,4.25,11,Eng,64,51,64,51,0.796875,5
b10r_sop2_longestoverlap_ISI_7_test,b10r,p2,Span,single,7,11,2.84,3.87,11,Eng,64,51,64,51,0.796875,5
b10r_sop2_longestoverlap_ISI_8_test,b10r,p2,Span,single,8,2,0.94,2.13,11,Eng,64,51,64,51,0.796875,5
b10r_sop2_longestoverlap_ISI_9_test,b10r,p2,Span,single,9,11,2.56,4.3,11,Eng,64,51,64,51,0.796875,5
b10r_sop2_longestoverlap_ISI_10_test,b10r,p2,Span,single,10,18,4.38,4.11,11,Eng,64,51,64,51,0.796875,5
b11rr_sdp1_longestoverlap_ISI_0_test,b11rr,p1,Span,mixed,0,9,2.46,3.66,12,Eng,64,44,64,44,0.6875,6
b11rr_sdp1_longestoverlap_ISI_1_test,b11rr,p1,Span,mixed,1,9,2.38,3.78,12,Eng,64,44,64,44,0.6875,6
b11rr_sdp1_longestoverlap_ISI_2_test,b11rr,p1,Span,mixed,2,4,1.32,3.03,12,Eng,64,44,64,44,0.6875,6
b11rr_sdp1_longestoverlap_ISI_3_test,b11rr,p1,Span,mixed,3,8,2.48,3.23,12,Eng,64,44,64,44,0.6875,6
b11rr_sdp1_longestoverlap_ISI_4_test,b11rr,p1,Span,mixed,4,9,1.96,4.59,12,Eng,64,44,64,44,0.6875,6
b11rr_sdp1_longestoverlap_ISI_5_test,b11rr,p1,Span,mixed,5,8,2.1,3.81,12,Eng,64,44,64,44,0.6875,6
b11rr_sdp1_longestoverlap_ISI_6_test,b11rr,p1,Span,mixed,6,5,2.04,2.45,12,Eng,64,44,64,44,0.6875,6
b11rr_sdp1_longestoverlap_ISI_8_test,b11rr,p1,Span,mixed,8,8,2.12,3.77,12,Eng,64,44,64,44,0.6875,6
b11rr_sdp1_longestoverlap_ISI_9_test,b11rr,p1,Span,mixed,9,3,1.28,2.34,12,Eng,64,44,64,44,0.6875,6
b11rr_sdp1_longestoverlap_ISI_10_test,b11rr,p1,Span,mixed,10,7,3.34,2.1,12,Eng,64,44,64,44,0.6875,6
b11rr_sop1_longestoverlap_ISI_0_test,b11rr,p1,Span,single,0,7,2.08,3.36,12,Eng,64,44,64,44,0.6875,6
b11rr_sop1_longestoverlap_ISI_1_test,b11rr,p1,Span,single,1,9,2.04,4.41,12,Eng,64,44,64,44,0.6875,6
b11rr_sop1_longestoverlap_ISI_2_test,b11rr,p1,Span,single,2,4,1.2,3.33,12,Eng,64,44,64,44,0.6875,6
b11rr_sop1_longestoverlap_ISI_3_test,b11rr,p1,Span,single,3,10,2.34,4.27,12,Eng,64,44,64,44,0.6875,6
b11rr_sop1_longestoverlap_ISI_4_test,b11rr,p1,Span,single,4,8,1.56,5.13,12,Eng,64,44,64,44,0.6875,6
b11rr_sop1_longestoverlap_ISI_5_test,b11rr,p1,Span,single,5,8,1.88,4.25,12,Eng,64,44,64,44,0.6875,6
b11rr_sop1_longestoverlap_ISI_6_test,b11rr,p1,Span,single,6,6,2.12,2.83,12,Eng,64,44,64,44,0.6875,6
b11rr_sop1_longestoverlap_ISI_8_test,b11rr,p1,Span,single,8,8,1.98,4.04,12,Eng,64,44,64,44,0.6875,6
b11rr_sop1_longestoverlap_ISI_9_test,b11rr,p1,Span,single,9,5,1.1,4.54,12,Eng,64,44,64,44,0.6875,6
b11rr_sop1_longestoverlap_ISI_10_test,b11rr,p1,Span,single,10,11,2.76,3.98,12,Eng,64,44,64,44,0.6875,6
b11rr_sdp2_longestoverlap_ISI_0_test,b11rr,p2,Span,mixed,0,14,3.66,3.82,12,Eng,64,44,64,44,0.6875,6
b11rr_sdp2_longestoverlap_ISI_1_test,b11rr,p2,Span,mixed,1,5,2.32,2.15,12,Eng,64,44,64,44,0.6875,6
b11rr_sdp2_longestoverlap_ISI_2_test,b11rr,p2,Span,mixed,2,6,1.4,4.29,12,Eng,64,44,64,44,0.6875,6
b11rr_sdp2_longestoverlap_ISI_3_test,b11rr,p2,Span,mixed,3,4,1.08,3.7,12,Eng,64,44,64,44,0.6875,6
b11rr_sdp2_longestoverlap_ISI_5_test,b11rr,p2,Span,mixed,5,11,2.68,4.1,12,Eng,64,44,64,44,0.6875,6
b11rr_sdp2_longestoverlap_ISI_6_test,b11rr,p2,Span,mixed,6,3,0.94,3.19,12,Eng,64,44,64,44,0.6875,6
b11rr_sdp2_longestoverlap_ISI_7_test,b11rr,p2,Span,mixed,7,9,2.92,3.08,12,Eng,64,44,64,44,0.6875,6
b11rr_sdp2_longestoverlap_ISI_9_test,b11rr,p2,Span,mixed,9,3,1.02,2.94,12,Eng,64,44,64,44,0.6875,6
b11rr_sdp2_longestoverlap_ISI_10_test,b11rr,p2,Span,mixed,10,5,1.28,3.91,12,Eng,64,44,64,44,0.6875,6
b11rr_sop2_longestoverlap_ISI_0_test,b11rr,p2,Span,single,0,16,3.7,4.32,12,Eng,64,44,64,44,0.6875,6
b11rr_sop2_longestoverlap_ISI_1_test,b11rr,p2,Span,single,1,5,1.94,2.58,12,Eng,64,44,64,44,0.6875,6
b11rr_sop2_longestoverlap_ISI_2_test,b11rr,p2,Span,single,2,5,1.12,4.46,12,Eng,64,44,64,44,0.6875,6
b11rr_sop2_longestoverlap_ISI_3_test,b11rr,p2,Span,single,3,4,0.98,4.08,12,Eng,64,44,64,44,0.6875,6
b11rr_sop2_longestoverlap_ISI_5_test,b11rr,p2,Span,single,5,9,2.54,3.54,12,Eng,64,44,64,44,0.6875,6
b11rr_sop2_longestoverlap_ISI_6_test,b11rr,p2,Span,single,6,2,0.7,2.86,12,Eng,64,44,64,44,0.6875,6
b11rr_sop2_longestoverlap_ISI_7_test,b11rr,p2,Span,single,7,9,2.86,3.15,12,Eng,64,44,64,44,0.6875,6
b11rr_sop2_longestoverlap_ISI_9_test,b11rr,p2,Span,single,9,4,1.12,3.57,12,Eng,64,44,64,44,0.6875,6
b11rr_sop2_longestoverlap_ISI_10_test,b11rr,p2,Span,single,10,3,1.24,2.42,12,Eng,64,44,64,44,0.6875,6
b12_sdp1_longestoverlap_ISI_0_test,b12,p1,Span,mixed,0,7,1.76,3.98,13,Eng,77,48,77,48,0.623376623,3
b12_sdp1_longestoverlap_ISI_1_test,b12,p1,Span,mixed,1,6,2.08,2.88,13,Eng,77,48,77,48,0.623376623,3
b12_sdp1_longestoverlap_ISI_2_test,b12,p1,Span,mixed,2,2,0.94,2.13,13,Eng,77,48,77,48,0.623376623,3
b12_sdp1_longestoverlap_ISI_3_test,b12,p1,Span,mixed,3,9,2.02,4.46,13,Eng,77,48,77,48,0.623376623,3
b12_sdp1_longestoverlap_ISI_4_test,b12,p1,Span,mixed,4,6,1.5,4,13,Eng,77,48,77,48,0.623376623,3
b12_sdp1_longestoverlap_ISI_5_test,b12,p1,Span,mixed,5,6,1.92,3.12,13,Eng,77,48,77,48,0.623376623,3
b12_sdp1_longestoverlap_ISI_6_test,b12,p1,Span,mixed,6,4,1.12,3.57,13,Eng,77,48,77,48,0.623376623,3
b12_sdp1_longestoverlap_ISI_7_test,b12,p1,Span,mixed,7,6,1.68,3.57,13,Eng,77,48,77,48,0.623376623,3
b12_sdp1_longestoverlap_ISI_8_test,b12,p1,Span,mixed,8,12,2.84,4.22,13,Eng,77,48,77,48,0.623376623,3
b12_sdp1_longestoverlap_ISI_9_test,b12,p1,Span,mixed,9,13,3.22,4.04,13,Eng,77,48,77,48,0.623376623,3
b12_sdp1_longestoverlap_ISI_10_test,b12,p1,Span,mixed,10,4,1.66,2.41,13,Eng,77,48,77,48,0.623376623,3
b12_sop1_longestoverlap_ISI_0_test,b12,p1,Span,single,0,6,1.46,4.11,13,Eng,77,48,77,48,0.623376623,3
b12_sop1_longestoverlap_ISI_1_test,b12,p1,Span,single,1,6,2.3,2.61,13,Eng,77,48,77,48,0.623376623,3
b12_sop1_longestoverlap_ISI_2_test,b12,p1,Span,single,2,4,0.98,4.08,13,Eng,77,48,77,48,0.623376623,3
b12_sop1_longestoverlap_ISI_3_test,b12,p1,Span,single,3,9,2.1,4.28,13,Eng,77,48,77,48,0.623376623,3
b12_sop1_longestoverlap_ISI_4_test,b12,p1,Span,single,4,7,1.36,5.15,13,Eng,77,48,77,48,0.623376623,3
b12_sop1_longestoverlap_ISI_5_test,b12,p1,Span,single,5,8,1.94,4.12,13,Eng,77,48,77,48,0.623376623,3
b12_sop1_longestoverlap_ISI_6_test,b12,p1,Span,single,6,5,1.04,4.81,13,Eng,77,48,77,48,0.623376623,3
b12_sop1_longestoverlap_ISI_7_test,b12,p1,Span,single,7,7,1.68,4.17,13,Eng,77,48,77,48,0.623376623,3
b12_sop1_longestoverlap_ISI_8_test,b12,p1,Span,single,8,10,2.42,4.13,13,Eng,77,48,77,48,0.623376623,3
b12_sop1_longestoverlap_ISI_9_test,b12,p1,Span,single,9,11,2.84,3.87,13,Eng,77,48,77,48,0.623376623,3
b12_sop1_longestoverlap_ISI_10_test,b12,p1,Span,single,10,5,1.34,3.73,13,Eng,77,48,77,48,0.623376623,3
b12_sdp2_longestoverlap_ISI_0_test,b12,p2,Span,mixed,0,11,2.76,3.99,13,Eng,77,48,77,48,0.623376623,3
b12_sdp2_longestoverlap_ISI_1_test,b12,p2,Span,mixed,1,5,1.12,4.46,13,Eng,77,48,77,48,0.623376623,3
b12_sdp2_longestoverlap_ISI_2_test,b12,p2,Span,mixed,2,3,0.66,4.55,13,Eng,77,48,77,48,0.623376623,3
b12_sdp2_longestoverlap_ISI_3_test,b12,p2,Span,mixed,3,4,0.9,4.44,13,Eng,77,48,77,48,0.623376623,3
b12_sdp2_longestoverlap_ISI_4_test,b12,p2,Span,mixed,4,5,1.9,2.63,13,Eng,77,48,77,48,0.623376623,3
b12_sdp2_longestoverlap_ISI_5_test,b12,p2,Span,mixed,5,8,1.92,4.17,13,Eng,77,48,77,48,0.623376623,3
b12_sdp2_longestoverlap_ISI_6_test,b12,p2,Span,mixed,6,12,3.38,3.55,13,Eng,77,48,77,48,0.623376623,3
b12_sdp2_longestoverlap_ISI_7_test,b12,p2,Span,mixed,7,7,2.08,3.37,13,Eng,77,48,77,48,0.623376623,3
b12_sdp2_longestoverlap_ISI_8_test,b12,p2,Span,mixed,8,2,0.82,2.44,13,Eng,77,48,77,48,0.623376623,3
b12_sdp2_longestoverlap_ISI_9_test,b12,p2,Span,mixed,9,13,3.62,3.59,13,Eng,77,48,77,48,0.623376623,3
b12_sdp2_longestoverlap_ISI_10_test,b12,p2,Span,mixed,10,7,1.46,4.79,13,Eng,77,48,77,48,0.623376623,3
b12_sop2_longestoverlap_ISI_0_test,b12,p2,Span,single,0,11,2.36,4.66,13,Eng,77,48,77,48,0.623376623,3
b12_sop2_longestoverlap_ISI_1_test,b12,p2,Span,single,1,5,1.32,3.79,13,Eng,77,48,77,48,0.623376623,3
b12_sop2_longestoverlap_ISI_2_test,b12,p2,Span,single,2,2,0.58,3.45,13,Eng,77,48,77,48,0.623376623,3
b12_sop2_longestoverlap_ISI_3_test,b12,p2,Span,single,3,5,0.9,5.56,13,Eng,77,48,77,48,0.623376623,3
b12_sop2_longestoverlap_ISI_4_test,b12,p2,Span,single,4,5,1.48,3.38,13,Eng,77,48,77,48,0.623376623,3
b12_sop2_longestoverlap_ISI_5_test,b12,p2,Span,single,5,11,2.68,4.1,13,Eng,77,48,77,48,0.623376623,3
b12_sop2_longestoverlap_ISI_6_test,b12,p2,Span,single,6,13,3.04,4.28,13,Eng,77,48,77,48,0.623376623,3
b12_sop2_longestoverlap_ISI_7_test,b12,p2,Span,single,7,6,2.12,2.83,13,Eng,77,48,77,48,0.623376623,3
b12_sop2_longestoverlap_ISI_8_test,b12,p2,Span,single,8,3,0.72,4.17,13,Eng,77,48,77,48,0.623376623,3
b12_sop2_longestoverlap_ISI_9_test,b12,p2,Span,single,9,12,2.84,4.22,13,Eng,77,48,77,48,0.623376623,3
b12_sop2_longestoverlap_ISI_10_test,b12,p2,Span,single,10,6,1.76,3.41,13,Eng,77,48,77,48,0.623376623,3
b13_sdp1_longestoverlap_ISI_0_test,b13,p1,Span,mixed,0,12,3.4,3.53,14,Eng,67,51,67,51,0.76119403,0
b13_sdp1_longestoverlap_ISI_1_test,b13,p1,Span,mixed,1,4,1.44,2.78,14,Eng,67,51,67,51,0.76119403,0
b13_sdp1_longestoverlap_ISI_2_test,b13,p1,Span,mixed,2,11,3.06,3.59,14,Eng,67,51,67,51,0.76119403,0
b13_sdp1_longestoverlap_ISI_3_test,b13,p1,Span,mixed,3,7,1.74,4.02,14,Eng,67,51,67,51,0.76119403,0
b13_sdp1_longestoverlap_ISI_4_test,b13,p1,Span,mixed,4,7,1.74,4.02,14,Eng,67,51,67,51,0.76119403,0
b13_sdp1_longestoverlap_ISI_5_test,b13,p1,Span,mixed,5,5,1.32,3.79,14,Eng,67,51,67,51,0.76119403,0
b13_sdp1_longestoverlap_ISI_6_test,b13,p1,Span,mixed,6,4,1.54,2.6,14,Eng,67,51,67,51,0.76119403,0
b13_sdp1_longestoverlap_ISI_7_test,b13,p1,Span,mixed,7,6,1.64,3.66,14,Eng,67,51,67,51,0.76119403,0
b13_sdp1_longestoverlap_ISI_8_test,b13,p1,Span,mixed,8,7,1.58,4.43,14,Eng,67,51,67,51,0.76119403,0
b13_sdp1_longestoverlap_ISI_9_test,b13,p1,Span,mixed,9,5,2.12,2.36,14,Eng,67,51,67,51,0.76119403,0
b13_sdp1_longestoverlap_ISI_10_test,b13,p1,Span,mixed,10,4,2.46,1.63,14,Eng,67,51,67,51,0.76119403,0
b13_sop1_longestoverlap_ISI_0_test,b13,p1,Span,single,0,15,4.02,3.73,14,Eng,67,51,67,51,0.76119403,0
b13_sop1_longestoverlap_ISI_1_test,b13,p1,Span,single,1,2,1.24,1.61,14,Eng,67,51,67,51,0.76119403,0
b13_sop1_longestoverlap_ISI_2_test,b13,p1,Span,single,2,12,3.66,3.28,14,Eng,67,51,67,51,0.76119403,0
b13_sop1_longestoverlap_ISI_3_test,b13,p1,Span,single,3,5,1.54,3.25,14,Eng,67,51,67,51,0.76119403,0
b13_sop1_longestoverlap_ISI_4_test,b13,p1,Span,single,4,7,1.66,4.22,14,Eng,67,51,67,51,0.76119403,0
b13_sop1_longestoverlap_ISI_5_test,b13,p1,Span,single,5,13,5.08,2.56,14,Eng,67,51,67,51,0.76119403,0
b13_sop1_longestoverlap_ISI_6_test,b13,p1,Span,single,6,5,1.58,3.16,14,Eng,67,51,67,51,0.76119403,0
b13_sop1_longestoverlap_ISI_7_test,b13,p1,Span,single,7,6,1.76,3.41,14,Eng,67,51,67,51,0.76119403,0
b13_sop1_longestoverlap_ISI_8_test,b13,p1,Span,single,8,6,1.96,3.06,14,Eng,67,51,67,51,0.76119403,0
b13_sop1_longestoverlap_ISI_9_test,b13,p1,Span,single,9,8,2.1,3.81,14,Eng,67,51,67,51,0.76119403,0
b13_sop1_longestoverlap_ISI_10_test,b13,p1,Span,single,10,5,2.1,2.38,14,Eng,67,51,67,51,0.76119403,0
b13_sdp2_longestoverlap_ISI_0_test,b13,p2,Span,mixed,0,6,1.68,3.57,14,Eng,67,51,67,51,0.76119403,0
b13_sdp2_longestoverlap_ISI_1_test,b13,p2,Span,mixed,1,5,1.76,2.84,14,Eng,67,51,67,51,0.76119403,0
b13_sdp2_longestoverlap_ISI_2_test,b13,p2,Span,mixed,2,2,0.6,3.33,14,Eng,67,51,67,51,0.76119403,0
b13_sdp2_longestoverlap_ISI_3_test,b13,p2,Span,mixed,3,4,1.26,3.17,14,Eng,67,51,67,51,0.76119403,0
b13_sdp2_longestoverlap_ISI_4_test,b13,p2,Span,mixed,4,11,2.18,5.04,14,Eng,67,51,67,51,0.76119403,0
b13_sdp2_longestoverlap_ISI_5_test,b13,p2,Span,mixed,5,9,2.58,3.49,14,Eng,67,51,67,51,0.76119403,0
b13_sdp2_longestoverlap_ISI_6_test,b13,p2,Span,mixed,6,7,1.96,3.57,14,Eng,67,51,67,51,0.76119403,0
b13_sdp2_longestoverlap_ISI_7_test,b13,p2,Span,mixed,7,11,2.58,4.26,14,Eng,67,51,67,51,0.76119403,0
b13_sdp2_longestoverlap_ISI_8_test,b13,p2,Span,mixed,8,3,1.3,2.31,14,Eng,67,51,67,51,0.76119403,0
b13_sdp2_longestoverlap_ISI_9_test,b13,p2,Span,mixed,9,8,2,4,14,Eng,67,51,67,51,0.76119403,0
b13_sdp2_longestoverlap_ISI_10_test,b13,p2,Span,mixed,10,4,0.94,4.25,14,Eng,67,51,67,51,0.76119403,0
b13_sop2_longestoverlap_ISI_0_test,b13,p2,Span,single,0,5,2.56,1.95,14,Eng,67,51,67,51,0.76119403,0
b13_sop2_longestoverlap_ISI_1_test,b13,p2,Span,single,1,5,1.74,2.87,14,Eng,67,51,67,51,0.76119403,0
b13_sop2_longestoverlap_ISI_2_test,b13,p2,Span,single,2,2,0.62,3.23,14,Eng,67,51,67,51,0.76119403,0
b13_sop2_longestoverlap_ISI_3_test,b13,p2,Span,single,3,3,0.78,3.85,14,Eng,67,51,67,51,0.76119403,0
b13_sop2_longestoverlap_ISI_4_test,b13,p2,Span,single,4,9,2.22,4.05,14,Eng,67,51,67,51,0.76119403,0
b13_sop2_longestoverlap_ISI_5_test,b13,p2,Span,single,5,9,2.72,3.31,14,Eng,67,51,67,51,0.76119403,0
b13_sop2_longestoverlap_ISI_6_test,b13,p2,Span,single,6,7,2.26,3.1,14,Eng,67,51,67,51,0.76119403,0
b13_sop2_longestoverlap_ISI_7_test,b13,p2,Span,single,7,10,2.64,3.79,14,Eng,67,51,67,51,0.76119403,0
b13_sop2_longestoverlap_ISI_8_test,b13,p2,Span,single,8,3,0.98,3.06,14,Eng,67,51,67,51,0.76119403,0
b13_sop2_longestoverlap_ISI_9_test,b13,p2,Span,single,9,8,1.92,4.17,14,Eng,67,51,67,51,0.76119403,0
b13_sop2_longestoverlap_ISI_10_test,b13,p2,Span,single,10,3,1.1,2.73,14,Eng,67,51,67,51,0.76119403,0
b14r_sdp1_longestoverlap_ISI_0_test,b14r,p1,Span,mixed,0,7,2,3.5,15,Eng,67,41,67,41,0.611940299,7
b14r_sdp1_longestoverlap_ISI_1_test,b14r,p1,Span,mixed,1,6,1.96,3.06,15,Eng,67,41,67,41,0.611940299,7
b14r_sdp1_longestoverlap_ISI_2_test,b14r,p1,Span,mixed,2,4,1.28,3.12,15,Eng,67,41,67,41,0.611940299,7
b14r_sdp1_longestoverlap_ISI_3_test,b14r,p1,Span,mixed,3,8,1.72,4.65,15,Eng,67,41,67,41,0.611940299,7
b14r_sdp1_longestoverlap_ISI_4_test,b14r,p1,Span,mixed,4,7,1.7,4.12,15,Eng,67,41,67,41,0.611940299,7
b14r_sdp1_longestoverlap_ISI_5_test,b14r,p1,Span,mixed,5,10,2.7,3.7,15,Eng,67,41,67,41,0.611940299,7
b14r_sdp1_longestoverlap_ISI_6_test,b14r,p1,Span,mixed,6,10,3.38,2.96,15,Eng,67,41,67,41,0.611940299,7
b14r_sdp1_longestoverlap_ISI_7_test,b14r,p1,Span,mixed,7,3,0.64,4.69,15,Eng,67,41,67,41,0.611940299,7
b14r_sdp1_longestoverlap_ISI_9_test,b14r,p1,Span,mixed,9,6,1.7,3.53,15,Eng,67,41,67,41,0.611940299,7
b14r_sdp1_longestoverlap_ISI_10_test,b14r,p1,Span,mixed,10,3,1.04,2.88,15,Eng,67,41,67,41,0.611940299,7
b14r_sop1_longestoverlap_ISI_0_test,b14r,p1,Span,single,0,8,2.2,3.64,15,Eng,67,41,67,41,0.611940299,7
b14r_sop1_longestoverlap_ISI_1_test,b14r,p1,Span,single,1,8,2.7,2.96,15,Eng,67,41,67,41,0.611940299,7
b14r_sop1_longestoverlap_ISI_2_test,b14r,p1,Span,single,2,5,1.38,3.62,15,Eng,67,41,67,41,0.611940299,7
b14r_sop1_longestoverlap_ISI_3_test,b14r,p1,Span,single,3,8,2.32,3.45,15,Eng,67,41,67,41,0.611940299,7
b14r_sop1_longestoverlap_ISI_4_test,b14r,p1,Span,single,4,6,1.58,3.8,15,Eng,67,41,67,41,0.611940299,7
b14r_sop1_longestoverlap_ISI_5_test,b14r,p1,Span,single,5,10,2.9,3.45,15,Eng,67,41,67,41,0.611940299,7
b14r_sop1_longestoverlap_ISI_6_test,b14r,p1,Span,single,6,8,3.12,2.56,15,Eng,67,41,67,41,0.611940299,7
b14r_sop1_longestoverlap_ISI_7_test,b14r,p1,Span,single,7,3,0.74,4.05,15,Eng,67,41,67,41,0.611940299,7
b14r_sop1_longestoverlap_ISI_9_test,b14r,p1,Span,single,9,7,1.6,4.37,15,Eng,67,41,67,41,0.611940299,7
b14r_sop1_longestoverlap_ISI_10_test,b14r,p1,Span,single,10,3,1.08,2.78,15,Eng,67,41,67,41,0.611940299,7
b14r_sdp2_longestoverlap_ISI_0_test,b14r,p2,Span,mixed,0,5,2.08,2.4,15,Eng,67,41,67,41,0.611940299,7
b14r_sdp2_longestoverlap_ISI_1_test,b14r,p2,Span,mixed,1,6,1.56,3.85,15,Eng,67,41,67,41,0.611940299,7
b14r_sdp2_longestoverlap_ISI_2_test,b14r,p2,Span,mixed,2,2,0.88,2.27,15,Eng,67,41,67,41,0.611940299,7
b14r_sdp2_longestoverlap_ISI_3_test,b14r,p2,Span,mixed,3,4,0.9,4.44,15,Eng,67,41,67,41,0.611940299,7
b14r_sdp2_longestoverlap_ISI_4_test,b14r,p2,Span,mixed,4,4,1.52,2.63,15,Eng,67,41,67,41,0.611940299,7
b14r_sdp2_longestoverlap_ISI_5_test,b14r,p2,Span,mixed,5,9,2.7,3.33,15,Eng,67,41,67,41,0.611940299,7
b14r_sdp2_longestoverlap_ISI_6_test,b14r,p2,Span,mixed,6,3,1.32,2.27,15,Eng,67,41,67,41,0.611940299,7
b14r_sdp2_longestoverlap_ISI_7_test,b14r,p2,Span,mixed,7,8,2.5,3.2,15,Eng,67,41,67,41,0.611940299,7
b14r_sdp2_longestoverlap_ISI_9_test,b14r,p2,Span,mixed,9,8,2.34,3.42,15,Eng,67,41,67,41,0.611940299,7
b14r_sdp2_longestoverlap_ISI_10_test,b14r,p2,Span,mixed,10,7,2.4,2.92,15,Eng,67,41,67,41,0.611940299,7
b14r_sop2_longestoverlap_ISI_0_test,b14r,p2,Span,single,0,8,2.68,2.98,15,Eng,67,41,67,41,0.611940299,7
b14r_sop2_longestoverlap_ISI_1_test,b14r,p2,Span,single,1,5,1.74,2.87,15,Eng,67,41,67,41,0.611940299,7
b14r_sop2_longestoverlap_ISI_2_test,b14r,p2,Span,single,2,4,0.96,4.17,15,Eng,67,41,67,41,0.611940299,7
b14r_sop2_longestoverlap_ISI_3_test,b14r,p2,Span,single,3,4,1.04,3.85,15,Eng,67,41,67,41,0.611940299,7
b14r_sop2_longestoverlap_ISI_4_test,b14r,p2,Span,single,4,7,2.78,2.52,15,Eng,67,41,67,41,0.611940299,7
b14r_sop2_longestoverlap_ISI_5_test,b14r,p2,Span,single,5,9,2.38,3.78,15,Eng,67,41,67,41,0.611940299,7
b14r_sop2_longestoverlap_ISI_6_test,b14r,p2,Span,single,6,4,1.84,2.17,15,Eng,67,41,67,41,0.611940299,7
b14r_sop2_longestoverlap_ISI_7_test,b14r,p2,Span,single,7,10,2.66,3.76,15,Eng,67,41,67,41,0.611940299,7
b14r_sop2_longestoverlap_ISI_9_test,b14r,p2,Span,single,9,7,2.1,3.33,15,Eng,67,41,67,41,0.611940299,7
b14r_sop2_longestoverlap_ISI_10_test,b14r,p2,Span,single,10,5,1.4,3.57,15,Eng,67,41,67,41,0.611940299,7
b15_sdp1_longestoverlap_ISI_0_test,b15,p1,Span,mixed,0,8,1.7,4.71,16,Eng,63,37,63,37,0.587301587,5
b15_sdp1_longestoverlap_ISI_1_test,b15,p1,Span,mixed,1,6,1.38,4.35,16,Eng,63,37,63,37,0.587301587,5
b15_sdp1_longestoverlap_ISI_2_test,b15,p1,Span,mixed,2,15,2.84,5.28,16,Eng,63,37,63,37,0.587301587,5
b15_sdp1_longestoverlap_ISI_3_test,b15,p1,Span,mixed,3,7,1.72,4.07,16,Eng,63,37,63,37,0.587301587,5
b15_sdp1_longestoverlap_ISI_5_test,b15,p1,Span,mixed,5,24,5.3,4.53,16,Eng,63,37,63,37,0.587301587,5
b15_sdp1_longestoverlap_ISI_6_test,b15,p1,Span,mixed,6,4,1.24,3.23,16,Eng,63,37,63,37,0.587301587,5
b15_sdp1_longestoverlap_ISI_7_test,b15,p1,Span,mixed,7,4,1.04,3.85,16,Eng,63,37,63,37,0.587301587,5
b15_sdp1_longestoverlap_ISI_8_test,b15,p1,Span,mixed,8,13,2.96,4.39,16,Eng,63,37,63,37,0.587301587,5
b15_sdp1_longestoverlap_ISI_9_test,b15,p1,Span,mixed,9,3,1.12,2.68,16,Eng,63,37,63,37,0.587301587,5
b15_sdp1_longestoverlap_ISI_10_test,b15,p1,Span,mixed,10,8,2.32,3.45,16,Eng,63,37,63,37,0.587301587,5
b15_sop1_longestoverlap_ISI_0_test,b15,p1,Span,single,0,9,1.96,4.59,16,Eng,63,37,63,37,0.587301587,5
b15_sop1_longestoverlap_ISI_1_test,b15,p1,Span,single,1,6,1.86,3.23,16,Eng,63,37,63,37,0.587301587,5
b15_sop1_longestoverlap_ISI_2_test,b15,p1,Span,single,2,13,2.88,4.51,16,Eng,63,37,63,37,0.587301587,5
b15_sop1_longestoverlap_ISI_3_test,b15,p1,Span,single,3,8,1.68,4.76,16,Eng,63,37,63,37,0.587301587,5
b15_sop1_longestoverlap_ISI_5_test,b15,p1,Span,single,5,23,4.76,4.83,16,Eng,63,37,63,37,0.587301587,5
b15_sop1_longestoverlap_ISI_6_test,b15,p1,Span,single,6,5,1.18,4.24,16,Eng,63,37,63,37,0.587301587,5
b15_sop1_longestoverlap_ISI_7_test,b15,p1,Span,single,7,2,0.74,2.7,16,Eng,63,37,63,37,0.587301587,5
b15_sop1_longestoverlap_ISI_8_test,b15,p1,Span,single,8,11,3.02,3.64,16,Eng,63,37,63,37,0.587301587,5
b15_sop1_longestoverlap_ISI_9_test,b15,p1,Span,single,9,6,1.3,4.61,16,Eng,63,37,63,37,0.587301587,5
b15_sop1_longestoverlap_ISI_10_test,b15,p1,Span,single,10,6,1.54,3.9,16,Eng,63,37,63,37,0.587301587,5
b15_sdp2_longestoverlap_ISI_0_test,b15,p2,Span,mixed,0,10,2.6,3.85,16,Eng,63,37,63,37,0.587301587,5
b15_sdp2_longestoverlap_ISI_1_test,b15,p2,Span,mixed,1,11,2.56,4.3,16,Eng,63,37,63,37,0.587301587,5
b15_sdp2_longestoverlap_ISI_2_test,b15,p2,Span,mixed,2,3,0.76,3.95,16,Eng,63,37,63,37,0.587301587,5
b15_sdp2_longestoverlap_ISI_3_test,b15,p2,Span,mixed,3,4,1.2,3.33,16,Eng,63,37,63,37,0.587301587,5
b15_sdp2_longestoverlap_ISI_4_test,b15,p2,Span,mixed,4,3,1.18,2.54,16,Eng,63,37,63,37,0.587301587,5
b15_sdp2_longestoverlap_ISI_5_test,b15,p2,Span,mixed,5,7,1.38,5.07,16,Eng,63,37,63,37,0.587301587,5
b15_sdp2_longestoverlap_ISI_6_test,b15,p2,Span,mixed,6,11,2.74,4.01,16,Eng,63,37,63,37,0.587301587,5
b15_sdp2_longestoverlap_ISI_7_test,b15,p2,Span,mixed,7,22,5.06,4.35,16,Eng,63,37,63,37,0.587301587,5
b15_sdp2_longestoverlap_ISI_8_test,b15,p2,Span,mixed,8,3,0.9,3.33,16,Eng,63,37,63,37,0.587301587,5
b15_sdp2_longestoverlap_ISI_9_test,b15,p2,Span,mixed,9,12,3.58,3.35,16,Eng,63,37,63,37,0.587301587,5
b15_sdp2_longestoverlap_ISI_10_test,b15,p2,Span,mixed,10,7,1.54,4.55,16,Eng,63,37,63,37,0.587301587,5
b15_sop2_longestoverlap_ISI_0_test,b15,p2,Span,single,0,11,3.32,3.31,16,Eng,63,37,63,37,0.587301587,5
b15_sop2_longestoverlap_ISI_1_test,b15,p2,Span,single,1,10,2.48,4.03,16,Eng,63,37,63,37,0.587301587,5
b15_sop2_longestoverlap_ISI_2_test,b15,p2,Span,single,2,2,0.7,2.86,16,Eng,63,37,63,37,0.587301587,5
b15_sop2_longestoverlap_ISI_3_test,b15,p2,Span,single,3,4,1.36,2.94,16,Eng,63,37,63,37,0.587301587,5
b15_sop2_longestoverlap_ISI_4_test,b15,p2,Span,single,4,3,0.82,3.66,16,Eng,63,37,63,37,0.587301587,5
b15_sop2_longestoverlap_ISI_5_test,b15,p2,Span,single,5,7,1.52,4.6,16,Eng,63,37,63,37,0.587301587,5
b15_sop2_longestoverlap_ISI_6_test,b15,p2,Span,single,6,12,3.04,3.95,16,Eng,63,37,63,37,0.587301587,5
b15_sop2_longestoverlap_ISI_7_test,b15,p2,Span,single,7,18,4.54,3.96,16,Eng,63,37,63,37,0.587301587,5
b15_sop2_longestoverlap_ISI_8_test,b15,p2,Span,single,8,5,1.22,4.1,16,Eng,63,37,63,37,0.587301587,5
b15_sop2_longestoverlap_ISI_9_test,b15,p2,Span,single,9,15,3.28,4.57,16,Eng,63,37,63,37,0.587301587,5
b15_sop2_longestoverlap_ISI_10_test,b15,p2,Span,single,10,7,1.66,4.22,16,Eng,63,37,63,37,0.587301587,5
b16rrr_sdp1_longestoverlap_ISI_0_test,b16rrr,p1,Span,mixed,0,4,1.24,3.23,17,Eng,67,40,67,40,0.597014925,4
b16rrr_sdp1_longestoverlap_ISI_1_test,b16rrr,p1,Span,mixed,1,3,1.4,2.14,17,Eng,67,40,67,40,0.597014925,4
b16rrr_sdp1_longestoverlap_ISI_2_test,b16rrr,p1,Span,mixed,2,7,1.64,4.27,17,Eng,67,40,67,40,0.597014925,4
b16rrr_sdp1_longestoverlap_ISI_3_test,b16rrr,p1,Span,mixed,3,13,3.1,4.19,17,Eng,67,40,67,40,0.597014925,4
b16rrr_sdp1_longestoverlap_ISI_4_test,b16rrr,p1,Span,mixed,4,7,1.7,4.12,17,Eng,67,40,67,40,0.597014925,4
b16rrr_sdp1_longestoverlap_ISI_5_test,b16rrr,p1,Span,mixed,5,7,2.74,2.55,17,Eng,67,40,67,40,0.597014925,4
b16rrr_sdp1_longestoverlap_ISI_6_test,b16rrr,p1,Span,mixed,6,7,2.52,2.78,17,Eng,67,40,67,40,0.597014925,4
b16rrr_sdp1_longestoverlap_ISI_8_test,b16rrr,p1,Span,mixed,8,12,3.74,3.21,17,Eng,67,40,67,40,0.597014925,4
b16rrr_sdp1_longestoverlap_ISI_9_test,b16rrr,p1,Span,mixed,9,4,1.22,3.28,17,Eng,67,40,67,40,0.597014925,4
b16rrr_sop1_longestoverlap_ISI_0_test,b16rrr,p1,Span,single,0,4,1.14,3.51,17,Eng,67,40,67,40,0.597014925,4
b16rrr_sop1_longestoverlap_ISI_1_test,b16rrr,p1,Span,single,1,5,1.46,3.42,17,Eng,67,40,67,40,0.597014925,4
b16rrr_sop1_longestoverlap_ISI_2_test,b16rrr,p1,Span,single,2,5,1.96,2.55,17,Eng,67,40,67,40,0.597014925,4
b16rrr_sop1_longestoverlap_ISI_3_test,b16rrr,p1,Span,single,3,10,4.08,2.45,17,Eng,67,40,67,40,0.597014925,4
b16rrr_sop1_longestoverlap_ISI_4_test,b16rrr,p1,Span,single,4,5,2.24,2.23,17,Eng,67,40,67,40,0.597014925,4
b16rrr_sop1_longestoverlap_ISI_5_test,b16rrr,p1,Span,single,5,10,3.42,2.92,17,Eng,67,40,67,40,0.597014925,4
b16rrr_sop1_longestoverlap_ISI_6_test,b16rrr,p1,Span,single,6,11,3.12,3.53,17,Eng,67,40,67,40,0.597014925,4
b16rrr_sop1_longestoverlap_ISI_8_test,b16rrr,p1,Span,single,8,14,3.42,4.09,17,Eng,67,40,67,40,0.597014925,4
b16rrr_sop1_longestoverlap_ISI_9_test,b16rrr,p1,Span,single,9,4,1,4,17,Eng,67,40,67,40,0.597014925,4
b16rrr_sdp2_longestoverlap_ISI_0_test,b16rrr,p2,Span,mixed,0,12,3.26,3.68,17,Eng,67,40,67,40,0.597014925,4
b16rrr_sdp2_longestoverlap_ISI_1_test,b16rrr,p2,Span,mixed,1,7,2.46,2.84,17,Eng,67,40,67,40,0.597014925,4
b16rrr_sdp2_longestoverlap_ISI_4_test,b16rrr,p2,Span,mixed,4,7,1.96,3.57,17,Eng,67,40,67,40,0.597014925,4
b16rrr_sdp2_longestoverlap_ISI_5_test,b16rrr,p2,Span,mixed,5,9,2.52,3.57,17,Eng,67,40,67,40,0.597014925,4
b16rrr_sdp2_longestoverlap_ISI_6_test,b16rrr,p2,Span,mixed,6,9,1.72,5.23,17,Eng,67,40,67,40,0.597014925,4
b16rrr_sdp2_longestoverlap_ISI_7_test,b16rrr,p2,Span,mixed,7,5,2.08,2.4,17,Eng,67,40,67,40,0.597014925,4
b16rrr_sdp2_longestoverlap_ISI_9_test,b16rrr,p2,Span,mixed,9,10,2.46,4.06,17,Eng,67,40,67,40,0.597014925,4
b16rrr_sdp2_longestoverlap_ISI_10_test,b16rrr,p2,Span,mixed,10,4,0.92,4.35,17,Eng,67,40,67,40,0.597014925,4
b16rrr_sop2_longestoverlap_ISI_0_test,b16rrr,p2,Span,single,0,11,3.02,3.64,17,Eng,67,40,67,40,0.597014925,4
b16rrr_sop2_longestoverlap_ISI_1_test,b16rrr,p2,Span,single,1,10,2.98,3.36,17,Eng,67,40,67,40,0.597014925,4
b16rrr_sop2_longestoverlap_ISI_4_test,b16rrr,p2,Span,single,4,7,2.48,2.82,17,Eng,67,40,67,40,0.597014925,4
b16rrr_sop2_longestoverlap_ISI_5_test,b16rrr,p2,Span,single,5,7,2.24,3.12,17,Eng,67,40,67,40,0.597014925,4
b16rrr_sop2_longestoverlap_ISI_6_test,b16rrr,p2,Span,single,6,8,2,4,17,Eng,67,40,67,40,0.597014925,4
b16rrr_sop2_longestoverlap_ISI_7_test,b16rrr,p2,Span,single,7,8,2.24,3.57,17,Eng,67,40,67,40,0.597014925,4
b16rrr_sop2_longestoverlap_ISI_9_test,b16rrr,p2,Span,single,9,8,2.9,2.76,17,Eng,67,40,67,40,0.597014925,4
b16rrr_sop2_longestoverlap_ISI_10_test,b16rrr,p2,Span,single,10,5,1.28,3.91,17,Eng,67,40,67,40,0.597014925,4
b17_sdp1_longestoverlap_ISI_0_test,b17,p1,Span,mixed,0,15,3.2,4.69,2,Eng,61,51,61,51,0.836065574,6
b17_sdp1_longestoverlap_ISI_1_test,b17,p1,Span,mixed,1,11,2.34,4.7,2,Eng,61,51,61,51,0.836065574,6
b17_sdp1_longestoverlap_ISI_2_test,b17,p1,Span,mixed,2,11,2.36,4.66,2,Eng,61,51,61,51,0.836065574,6
b17_sdp1_longestoverlap_ISI_3_test,b17,p1,Span,mixed,3,10,1.98,5.05,2,Eng,61,51,61,51,0.836065574,6
b17_sdp1_longestoverlap_ISI_4_test,b17,p1,Span,mixed,4,6,1.52,3.95,2,Eng,61,51,61,51,0.836065574,6
b17_sdp1_longestoverlap_ISI_5_test,b17,p1,Span,mixed,5,11,2.36,4.66,2,Eng,61,51,61,51,0.836065574,6
b17_sdp1_longestoverlap_ISI_6_test,b17,p1,Span,mixed,6,4,1.1,3.64,2,Eng,61,51,61,51,0.836065574,6
b17_sdp1_longestoverlap_ISI_7_test,b17,p1,Span,mixed,7,3,0.96,3.12,2,Eng,61,51,61,51,0.836065574,6
b17_sdp1_longestoverlap_ISI_8_test,b17,p1,Span,mixed,8,8,1.72,4.65,2,Eng,61,51,61,51,0.836065574,6
b17_sdp1_longestoverlap_ISI_9_test,b17,p1,Span,mixed,9,9,2.12,4.24,2,Eng,61,51,61,51,0.836065574,6
b17_sdp1_longestoverlap_ISI_10_test,b17,p1,Span,mixed,10,12,2.58,4.65,2,Eng,61,51,61,51,0.836065574,6
b17_sop1_longestoverlap_ISI_0_test,b17,p1,Span,single,0,13,3.32,3.91,2,Eng,61,51,61,51,0.836065574,6
b17_sop1_longestoverlap_ISI_1_test,b17,p1,Span,single,1,10,2.12,4.72,2,Eng,61,51,61,51,0.836065574,6
b17_sop1_longestoverlap_ISI_2_test,b17,p1,Span,single,2,8,2.04,3.92,2,Eng,61,51,61,51,0.836065574,6
b17_sop1_longestoverlap_ISI_3_test,b17,p1,Span,single,3,9,2.08,4.33,2,Eng,61,51,61,51,0.836065574,6
b17_sop1_longestoverlap_ISI_4_test,b17,p1,Span,single,4,6,1.28,4.69,2,Eng,61,51,61,51,0.836065574,6
b17_sop1_longestoverlap_ISI_5_test,b17,p1,Span,single,5,8,2.1,3.81,2,Eng,61,51,61,51,0.836065574,6
b17_sop1_longestoverlap_ISI_6_test,b17,p1,Span,single,6,4,1.16,3.45,2,Eng,61,51,61,51,0.836065574,6
b17_sop1_longestoverlap_ISI_7_test,b17,p1,Span,single,7,3,0.92,3.26,2,Eng,61,51,61,51,0.836065574,6
b17_sop1_longestoverlap_ISI_8_test,b17,p1,Span,single,8,8,1.54,5.19,2,Eng,61,51,61,51,0.836065574,6
b17_sop1_longestoverlap_ISI_9_test,b17,p1,Span,single,9,8,2.46,3.25,2,Eng,61,51,61,51,0.836065574,6
b17_sop1_longestoverlap_ISI_10_test,b17,p1,Span,single,10,10,2.56,3.91,2,Eng,61,51,61,51,0.836065574,6
b17_sdp2_longestoverlap_ISI_0_test,b17,p2,Span,mixed,0,14,3.66,3.82,2,Eng,61,51,61,51,0.836065574,6
b17_sdp2_longestoverlap_ISI_1_test,b17,p2,Span,mixed,1,4,1.06,3.77,2,Eng,61,51,61,51,0.836065574,6
b17_sdp2_longestoverlap_ISI_3_test,b17,p2,Span,mixed,3,3,0.78,3.84,2,Eng,61,51,61,51,0.836065574,6
b17_sdp2_longestoverlap_ISI_4_test,b17,p2,Span,mixed,4,12,2.98,4.03,2,Eng,61,51,61,51,0.836065574,6
b17_sdp2_longestoverlap_ISI_5_test,b17,p2,Span,mixed,5,11,2.74,4.01,2,Eng,61,51,61,51,0.836065574,6
b17_sdp2_longestoverlap_ISI_6_test,b17,p2,Span,mixed,6,10,2.08,4.81,2,Eng,61,51,61,51,0.836065574,6
b17_sdp2_longestoverlap_ISI_7_test,b17,p2,Span,mixed,7,10,2.56,3.91,2,Eng,61,51,61,51,0.836065574,6
b17_sdp2_longestoverlap_ISI_8_test,b17,p2,Span,mixed,8,4,0.9,4.44,2,Eng,61,51,61,51,0.836065574,6
b17_sdp2_longestoverlap_ISI_9_test,b17,p2,Span,mixed,9,11,2.66,4.13,2,Eng,61,51,61,51,0.836065574,6
b17_sdp2_longestoverlap_ISI_10_test,b17,p2,Span,mixed,10,6,1.46,4.11,2,Eng,61,51,61,51,0.836065574,6
b17_sop2_longestoverlap_ISI_0_test,b17,p2,Span,single,0,14,3.5,4,2,Eng,61,51,61,51,0.836065574,6
b17_sop2_longestoverlap_ISI_1_test,b17,p2,Span,single,1,5,1.36,3.68,2,Eng,61,51,61,51,0.836065574,6
b17_sop2_longestoverlap_ISI_3_test,b17,p2,Span,single,3,4,0.8,5,2,Eng,61,51,61,51,0.836065574,6
b17_sop2_longestoverlap_ISI_4_test,b17,p2,Span,single,4,13,2.36,5.51,2,Eng,61,51,61,51,0.836065574,6
b17_sop2_longestoverlap_ISI_5_test,b17,p2,Span,single,5,14,3.02,4.63,2,Eng,61,51,61,51,0.836065574,6
b17_sop2_longestoverlap_ISI_6_test,b17,p2,Span,single,6,11,1.9,5.79,2,Eng,61,51,61,51,0.836065574,6
b17_sop2_longestoverlap_ISI_7_test,b17,p2,Span,single,7,10,2.14,4.67,2,Eng,61,51,61,51,0.836065574,6
b17_sop2_longestoverlap_ISI_8_test,b17,p2,Span,single,8,3,0.74,4.05,2,Eng,61,51,61,51,0.836065574,6
b17_sop2_longestoverlap_ISI_9_test,b17,p2,Span,single,9,11,2.54,4.33,2,Eng,61,51,61,51,0.836065574,6
b17_sop2_longestoverlap_ISI_10_test,b17,p2,Span,single,10,5,1.36,3.68,2,Eng,61,51,61,51,0.836065574,6
b18_sdp1_longestoverlap_ISI_0_test,b18,p1,Span,mixed,0,11,2.74,4.01,3,Eng,63,29,63,29,0.46031746,3
b18_sdp1_longestoverlap_ISI_1_test,b18,p1,Span,mixed,1,6,1.84,3.26,3,Eng,63,29,63,29,0.46031746,3
b18_sdp1_longestoverlap_ISI_2_test,b18,p1,Span,mixed,2,15,4.64,3.23,3,Eng,63,29,63,29,0.46031746,3
b18_sdp1_longestoverlap_ISI_3_test,b18,p1,Span,mixed,3,6,1.8,3.33,3,Eng,63,29,63,29,0.46031746,3
b18_sdp1_longestoverlap_ISI_5_test,b18,p1,Span,mixed,5,9,2.4,3.75,3,Eng,63,29,63,29,0.46031746,3
b18_sdp1_longestoverlap_ISI_6_test,b18,p1,Span,mixed,6,4,1.86,2.15,3,Eng,63,29,63,29,0.46031746,3
b18_sdp1_longestoverlap_ISI_7_test,b18,p1,Span,mixed,7,6,2.44,2.46,3,Eng,63,29,63,29,0.46031746,3
b18_sdp1_longestoverlap_ISI_8_test,b18,p1,Span,mixed,8,3,0.84,3.57,3,Eng,63,29,63,29,0.46031746,3
b18_sdp1_longestoverlap_ISI_9_test,b18,p1,Span,mixed,9,3,1.26,2.38,3,Eng,63,29,63,29,0.46031746,3
b18_sop1_longestoverlap_ISI_0_test,b18,p1,Span,single,0,12,2.46,4.88,3,Eng,63,29,63,29,0.46031746,3
b18_sop1_longestoverlap_ISI_1_test,b18,p1,Span,single,1,3,1.3,2.31,3,Eng,63,29,63,29,0.46031746,3
b18_sop1_longestoverlap_ISI_2_test,b18,p1,Span,single,2,16,3.92,4.08,3,Eng,63,29,63,29,0.46031746,3
b18_sop1_longestoverlap_ISI_3_test,b18,p1,Span,single,3,9,2.06,4.37,3,Eng,63,29,63,29,0.46031746,3
b18_sop1_longestoverlap_ISI_5_test,b18,p1,Span,single,5,8,2.5,3.2,3,Eng,63,29,63,29,0.46031746,3
b18_sop1_longestoverlap_ISI_6_test,b18,p1,Span,single,6,7,2.06,3.4,3,Eng,63,29,63,29,0.46031746,3
b18_sop1_longestoverlap_ISI_7_test,b18,p1,Span,single,7,6,2.06,2.91,3,Eng,63,29,63,29,0.46031746,3
b18_sop1_longestoverlap_ISI_8_test,b18,p1,Span,single,8,5,0.96,5.21,3,Eng,63,29,63,29,0.46031746,3
b18_sop1_longestoverlap_ISI_9_test,b18,p1,Span,single,9,4,1.1,3.64,3,Eng,63,29,63,29,0.46031746,3
b18_sdp2_longestoverlap_ISI_0_test,b18,p2,Span,mixed,0,10,2.54,3.94,3,Eng,63,29,63,29,0.46031746,3
b18_sdp2_longestoverlap_ISI_1_test,b18,p2,Span,mixed,1,11,3.08,3.57,3,Eng,63,29,63,29,0.46031746,3
b18_sdp2_longestoverlap_ISI_2_test,b18,p2,Span,mixed,2,3,0.88,3.41,3,Eng,63,29,63,29,0.46031746,3
b18_sdp2_longestoverlap_ISI_3_test,b18,p2,Span,mixed,3,4,1.38,2.9,3,Eng,63,29,63,29,0.46031746,3
b18_sdp2_longestoverlap_ISI_4_test,b18,p2,Span,mixed,4,5,1.8,2.78,3,Eng,63,29,63,29,0.46031746,3
b18_sdp2_longestoverlap_ISI_5_test,b18,p2,Span,mixed,5,12,3.04,3.95,3,Eng,63,29,63,29,0.46031746,3
b18_sdp2_longestoverlap_ISI_6_test,b18,p2,Span,mixed,6,2,1.18,1.69,3,Eng,63,29,63,29,0.46031746,3
b18_sdp2_longestoverlap_ISI_7_test,b18,p2,Span,mixed,7,17,3.98,4.27,3,Eng,63,29,63,29,0.46031746,3
b18_sdp2_longestoverlap_ISI_9_test,b18,p2,Span,mixed,9,5,1.72,2.91,3,Eng,63,29,63,29,0.46031746,3
b18_sdp2_longestoverlap_ISI_10_test,b18,p2,Span,mixed,10,7,1.58,4.43,3,Eng,63,29,63,29,0.46031746,3
b18_sop2_longestoverlap_ISI_0_test,b18,p2,Span,single,0,8,2,4,3,Eng,63,29,63,29,0.46031746,3
b18_sop2_longestoverlap_ISI_1_test,b18,p2,Span,single,1,8,2.64,3.03,3,Eng,63,29,63,29,0.46031746,3
b18_sop2_longestoverlap_ISI_2_test,b18,p2,Span,single,2,2,0.8,2.5,3,Eng,63,29,63,29,0.46031746,3
b18_sop2_longestoverlap_ISI_3_test,b18,p2,Span,single,3,3,1.24,2.42,3,Eng,63,29,63,29,0.46031746,3
b18_sop2_longestoverlap_ISI_4_test,b18,p2,Span,single,4,4,1.14,3.51,3,Eng,63,29,63,29,0.46031746,3
b18_sop2_longestoverlap_ISI_5_test,b18,p2,Span,single,5,13,3.02,4.3,3,Eng,63,29,63,29,0.46031746,3
b18_sop2_longestoverlap_ISI_6_test,b18,p2,Span,single,6,2,0.62,3.23,3,Eng,63,29,63,29,0.46031746,3
b18_sop2_longestoverlap_ISI_7_test,b18,p2,Span,single,7,17,4.06,4.19,3,Eng,63,29,63,29,0.46031746,3
b18_sop2_longestoverlap_ISI_9_test,b18,p2,Span,single,9,5,1.58,3.16,3,Eng,63,29,63,29,0.46031746,3
b18_sop2_longestoverlap_ISI_10_test,b18,p2,Span,single,10,6,1.58,3.8,3,Eng,63,29,63,29,0.46031746,3
b19_sdp1_longestoverlap_ISI_0_test,b19,p1,Span,mixed,0,12,3.16,3.8,4,Eng,72,58,72,58,0.805555556,0
b19_sdp1_longestoverlap_ISI_1_test,b19,p1,Span,mixed,1,15,2.98,5.03,4,Eng,72,58,72,58,0.805555556,0
b19_sdp1_longestoverlap_ISI_2_test,b19,p1,Span,mixed,2,18,3.88,4.64,4,Eng,72,58,72,58,0.805555556,0
b19_sdp1_longestoverlap_ISI_3_test,b19,p1,Span,mixed,3,7,1.44,4.86,4,Eng,72,58,72,58,0.805555556,0
b19_sdp1_longestoverlap_ISI_4_test,b19,p1,Span,mixed,4,7,1.64,4.27,4,Eng,72,58,72,58,0.805555556,0
b19_sdp1_longestoverlap_ISI_5_test,b19,p1,Span,mixed,5,10,2.4,4.17,4,Eng,72,58,72,58,0.805555556,0
b19_sdp1_longestoverlap_ISI_6_test,b19,p1,Span,mixed,6,7,1.56,4.49,4,Eng,72,58,72,58,0.805555556,0
b19_sdp1_longestoverlap_ISI_7_test,b19,p1,Span,mixed,7,3,0.8,3.75,4,Eng,72,58,72,58,0.805555556,0
b19_sdp1_longestoverlap_ISI_8_test,b19,p1,Span,mixed,8,10,2.4,4.17,4,Eng,72,58,72,58,0.805555556,0
b19_sdp1_longestoverlap_ISI_9_test,b19,p1,Span,mixed,9,15,3.34,4.49,4,Eng,72,58,72,58,0.805555556,0
b19_sdp1_longestoverlap_ISI_10_test,b19,p1,Span,mixed,10,4,1.38,2.9,4,Eng,72,58,72,58,0.805555556,0
b19_sop1_longestoverlap_ISI_0_test,b19,p1,Span,single,0,12,2.92,4.11,4,Eng,72,58,72,58,0.805555556,0
b19_sop1_longestoverlap_ISI_1_test,b19,p1,Span,single,1,13,2.72,4.78,4,Eng,72,58,72,58,0.805555556,0
b19_sop1_longestoverlap_ISI_2_test,b19,p1,Span,single,2,20,3.5,5.71,4,Eng,72,58,72,58,0.805555556,0
b19_sop1_longestoverlap_ISI_3_test,b19,p1,Span,single,3,6,1.28,4.69,4,Eng,72,58,72,58,0.805555556,0
b19_sop1_longestoverlap_ISI_4_test,b19,p1,Span,single,4,6,1.2,5,4,Eng,72,58,72,58,0.805555556,0
b19_sop1_longestoverlap_ISI_5_test,b19,p1,Span,single,5,8,1.94,4.12,4,Eng,72,58,72,58,0.805555556,0
b19_sop1_longestoverlap_ISI_6_test,b19,p1,Span,single,6,6,1.42,4.22,4,Eng,72,58,72,58,0.805555556,0
b19_sop1_longestoverlap_ISI_7_test,b19,p1,Span,single,7,3,0.9,3.33,4,Eng,72,58,72,58,0.805555556,0
b19_sop1_longestoverlap_ISI_8_test,b19,p1,Span,single,8,10,2.36,4.24,4,Eng,72,58,72,58,0.805555556,0
b19_sop1_longestoverlap_ISI_9_test,b19,p1,Span,single,9,15,3.36,4.46,4,Eng,72,58,72,58,0.805555556,0
b19_sop1_longestoverlap_ISI_10_test,b19,p1,Span,single,10,4,1.3,3.08,4,Eng,72,58,72,58,0.805555556,0
b19_sdp2_longestoverlap_ISI_0_test,b19,p2,Span,mixed,0,12,3.06,3.92,4,Eng,72,58,72,58,0.805555556,0
b19_sdp2_longestoverlap_ISI_1_test,b19,p2,Span,mixed,1,15,3.72,4.03,4,Eng,72,58,72,58,0.805555556,0
b19_sdp2_longestoverlap_ISI_2_test,b19,p2,Span,mixed,2,7,2.18,3.21,4,Eng,72,58,72,58,0.805555556,0
b19_sdp2_longestoverlap_ISI_3_test,b19,p2,Span,mixed,3,4,0.84,4.76,4,Eng,72,58,72,58,0.805555556,0
b19_sdp2_longestoverlap_ISI_4_test,b19,p2,Span,mixed,4,3,1.14,2.63,4,Eng,72,58,72,58,0.805555556,0
b19_sdp2_longestoverlap_ISI_5_test,b19,p2,Span,mixed,5,9,1.92,4.69,4,Eng,72,58,72,58,0.805555556,0
b19_sdp2_longestoverlap_ISI_6_test,b19,p2,Span,mixed,6,10,2.32,4.31,4,Eng,72,58,72,58,0.805555556,0
b19_sdp2_longestoverlap_ISI_7_test,b19,p2,Span,mixed,7,17,4.14,4.11,4,Eng,72,58,72,58,0.805555556,0
b19_sdp2_longestoverlap_ISI_8_test,b19,p2,Span,mixed,8,3,0.96,3.12,4,Eng,72,58,72,58,0.805555556,0
b19_sdp2_longestoverlap_ISI_9_test,b19,p2,Span,mixed,9,13,2.54,5.12,4,Eng,72,58,72,58,0.805555556,0
b19_sdp2_longestoverlap_ISI_10_test,b19,p2,Span,mixed,10,7,1.72,4.07,4,Eng,72,58,72,58,0.805555556,0
b19_sop2_longestoverlap_ISI_0_test,b19,p2,Span,single,0,11,2.68,4.1,4,Eng,72,58,72,58,0.805555556,0
b19_sop2_longestoverlap_ISI_1_test,b19,p2,Span,single,1,15,3.46,4.33,4,Eng,72,58,72,58,0.805555556,0
b19_sop2_longestoverlap_ISI_2_test,b19,p2,Span,single,2,7,1.34,5.22,4,Eng,72,58,72,58,0.805555556,0
b19_sop2_longestoverlap_ISI_3_test,b19,p2,Span,single,3,4,0.76,5.26,4,Eng,72,58,72,58,0.805555556,0
b19_sop2_longestoverlap_ISI_4_test,b19,p2,Span,single,4,2,0.9,2.22,4,Eng,72,58,72,58,0.805555556,0
b19_sop2_longestoverlap_ISI_5_test,b19,p2,Span,single,5,9,1.7,5.29,4,Eng,72,58,72,58,0.805555556,0
b19_sop2_longestoverlap_ISI_6_test,b19,p2,Span,single,6,6,1.62,3.7,4,Eng,72,58,72,58,0.805555556,0
b19_sop2_longestoverlap_ISI_7_test,b19,p2,Span,single,7,15,3.64,4.12,4,Eng,72,58,72,58,0.805555556,0
b19_sop2_longestoverlap_ISI_8_test,b19,p2,Span,single,8,3,0.86,3.49,4,Eng,72,58,72,58,0.805555556,0
b19_sop2_longestoverlap_ISI_9_test,b19,p2,Span,single,9,11,2.82,3.9,4,Eng,72,58,72,58,0.805555556,0
b19_sop2_longestoverlap_ISI_10_test,b19,p2,Span,single,10,10,2.2,4.54,4,Eng,72,58,72,58,0.805555556,0
b2_sdp1_longestoverlap_ISI_0_test,b2,p1,Span,mixed,0,17,4.78,3.56,3,Eng,66,44,66,44,0.666666667,6
b2_sdp1_longestoverlap_ISI_1_test,b2,p1,Span,mixed,1,7,1.88,3.72,3,Eng,66,44,66,44,0.666666667,6
b2_sdp1_longestoverlap_ISI_2_test,b2,p1,Span,mixed,2,13,2.84,4.58,3,Eng,66,44,66,44,0.666666667,6
b2_sdp1_longestoverlap_ISI_3_test,b2,p1,Span,mixed,3,13,3.4,3.82,3,Eng,66,44,66,44,0.666666667,6
b2_sdp1_longestoverlap_ISI_4_test,b2,p1,Span,mixed,4,7,1.7,4.12,3,Eng,66,44,66,44,0.666666667,6
b2_sdp1_longestoverlap_ISI_5_test,b2,p1,Span,mixed,5,13,2.9,4.48,3,Eng,66,44,66,44,0.666666667,6
b2_sdp1_longestoverlap_ISI_6_test,b2,p1,Span,mixed,6,5,2,2.5,3,Eng,66,44,66,44,0.666666667,6
b2_sdp1_longestoverlap_ISI_7_test,b2,p1,Span,mixed,7,3,0.96,3.12,3,Eng,66,44,66,44,0.666666667,6
b2_sdp1_longestoverlap_ISI_8_test,b2,p1,Span,mixed,8,5,1.66,3.01,3,Eng,66,44,66,44,0.666666667,6
b2_sdp1_longestoverlap_ISI_9_test,b2,p1,Span,mixed,9,11,2.66,4.13,3,Eng,66,44,66,44,0.666666667,6
b2_sdp1_longestoverlap_ISI_10_test,b2,p1,Span,mixed,10,3,1.1,2.73,3,Eng,66,44,66,44,0.666666667,6
b2_sop1_longestoverlap_ISI_0_test,b2,p1,Span,single,0,14,3.98,3.52,3,Eng,66,44,66,44,0.666666667,6
b2_sop1_longestoverlap_ISI_1_test,b2,p1,Span,single,1,6,2,3,3,Eng,66,44,66,44,0.666666667,6
b2_sop1_longestoverlap_ISI_2_test,b2,p1,Span,single,2,11,2.56,4.3,3,Eng,66,44,66,44,0.666666667,6
b2_sop1_longestoverlap_ISI_3_test,b2,p1,Span,single,3,13,2.8,4.64,3,Eng,66,44,66,44,0.666666667,6
b2_sop1_longestoverlap_ISI_4_test,b2,p1,Span,single,4,7,1.82,3.85,3,Eng,66,44,66,44,0.666666667,6
b2_sop1_longestoverlap_ISI_5_test,b2,p1,Span,single,5,9,2.82,3.19,3,Eng,66,44,66,44,0.666666667,6
b2_sop1_longestoverlap_ISI_6_test,b2,p1,Span,single,6,7,2.06,3.4,3,Eng,66,44,66,44,0.666666667,6
b2_sop1_longestoverlap_ISI_7_test,b2,p1,Span,single,7,2,0.94,2.13,3,Eng,66,44,66,44,0.666666667,6
b2_sop1_longestoverlap_ISI_8_test,b2,p1,Span,single,8,5,1.42,3.52,3,Eng,66,44,66,44,0.666666667,6
b2_sop1_longestoverlap_ISI_9_test,b2,p1,Span,single,9,7,2.36,2.97,3,Eng,66,44,66,44,0.666666667,6
b2_sop1_longestoverlap_ISI_10_test,b2,p1,Span,single,10,3,0.96,3.12,3,Eng,66,44,66,44,0.666666667,6
b2_sdp2_longestoverlap_ISI_0_test,b2,p2,Span,mixed,0,13,3.86,3.37,3,Eng,66,44,66,44,0.666666667,6
b2_sdp2_longestoverlap_ISI_1_test,b2,p2,Span,mixed,1,18,4.8,3.75,3,Eng,66,44,66,44,0.666666667,6
b2_sdp2_longestoverlap_ISI_2_test,b2,p2,Span,mixed,2,5,1.44,3.47,3,Eng,66,44,66,44,0.666666667,6
b2_sdp2_longestoverlap_ISI_3_test,b2,p2,Span,mixed,3,4,1.08,3.7,3,Eng,66,44,66,44,0.666666667,6
b2_sdp2_longestoverlap_ISI_4_test,b2,p2,Span,mixed,4,3,1.28,2.34,3,Eng,66,44,66,44,0.666666667,6
b2_sdp2_longestoverlap_ISI_5_test,b2,p2,Span,mixed,5,12,2.5,4.8,3,Eng,66,44,66,44,0.666666667,6
b2_sdp2_longestoverlap_ISI_7_test,b2,p2,Span,mixed,7,21,5.24,4.01,3,Eng,66,44,66,44,0.666666667,6
b2_sdp2_longestoverlap_ISI_8_test,b2,p2,Span,mixed,8,4,1.26,3.17,3,Eng,66,44,66,44,0.666666667,6
b2_sdp2_longestoverlap_ISI_9_test,b2,p2,Span,mixed,9,9,2.94,3.06,3,Eng,66,44,66,44,0.666666667,6
b2_sdp2_longestoverlap_ISI_10_test,b2,p2,Span,mixed,10,21,4.82,4.36,3,Eng,66,44,66,44,0.666666667,6
b2_sop2_longestoverlap_ISI_0_test,b2,p2,Span,single,0,15,3.5,4.28,3,Eng,66,44,66,44,0.666666667,6
b2_sop2_longestoverlap_ISI_1_test,b2,p2,Span,single,1,18,4.38,4.11,3,Eng,66,44,66,44,0.666666667,6
b2_sop2_longestoverlap_ISI_2_test,b2,p2,Span,single,2,7,1.5,4.67,3,Eng,66,44,66,44,0.666666667,6
b2_sop2_longestoverlap_ISI_3_test,b2,p2,Span,single,3,4,1.14,3.51,3,Eng,66,44,66,44,0.666666667,6
b2_sop2_longestoverlap_ISI_4_test,b2,p2,Span,single,4,4,0.84,4.76,3,Eng,66,44,66,44,0.666666667,6
b2_sop2_longestoverlap_ISI_5_test,b2,p2,Span,single,5,8,2.58,3.1,3,Eng,66,44,66,44,0.666666667,6
b2_sop2_longestoverlap_ISI_7_test,b2,p2,Span,single,7,19,5.22,3.64,3,Eng,66,44,66,44,0.666666667,6
b2_sop2_longestoverlap_ISI_8_test,b2,p2,Span,single,8,3,1.04,2.88,3,Eng,66,44,66,44,0.666666667,6
b2_sop2_longestoverlap_ISI_9_test,b2,p2,Span,single,9,11,2.5,4.4,3,Eng,66,44,66,44,0.666666667,6
b2_sop2_longestoverlap_ISI_10_test,b2,p2,Span,single,10,14,4.24,3.3,3,Eng,66,44,66,44,0.666666667,6
b20_sdp1_longestoverlap_ISI_0_test,b20,p1,Span,mixed,0,6,1.88,3.19,5,Eng,71,40,71,40,0.563380282,5
b20_sdp1_longestoverlap_ISI_1_test,b20,p1,Span,mixed,1,5,1.68,2.98,5,Eng,71,40,71,40,0.563380282,5
b20_sdp1_longestoverlap_ISI_2_test,b20,p1,Span,mixed,2,10,2.3,4.35,5,Eng,71,40,71,40,0.563380282,5
b20_sdp1_longestoverlap_ISI_3_test,b20,p1,Span,mixed,3,9,2.34,3.85,5,Eng,71,40,71,40,0.563380282,5
b20_sdp1_longestoverlap_ISI_4_test,b20,p1,Span,mixed,4,6,1.54,3.9,5,Eng,71,40,71,40,0.563380282,5
b20_sdp1_longestoverlap_ISI_5_test,b20,p1,Span,mixed,5,13,3.62,3.59,5,Eng,71,40,71,40,0.563380282,5
b20_sdp1_longestoverlap_ISI_6_test,b20,p1,Span,mixed,6,7,1.74,4.02,5,Eng,71,40,71,40,0.563380282,5
b20_sdp1_longestoverlap_ISI_7_test,b20,p1,Span,mixed,7,6,1.78,3.37,5,Eng,71,40,71,40,0.563380282,5
b20_sdp1_longestoverlap_ISI_8_test,b20,p1,Span,mixed,8,6,1.26,4.76,5,Eng,71,40,71,40,0.563380282,5
b20_sdp1_longestoverlap_ISI_9_test,b20,p1,Span,mixed,9,19,3.2,5.94,5,Eng,71,40,71,40,0.563380282,5
b20_sdp1_longestoverlap_ISI_10_test,b20,p1,Span,mixed,10,4,1.72,2.32,5,Eng,71,40,71,40,0.563380282,5
b20_sop1_longestoverlap_ISI_0_test,b20,p1,Span,single,0,5,1.62,3.09,5,Eng,71,40,71,40,0.563380282,5
b20_sop1_longestoverlap_ISI_1_test,b20,p1,Span,single,1,7,1.76,3.98,5,Eng,71,40,71,40,0.563380282,5
b20_sop1_longestoverlap_ISI_2_test,b20,p1,Span,single,2,9,2.14,4.2,5,Eng,71,40,71,40,0.563380282,5
b20_sop1_longestoverlap_ISI_3_test,b20,p1,Span,single,3,12,2.46,4.88,5,Eng,71,40,71,40,0.563380282,5
b20_sop1_longestoverlap_ISI_4_test,b20,p1,Span,single,4,6,1.42,4.22,5,Eng,71,40,71,40,0.563380282,5
b20_sop1_longestoverlap_ISI_5_test,b20,p1,Span,single,5,14,3.86,3.63,5,Eng,71,40,71,40,0.563380282,5
b20_sop1_longestoverlap_ISI_6_test,b20,p1,Span,single,6,7,2,3.5,5,Eng,71,40,71,40,0.563380282,5
b20_sop1_longestoverlap_ISI_7_test,b20,p1,Span,single,7,7,1.72,4.07,5,Eng,71,40,71,40,0.563380282,5
b20_sop1_longestoverlap_ISI_8_test,b20,p1,Span,single,8,6,1.46,4.11,5,Eng,71,40,71,40,0.563380282,5
b20_sop1_longestoverlap_ISI_9_test,b20,p1,Span,single,9,12,3.08,3.9,5,Eng,71,40,71,40,0.563380282,5
b20_sop1_longestoverlap_ISI_10_test,b20,p1,Span,single,10,6,1.36,4.41,5,Eng,71,40,71,40,0.563380282,5
b20_sdp2_longestoverlap_ISI_0_test,b20,p2,Span,mixed,0,7,2.4,2.92,5,Eng,71,40,71,40,0.563380282,5
b20_sdp2_longestoverlap_ISI_1_test,b20,p2,Span,mixed,1,17,4.82,3.53,5,Eng,71,40,71,40,0.563380282,5
b20_sdp2_longestoverlap_ISI_2_test,b20,p2,Span,mixed,2,2,0.64,3.12,5,Eng,71,40,71,40,0.563380282,5
b20_sdp2_longestoverlap_ISI_3_test,b20,p2,Span,mixed,3,4,1.04,3.85,5,Eng,71,40,71,40,0.563380282,5
b20_sdp2_longestoverlap_ISI_4_test,b20,p2,Span,mixed,4,10,2.32,4.31,5,Eng,71,40,71,40,0.563380282,5
b20_sdp2_longestoverlap_ISI_5_test,b20,p2,Span,mixed,5,9,2.46,3.66,5,Eng,71,40,71,40,0.563380282,5
b20_sdp2_longestoverlap_ISI_6_test,b20,p2,Span,mixed,6,20,4.92,4.06,5,Eng,71,40,71,40,0.563380282,5
b20_sdp2_longestoverlap_ISI_7_test,b20,p2,Span,mixed,7,9,2.34,3.85,5,Eng,71,40,71,40,0.563380282,5
b20_sdp2_longestoverlap_ISI_8_test,b20,p2,Span,mixed,8,2,0.84,2.38,5,Eng,71,40,71,40,0.563380282,5
b20_sdp2_longestoverlap_ISI_9_test,b20,p2,Span,mixed,9,11,3.32,3.31,5,Eng,71,40,71,40,0.563380282,5
b20_sdp2_longestoverlap_ISI_10_test,b20,p2,Span,mixed,10,6,1.62,3.7,5,Eng,71,40,71,40,0.563380282,5
b20_sop2_longestoverlap_ISI_0_test,b20,p2,Span,single,0,8,1.96,4.08,5,Eng,71,40,71,40,0.563380282,5
b20_sop2_longestoverlap_ISI_1_test,b20,p2,Span,single,1,13,3.9,3.33,5,Eng,71,40,71,40,0.563380282,5
b20_sop2_longestoverlap_ISI_2_test,b20,p2,Span,single,2,2,0.6,3.33,5,Eng,71,40,71,40,0.563380282,5
b20_sop2_longestoverlap_ISI_3_test,b20,p2,Span,single,3,4,1,4,5,Eng,71,40,71,40,0.563380282,5
b20_sop2_longestoverlap_ISI_4_test,b20,p2,Span,single,4,10,2.52,3.97,5,Eng,71,40,71,40,0.563380282,5
b20_sop2_longestoverlap_ISI_5_test,b20,p2,Span,single,5,9,2.24,4.02,5,Eng,71,40,71,40,0.563380282,5
b20_sop2_longestoverlap_ISI_6_test,b20,p2,Span,single,6,18,4.52,3.98,5,Eng,71,40,71,40,0.563380282,5
b20_sop2_longestoverlap_ISI_7_test,b20,p2,Span,single,7,10,2.28,4.38,5,Eng,71,40,71,40,0.563380282,5
b20_sop2_longestoverlap_ISI_8_test,b20,p2,Span,single,8,4,1.38,2.9,5,Eng,71,40,71,40,0.563380282,5
b20_sop2_longestoverlap_ISI_9_test,b20,p2,Span,single,9,14,3.02,4.63,5,Eng,71,40,71,40,0.563380282,5
b20_sop2_longestoverlap_ISI_10_test,b20,p2,Span,single,10,6,1.52,3.95,5,Eng,71,40,71,40,0.563380282,5
b21_sdp1_longestoverlap_ISI_0_test,b21,p1,Span,mixed,0,12,2.78,4.32,6,Eng,76,56,76,56,0.736842105,1
b21_sdp1_longestoverlap_ISI_1_test,b21,p1,Span,mixed,1,4,1.66,2.41,6,Eng,76,56,76,56,0.736842105,1
b21_sdp1_longestoverlap_ISI_2_test,b21,p1,Span,mixed,2,4,1.06,3.77,6,Eng,76,56,76,56,0.736842105,1
b21_sdp1_longestoverlap_ISI_3_test,b21,p1,Span,mixed,3,11,2.34,4.7,6,Eng,76,56,76,56,0.736842105,1
b21_sdp1_longestoverlap_ISI_4_test,b21,p1,Span,mixed,4,7,1.48,4.73,6,Eng,76,56,76,56,0.736842105,1
b21_sdp1_longestoverlap_ISI_5_test,b21,p1,Span,mixed,5,4,0.98,4.08,6,Eng,76,56,76,56,0.736842105,1
b21_sdp1_longestoverlap_ISI_6_test,b21,p1,Span,mixed,6,5,1.52,3.29,6,Eng,76,56,76,56,0.736842105,1
b21_sdp1_longestoverlap_ISI_8_test,b21,p1,Span,mixed,8,9,1.98,4.54,6,Eng,76,56,76,56,0.736842105,1
b21_sdp1_longestoverlap_ISI_9_test,b21,p1,Span,mixed,9,4,1.06,3.77,6,Eng,76,56,76,56,0.736842105,1
b21_sdp1_longestoverlap_ISI_10_test,b21,p1,Span,mixed,10,4,1.08,3.7,6,Eng,76,56,76,56,0.736842105,1
b21_sop1_longestoverlap_ISI_0_test,b21,p1,Span,single,0,20,5.52,3.62,6,Eng,76,56,76,56,0.736842105,1
b21_sop1_longestoverlap_ISI_1_test,b21,p1,Span,single,1,8,2.48,3.23,6,Eng,76,56,76,56,0.736842105,1
b21_sop1_longestoverlap_ISI_2_test,b21,p1,Span,single,2,3,1.1,2.73,6,Eng,76,56,76,56,0.736842105,1
b21_sop1_longestoverlap_ISI_3_test,b21,p1,Span,single,3,9,1.94,4.64,6,Eng,76,56,76,56,0.736842105,1
b21_sop1_longestoverlap_ISI_4_test,b21,p1,Span,single,4,6,1.5,4,6,Eng,76,56,76,56,0.736842105,1
b21_sop1_longestoverlap_ISI_5_test,b21,p1,Span,single,5,4,1.18,3.39,6,Eng,76,56,76,56,0.736842105,1
b21_sop1_longestoverlap_ISI_6_test,b21,p1,Span,single,6,5,1.82,2.75,6,Eng,76,56,76,56,0.736842105,1
b21_sop1_longestoverlap_ISI_8_test,b21,p1,Span,single,8,8,2.24,3.57,6,Eng,76,56,76,56,0.736842105,1
b21_sop1_longestoverlap_ISI_9_test,b21,p1,Span,single,9,3,1.08,2.78,6,Eng,76,56,76,56,0.736842105,1
b21_sop1_longestoverlap_ISI_10_test,b21,p1,Span,single,10,3,1.32,2.27,6,Eng,76,56,76,56,0.736842105,1
b21_sdp2_longestoverlap_ISI_0_test,b21,p2,Span,mixed,0,4,1.5,2.67,6,Eng,76,56,76,56,0.736842105,1
b21_sdp2_longestoverlap_ISI_1_test,b21,p2,Span,mixed,1,5,1.62,3.09,6,Eng,76,56,76,56,0.736842105,1
b21_sdp2_longestoverlap_ISI_3_test,b21,p2,Span,mixed,3,4,1,4,6,Eng,76,56,76,56,0.736842105,1
b21_sdp2_longestoverlap_ISI_5_test,b21,p2,Span,mixed,5,8,2.3,3.48,6,Eng,76,56,76,56,0.736842105,1
b21_sdp2_longestoverlap_ISI_7_test,b21,p2,Span,mixed,7,11,2.5,4.4,6,Eng,76,56,76,56,0.736842105,1
b21_sdp2_longestoverlap_ISI_8_test,b21,p2,Span,mixed,8,3,0.9,3.33,6,Eng,76,56,76,56,0.736842105,1
b21_sdp2_longestoverlap_ISI_9_test,b21,p2,Span,mixed,9,5,1.46,3.42,6,Eng,76,56,76,56,0.736842105,1
b21_sdp2_longestoverlap_ISI_10_test,b21,p2,Span,mixed,10,4,1.56,2.56,6,Eng,76,56,76,56,0.736842105,1
b21_sop2_longestoverlap_ISI_0_test,b21,p2,Span,single,0,6,1.66,3.61,6,Eng,76,56,76,56,0.736842105,1
b21_sop2_longestoverlap_ISI_1_test,b21,p2,Span,single,1,5,1.76,2.84,6,Eng,76,56,76,56,0.736842105,1
b21_sop2_longestoverlap_ISI_3_test,b21,p2,Span,single,3,3,0.86,3.49,6,Eng,76,56,76,56,0.736842105,1
b21_sop2_longestoverlap_ISI_5_test,b21,p2,Span,single,5,7,1.96,3.57,6,Eng,76,56,76,56,0.736842105,1
b21_sop2_longestoverlap_ISI_7_test,b21,p2,Span,single,7,9,2.6,3.46,6,Eng,76,56,76,56,0.736842105,1
b21_sop2_longestoverlap_ISI_8_test,b21,p2,Span,single,8,2,1.12,1.79,6,Eng,76,56,76,56,0.736842105,1
b21_sop2_longestoverlap_ISI_9_test,b21,p2,Span,single,9,3,1.12,2.68,6,Eng,76,56,76,56,0.736842105,1
b21_sop2_longestoverlap_ISI_10_test,b21,p2,Span,single,10,5,1.34,3.73,6,Eng,76,56,76,56,0.736842105,1
b22_sdp1_longestoverlap_ISI_0_test,b22,p1,Span,mixed,0,9,2.4,3.75,7,Eng,66,47,66,47,0.712121212,5
b22_sdp1_longestoverlap_ISI_1_test,b22,p1,Span,mixed,1,12,2.16,5.55,7,Eng,66,47,66,47,0.712121212,5
b22_sdp1_longestoverlap_ISI_2_test,b22,p1,Span,mixed,2,4,1,4,7,Eng,66,47,66,47,0.712121212,5
b22_sdp1_longestoverlap_ISI_3_test,b22,p1,Span,mixed,3,10,2.2,4.54,7,Eng,66,47,66,47,0.712121212,5
b22_sdp1_longestoverlap_ISI_5_test,b22,p1,Span,mixed,5,11,2.56,4.3,7,Eng,66,47,66,47,0.712121212,5
b22_sdp1_longestoverlap_ISI_6_test,b22,p1,Span,mixed,6,5,1.5,3.33,7,Eng,66,47,66,47,0.712121212,5
b22_sdp1_longestoverlap_ISI_7_test,b22,p1,Span,mixed,7,2,0.8,2.5,7,Eng,66,47,66,47,0.712121212,5
b22_sdp1_longestoverlap_ISI_8_test,b22,p1,Span,mixed,8,11,2.52,4.36,7,Eng,66,47,66,47,0.712121212,5
b22_sdp1_longestoverlap_ISI_9_test,b22,p1,Span,mixed,9,12,3.08,3.9,7,Eng,66,47,66,47,0.712121212,5
b22_sop1_longestoverlap_ISI_0_test,b22,p1,Span,single,0,9,2.42,3.72,7,Eng,66,47,66,47,0.712121212,5
b22_sop1_longestoverlap_ISI_1_test,b22,p1,Span,single,1,13,2.54,5.12,7,Eng,66,47,66,47,0.712121212,5
b22_sop1_longestoverlap_ISI_2_test,b22,p1,Span,single,2,3,1.1,2.73,7,Eng,66,47,66,47,0.712121212,5
b22_sop1_longestoverlap_ISI_3_test,b22,p1,Span,single,3,10,2.2,4.54,7,Eng,66,47,66,47,0.712121212,5
b22_sop1_longestoverlap_ISI_5_test,b22,p1,Span,single,5,13,2.72,4.78,7,Eng,66,47,66,47,0.712121212,5
b22_sop1_longestoverlap_ISI_6_test,b22,p1,Span,single,6,5,1.54,3.25,7,Eng,66,47,66,47,0.712121212,5
b22_sop1_longestoverlap_ISI_7_test,b22,p1,Span,single,7,2,0.68,2.94,7,Eng,66,47,66,47,0.712121212,5
b22_sop1_longestoverlap_ISI_8_test,b22,p1,Span,single,8,11,2.74,4.01,7,Eng,66,47,66,47,0.712121212,5
b22_sop1_longestoverlap_ISI_9_test,b22,p1,Span,single,9,10,3,3.33,7,Eng,66,47,66,47,0.712121212,5
b22_sdp2_longestoverlap_ISI_0_test,b22,p2,Span,mixed,0,8,2.14,3.74,7,Eng,66,47,66,47,0.712121212,5
b22_sdp2_longestoverlap_ISI_1_test,b22,p2,Span,mixed,1,6,1.82,3.3,7,Eng,66,47,66,47,0.712121212,5
b22_sdp2_longestoverlap_ISI_2_test,b22,p2,Span,mixed,2,2,1.34,1.49,7,Eng,66,47,66,47,0.712121212,5
b22_sdp2_longestoverlap_ISI_3_test,b22,p2,Span,mixed,3,3,0.9,3.33,7,Eng,66,47,66,47,0.712121212,5
b22_sdp2_longestoverlap_ISI_4_test,b22,p2,Span,mixed,4,10,3.58,2.79,7,Eng,66,47,66,47,0.712121212,5
b22_sdp2_longestoverlap_ISI_5_test,b22,p2,Span,mixed,5,9,1.82,4.94,7,Eng,66,47,66,47,0.712121212,5
b22_sdp2_longestoverlap_ISI_6_test,b22,p2,Span,mixed,6,10,2.38,4.2,7,Eng,66,47,66,47,0.712121212,5
b22_sdp2_longestoverlap_ISI_7_test,b22,p2,Span,mixed,7,8,2.16,3.7,7,Eng,66,47,66,47,0.712121212,5
b22_sdp2_longestoverlap_ISI_8_test,b22,p2,Span,mixed,8,2,0.8,2.5,7,Eng,66,47,66,47,0.712121212,5
b22_sdp2_longestoverlap_ISI_9_test,b22,p2,Span,mixed,9,2,0.8,2.5,7,Eng,66,47,66,47,0.712121212,5
b22_sdp2_longestoverlap_ISI_10_test,b22,p2,Span,mixed,10,5,1.08,4.63,7,Eng,66,47,66,47,0.712121212,5
b22_sop2_longestoverlap_ISI_0_test,b22,p2,Span,single,0,8,1.96,4.08,7,Eng,66,47,66,47,0.712121212,5
b22_sop2_longestoverlap_ISI_1_test,b22,p2,Span,single,1,4,1.44,2.78,7,Eng,66,47,66,47,0.712121212,5
b22_sop2_longestoverlap_ISI_2_test,b22,p2,Span,single,2,3,0.64,4.69,7,Eng,66,47,66,47,0.712121212,5
b22_sop2_longestoverlap_ISI_3_test,b22,p2,Span,single,3,4,0.86,4.65,7,Eng,66,47,66,47,0.712121212,5
b22_sop2_longestoverlap_ISI_4_test,b22,p2,Span,single,4,13,2.8,4.64,7,Eng,66,47,66,47,0.712121212,5
b22_sop2_longestoverlap_ISI_5_test,b22,p2,Span,single,5,9,2.22,4.05,7,Eng,66,47,66,47,0.712121212,5
b22_sop2_longestoverlap_ISI_6_test,b22,p2,Span,single,6,9,1.98,4.54,7,Eng,66,47,66,47,0.712121212,5
b22_sop2_longestoverlap_ISI_7_test,b22,p2,Span,single,7,10,2.24,4.46,7,Eng,66,47,66,47,0.712121212,5
b22_sop2_longestoverlap_ISI_8_test,b22,p2,Span,single,8,2,0.86,2.32,7,Eng,66,47,66,47,0.712121212,5
b22_sop2_longestoverlap_ISI_9_test,b22,p2,Span,single,9,2,0.84,2.38,7,Eng,66,47,66,47,0.712121212,5
b22_sop2_longestoverlap_ISI_10_test,b22,p2,Span,single,10,3,0.98,3.06,7,Eng,66,47,66,47,0.712121212,5
b23r4_sdp1_longestoverlap_ISI_0_test,b23r4,p1,Span,mixed,0,7,1.68,4.17,8,Eng,75,54,75,54,0.72,5
b23r4_sdp1_longestoverlap_ISI_1_test,b23r4,p1,Span,mixed,1,3,1.2,2.5,8,Eng,75,54,75,54,0.72,5
b23r4_sdp1_longestoverlap_ISI_2_test,b23r4,p1,Span,mixed,2,4,1.04,3.85,8,Eng,75,54,75,54,0.72,5
b23r4_sdp1_longestoverlap_ISI_3_test,b23r4,p1,Span,mixed,3,4,0.8,5,8,Eng,75,54,75,54,0.72,5
b23r4_sdp1_longestoverlap_ISI_4_test,b23r4,p1,Span,mixed,4,6,1.48,4.05,8,Eng,75,54,75,54,0.72,5
b23r4_sdp1_longestoverlap_ISI_5_test,b23r4,p1,Span,mixed,5,8,1.88,4.25,8,Eng,75,54,75,54,0.72,5
b23r4_sdp1_longestoverlap_ISI_6_test,b23r4,p1,Span,mixed,6,5,2.18,2.29,8,Eng,75,54,75,54,0.72,5
b23r4_sdp1_longestoverlap_ISI_7_test,b23r4,p1,Span,mixed,7,2,0.62,3.23,8,Eng,75,54,75,54,0.72,5
b23r4_sdp1_longestoverlap_ISI_8_test,b23r4,p1,Span,mixed,8,8,2.48,3.23,8,Eng,75,54,75,54,0.72,5
b23r4_sdp1_longestoverlap_ISI_9_test,b23r4,p1,Span,mixed,9,5,1.44,3.47,8,Eng,75,54,75,54,0.72,5
b23r4_sdp1_longestoverlap_ISI_10_test,b23r4,p1,Span,mixed,10,5,1.96,2.55,8,Eng,75,54,75,54,0.72,5
b23r4_sop1_longestoverlap_ISI_0_test,b23r4,p1,Span,single,0,6,1.76,3.41,8,Eng,75,54,75,54,0.72,5
b23r4_sop1_longestoverlap_ISI_1_test,b23r4,p1,Span,single,1,4,1.62,2.47,8,Eng,75,54,75,54,0.72,5
b23r4_sop1_longestoverlap_ISI_2_test,b23r4,p1,Span,single,2,5,1.36,3.68,8,Eng,75,54,75,54,0.72,5
b23r4_sop1_longestoverlap_ISI_3_test,b23r4,p1,Span,single,3,4,0.82,4.88,8,Eng,75,54,75,54,0.72,5
b23r4_sop1_longestoverlap_ISI_4_test,b23r4,p1,Span,single,4,8,1.4,5.71,8,Eng,75,54,75,54,0.72,5
b23r4_sop1_longestoverlap_ISI_5_test,b23r4,p1,Span,single,5,9,1.92,4.69,8,Eng,75,54,75,54,0.72,5
b23r4_sop1_longestoverlap_ISI_6_test,b23r4,p1,Span,single,6,6,1.82,3.3,8,Eng,75,54,75,54,0.72,5
b23r4_sop1_longestoverlap_ISI_7_test,b23r4,p1,Span,single,7,3,0.76,3.95,8,Eng,75,54,75,54,0.72,5
b23r4_sop1_longestoverlap_ISI_8_test,b23r4,p1,Span,single,8,8,1.78,4.49,8,Eng,75,54,75,54,0.72,5
b23r4_sop1_longestoverlap_ISI_9_test,b23r4,p1,Span,single,9,4,1.38,2.9,8,Eng,75,54,75,54,0.72,5
b23r4_sop1_longestoverlap_ISI_10_test,b23r4,p1,Span,single,10,4,1.74,2.3,8,Eng,75,54,75,54,0.72,5
b23r4_sdp2_longestoverlap_ISI_0_test,b23r4,p2,Span,mixed,0,7,2.04,3.43,8,Eng,75,54,75,54,0.72,5
b23r4_sdp2_longestoverlap_ISI_1_test,b23r4,p2,Span,mixed,1,2,0.68,2.94,8,Eng,75,54,75,54,0.72,5
b23r4_sdp2_longestoverlap_ISI_2_test,b23r4,p2,Span,mixed,2,4,1.38,2.9,8,Eng,75,54,75,54,0.72,5
b23r4_sdp2_longestoverlap_ISI_3_test,b23r4,p2,Span,mixed,3,4,1.26,3.17,8,Eng,75,54,75,54,0.72,5
b23r4_sdp2_longestoverlap_ISI_4_test,b23r4,p2,Span,mixed,4,4,1.38,2.9,8,Eng,75,54,75,54,0.72,5
b23r4_sdp2_longestoverlap_ISI_5_test,b23r4,p2,Span,mixed,5,9,1.92,4.69,8,Eng,75,54,75,54,0.72,5
b23r4_sdp2_longestoverlap_ISI_6_test,b23r4,p2,Span,mixed,6,5,1.36,3.68,8,Eng,75,54,75,54,0.72,5
b23r4_sdp2_longestoverlap_ISI_7_test,b23r4,p2,Span,mixed,7,13,3.52,3.69,8,Eng,75,54,75,54,0.72,5
b23r4_sdp2_longestoverlap_ISI_9_test,b23r4,p2,Span,mixed,9,4,0.92,4.35,8,Eng,75,54,75,54,0.72,5
b23r4_sdp2_longestoverlap_ISI_10_test,b23r4,p2,Span,mixed,10,7,1.94,3.61,8,Eng,75,54,75,54,0.72,5
b23r4_sop2_longestoverlap_ISI_0_test,b23r4,p2,Span,single,0,8,2.58,3.1,8,Eng,75,54,75,54,0.72,5
b23r4_sop2_longestoverlap_ISI_1_test,b23r4,p2,Span,single,1,2,0.7,2.86,8,Eng,75,54,75,54,0.72,5
b23r4_sop2_longestoverlap_ISI_2_test,b23r4,p2,Span,single,2,5,1.26,3.97,8,Eng,75,54,75,54,0.72,5
b23r4_sop2_longestoverlap_ISI_3_test,b23r4,p2,Span,single,3,4,1.08,3.7,8,Eng,75,54,75,54,0.72,5
b23r4_sop2_longestoverlap_ISI_4_test,b23r4,p2,Span,single,4,10,3.18,3.14,8,Eng,75,54,75,54,0.72,5
b23r4_sop2_longestoverlap_ISI_5_test,b23r4,p2,Span,single,5,8,2.98,2.68,8,Eng,75,54,75,54,0.72,5
b23r4_sop2_longestoverlap_ISI_6_test,b23r4,p2,Span,single,6,6,2.26,2.65,8,Eng,75,54,75,54,0.72,5
b23r4_sop2_longestoverlap_ISI_7_test,b23r4,p2,Span,single,7,14,3.6,3.89,8,Eng,75,54,75,54,0.72,5
b23r4_sop2_longestoverlap_ISI_9_test,b23r4,p2,Span,single,9,4,2,2,8,Eng,75,54,75,54,0.72,5
b23r4_sop2_longestoverlap_ISI_10_test,b23r4,p2,Span,single,10,7,1.94,3.61,8,Eng,75,54,75,54,0.72,5
b24_sdp1_longestoverlap_ISI_0_test,b24,p1,Span,mixed,0,2,0.88,2.27,9,Eng,62,35,62,35,0.564516129,5
b24_sdp1_longestoverlap_ISI_1_test,b24,p1,Span,mixed,1,15,4.06,3.69,9,Eng,62,35,62,35,0.564516129,5
b24_sdp1_longestoverlap_ISI_2_test,b24,p1,Span,mixed,2,9,2.2,4.09,9,Eng,62,35,62,35,0.564516129,5
b24_sdp1_longestoverlap_ISI_3_test,b24,p1,Span,mixed,3,8,1.88,4.26,9,Eng,62,35,62,35,0.564516129,5
b24_sdp1_longestoverlap_ISI_4_test,b24,p1,Span,mixed,4,9,1.9,4.74,9,Eng,62,35,62,35,0.564516129,5
b24_sdp1_longestoverlap_ISI_5_test,b24,p1,Span,mixed,5,17,4.12,4.13,9,Eng,62,35,62,35,0.564516129,5
b24_sdp1_longestoverlap_ISI_6_test,b24,p1,Span,mixed,6,3,1.34,2.24,9,Eng,62,35,62,35,0.564516129,5
b24_sdp1_longestoverlap_ISI_7_test,b24,p1,Span,mixed,7,8,2.46,3.25,9,Eng,62,35,62,35,0.564516129,5
b24_sdp1_longestoverlap_ISI_8_test,b24,p1,Span,mixed,8,15,4.2,3.57,9,Eng,62,35,62,35,0.564516129,5
b24_sdp1_longestoverlap_ISI_9_test,b24,p1,Span,mixed,9,7,2.34,2.99,9,Eng,62,35,62,35,0.564516129,5
b24_sdp1_longestoverlap_ISI_10_test,b24,p1,Span,mixed,10,4,1.06,3.77,9,Eng,62,35,62,35,0.564516129,5
b24_sop1_longestoverlap_ISI_0_test,b24,p1,Span,single,0,5,2.82,1.77,9,Eng,62,35,62,35,0.564516129,5
b24_sop1_longestoverlap_ISI_1_test,b24,p1,Span,single,1,14,4.12,3.4,9,Eng,62,35,62,35,0.564516129,5
b24_sop1_longestoverlap_ISI_2_test,b24,p1,Span,single,2,9,2.82,3.19,9,Eng,62,35,62,35,0.564516129,5
b24_sop1_longestoverlap_ISI_3_test,b24,p1,Span,single,3,6,1.8,3.33,9,Eng,62,35,62,35,0.564516129,5
b24_sop1_longestoverlap_ISI_4_test,b24,p1,Span,single,4,8,2,4,9,Eng,62,35,62,35,0.564516129,5
b24_sop1_longestoverlap_ISI_5_test,b24,p1,Span,single,5,17,4.74,3.59,9,Eng,62,35,62,35,0.564516129,5
b24_sop1_longestoverlap_ISI_6_test,b24,p1,Span,single,6,3,1.24,2.42,9,Eng,62,35,62,35,0.564516129,5
b24_sop1_longestoverlap_ISI_7_test,b24,p1,Span,single,7,7,2.7,2.59,9,Eng,62,35,62,35,0.564516129,5
b24_sop1_longestoverlap_ISI_8_test,b24,p1,Span,single,8,14,3.54,3.95,9,Eng,62,35,62,35,0.564516129,5
b24_sop1_longestoverlap_ISI_9_test,b24,p1,Span,single,9,10,2.08,4.81,9,Eng,62,35,62,35,0.564516129,5
b24_sop1_longestoverlap_ISI_10_test,b24,p1,Span,single,10,5,1.26,3.97,9,Eng,62,35,62,35,0.564516129,5
b24_sdp2_longestoverlap_ISI_0_test,b24,p2,Span,mixed,0,4,1.62,2.47,9,Eng,62,35,62,35,0.564516129,5
b24_sdp2_longestoverlap_ISI_1_test,b24,p2,Span,mixed,1,4,1.3,3.08,9,Eng,62,35,62,35,0.564516129,5
b24_sdp2_longestoverlap_ISI_3_test,b24,p2,Span,mixed,3,4,1.22,3.28,9,Eng,62,35,62,35,0.564516129,5
b24_sdp2_longestoverlap_ISI_4_test,b24,p2,Span,mixed,4,2,1.14,1.75,9,Eng,62,35,62,35,0.564516129,5
b24_sdp2_longestoverlap_ISI_5_test,b24,p2,Span,mixed,5,11,3.7,2.97,9,Eng,62,35,62,35,0.564516129,5
b24_sdp2_longestoverlap_ISI_6_test,b24,p2,Span,mixed,6,5,1.7,2.94,9,Eng,62,35,62,35,0.564516129,5
b24_sdp2_longestoverlap_ISI_7_test,b24,p2,Span,mixed,7,12,3.28,3.66,9,Eng,62,35,62,35,0.564516129,5
b24_sdp2_longestoverlap_ISI_8_test,b24,p2,Span,mixed,8,3,1.2,2.5,9,Eng,62,35,62,35,0.564516129,5
b24_sdp2_longestoverlap_ISI_9_test,b24,p2,Span,mixed,9,13,3.56,3.65,9,Eng,62,35,62,35,0.564516129,5
b24_sdp2_longestoverlap_ISI_10_test,b24,p2,Span,mixed,10,8,1.96,4.08,9,Eng,62,35,62,35,0.564516129,5
b24_sop2_longestoverlap_ISI_0_test,b24,p2,Span,single,0,4,1.78,2.25,9,Eng,62,35,62,35,0.564516129,5
b24_sop2_longestoverlap_ISI_1_test,b24,p2,Span,single,1,4,1.4,2.86,9,Eng,62,35,62,35,0.564516129,5
b24_sop2_longestoverlap_ISI_3_test,b24,p2,Span,single,3,4,1.08,3.7,9,Eng,62,35,62,35,0.564516129,5
b24_sop2_longestoverlap_ISI_4_test,b24,p2,Span,single,4,2,0.92,2.17,9,Eng,62,35,62,35,0.564516129,5
b24_sop2_longestoverlap_ISI_5_test,b24,p2,Span,single,5,16,4.18,3.83,9,Eng,62,35,62,35,0.564516129,5
b24_sop2_longestoverlap_ISI_6_test,b24,p2,Span,single,6,5,1.48,3.38,9,Eng,62,35,62,35,0.564516129,5
b24_sop2_longestoverlap_ISI_7_test,b24,p2,Span,single,7,14,3.44,4.07,9,Eng,62,35,62,35,0.564516129,5
b24_sop2_longestoverlap_ISI_8_test,b24,p2,Span,single,8,5,1.66,3.01,9,Eng,62,35,62,35,0.564516129,5
b24_sop2_longestoverlap_ISI_9_test,b24,p2,Span,single,9,12,3.34,3.59,9,Eng,62,35,62,35,0.564516129,5
b24_sop2_longestoverlap_ISI_10_test,b24,p2,Span,single,10,8,1.92,4.17,9,Eng,62,35,62,35,0.564516129,5
b25rr_sdp1_longestoverlap_ISI_0_test,b25rr,p1,Span,mixed,0,8,2.14,3.74,10,Eng,70,65,70,65,0.928571429,3
b25rr_sdp1_longestoverlap_ISI_1_test,b25rr,p1,Span,mixed,1,15,3.24,4.63,10,Eng,70,65,70,65,0.928571429,3
b25rr_sdp1_longestoverlap_ISI_2_test,b25rr,p1,Span,mixed,2,9,2.7,3.33,10,Eng,70,65,70,65,0.928571429,3
b25rr_sdp1_longestoverlap_ISI_3_test,b25rr,p1,Span,mixed,3,14,2.98,4.7,10,Eng,70,65,70,65,0.928571429,3
b25rr_sdp1_longestoverlap_ISI_4_test,b25rr,p1,Span,mixed,4,6,1.64,3.66,10,Eng,70,65,70,65,0.928571429,3
b25rr_sdp1_longestoverlap_ISI_5_test,b25rr,p1,Span,mixed,5,11,2.78,3.96,10,Eng,70,65,70,65,0.928571429,3
b25rr_sdp1_longestoverlap_ISI_6_test,b25rr,p1,Span,mixed,6,4,0.94,4.25,10,Eng,70,65,70,65,0.928571429,3
b25rr_sdp1_longestoverlap_ISI_7_test,b25rr,p1,Span,mixed,7,5,1.64,3.05,10,Eng,70,65,70,65,0.928571429,3
b25rr_sdp1_longestoverlap_ISI_8_test,b25rr,p1,Span,mixed,8,10,2.6,3.85,10,Eng,70,65,70,65,0.928571429,3
b25rr_sdp1_longestoverlap_ISI_9_test,b25rr,p1,Span,mixed,9,13,2.88,4.51,10,Eng,70,65,70,65,0.928571429,3
b25rr_sdp1_longestoverlap_ISI_10_test,b25rr,p1,Span,mixed,10,3,1.38,2.17,10,Eng,70,65,70,65,0.928571429,3
b25rr_sop1_longestoverlap_ISI_0_test,b25rr,p1,Span,single,0,7,2.16,3.24,10,Eng,70,65,70,65,0.928571429,3
b25rr_sop1_longestoverlap_ISI_1_test,b25rr,p1,Span,single,1,15,3.18,4.72,10,Eng,70,65,70,65,0.928571429,3
b25rr_sop1_longestoverlap_ISI_2_test,b25rr,p1,Span,single,2,10,2.62,3.82,10,Eng,70,65,70,65,0.928571429,3
b25rr_sop1_longestoverlap_ISI_3_test,b25rr,p1,Span,single,3,13,2.9,4.48,10,Eng,70,65,70,65,0.928571429,3
b25rr_sop1_longestoverlap_ISI_4_test,b25rr,p1,Span,single,4,6,1.48,4.05,10,Eng,70,65,70,65,0.928571429,3
b25rr_sop1_longestoverlap_ISI_5_test,b25rr,p1,Span,single,5,9,2.72,3.31,10,Eng,70,65,70,65,0.928571429,3
b25rr_sop1_longestoverlap_ISI_6_test,b25rr,p1,Span,single,6,2,0.88,2.27,10,Eng,70,65,70,65,0.928571429,3
b25rr_sop1_longestoverlap_ISI_7_test,b25rr,p1,Span,single,7,4,1.34,2.98,10,Eng,70,65,70,65,0.928571429,3
b25rr_sop1_longestoverlap_ISI_8_test,b25rr,p1,Span,single,8,8,2.4,3.33,10,Eng,70,65,70,65,0.928571429,3
b25rr_sop1_longestoverlap_ISI_9_test,b25rr,p1,Span,single,9,9,2.74,3.28,10,Eng,70,65,70,65,0.928571429,3
b25rr_sop1_longestoverlap_ISI_10_test,b25rr,p1,Span,single,10,4,1.32,3.03,10,Eng,70,65,70,65,0.928571429,3
b25rr_sdp2_longestoverlap_ISI_0_test,b25rr,p2,Span,mixed,0,8,1.56,5.13,10,Eng,70,65,70,65,0.928571429,3
b25rr_sdp2_longestoverlap_ISI_1_test,b25rr,p2,Span,mixed,1,14,3.64,3.85,10,Eng,70,65,70,65,0.928571429,3
b25rr_sdp2_longestoverlap_ISI_3_test,b25rr,p2,Span,mixed,3,3,0.86,3.49,10,Eng,70,65,70,65,0.928571429,3
b25rr_sdp2_longestoverlap_ISI_4_test,b25rr,p2,Span,mixed,4,8,2.58,3.1,10,Eng,70,65,70,65,0.928571429,3
b25rr_sdp2_longestoverlap_ISI_5_test,b25rr,p2,Span,mixed,5,12,3.08,3.89,10,Eng,70,65,70,65,0.928571429,3
b25rr_sdp2_longestoverlap_ISI_6_test,b25rr,p2,Span,mixed,6,14,2.96,4.73,10,Eng,70,65,70,65,0.928571429,3
b25rr_sdp2_longestoverlap_ISI_7_test,b25rr,p2,Span,mixed,7,9,1.98,4.54,10,Eng,70,65,70,65,0.928571429,3
b25rr_sdp2_longestoverlap_ISI_8_test,b25rr,p2,Span,mixed,8,2,0.74,2.7,10,Eng,70,65,70,65,0.928571429,3
b25rr_sdp2_longestoverlap_ISI_9_test,b25rr,p2,Span,mixed,9,12,2.82,4.25,10,Eng,70,65,70,65,0.928571429,3
b25rr_sdp2_longestoverlap_ISI_10_test,b25rr,p2,Span,mixed,10,4,1.68,2.38,10,Eng,70,65,70,65,0.928571429,3
b25rr_sop2_longestoverlap_ISI_0_test,b25rr,p2,Span,single,0,7,1.56,4.49,10,Eng,70,65,70,65,0.928571429,3
b25rr_sop2_longestoverlap_ISI_1_test,b25rr,p2,Span,single,1,15,3.54,4.24,10,Eng,70,65,70,65,0.928571429,3
b25rr_sop2_longestoverlap_ISI_3_test,b25rr,p2,Span,single,3,3,0.86,3.49,10,Eng,70,65,70,65,0.928571429,3
b25rr_sop2_longestoverlap_ISI_4_test,b25rr,p2,Span,single,4,8,2.26,3.54,10,Eng,70,65,70,65,0.928571429,3
b25rr_sop2_longestoverlap_ISI_5_test,b25rr,p2,Span,single,5,10,2.78,3.6,10,Eng,70,65,70,65,0.928571429,3
b25rr_sop2_longestoverlap_ISI_6_test,b25rr,p2,Span,single,6,9,2.64,3.41,10,Eng,70,65,70,65,0.928571429,3
b25rr_sop2_longestoverlap_ISI_7_test,b25rr,p2,Span,single,7,8,1.8,4.44,10,Eng,70,65,70,65,0.928571429,3
b25rr_sop2_longestoverlap_ISI_8_test,b25rr,p2,Span,single,8,2,0.76,2.63,10,Eng,70,65,70,65,0.928571429,3
b25rr_sop2_longestoverlap_ISI_9_test,b25rr,p2,Span,single,9,9,2.58,3.49,10,Eng,70,65,70,65,0.928571429,3
b25rr_sop2_longestoverlap_ISI_10_test,b25rr,p2,Span,single,10,2,1.38,1.45,10,Eng,70,65,70,65,0.928571429,3
b26r_sdp1_longestoverlap_ISI_0_test,b26r,p1,Span,mixed,0,5,1.7,2.94,11,Eng,70,53,70,53,0.757142857,8
b26r_sdp1_longestoverlap_ISI_1_test,b26r,p1,Span,mixed,1,7,2.3,3.04,11,Eng,70,53,70,53,0.757142857,8
b26r_sdp1_longestoverlap_ISI_2_test,b26r,p1,Span,mixed,2,6,2.2,2.73,11,Eng,70,53,70,53,0.757142857,8
b26r_sdp1_longestoverlap_ISI_3_test,b26r,p1,Span,mixed,3,9,2.4,3.75,11,Eng,70,53,70,53,0.757142857,8
b26r_sdp1_longestoverlap_ISI_4_test,b26r,p1,Span,mixed,4,7,1.68,4.17,11,Eng,70,53,70,53,0.757142857,8
b26r_sdp1_longestoverlap_ISI_5_test,b26r,p1,Span,mixed,5,9,2.68,3.36,11,Eng,70,53,70,53,0.757142857,8
b26r_sdp1_longestoverlap_ISI_7_test,b26r,p1,Span,mixed,7,7,1.98,3.53,11,Eng,70,53,70,53,0.757142857,8
b26r_sdp1_longestoverlap_ISI_9_test,b26r,p1,Span,mixed,9,4,1.18,3.39,11,Eng,70,53,70,53,0.757142857,8
b26r_sdp1_longestoverlap_ISI_10_test,b26r,p1,Span,mixed,10,3,1.62,1.85,11,Eng,70,53,70,53,0.757142857,8
b26r_sop1_longestoverlap_ISI_0_test,b26r,p1,Span,single,0,6,1.56,3.85,11,Eng,70,53,70,53,0.757142857,8
b26r_sop1_longestoverlap_ISI_1_test,b26r,p1,Span,single,1,10,2.4,4.17,11,Eng,70,53,70,53,0.757142857,8
b26r_sop1_longestoverlap_ISI_2_test,b26r,p1,Span,single,2,6,2.14,2.8,11,Eng,70,53,70,53,0.757142857,8
b26r_sop1_longestoverlap_ISI_3_test,b26r,p1,Span,single,3,8,2.2,3.64,11,Eng,70,53,70,53,0.757142857,8
b26r_sop1_longestoverlap_ISI_4_test,b26r,p1,Span,single,4,7,1.4,5,11,Eng,70,53,70,53,0.757142857,8
b26r_sop1_longestoverlap_ISI_5_test,b26r,p1,Span,single,5,7,1.94,3.61,11,Eng,70,53,70,53,0.757142857,8
b26r_sop1_longestoverlap_ISI_7_test,b26r,p1,Span,single,7,8,2,4,11,Eng,70,53,70,53,0.757142857,8
b26r_sop1_longestoverlap_ISI_9_test,b26r,p1,Span,single,9,5,1.26,3.97,11,Eng,70,53,70,53,0.757142857,8
b26r_sop1_longestoverlap_ISI_10_test,b26r,p1,Span,single,10,4,1.46,2.74,11,Eng,70,53,70,53,0.757142857,8
b26r_sdp2_longestoverlap_ISI_0_test,b26r,p2,Span,mixed,0,13,4.54,2.86,11,Eng,70,53,70,53,0.757142857,8
b26r_sdp2_longestoverlap_ISI_1_test,b26r,p2,Span,mixed,1,6,2.48,2.42,11,Eng,70,53,70,53,0.757142857,8
b26r_sdp2_longestoverlap_ISI_2_test,b26r,p2,Span,mixed,2,3,0.94,3.19,11,Eng,70,53,70,53,0.757142857,8
b26r_sdp2_longestoverlap_ISI_3_test,b26r,p2,Span,mixed,3,3,0.86,3.49,11,Eng,70,53,70,53,0.757142857,8
b26r_sdp2_longestoverlap_ISI_4_test,b26r,p2,Span,mixed,4,5,1.5,3.33,11,Eng,70,53,70,53,0.757142857,8
b26r_sdp2_longestoverlap_ISI_5_test,b26r,p2,Span,mixed,5,6,2.44,2.46,11,Eng,70,53,70,53,0.757142857,8
b26r_sdp2_longestoverlap_ISI_6_test,b26r,p2,Span,mixed,6,9,3.5,2.57,11,Eng,70,53,70,53,0.757142857,8
b26r_sdp2_longestoverlap_ISI_7_test,b26r,p2,Span,mixed,7,6,1.88,3.19,11,Eng,70,53,70,53,0.757142857,8
b26r_sdp2_longestoverlap_ISI_8_test,b26r,p2,Span,mixed,8,3,1.22,2.46,11,Eng,70,53,70,53,0.757142857,8
b26r_sdp2_longestoverlap_ISI_9_test,b26r,p2,Span,mixed,9,7,2.44,2.87,11,Eng,70,53,70,53,0.757142857,8
b26r_sdp2_longestoverlap_ISI_10_test,b26r,p2,Span,mixed,10,9,2.06,4.37,11,Eng,70,53,70,53,0.757142857,8
b26r_sop2_longestoverlap_ISI_0_test,b26r,p2,Span,single,0,14,5.5,2.54,11,Eng,70,53,70,53,0.757142857,8
b26r_sop2_longestoverlap_ISI_1_test,b26r,p2,Span,single,1,4,1.78,2.25,11,Eng,70,53,70,53,0.757142857,8
b26r_sop2_longestoverlap_ISI_2_test,b26r,p2,Span,single,2,2,0.62,3.23,11,Eng,70,53,70,53,0.757142857,8
b26r_sop2_longestoverlap_ISI_3_test,b26r,p2,Span,single,3,3,0.74,4.05,11,Eng,70,53,70,53,0.757142857,8
b26r_sop2_longestoverlap_ISI_4_test,b26r,p2,Span,single,4,2,1.22,1.64,11,Eng,70,53,70,53,0.757142857,8
b26r_sop2_longestoverlap_ISI_5_test,b26r,p2,Span,single,5,7,2.2,3.18,11,Eng,70,53,70,53,0.757142857,8
b26r_sop2_longestoverlap_ISI_6_test,b26r,p2,Span,single,6,7,2.32,3.02,11,Eng,70,53,70,53,0.757142857,8
b26r_sop2_longestoverlap_ISI_7_test,b26r,p2,Span,single,7,4,1.98,2.02,11,Eng,70,53,70,53,0.757142857,8
b26r_sop2_longestoverlap_ISI_8_test,b26r,p2,Span,single,8,2,0.98,2.04,11,Eng,70,53,70,53,0.757142857,8
b26r_sop2_longestoverlap_ISI_9_test,b26r,p2,Span,single,9,7,2.02,3.46,11,Eng,70,53,70,53,0.757142857,8
b26r_sop2_longestoverlap_ISI_10_test,b26r,p2,Span,single,10,5,1.54,3.25,11,Eng,70,53,70,53,0.757142857,8
b27_sdp1_longestoverlap_ISI_0_test,b27,p1,Span,mixed,0,13,3,4.33,12,Eng,73,42,73,42,0.575342466,5
b27_sdp1_longestoverlap_ISI_1_test,b27,p1,Span,mixed,1,5,1.22,4.1,12,Eng,73,42,73,42,0.575342466,5
b27_sdp1_longestoverlap_ISI_2_test,b27,p1,Span,mixed,2,4,1,4,12,Eng,73,42,73,42,0.575342466,5
b27_sdp1_longestoverlap_ISI_3_test,b27,p1,Span,mixed,3,15,3.16,4.75,12,Eng,73,42,73,42,0.575342466,5
b27_sdp1_longestoverlap_ISI_4_test,b27,p1,Span,mixed,4,8,1.32,6.06,12,Eng,73,42,73,42,0.575342466,5
b27_sdp1_longestoverlap_ISI_5_test,b27,p1,Span,mixed,5,16,4.14,3.86,12,Eng,73,42,73,42,0.575342466,5
b27_sdp1_longestoverlap_ISI_6_test,b27,p1,Span,mixed,6,5,0.84,5.95,12,Eng,73,42,73,42,0.575342466,5
b27_sdp1_longestoverlap_ISI_7_test,b27,p1,Span,mixed,7,3,0.92,3.26,12,Eng,73,42,73,42,0.575342466,5
b27_sdp1_longestoverlap_ISI_8_test,b27,p1,Span,mixed,8,12,2.16,5.55,12,Eng,73,42,73,42,0.575342466,5
b27_sdp1_longestoverlap_ISI_9_test,b27,p1,Span,mixed,9,4,1.58,2.53,12,Eng,73,42,73,42,0.575342466,5
b27_sdp1_longestoverlap_ISI_10_test,b27,p1,Span,mixed,10,5,1.42,3.52,12,Eng,73,42,73,42,0.575342466,5
b27_sop1_longestoverlap_ISI_0_test,b27,p1,Span,single,0,12,2.6,4.61,12,Eng,73,42,73,42,0.575342466,5
b27_sop1_longestoverlap_ISI_1_test,b27,p1,Span,single,1,3,0.86,3.49,12,Eng,73,42,73,42,0.575342466,5
b27_sop1_longestoverlap_ISI_2_test,b27,p1,Span,single,2,6,1.3,4.61,12,Eng,73,42,73,42,0.575342466,5
b27_sop1_longestoverlap_ISI_3_test,b27,p1,Span,single,3,13,2.74,4.74,12,Eng,73,42,73,42,0.575342466,5
b27_sop1_longestoverlap_ISI_4_test,b27,p1,Span,single,4,6,1.42,4.22,12,Eng,73,42,73,42,0.575342466,5
b27_sop1_longestoverlap_ISI_5_test,b27,p1,Span,single,5,12,2.94,4.08,12,Eng,73,42,73,42,0.575342466,5
b27_sop1_longestoverlap_ISI_6_test,b27,p1,Span,single,6,3,0.82,3.66,12,Eng,73,42,73,42,0.575342466,5
b27_sop1_longestoverlap_ISI_7_test,b27,p1,Span,single,7,2,0.7,2.86,12,Eng,73,42,73,42,0.575342466,5
b27_sop1_longestoverlap_ISI_8_test,b27,p1,Span,single,8,9,2.34,3.85,12,Eng,73,42,73,42,0.575342466,5
b27_sop1_longestoverlap_ISI_9_test,b27,p1,Span,single,9,2,0.98,2.04,12,Eng,73,42,73,42,0.575342466,5
b27_sop1_longestoverlap_ISI_10_test,b27,p1,Span,single,10,7,1.78,3.93,12,Eng,73,42,73,42,0.575342466,5
b27_sdp2_longestoverlap_ISI_0_test,b27,p2,Span,mixed,0,11,2.52,4.36,12,Eng,73,42,73,42,0.575342466,5
b27_sdp2_longestoverlap_ISI_1_test,b27,p2,Span,mixed,1,6,1.54,3.9,12,Eng,73,42,73,42,0.575342466,5
b27_sdp2_longestoverlap_ISI_2_test,b27,p2,Span,mixed,2,4,0.74,5.4,12,Eng,73,42,73,42,0.575342466,5
b27_sdp2_longestoverlap_ISI_3_test,b27,p2,Span,mixed,3,3,0.88,3.41,12,Eng,73,42,73,42,0.575342466,5
b27_sdp2_longestoverlap_ISI_4_test,b27,p2,Span,mixed,4,6,2.34,2.56,12,Eng,73,42,73,42,0.575342466,5
b27_sdp2_longestoverlap_ISI_5_test,b27,p2,Span,mixed,5,20,3.96,5.05,12,Eng,73,42,73,42,0.575342466,5
b27_sdp2_longestoverlap_ISI_6_test,b27,p2,Span,mixed,6,6,2.14,2.8,12,Eng,73,42,73,42,0.575342466,5
b27_sdp2_longestoverlap_ISI_7_test,b27,p2,Span,mixed,7,11,2.44,4.51,12,Eng,73,42,73,42,0.575342466,5
b27_sdp2_longestoverlap_ISI_8_test,b27,p2,Span,mixed,8,3,1.04,2.88,12,Eng,73,42,73,42,0.575342466,5
b27_sdp2_longestoverlap_ISI_9_test,b27,p2,Span,mixed,9,8,2.62,3.05,12,Eng,73,42,73,42,0.575342466,5
b27_sdp2_longestoverlap_ISI_10_test,b27,p2,Span,mixed,10,4,1.36,2.94,12,Eng,73,42,73,42,0.575342466,5
b27_sop2_longestoverlap_ISI_0_test,b27,p2,Span,single,0,12,2.46,4.88,12,Eng,73,42,73,42,0.575342466,5
b27_sop2_longestoverlap_ISI_1_test,b27,p2,Span,single,1,5,0.94,5.32,12,Eng,73,42,73,42,0.575342466,5
b27_sop2_longestoverlap_ISI_2_test,b27,p2,Span,single,2,2,0.5,4,12,Eng,73,42,73,42,0.575342466,5
b27_sop2_longestoverlap_ISI_3_test,b27,p2,Span,single,3,4,0.8,5,12,Eng,73,42,73,42,0.575342466,5
b27_sop2_longestoverlap_ISI_4_test,b27,p2,Span,single,4,5,1.84,2.72,12,Eng,73,42,73,42,0.575342466,5
b27_sop2_longestoverlap_ISI_5_test,b27,p2,Span,single,5,19,3.54,5.37,12,Eng,73,42,73,42,0.575342466,5
b27_sop2_longestoverlap_ISI_6_test,b27,p2,Span,single,6,6,1.26,4.76,12,Eng,73,42,73,42,0.575342466,5
b27_sop2_longestoverlap_ISI_7_test,b27,p2,Span,single,7,10,2.9,3.45,12,Eng,73,42,73,42,0.575342466,5
b27_sop2_longestoverlap_ISI_8_test,b27,p2,Span,single,8,2,0.58,3.45,12,Eng,73,42,73,42,0.575342466,5
b27_sop2_longestoverlap_ISI_9_test,b27,p2,Span,single,9,7,1.96,3.57,12,Eng,73,42,73,42,0.575342466,5
b27_sop2_longestoverlap_ISI_10_test,b27,p2,Span,single,10,3,0.94,3.19,12,Eng,73,42,73,42,0.575342466,5
b28_sdp1_longestoverlap_ISI_0_test,b28,p1,Span,mixed,0,7,1.94,3.61,13,Eng,62,40,62,40,0.64516129,7
b28_sdp1_longestoverlap_ISI_1_test,b28,p1,Span,mixed,1,8,2.16,3.7,13,Eng,62,40,62,40,0.64516129,7
b28_sdp1_longestoverlap_ISI_2_test,b28,p1,Span,mixed,2,8,2.3,3.48,13,Eng,62,40,62,40,0.64516129,7
b28_sdp1_longestoverlap_ISI_3_test,b28,p1,Span,mixed,3,8,2.24,3.57,13,Eng,62,40,62,40,0.64516129,7
b28_sdp1_longestoverlap_ISI_4_test,b28,p1,Span,mixed,4,6,1.74,3.45,13,Eng,62,40,62,40,0.64516129,7
b28_sdp1_longestoverlap_ISI_5_test,b28,p1,Span,mixed,5,8,3.4,2.35,13,Eng,62,40,62,40,0.64516129,7
b28_sdp1_longestoverlap_ISI_6_test,b28,p1,Span,mixed,6,2,0.82,2.44,13,Eng,62,40,62,40,0.64516129,7
b28_sdp1_longestoverlap_ISI_7_test,b28,p1,Span,mixed,7,6,1.86,3.23,13,Eng,62,40,62,40,0.64516129,7
b28_sdp1_longestoverlap_ISI_8_test,b28,p1,Span,mixed,8,6,1.86,3.23,13,Eng,62,40,62,40,0.64516129,7
b28_sdp1_longestoverlap_ISI_9_test,b28,p1,Span,mixed,9,6,2.14,2.8,13,Eng,62,40,62,40,0.64516129,7
b28_sdp1_longestoverlap_ISI_10_test,b28,p1,Span,mixed,10,2,1.26,1.59,13,Eng,62,40,62,40,0.64516129,7
b28_sop1_longestoverlap_ISI_0_test,b28,p1,Span,single,0,5,1.54,3.25,13,Eng,62,40,62,40,0.64516129,7
b28_sop1_longestoverlap_ISI_1_test,b28,p1,Span,single,1,7,1.96,3.57,13,Eng,62,40,62,40,0.64516129,7
b28_sop1_longestoverlap_ISI_2_test,b28,p1,Span,single,2,7,2.1,3.33,13,Eng,62,40,62,40,0.64516129,7
b28_sop1_longestoverlap_ISI_3_test,b28,p1,Span,single,3,7,1.52,4.6,13,Eng,62,40,62,40,0.64516129,7
b28_sop1_longestoverlap_ISI_4_test,b28,p1,Span,single,4,6,1.46,4.11,13,Eng,62,40,62,40,0.64516129,7
b28_sop1_longestoverlap_ISI_5_test,b28,p1,Span,single,5,8,3.12,2.56,13,Eng,62,40,62,40,0.64516129,7
b28_sop1_longestoverlap_ISI_6_test,b28,p1,Span,single,6,3,0.94,3.19,13,Eng,62,40,62,40,0.64516129,7
b28_sop1_longestoverlap_ISI_7_test,b28,p1,Span,single,7,5,1.46,3.42,13,Eng,62,40,62,40,0.64516129,7
b28_sop1_longestoverlap_ISI_8_test,b28,p1,Span,single,8,5,1.92,2.6,13,Eng,62,40,62,40,0.64516129,7
b28_sop1_longestoverlap_ISI_9_test,b28,p1,Span,single,9,6,1.84,3.26,13,Eng,62,40,62,40,0.64516129,7
b28_sop1_longestoverlap_ISI_10_test,b28,p1,Span,single,10,3,1.66,1.81,13,Eng,62,40,62,40,0.64516129,7
b28_sdp2_longestoverlap_ISI_0_test,b28,p2,Span,mixed,0,2,1.2,1.67,13,Eng,62,40,62,40,0.64516129,7
b28_sdp2_longestoverlap_ISI_1_test,b28,p2,Span,mixed,1,14,3.8,3.68,13,Eng,62,40,62,40,0.64516129,7
b28_sdp2_longestoverlap_ISI_5_test,b28,p2,Span,mixed,5,3,1.24,2.42,13,Eng,62,40,62,40,0.64516129,7
b28_sdp2_longestoverlap_ISI_6_test,b28,p2,Span,mixed,6,5,1.48,3.38,13,Eng,62,40,62,40,0.64516129,7
b28_sdp2_longestoverlap_ISI_7_test,b28,p2,Span,mixed,7,7,2.04,3.43,13,Eng,62,40,62,40,0.64516129,7
b28_sdp2_longestoverlap_ISI_8_test,b28,p2,Span,mixed,8,3,1.04,2.88,13,Eng,62,40,62,40,0.64516129,7
b28_sdp2_longestoverlap_ISI_9_test,b28,p2,Span,mixed,9,9,1.8,5,13,Eng,62,40,62,40,0.64516129,7
b28_sdp2_longestoverlap_ISI_10_test,b28,p2,Span,mixed,10,4,1.34,2.98,13,Eng,62,40,62,40,0.64516129,7
b28_sop2_longestoverlap_ISI_0_test,b28,p2,Span,single,0,2,0.78,2.56,13,Eng,62,40,62,40,0.64516129,7
b28_sop2_longestoverlap_ISI_1_test,b28,p2,Span,single,1,12,3.38,3.55,13,Eng,62,40,62,40,0.64516129,7
b28_sop2_longestoverlap_ISI_5_test,b28,p2,Span,single,5,7,2.22,3.15,13,Eng,62,40,62,40,0.64516129,7
b28_sop2_longestoverlap_ISI_6_test,b28,p2,Span,single,6,3,1.24,2.42,13,Eng,62,40,62,40,0.64516129,7
b28_sop2_longestoverlap_ISI_7_test,b28,p2,Span,single,7,7,1.88,3.72,13,Eng,62,40,62,40,0.64516129,7
b28_sop2_longestoverlap_ISI_8_test,b28,p2,Span,single,8,2,1.02,1.96,13,Eng,62,40,62,40,0.64516129,7
b28_sop2_longestoverlap_ISI_9_test,b28,p2,Span,single,9,6,1.48,4.05,13,Eng,62,40,62,40,0.64516129,7
b28_sop2_longestoverlap_ISI_10_test,b28,p2,Span,single,10,4,1.34,2.98,13,Eng,62,40,62,40,0.64516129,7
b29r_sdp1_longestoverlap_ISI_0_test,b29r,p1,Span,mixed,0,7,1.72,4.07,14,Eng,72,62,72,62,0.861111111,4
b29r_sdp1_longestoverlap_ISI_1_test,b29r,p1,Span,mixed,1,15,2.96,5.07,14,Eng,72,62,72,62,0.861111111,4
b29r_sdp1_longestoverlap_ISI_2_test,b29r,p1,Span,mixed,2,13,3,4.33,14,Eng,72,62,72,62,0.861111111,4
b29r_sdp1_longestoverlap_ISI_3_test,b29r,p1,Span,mixed,3,7,1.56,4.49,14,Eng,72,62,72,62,0.861111111,4
b29r_sdp1_longestoverlap_ISI_4_test,b29r,p1,Span,mixed,4,6,1.38,4.35,14,Eng,72,62,72,62,0.861111111,4
b29r_sdp1_longestoverlap_ISI_5_test,b29r,p1,Span,mixed,5,6,1.4,4.28,14,Eng,72,62,72,62,0.861111111,4
b29r_sdp1_longestoverlap_ISI_6_test,b29r,p1,Span,mixed,6,5,1.32,3.79,14,Eng,72,62,72,62,0.861111111,4
b29r_sdp1_longestoverlap_ISI_7_test,b29r,p1,Span,mixed,7,8,1.86,4.3,14,Eng,72,62,72,62,0.861111111,4
b29r_sdp1_longestoverlap_ISI_8_test,b29r,p1,Span,mixed,8,5,1.4,3.57,14,Eng,72,62,72,62,0.861111111,4
b29r_sdp1_longestoverlap_ISI_9_test,b29r,p1,Span,mixed,9,15,3.2,4.69,14,Eng,72,62,72,62,0.861111111,4
b29r_sdp1_longestoverlap_ISI_10_test,b29r,p1,Span,mixed,10,7,1.68,4.17,14,Eng,72,62,72,62,0.861111111,4
b29r_sop1_longestoverlap_ISI_0_test,b29r,p1,Span,single,0,7,1.94,3.61,14,Eng,72,62,72,62,0.861111111,4
b29r_sop1_longestoverlap_ISI_1_test,b29r,p1,Span,single,1,17,3.52,4.83,14,Eng,72,62,72,62,0.861111111,4
b29r_sop1_longestoverlap_ISI_2_test,b29r,p1,Span,single,2,15,3.22,4.66,14,Eng,72,62,72,62,0.861111111,4
b29r_sop1_longestoverlap_ISI_3_test,b29r,p1,Span,single,3,9,1.54,5.84,14,Eng,72,62,72,62,0.861111111,4
b29r_sop1_longestoverlap_ISI_4_test,b29r,p1,Span,single,4,7,1.48,4.73,14,Eng,72,62,72,62,0.861111111,4
b29r_sop1_longestoverlap_ISI_5_test,b29r,p1,Span,single,5,7,1.98,3.54,14,Eng,72,62,72,62,0.861111111,4
b29r_sop1_longestoverlap_ISI_6_test,b29r,p1,Span,single,6,5,1.54,3.25,14,Eng,72,62,72,62,0.861111111,4
b29r_sop1_longestoverlap_ISI_7_test,b29r,p1,Span,single,7,7,1.96,3.57,14,Eng,72,62,72,62,0.861111111,4
b29r_sop1_longestoverlap_ISI_8_test,b29r,p1,Span,single,8,6,1.64,3.66,14,Eng,72,62,72,62,0.861111111,4
b29r_sop1_longestoverlap_ISI_9_test,b29r,p1,Span,single,9,15,2.82,5.32,14,Eng,72,62,72,62,0.861111111,4
b29r_sop1_longestoverlap_ISI_10_test,b29r,p1,Span,single,10,5,1.64,3.05,14,Eng,72,62,72,62,0.861111111,4
b29r_sdp2_longestoverlap_ISI_0_test,b29r,p2,Span,mixed,0,8,1.56,5.13,14,Eng,72,62,72,62,0.861111111,4
b29r_sdp2_longestoverlap_ISI_1_test,b29r,p2,Span,mixed,1,4,1.24,3.23,14,Eng,72,62,72,62,0.861111111,4
b29r_sdp2_longestoverlap_ISI_3_test,b29r,p2,Span,mixed,3,3,0.78,3.85,14,Eng,72,62,72,62,0.861111111,4
b29r_sdp2_longestoverlap_ISI_4_test,b29r,p2,Span,mixed,4,6,1.78,3.37,14,Eng,72,62,72,62,0.861111111,4
b29r_sdp2_longestoverlap_ISI_5_test,b29r,p2,Span,mixed,5,6,1.46,4.11,14,Eng,72,62,72,62,0.861111111,4
b29r_sdp2_longestoverlap_ISI_6_test,b29r,p2,Span,mixed,6,9,1.68,5.36,14,Eng,72,62,72,62,0.861111111,4
b29r_sdp2_longestoverlap_ISI_7_test,b29r,p2,Span,mixed,7,7,2.36,2.97,14,Eng,72,62,72,62,0.861111111,4
b29r_sdp2_longestoverlap_ISI_8_test,b29r,p2,Span,mixed,8,3,0.84,3.57,14,Eng,72,62,72,62,0.861111111,4
b29r_sdp2_longestoverlap_ISI_9_test,b29r,p2,Span,mixed,9,7,2.16,3.24,14,Eng,72,62,72,62,0.861111111,4
b29r_sdp2_longestoverlap_ISI_10_test,b29r,p2,Span,mixed,10,5,2.36,2.12,14,Eng,72,62,72,62,0.861111111,4
b29r_sop2_longestoverlap_ISI_0_test,b29r,p2,Span,single,0,7,1.78,3.93,14,Eng,72,62,72,62,0.861111111,4
b29r_sop2_longestoverlap_ISI_1_test,b29r,p2,Span,single,1,5,1.2,4.17,14,Eng,72,62,72,62,0.861111111,4
b29r_sop2_longestoverlap_ISI_3_test,b29r,p2,Span,single,3,4,0.86,4.65,14,Eng,72,62,72,62,0.861111111,4
b29r_sop2_longestoverlap_ISI_4_test,b29r,p2,Span,single,4,7,1.82,3.85,14,Eng,72,62,72,62,0.861111111,4
b29r_sop2_longestoverlap_ISI_5_test,b29r,p2,Span,single,5,5,1.66,3.01,14,Eng,72,62,72,62,0.861111111,4
b29r_sop2_longestoverlap_ISI_6_test,b29r,p2,Span,single,6,9,1.82,4.94,14,Eng,72,62,72,62,0.861111111,4
b29r_sop2_longestoverlap_ISI_7_test,b29r,p2,Span,single,7,8,2.14,3.74,14,Eng,72,62,72,62,0.861111111,4
b29r_sop2_longestoverlap_ISI_8_test,b29r,p2,Span,single,8,3,0.82,3.66,14,Eng,72,62,72,62,0.861111111,4
b29r_sop2_longestoverlap_ISI_9_test,b29r,p2,Span,single,9,8,1.76,4.54,14,Eng,72,62,72,62,0.861111111,4
b29r_sop2_longestoverlap_ISI_10_test,b29r,p2,Span,single,10,7,1.72,4.07,14,Eng,72,62,72,62,0.861111111,4
b30r_sdp1_longestoverlap_ISI_0_test,b30r,p1,Span,mixed,0,14,4.06,3.45,15,Eng,65,42,65,42,0.646153846,5
b30r_sdp1_longestoverlap_ISI_1_test,b30r,p1,Span,mixed,1,9,2.46,3.66,15,Eng,65,42,65,42,0.646153846,5
b30r_sdp1_longestoverlap_ISI_2_test,b30r,p1,Span,mixed,2,11,3.02,3.64,15,Eng,65,42,65,42,0.646153846,5
b30r_sdp1_longestoverlap_ISI_3_test,b30r,p1,Span,mixed,3,10,2.3,4.35,15,Eng,65,42,65,42,0.646153846,5
b30r_sdp1_longestoverlap_ISI_4_test,b30r,p1,Span,mixed,4,6,1.58,3.8,15,Eng,65,42,65,42,0.646153846,5
b30r_sdp1_longestoverlap_ISI_5_test,b30r,p1,Span,mixed,5,9,2.04,4.41,15,Eng,65,42,65,42,0.646153846,5
b30r_sdp1_longestoverlap_ISI_6_test,b30r,p1,Span,mixed,6,6,1.86,3.23,15,Eng,65,42,65,42,0.646153846,5
b30r_sdp1_longestoverlap_ISI_7_test,b30r,p1,Span,mixed,7,3,0.84,3.57,15,Eng,65,42,65,42,0.646153846,5
b30r_sdp1_longestoverlap_ISI_8_test,b30r,p1,Span,mixed,8,6,1.64,3.66,15,Eng,65,42,65,42,0.646153846,5
b30r_sdp1_longestoverlap_ISI_9_test,b30r,p1,Span,mixed,9,16,3.3,4.85,15,Eng,65,42,65,42,0.646153846,5
b30r_sdp1_longestoverlap_ISI_10_test,b30r,p1,Span,mixed,10,6,1.44,4.17,15,Eng,65,42,65,42,0.646153846,5
b30r_sop1_longestoverlap_ISI_0_test,b30r,p1,Span,single,0,14,3.94,3.55,15,Eng,65,42,65,42,0.646153846,5
b30r_sop1_longestoverlap_ISI_1_test,b30r,p1,Span,single,1,8,2.24,3.57,15,Eng,65,42,65,42,0.646153846,5
b30r_sop1_longestoverlap_ISI_2_test,b30r,p1,Span,single,2,11,2.82,3.9,15,Eng,65,42,65,42,0.646153846,5
b30r_sop1_longestoverlap_ISI_3_test,b30r,p1,Span,single,3,11,2.4,4.58,15,Eng,65,42,65,42,0.646153846,5
b30r_sop1_longestoverlap_ISI_4_test,b30r,p1,Span,single,4,6,1.56,3.85,15,Eng,65,42,65,42,0.646153846,5
b30r_sop1_longestoverlap_ISI_5_test,b30r,p1,Span,single,5,8,2.08,3.84,15,Eng,65,42,65,42,0.646153846,5
b30r_sop1_longestoverlap_ISI_6_test,b30r,p1,Span,single,6,6,1.9,3.16,15,Eng,65,42,65,42,0.646153846,5
b30r_sop1_longestoverlap_ISI_7_test,b30r,p1,Span,single,7,3,0.78,3.85,15,Eng,65,42,65,42,0.646153846,5
b30r_sop1_longestoverlap_ISI_8_test,b30r,p1,Span,single,8,7,1.54,4.54,15,Eng,65,42,65,42,0.646153846,5
b30r_sop1_longestoverlap_ISI_9_test,b30r,p1,Span,single,9,13,2.8,4.64,15,Eng,65,42,65,42,0.646153846,5
b30r_sop1_longestoverlap_ISI_10_test,b30r,p1,Span,single,10,5,1.46,3.42,15,Eng,65,42,65,42,0.646153846,5
b30r_sdp2_longestoverlap_ISI_0_test,b30r,p2,Span,mixed,0,8,1.86,4.3,15,Eng,65,42,65,42,0.646153846,5
b30r_sdp2_longestoverlap_ISI_1_test,b30r,p2,Span,mixed,1,3,1.08,2.78,15,Eng,65,42,65,42,0.646153846,5
b30r_sdp2_longestoverlap_ISI_2_test,b30r,p2,Span,mixed,2,2,0.62,3.23,15,Eng,65,42,65,42,0.646153846,5
b30r_sdp2_longestoverlap_ISI_3_test,b30r,p2,Span,mixed,3,3,0.96,3.12,15,Eng,65,42,65,42,0.646153846,5
b30r_sdp2_longestoverlap_ISI_4_test,b30r,p2,Span,mixed,4,5,1.26,3.97,15,Eng,65,42,65,42,0.646153846,5
b30r_sdp2_longestoverlap_ISI_5_test,b30r,p2,Span,mixed,5,11,2.04,5.39,15,Eng,65,42,65,42,0.646153846,5
b30r_sdp2_longestoverlap_ISI_6_test,b30r,p2,Span,mixed,6,10,2.08,4.81,15,Eng,65,42,65,42,0.646153846,5
b30r_sdp2_longestoverlap_ISI_7_test,b30r,p2,Span,mixed,7,6,2.2,2.73,15,Eng,65,42,65,42,0.646153846,5
b30r_sdp2_longestoverlap_ISI_8_test,b30r,p2,Span,mixed,8,3,0.9,3.33,15,Eng,65,42,65,42,0.646153846,5
b30r_sdp2_longestoverlap_ISI_9_test,b30r,p2,Span,mixed,9,7,1.62,4.32,15,Eng,65,42,65,42,0.646153846,5
b30r_sdp2_longestoverlap_ISI_10_test,b30r,p2,Span,mixed,10,2,1.42,1.41,15,Eng,65,42,65,42,0.646153846,5
b30r_sop2_longestoverlap_ISI_0_test,b30r,p2,Span,single,0,6,2.12,2.83,15,Eng,65,42,65,42,0.646153846,5
b30r_sop2_longestoverlap_ISI_1_test,b30r,p2,Span,single,1,4,1.24,3.22,15,Eng,65,42,65,42,0.646153846,5
b30r_sop2_longestoverlap_ISI_2_test,b30r,p2,Span,single,2,2,0.58,3.45,15,Eng,65,42,65,42,0.646153846,5
b30r_sop2_longestoverlap_ISI_3_test,b30r,p2,Span,single,3,3,0.96,3.12,15,Eng,65,42,65,42,0.646153846,5
b30r_sop2_longestoverlap_ISI_4_test,b30r,p2,Span,single,4,7,1.66,4.22,15,Eng,65,42,65,42,0.646153846,5
b30r_sop2_longestoverlap_ISI_5_test,b30r,p2,Span,single,5,8,1.86,4.3,15,Eng,65,42,65,42,0.646153846,5
b30r_sop2_longestoverlap_ISI_6_test,b30r,p2,Span,single,6,8,2.22,3.6,15,Eng,65,42,65,42,0.646153846,5
b30r_sop2_longestoverlap_ISI_7_test,b30r,p2,Span,single,7,7,2.04,3.43,15,Eng,65,42,65,42,0.646153846,5
b30r_sop2_longestoverlap_ISI_8_test,b30r,p2,Span,single,8,3,1.04,2.88,15,Eng,65,42,65,42,0.646153846,5
b30r_sop2_longestoverlap_ISI_9_test,b30r,p2,Span,single,9,7,1.6,4.37,15,Eng,65,42,65,42,0.646153846,5
b30r_sop2_longestoverlap_ISI_10_test,b30r,p2,Span,single,10,3,1.4,2.14,15,Eng,65,42,65,42,0.646153846,5
b31r_sdp1_longestoverlap_ISI_0_test,b31r,p1,Span,mixed,0,10,2.54,3.94,16,Eng,62,48,62,48,0.774193548,1
b31r_sdp1_longestoverlap_ISI_1_test,b31r,p1,Span,mixed,1,5,1.8,2.78,16,Eng,62,48,62,48,0.774193548,1
b31r_sdp1_longestoverlap_ISI_2_test,b31r,p1,Span,mixed,2,20,3.88,5.15,16,Eng,62,48,62,48,0.774193548,1
b31r_sdp1_longestoverlap_ISI_3_test,b31r,p1,Span,mixed,3,15,3.78,3.97,16,Eng,62,48,62,48,0.774193548,1
b31r_sdp1_longestoverlap_ISI_4_test,b31r,p1,Span,mixed,4,6,1.46,4.11,16,Eng,62,48,62,48,0.774193548,1
b31r_sdp1_longestoverlap_ISI_5_test,b31r,p1,Span,mixed,5,20,4.44,4.5,16,Eng,62,48,62,48,0.774193548,1
b31r_sdp1_longestoverlap_ISI_7_test,b31r,p1,Span,mixed,7,7,1.78,3.93,16,Eng,62,48,62,48,0.774193548,1
b31r_sdp1_longestoverlap_ISI_8_test,b31r,p1,Span,mixed,8,3,0.98,3.06,16,Eng,62,48,62,48,0.774193548,1
b31r_sdp1_longestoverlap_ISI_9_test,b31r,p1,Span,mixed,9,12,2.96,4.05,16,Eng,62,48,62,48,0.774193548,1
b31r_sdp1_longestoverlap_ISI_10_test,b31r,p1,Span,mixed,10,5,1.64,3.05,16,Eng,62,48,62,48,0.774193548,1
b31r_sop1_longestoverlap_ISI_0_test,b31r,p1,Span,single,0,11,2.72,4.04,16,Eng,62,48,62,48,0.774193548,1
b31r_sop1_longestoverlap_ISI_1_test,b31r,p1,Span,single,1,7,2.3,3.04,16,Eng,62,48,62,48,0.774193548,1
b31r_sop1_longestoverlap_ISI_2_test,b31r,p1,Span,single,2,17,4.44,3.83,16,Eng,62,48,62,48,0.774193548,1
b31r_sop1_longestoverlap_ISI_3_test,b31r,p1,Span,single,3,13,3.28,3.96,16,Eng,62,48,62,48,0.774193548,1
b31r_sop1_longestoverlap_ISI_4_test,b31r,p1,Span,single,4,6,1.46,4.11,16,Eng,62,48,62,48,0.774193548,1
b31r_sop1_longestoverlap_ISI_5_test,b31r,p1,Span,single,5,21,4.64,4.52,16,Eng,62,48,62,48,0.774193548,1
b31r_sop1_longestoverlap_ISI_7_test,b31r,p1,Span,single,7,5,1.54,3.25,16,Eng,62,48,62,48,0.774193548,1
b31r_sop1_longestoverlap_ISI_8_test,b31r,p1,Span,single,8,4,1.2,3.33,16,Eng,62,48,62,48,0.774193548,1
b31r_sop1_longestoverlap_ISI_9_test,b31r,p1,Span,single,9,15,3.48,4.31,16,Eng,62,48,62,48,0.774193548,1
b31r_sop1_longestoverlap_ISI_10_test,b31r,p1,Span,single,10,4,1.56,2.56,16,Eng,62,48,62,48,0.774193548,1
b31r_sdp2_longestoverlap_ISI_0_test,b31r,p2,Span,mixed,0,13,3.5,3.71,16,Eng,62,48,62,48,0.774193548,1
b31r_sdp2_longestoverlap_ISI_1_test,b31r,p2,Span,mixed,1,6,1.72,3.49,16,Eng,62,48,62,48,0.774193548,1
b31r_sdp2_longestoverlap_ISI_2_test,b31r,p2,Span,mixed,2,3,1.04,2.88,16,Eng,62,48,62,48,0.774193548,1
b31r_sdp2_longestoverlap_ISI_3_test,b31r,p2,Span,mixed,3,3,1.02,2.94,16,Eng,62,48,62,48,0.774193548,1
b31r_sdp2_longestoverlap_ISI_4_test,b31r,p2,Span,mixed,4,10,2.82,3.55,16,Eng,62,48,62,48,0.774193548,1
b31r_sdp2_longestoverlap_ISI_5_test,b31r,p2,Span,mixed,5,10,2.46,4.06,16,Eng,62,48,62,48,0.774193548,1
b31r_sdp2_longestoverlap_ISI_6_test,b31r,p2,Span,mixed,6,6,1.4,4.29,16,Eng,62,48,62,48,0.774193548,1
b31r_sdp2_longestoverlap_ISI_7_test,b31r,p2,Span,mixed,7,11,3.54,3.11,16,Eng,62,48,62,48,0.774193548,1
b31r_sdp2_longestoverlap_ISI_9_test,b31r,p2,Span,mixed,9,13,3.28,3.96,16,Eng,62,48,62,48,0.774193548,1
b31r_sdp2_longestoverlap_ISI_10_test,b31r,p2,Span,mixed,10,5,1.64,3.05,16,Eng,62,48,62,48,0.774193548,1
b31r_sop2_longestoverlap_ISI_0_test,b31r,p2,Span,single,0,15,4.04,3.71,16,Eng,62,48,62,48,0.774193548,1
b31r_sop2_longestoverlap_ISI_1_test,b31r,p2,Span,single,1,7,2.04,3.43,16,Eng,62,48,62,48,0.774193548,1
b31r_sop2_longestoverlap_ISI_2_test,b31r,p2,Span,single,2,4,1.06,3.77,16,Eng,62,48,62,48,0.774193548,1
b31r_sop2_longestoverlap_ISI_3_test,b31r,p2,Span,single,3,3,0.96,3.12,16,Eng,62,48,62,48,0.774193548,1
b31r_sop2_longestoverlap_ISI_4_test,b31r,p2,Span,single,4,11,3.26,3.37,16,Eng,62,48,62,48,0.774193548,1
b31r_sop2_longestoverlap_ISI_5_test,b31r,p2,Span,single,5,11,2.92,3.77,16,Eng,62,48,62,48,0.774193548,1
b31r_sop2_longestoverlap_ISI_6_test,b31r,p2,Span,single,6,8,1.7,4.71,16,Eng,62,48,62,48,0.774193548,1
b31r_sop2_longestoverlap_ISI_7_test,b31r,p2,Span,single,7,12,4.06,2.96,16,Eng,62,48,62,48,0.774193548,1
b31r_sop2_longestoverlap_ISI_9_test,b31r,p2,Span,single,9,15,3.42,4.39,16,Eng,62,48,62,48,0.774193548,1
b31r_sop2_longestoverlap_ISI_10_test,b31r,p2,Span,single,10,9,2.08,4.33,16,Eng,62,48,62,48,0.774193548,1
b32_sdp1_longestoverlap_ISI_0_test,b32,p1,Span,mixed,0,10,2.1,4.76,17,Eng,67,49,67,49,0.731343284,3
b32_sdp1_longestoverlap_ISI_1_test,b32,p1,Span,mixed,1,11,2.44,4.51,17,Eng,67,49,67,49,0.731343284,3
b32_sdp1_longestoverlap_ISI_2_test,b32,p1,Span,mixed,2,10,2.46,4.06,17,Eng,67,49,67,49,0.731343284,3
b32_sdp1_longestoverlap_ISI_3_test,b32,p1,Span,mixed,3,10,1.9,5.26,17,Eng,67,49,67,49,0.731343284,3
b32_sdp1_longestoverlap_ISI_4_test,b32,p1,Span,mixed,4,5,1.16,4.31,17,Eng,67,49,67,49,0.731343284,3
b32_sdp1_longestoverlap_ISI_5_test,b32,p1,Span,mixed,5,13,3.58,3.63,17,Eng,67,49,67,49,0.731343284,3
b32_sdp1_longestoverlap_ISI_6_test,b32,p1,Span,mixed,6,4,1.6,2.5,17,Eng,67,49,67,49,0.731343284,3
b32_sdp1_longestoverlap_ISI_7_test,b32,p1,Span,mixed,7,5,1.52,3.29,17,Eng,67,49,67,49,0.731343284,3
b32_sdp1_longestoverlap_ISI_8_test,b32,p1,Span,mixed,8,12,2.48,4.84,17,Eng,67,49,67,49,0.731343284,3
b32_sdp1_longestoverlap_ISI_9_test,b32,p1,Span,mixed,9,3,1.46,2.05,17,Eng,67,49,67,49,0.731343284,3
b32_sdp1_longestoverlap_ISI_10_test,b32,p1,Span,mixed,10,6,2.44,2.46,17,Eng,67,49,67,49,0.731343284,3
b32_sop1_longestoverlap_ISI_0_test,b32,p1,Span,single,0,11,2.54,4.33,17,Eng,67,49,67,49,0.731343284,3
b32_sop1_longestoverlap_ISI_1_test,b32,p1,Span,single,1,13,2.94,4.42,17,Eng,67,49,67,49,0.731343284,3
b32_sop1_longestoverlap_ISI_2_test,b32,p1,Span,single,2,11,2.54,4.33,17,Eng,67,49,67,49,0.731343284,3
b32_sop1_longestoverlap_ISI_3_test,b32,p1,Span,single,3,10,1.78,5.62,17,Eng,67,49,67,49,0.731343284,3
b32_sop1_longestoverlap_ISI_4_test,b32,p1,Span,single,4,6,1.46,4.11,17,Eng,67,49,67,49,0.731343284,3
b32_sop1_longestoverlap_ISI_5_test,b32,p1,Span,single,5,14,3.18,4.4,17,Eng,67,49,67,49,0.731343284,3
b32_sop1_longestoverlap_ISI_6_test,b32,p1,Span,single,6,5,1.52,3.29,17,Eng,67,49,67,49,0.731343284,3
b32_sop1_longestoverlap_ISI_7_test,b32,p1,Span,single,7,5,1.42,3.52,17,Eng,67,49,67,49,0.731343284,3
b32_sop1_longestoverlap_ISI_8_test,b32,p1,Span,single,8,9,2.26,3.98,17,Eng,67,49,67,49,0.731343284,3
b32_sop1_longestoverlap_ISI_9_test,b32,p1,Span,single,9,3,1.14,2.63,17,Eng,67,49,67,49,0.731343284,3
b32_sop1_longestoverlap_ISI_10_test,b32,p1,Span,single,10,3,1.06,2.83,17,Eng,67,49,67,49,0.731343284,3
b32_sdp2_longestoverlap_ISI_0_test,b32,p2,Span,mixed,0,4,1.4,2.86,17,Eng,67,49,67,49,0.731343284,3
b32_sdp2_longestoverlap_ISI_1_test,b32,p2,Span,mixed,1,4,1.04,3.85,17,Eng,67,49,67,49,0.731343284,3
b32_sdp2_longestoverlap_ISI_2_test,b32,p2,Span,mixed,2,2,0.54,3.7,17,Eng,67,49,67,49,0.731343284,3
b32_sdp2_longestoverlap_ISI_3_test,b32,p2,Span,mixed,3,3,0.76,3.95,17,Eng,67,49,67,49,0.731343284,3
b32_sdp2_longestoverlap_ISI_4_test,b32,p2,Span,mixed,4,6,1.24,4.84,17,Eng,67,49,67,49,0.731343284,3
b32_sdp2_longestoverlap_ISI_5_test,b32,p2,Span,mixed,5,16,3.06,5.23,17,Eng,67,49,67,49,0.731343284,3
b32_sdp2_longestoverlap_ISI_7_test,b32,p2,Span,mixed,7,16,3.42,4.68,17,Eng,67,49,67,49,0.731343284,3
b32_sdp2_longestoverlap_ISI_9_test,b32,p2,Span,mixed,9,9,2.34,3.85,17,Eng,67,49,67,49,0.731343284,3
b32_sdp2_longestoverlap_ISI_10_test,b32,p2,Span,mixed,10,3,1.08,2.78,17,Eng,67,49,67,49,0.731343284,3
b32_sop2_longestoverlap_ISI_0_test,b32,p2,Span,single,0,5,1.34,3.73,17,Eng,67,49,67,49,0.731343284,3
b32_sop2_longestoverlap_ISI_1_test,b32,p2,Span,single,1,4,0.96,4.17,17,Eng,67,49,67,49,0.731343284,3
b32_sop2_longestoverlap_ISI_2_test,b32,p2,Span,single,2,2,0.58,3.45,17,Eng,67,49,67,49,0.731343284,3
b32_sop2_longestoverlap_ISI_3_test,b32,p2,Span,single,3,3,0.74,4.05,17,Eng,67,49,67,49,0.731343284,3
b32_sop2_longestoverlap_ISI_4_test,b32,p2,Span,single,4,5,1.32,3.79,17,Eng,67,49,67,49,0.731343284,3
b32_sop2_longestoverlap_ISI_5_test,b32,p2,Span,single,5,17,3.3,5.15,17,Eng,67,49,67,49,0.731343284,3
b32_sop2_longestoverlap_ISI_7_test,b32,p2,Span,single,7,15,3.52,4.26,17,Eng,67,49,67,49,0.731343284,3
b32_sop2_longestoverlap_ISI_9_test,b32,p2,Span,single,9,10,2.46,4.06,17,Eng,67,49,67,49,0.731343284,3
b32_sop2_longestoverlap_ISI_10_test,b32,p2,Span,single,10,2,1.36,1.47,17,Eng,67,49,67,49,0.731343284,3
b33r_sdp1_longestoverlap_ISI_0_test,b33r,p1,Span,mixed,0,5,2.24,2.23,2,Eng,54,42,54,42,0.777777778,4
b33r_sdp1_longestoverlap_ISI_1_test,b33r,p1,Span,mixed,1,10,3.4,2.94,2,Eng,54,42,54,42,0.777777778,4
b33r_sdp1_longestoverlap_ISI_2_test,b33r,p1,Span,mixed,2,9,2.58,3.49,2,Eng,54,42,54,42,0.777777778,4
b33r_sdp1_longestoverlap_ISI_3_test,b33r,p1,Span,mixed,3,15,4.24,3.54,2,Eng,54,42,54,42,0.777777778,4
b33r_sdp1_longestoverlap_ISI_5_test,b33r,p1,Span,mixed,5,7,2.14,3.27,2,Eng,54,42,54,42,0.777777778,4
b33r_sdp1_longestoverlap_ISI_6_test,b33r,p1,Span,mixed,6,6,2.14,2.8,2,Eng,54,42,54,42,0.777777778,4
b33r_sdp1_longestoverlap_ISI_7_test,b33r,p1,Span,mixed,7,3,1.12,2.68,2,Eng,54,42,54,42,0.777777778,4
b33r_sdp1_longestoverlap_ISI_8_test,b33r,p1,Span,mixed,8,5,1.66,3.01,2,Eng,54,42,54,42,0.777777778,4
b33r_sdp1_longestoverlap_ISI_9_test,b33r,p1,Span,mixed,9,3,1.34,2.24,2,Eng,54,42,54,42,0.777777778,4
b33r_sdp1_longestoverlap_ISI_10_test,b33r,p1,Span,mixed,10,6,1.92,3.12,2,Eng,54,42,54,42,0.777777778,4
b33r_sop1_longestoverlap_ISI_0_test,b33r,p1,Span,single,0,6,2.04,2.94,2,Eng,54,42,54,42,0.777777778,4
b33r_sop1_longestoverlap_ISI_1_test,b33r,p1,Span,single,1,12,2.76,4.35,2,Eng,54,42,54,42,0.777777778,4
b33r_sop1_longestoverlap_ISI_2_test,b33r,p1,Span,single,2,10,3.32,3.01,2,Eng,54,42,54,42,0.777777778,4
b33r_sop1_longestoverlap_ISI_3_test,b33r,p1,Span,single,3,16,3.56,4.49,2,Eng,54,42,54,42,0.777777778,4
b33r_sop1_longestoverlap_ISI_5_test,b33r,p1,Span,single,5,6,1.62,3.7,2,Eng,54,42,54,42,0.777777778,4
b33r_sop1_longestoverlap_ISI_6_test,b33r,p1,Span,single,6,5,2.06,2.43,2,Eng,54,42,54,42,0.777777778,4
b33r_sop1_longestoverlap_ISI_7_test,b33r,p1,Span,single,7,4,1.18,3.39,2,Eng,54,42,54,42,0.777777778,4
b33r_sop1_longestoverlap_ISI_8_test,b33r,p1,Span,single,8,6,1.26,4.76,2,Eng,54,42,54,42,0.777777778,4
b33r_sop1_longestoverlap_ISI_9_test,b33r,p1,Span,single,9,3,1.36,2.21,2,Eng,54,42,54,42,0.777777778,4
b33r_sop1_longestoverlap_ISI_10_test,b33r,p1,Span,single,10,5,1.72,2.91,2,Eng,54,42,54,42,0.777777778,4
b33r_sdp2_longestoverlap_ISI_0_test,b33r,p2,Span,mixed,0,11,4.36,2.52,2,Eng,54,42,54,42,0.777777778,4
b33r_sdp2_longestoverlap_ISI_1_test,b33r,p2,Span,mixed,1,6,1.52,3.95,2,Eng,54,42,54,42,0.777777778,4
b33r_sdp2_longestoverlap_ISI_2_test,b33r,p2,Span,mixed,2,2,0.66,3.03,2,Eng,54,42,54,42,0.777777778,4
b33r_sdp2_longestoverlap_ISI_3_test,b33r,p2,Span,mixed,3,4,1.08,3.7,2,Eng,54,42,54,42,0.777777778,4
b33r_sdp2_longestoverlap_ISI_4_test,b33r,p2,Span,mixed,4,7,2.68,2.61,2,Eng,54,42,54,42,0.777777778,4
b33r_sdp2_longestoverlap_ISI_5_test,b33r,p2,Span,mixed,5,14,3.98,3.52,2,Eng,54,42,54,42,0.777777778,4
b33r_sdp2_longestoverlap_ISI_6_test,b33r,p2,Span,mixed,6,4,1.52,2.63,2,Eng,54,42,54,42,0.777777778,4
b33r_sdp2_longestoverlap_ISI_7_test,b33r,p2,Span,mixed,7,8,2.5,3.2,2,Eng,54,42,54,42,0.777777778,4
b33r_sdp2_longestoverlap_ISI_9_test,b33r,p2,Span,mixed,9,5,1.38,3.62,2,Eng,54,42,54,42,0.777777778,4
b33r_sdp2_longestoverlap_ISI_10_test,b33r,p2,Span,mixed,10,3,1.1,2.73,2,Eng,54,42,54,42,0.777777778,4
b33r_sop2_longestoverlap_ISI_0_test,b33r,p2,Span,single,0,14,3.68,3.8,2,Eng,54,42,54,42,0.777777778,4
b33r_sop2_longestoverlap_ISI_1_test,b33r,p2,Span,single,1,4,1.26,3.17,2,Eng,54,42,54,42,0.777777778,4
b33r_sop2_longestoverlap_ISI_2_test,b33r,p2,Span,single,2,2,0.66,3.03,2,Eng,54,42,54,42,0.777777778,4
b33r_sop2_longestoverlap_ISI_3_test,b33r,p2,Span,single,3,5,1.04,4.81,2,Eng,54,42,54,42,0.777777778,4
b33r_sop2_longestoverlap_ISI_4_test,b33r,p2,Span,single,4,6,2.34,2.56,2,Eng,54,42,54,42,0.777777778,4
b33r_sop2_longestoverlap_ISI_5_test,b33r,p2,Span,single,5,15,5.04,2.98,2,Eng,54,42,54,42,0.777777778,4
b33r_sop2_longestoverlap_ISI_6_test,b33r,p2,Span,single,6,4,1.44,2.78,2,Eng,54,42,54,42,0.777777778,4
b33r_sop2_longestoverlap_ISI_7_test,b33r,p2,Span,single,7,8,2.34,3.42,2,Eng,54,42,54,42,0.777777778,4
b33r_sop2_longestoverlap_ISI_9_test,b33r,p2,Span,single,9,5,1.6,3.12,2,Eng,54,42,54,42,0.777777778,4
b33r_sop2_longestoverlap_ISI_10_test,b33r,p2,Span,single,10,3,0.98,3.06,2,Eng,54,42,54,42,0.777777778,4
b34_sdp1_longestoverlap_ISI_0_test,b34,p1,Span,mixed,0,10,2.02,4.95,3,Eng,72,55,72,55,0.763888889,6
b34_sdp1_longestoverlap_ISI_1_test,b34,p1,Span,mixed,1,16,2.88,5.55,3,Eng,72,55,72,55,0.763888889,6
b34_sdp1_longestoverlap_ISI_2_test,b34,p1,Span,mixed,2,17,3.46,4.91,3,Eng,72,55,72,55,0.763888889,6
b34_sdp1_longestoverlap_ISI_3_test,b34,p1,Span,mixed,3,11,2.54,4.33,3,Eng,72,55,72,55,0.763888889,6
b34_sdp1_longestoverlap_ISI_4_test,b34,p1,Span,mixed,4,6,1.2,5,3,Eng,72,55,72,55,0.763888889,6
b34_sdp1_longestoverlap_ISI_5_test,b34,p1,Span,mixed,5,7,1.98,3.53,3,Eng,72,55,72,55,0.763888889,6
b34_sdp1_longestoverlap_ISI_6_test,b34,p1,Span,mixed,6,6,1.74,3.45,3,Eng,72,55,72,55,0.763888889,6
b34_sdp1_longestoverlap_ISI_7_test,b34,p1,Span,mixed,7,5,1.08,4.63,3,Eng,72,55,72,55,0.763888889,6
b34_sdp1_longestoverlap_ISI_8_test,b34,p1,Span,mixed,8,6,1.32,4.54,3,Eng,72,55,72,55,0.763888889,6
b34_sdp1_longestoverlap_ISI_9_test,b34,p1,Span,mixed,9,10,2.26,4.42,3,Eng,72,55,72,55,0.763888889,6
b34_sop1_longestoverlap_ISI_0_test,b34,p1,Span,single,0,7,1.96,3.57,3,Eng,72,55,72,55,0.763888889,6
b34_sop1_longestoverlap_ISI_1_test,b34,p1,Span,single,1,15,2.86,5.24,3,Eng,72,55,72,55,0.763888889,6
b34_sop1_longestoverlap_ISI_2_test,b34,p1,Span,single,2,15,3.16,4.75,3,Eng,72,55,72,55,0.763888889,6
b34_sop1_longestoverlap_ISI_3_test,b34,p1,Span,single,3,14,2.54,5.51,3,Eng,72,55,72,55,0.763888889,6
b34_sop1_longestoverlap_ISI_4_test,b34,p1,Span,single,4,6,1.3,4.61,3,Eng,72,55,72,55,0.763888889,6
b34_sop1_longestoverlap_ISI_5_test,b34,p1,Span,single,5,8,2.12,3.77,3,Eng,72,55,72,55,0.763888889,6
b34_sop1_longestoverlap_ISI_6_test,b34,p1,Span,single,6,7,1.46,4.79,3,Eng,72,55,72,55,0.763888889,6
b34_sop1_longestoverlap_ISI_7_test,b34,p1,Span,single,7,4,1.08,3.7,3,Eng,72,55,72,55,0.763888889,6
b34_sop1_longestoverlap_ISI_8_test,b34,p1,Span,single,8,4,1.3,3.08,3,Eng,72,55,72,55,0.763888889,6
b34_sop1_longestoverlap_ISI_9_test,b34,p1,Span,single,9,8,1.76,4.54,3,Eng,72,55,72,55,0.763888889,6
b34_sdp2_longestoverlap_ISI_0_test,b34,p2,Span,mixed,0,10,2.04,4.9,3,Eng,72,55,72,55,0.763888889,6
b34_sdp2_longestoverlap_ISI_1_test,b34,p2,Span,mixed,1,9,2.2,4.09,3,Eng,72,55,72,55,0.763888889,6
b34_sdp2_longestoverlap_ISI_2_test,b34,p2,Span,mixed,2,2,0.52,3.84,3,Eng,72,55,72,55,0.763888889,6
b34_sdp2_longestoverlap_ISI_3_test,b34,p2,Span,mixed,3,4,0.72,5.55,3,Eng,72,55,72,55,0.763888889,6
b34_sdp2_longestoverlap_ISI_4_test,b34,p2,Span,mixed,4,6,1.7,3.53,3,Eng,72,55,72,55,0.763888889,6
b34_sdp2_longestoverlap_ISI_5_test,b34,p2,Span,mixed,5,12,2.74,4.38,3,Eng,72,55,72,55,0.763888889,6
b34_sdp2_longestoverlap_ISI_6_test,b34,p2,Span,mixed,6,6,1.58,3.8,3,Eng,72,55,72,55,0.763888889,6
b34_sdp2_longestoverlap_ISI_7_test,b34,p2,Span,mixed,7,14,2.98,4.7,3,Eng,72,55,72,55,0.763888889,6
b34_sdp2_longestoverlap_ISI_8_test,b34,p2,Span,mixed,8,3,0.7,4.28,3,Eng,72,55,72,55,0.763888889,6
b34_sdp2_longestoverlap_ISI_9_test,b34,p2,Span,mixed,9,8,1.5,5.33,3,Eng,72,55,72,55,0.763888889,6
b34_sdp2_longestoverlap_ISI_10_test,b34,p2,Span,mixed,10,3,0.84,3.57,3,Eng,72,55,72,55,0.763888889,6
b34_sop2_longestoverlap_ISI_0_test,b34,p2,Span,single,0,10,2.06,4.85,3,Eng,72,55,72,55,0.763888889,6
b34_sop2_longestoverlap_ISI_1_test,b34,p2,Span,single,1,8,2.14,3.74,3,Eng,72,55,72,55,0.763888889,6
b34_sop2_longestoverlap_ISI_2_test,b34,p2,Span,single,2,2,0.52,3.84,3,Eng,72,55,72,55,0.763888889,6
b34_sop2_longestoverlap_ISI_3_test,b34,p2,Span,single,3,3,0.76,3.95,3,Eng,72,55,72,55,0.763888889,6
b34_sop2_longestoverlap_ISI_4_test,b34,p2,Span,single,4,5,1.22,4.1,3,Eng,72,55,72,55,0.763888889,6
b34_sop2_longestoverlap_ISI_5_test,b34,p2,Span,single,5,12,2.84,4.22,3,Eng,72,55,72,55,0.763888889,6
b34_sop2_longestoverlap_ISI_6_test,b34,p2,Span,single,6,11,1.84,5.98,3,Eng,72,55,72,55,0.763888889,6
b34_sop2_longestoverlap_ISI_7_test,b34,p2,Span,single,7,12,2.54,4.72,3,Eng,72,55,72,55,0.763888889,6
b34_sop2_longestoverlap_ISI_8_test,b34,p2,Span,single,8,3,0.68,4.41,3,Eng,72,55,72,55,0.763888889,6
b34_sop2_longestoverlap_ISI_9_test,b34,p2,Span,single,9,6,1.32,4.54,3,Eng,72,55,72,55,0.763888889,6
b34_sop2_longestoverlap_ISI_10_test,b34,p2,Span,single,10,3,0.76,3.95,3,Eng,72,55,72,55,0.763888889,6
b35_sdp1_longestoverlap_ISI_0_test,b35,p1,Span,mixed,0,6,1.76,3.41,4,Eng,60,54,60,54,0.9,10
b35_sdp1_longestoverlap_ISI_1_test,b35,p1,Span,mixed,1,4,1.68,2.38,4,Eng,60,54,60,54,0.9,10
b35_sdp1_longestoverlap_ISI_2_test,b35,p1,Span,mixed,2,11,2.86,3.85,4,Eng,60,54,60,54,0.9,10
b35_sdp1_longestoverlap_ISI_3_test,b35,p1,Span,mixed,3,13,2.82,4.61,4,Eng,60,54,60,54,0.9,10
b35_sdp1_longestoverlap_ISI_4_test,b35,p1,Span,mixed,4,6,1.46,4.11,4,Eng,60,54,60,54,0.9,10
b35_sdp1_longestoverlap_ISI_5_test,b35,p1,Span,mixed,5,8,2.14,3.74,4,Eng,60,54,60,54,0.9,10
b35_sdp1_longestoverlap_ISI_6_test,b35,p1,Span,mixed,6,3,1.02,2.94,4,Eng,60,54,60,54,0.9,10
b35_sdp1_longestoverlap_ISI_7_test,b35,p1,Span,mixed,7,6,1.64,3.66,4,Eng,60,54,60,54,0.9,10
b35_sdp1_longestoverlap_ISI_8_test,b35,p1,Span,mixed,8,5,1.42,3.52,4,Eng,60,54,60,54,0.9,10
b35_sop1_longestoverlap_ISI_0_test,b35,p1,Span,single,0,5,1.64,3.05,4,Eng,60,54,60,54,0.9,10
b35_sop1_longestoverlap_ISI_1_test,b35,p1,Span,single,1,3,1.62,1.85,4,Eng,60,54,60,54,0.9,10
b35_sop1_longestoverlap_ISI_2_test,b35,p1,Span,single,2,11,2.78,3.96,4,Eng,60,54,60,54,0.9,10
b35_sop1_longestoverlap_ISI_3_test,b35,p1,Span,single,3,12,2.66,4.51,4,Eng,60,54,60,54,0.9,10
b35_sop1_longestoverlap_ISI_4_test,b35,p1,Span,single,4,6,1.32,4.54,4,Eng,60,54,60,54,0.9,10
b35_sop1_longestoverlap_ISI_5_test,b35,p1,Span,single,5,6,1.94,3.09,4,Eng,60,54,60,54,0.9,10
b35_sop1_longestoverlap_ISI_6_test,b35,p1,Span,single,6,3,0.98,3.06,4,Eng,60,54,60,54,0.9,10
b35_sop1_longestoverlap_ISI_7_test,b35,p1,Span,single,7,5,1.44,3.47,4,Eng,60,54,60,54,0.9,10
b35_sop1_longestoverlap_ISI_8_test,b35,p1,Span,single,8,6,1.38,4.35,4,Eng,60,54,60,54,0.9,10
b35_sdp2_longestoverlap_ISI_0_test,b35,p2,Span,mixed,0,8,1.68,4.76,4,Eng,60,54,60,54,0.9,10
b35_sdp2_longestoverlap_ISI_1_test,b35,p2,Span,mixed,1,14,3.82,3.66,4,Eng,60,54,60,54,0.9,10
b35_sdp2_longestoverlap_ISI_3_test,b35,p2,Span,mixed,3,2,0.72,2.78,4,Eng,60,54,60,54,0.9,10
b35_sdp2_longestoverlap_ISI_4_test,b35,p2,Span,mixed,4,5,1.54,3.25,4,Eng,60,54,60,54,0.9,10
b35_sdp2_longestoverlap_ISI_5_test,b35,p2,Span,mixed,5,11,3.16,3.48,4,Eng,60,54,60,54,0.9,10
b35_sdp2_longestoverlap_ISI_6_test,b35,p2,Span,mixed,6,16,4.2,3.81,4,Eng,60,54,60,54,0.9,10
b35_sdp2_longestoverlap_ISI_7_test,b35,p2,Span,mixed,7,6,1.52,3.95,4,Eng,60,54,60,54,0.9,10
b35_sdp2_longestoverlap_ISI_8_test,b35,p2,Span,mixed,8,2,0.82,2.44,4,Eng,60,54,60,54,0.9,10
b35_sdp2_longestoverlap_ISI_9_test,b35,p2,Span,mixed,9,10,2.62,3.82,4,Eng,60,54,60,54,0.9,10
b35_sdp2_longestoverlap_ISI_10_test,b35,p2,Span,mixed,10,6,2.28,2.63,4,Eng,60,54,60,54,0.9,10
b35_sop2_longestoverlap_ISI_0_test,b35,p2,Span,single,0,6,1.68,3.57,4,Eng,60,54,60,54,0.9,10
b35_sop2_longestoverlap_ISI_1_test,b35,p2,Span,single,1,14,3.82,3.66,4,Eng,60,54,60,54,0.9,10
b35_sop2_longestoverlap_ISI_3_test,b35,p2,Span,single,3,4,0.8,5,4,Eng,60,54,60,54,0.9,10
b35_sop2_longestoverlap_ISI_4_test,b35,p2,Span,single,4,4,1.38,2.9,4,Eng,60,54,60,54,0.9,10
b35_sop2_longestoverlap_ISI_5_test,b35,p2,Span,single,5,12,3.04,3.95,4,Eng,60,54,60,54,0.9,10
b35_sop2_longestoverlap_ISI_6_test,b35,p2,Span,single,6,14,3.56,3.93,4,Eng,60,54,60,54,0.9,10
b35_sop2_longestoverlap_ISI_7_test,b35,p2,Span,single,7,6,1.52,3.95,4,Eng,60,54,60,54,0.9,10
b35_sop2_longestoverlap_ISI_8_test,b35,p2,Span,single,8,2,0.84,2.38,4,Eng,60,54,60,54,0.9,10
b35_sop2_longestoverlap_ISI_9_test,b35,p2,Span,single,9,10,2.76,3.62,4,Eng,60,54,60,54,0.9,10
b35_sop2_longestoverlap_ISI_10_test,b35,p2,Span,single,10,6,2.1,2.86,4,Eng,60,54,60,54,0.9,10
b36_sdp1_longestoverlap_ISI_0_test,b36,p1,Span,mixed,0,16,3.92,4.08,5,Eng,71,32,71,32,0.450704225,0
b36_sdp1_longestoverlap_ISI_1_test,b36,p1,Span,mixed,1,14,3.32,4.22,5,Eng,71,32,71,32,0.450704225,0
b36_sdp1_longestoverlap_ISI_2_test,b36,p1,Span,mixed,2,6,1.98,3.03,5,Eng,71,32,71,32,0.450704225,0
b36_sdp1_longestoverlap_ISI_3_test,b36,p1,Span,mixed,3,9,1.62,5.56,5,Eng,71,32,71,32,0.450704225,0
b36_sdp1_longestoverlap_ISI_5_test,b36,p1,Span,mixed,5,7,2.18,3.21,5,Eng,71,32,71,32,0.450704225,0
b36_sdp1_longestoverlap_ISI_7_test,b36,p1,Span,mixed,7,7,2.26,3.1,5,Eng,71,32,71,32,0.450704225,0
b36_sdp1_longestoverlap_ISI_8_test,b36,p1,Span,mixed,8,7,2,3.5,5,Eng,71,32,71,32,0.450704225,0
b36_sdp1_longestoverlap_ISI_9_test,b36,p1,Span,mixed,9,10,2.58,3.88,5,Eng,71,32,71,32,0.450704225,0
b36_sdp1_longestoverlap_ISI_10_test,b36,p1,Span,mixed,10,3,1.3,2.31,5,Eng,71,32,71,32,0.450704225,0
b36_sop1_longestoverlap_ISI_0_test,b36,p1,Span,single,0,12,3.36,3.57,5,Eng,71,32,71,32,0.450704225,0
b36_sop1_longestoverlap_ISI_1_test,b36,p1,Span,single,1,13,3.22,4.04,5,Eng,71,32,71,32,0.450704225,0
b36_sop1_longestoverlap_ISI_2_test,b36,p1,Span,single,2,5,2.14,2.34,5,Eng,71,32,71,32,0.450704225,0
b36_sop1_longestoverlap_ISI_3_test,b36,p1,Span,single,3,7,1.92,3.65,5,Eng,71,32,71,32,0.450704225,0
b36_sop1_longestoverlap_ISI_5_test,b36,p1,Span,single,5,3,1.38,2.17,5,Eng,71,32,71,32,0.450704225,0
b36_sop1_longestoverlap_ISI_7_test,b36,p1,Span,single,7,6,1.64,3.66,5,Eng,71,32,71,32,0.450704225,0
b36_sop1_longestoverlap_ISI_8_test,b36,p1,Span,single,8,8,2.12,3.77,5,Eng,71,32,71,32,0.450704225,0
b36_sop1_longestoverlap_ISI_9_test,b36,p1,Span,single,9,6,1.98,3.03,5,Eng,71,32,71,32,0.450704225,0
b36_sop1_longestoverlap_ISI_10_test,b36,p1,Span,single,10,4,1.6,2.5,5,Eng,71,32,71,32,0.450704225,0
b36_sdp2_longestoverlap_ISI_0_test,b36,p2,Span,mixed,0,14,2.7,5.18,5,Eng,71,32,71,32,0.450704225,0
b36_sdp2_longestoverlap_ISI_1_test,b36,p2,Span,mixed,1,16,4.62,3.46,5,Eng,71,32,71,32,0.450704225,0
b36_sdp2_longestoverlap_ISI_2_test,b36,p2,Span,mixed,2,2,0.68,2.94,5,Eng,71,32,71,32,0.450704225,0
b36_sdp2_longestoverlap_ISI_3_test,b36,p2,Span,mixed,3,4,0.94,4.25,5,Eng,71,32,71,32,0.450704225,0
b36_sdp2_longestoverlap_ISI_4_test,b36,p2,Span,mixed,4,2,0.68,2.94,5,Eng,71,32,71,32,0.450704225,0
b36_sdp2_longestoverlap_ISI_5_test,b36,p2,Span,mixed,5,8,2.24,3.57,5,Eng,71,32,71,32,0.450704225,0
b36_sdp2_longestoverlap_ISI_6_test,b36,p2,Span,mixed,6,4,1.24,3.23,5,Eng,71,32,71,32,0.450704225,0
b36_sdp2_longestoverlap_ISI_7_test,b36,p2,Span,mixed,7,8,1.78,4.49,5,Eng,71,32,71,32,0.450704225,0
b36_sdp2_longestoverlap_ISI_9_test,b36,p2,Span,mixed,9,6,2.68,2.24,5,Eng,71,32,71,32,0.450704225,0
b36_sdp2_longestoverlap_ISI_10_test,b36,p2,Span,mixed,10,4,1.08,3.7,5,Eng,71,32,71,32,0.450704225,0
b36_sop2_longestoverlap_ISI_0_test,b36,p2,Span,single,0,12,2.74,4.38,5,Eng,71,32,71,32,0.450704225,0
b36_sop2_longestoverlap_ISI_1_test,b36,p2,Span,single,1,13,3.1,4.19,5,Eng,71,32,71,32,0.450704225,0
b36_sop2_longestoverlap_ISI_2_test,b36,p2,Span,single,2,2,0.58,3.45,5,Eng,71,32,71,32,0.450704225,0
b36_sop2_longestoverlap_ISI_3_test,b36,p2,Span,single,3,4,0.88,4.55,5,Eng,71,32,71,32,0.450704225,0
b36_sop2_longestoverlap_ISI_4_test,b36,p2,Span,single,4,2,0.66,3.03,5,Eng,71,32,71,32,0.450704225,0
b36_sop2_longestoverlap_ISI_5_test,b36,p2,Span,single,5,6,1.62,3.7,5,Eng,71,32,71,32,0.450704225,0
b36_sop2_longestoverlap_ISI_6_test,b36,p2,Span,single,6,3,1.08,2.78,5,Eng,71,32,71,32,0.450704225,0
b36_sop2_longestoverlap_ISI_7_test,b36,p2,Span,single,7,6,1.58,3.8,5,Eng,71,32,71,32,0.450704225,0
b36_sop2_longestoverlap_ISI_9_test,b36,p2,Span,single,9,9,2.48,3.63,5,Eng,71,32,71,32,0.450704225,0
b36_sop2_longestoverlap_ISI_10_test,b36,p2,Span,single,10,3,0.68,4.41,5,Eng,71,32,71,32,0.450704225,0
b37r_sdp1_longestoverlap_ISI_0_test,b37r,p1,Span,mixed,0,9,2.54,3.54,6,Eng,62,55,62,55,0.887096774,5
b37r_sdp1_longestoverlap_ISI_1_test,b37r,p1,Span,mixed,1,7,1.84,3.8,6,Eng,62,55,62,55,0.887096774,5
b37r_sdp1_longestoverlap_ISI_2_test,b37r,p1,Span,mixed,2,3,1.02,2.94,6,Eng,62,55,62,55,0.887096774,5
b37r_sdp1_longestoverlap_ISI_3_test,b37r,p1,Span,mixed,3,8,2.26,3.54,6,Eng,62,55,62,55,0.887096774,5
b37r_sdp1_longestoverlap_ISI_4_test,b37r,p1,Span,mixed,4,7,1.46,4.79,6,Eng,62,55,62,55,0.887096774,5
b37r_sdp1_longestoverlap_ISI_5_test,b37r,p1,Span,mixed,5,10,3.34,2.99,6,Eng,62,55,62,55,0.887096774,5
b37r_sdp1_longestoverlap_ISI_6_test,b37r,p1,Span,mixed,6,7,1.78,3.93,6,Eng,62,55,62,55,0.887096774,5
b37r_sdp1_longestoverlap_ISI_8_test,b37r,p1,Span,mixed,8,7,1.64,4.27,6,Eng,62,55,62,55,0.887096774,5
b37r_sdp1_longestoverlap_ISI_9_test,b37r,p1,Span,mixed,9,9,1.78,5.06,6,Eng,62,55,62,55,0.887096774,5
b37r_sdp1_longestoverlap_ISI_10_test,b37r,p1,Span,mixed,10,3,0.96,3.12,6,Eng,62,55,62,55,0.887096774,5
b37r_sop1_longestoverlap_ISI_0_test,b37r,p1,Span,single,0,11,2.9,3.79,6,Eng,62,55,62,55,0.887096774,5
b37r_sop1_longestoverlap_ISI_1_test,b37r,p1,Span,single,1,7,1.94,3.61,6,Eng,62,55,62,55,0.887096774,5
b37r_sop1_longestoverlap_ISI_2_test,b37r,p1,Span,single,2,4,1.14,3.51,6,Eng,62,55,62,55,0.887096774,5
b37r_sop1_longestoverlap_ISI_3_test,b37r,p1,Span,single,3,8,2.28,3.51,6,Eng,62,55,62,55,0.887096774,5
b37r_sop1_longestoverlap_ISI_4_test,b37r,p1,Span,single,4,6,1.46,4.11,6,Eng,62,55,62,55,0.887096774,5
b37r_sop1_longestoverlap_ISI_5_test,b37r,p1,Span,single,5,14,3.4,4.12,6,Eng,62,55,62,55,0.887096774,5
b37r_sop1_longestoverlap_ISI_6_test,b37r,p1,Span,single,6,5,1.76,2.84,6,Eng,62,55,62,55,0.887096774,5
b37r_sop1_longestoverlap_ISI_8_test,b37r,p1,Span,single,8,6,1.66,3.61,6,Eng,62,55,62,55,0.887096774,5
b37r_sop1_longestoverlap_ISI_9_test,b37r,p1,Span,single,9,7,1.52,4.6,6,Eng,62,55,62,55,0.887096774,5
b37r_sop1_longestoverlap_ISI_10_test,b37r,p1,Span,single,10,2,1.08,1.85,6,Eng,62,55,62,55,0.887096774,5
b37r_sdp2_longestoverlap_ISI_0_test,b37r,p2,Span,mixed,0,12,3.36,3.57,6,Eng,62,55,62,55,0.887096774,5
b37r_sdp2_longestoverlap_ISI_1_test,b37r,p2,Span,mixed,1,3,1.12,2.68,6,Eng,62,55,62,55,0.887096774,5
b37r_sdp2_longestoverlap_ISI_2_test,b37r,p2,Span,mixed,2,5,0.78,6.41,6,Eng,62,55,62,55,0.887096774,5
b37r_sdp2_longestoverlap_ISI_3_test,b37r,p2,Span,mixed,3,4,0.84,4.76,6,Eng,62,55,62,55,0.887096774,5
b37r_sdp2_longestoverlap_ISI_4_test,b37r,p2,Span,mixed,4,10,2.58,3.88,6,Eng,62,55,62,55,0.887096774,5
b37r_sdp2_longestoverlap_ISI_5_test,b37r,p2,Span,mixed,5,14,3.24,4.32,6,Eng,62,55,62,55,0.887096774,5
b37r_sdp2_longestoverlap_ISI_6_test,b37r,p2,Span,mixed,6,8,2.18,3.67,6,Eng,62,55,62,55,0.887096774,5
b37r_sdp2_longestoverlap_ISI_7_test,b37r,p2,Span,mixed,7,8,2.12,3.77,6,Eng,62,55,62,55,0.887096774,5
b37r_sdp2_longestoverlap_ISI_9_test,b37r,p2,Span,mixed,9,12,2.98,4.03,6,Eng,62,55,62,55,0.887096774,5
b37r_sdp2_longestoverlap_ISI_10_test,b37r,p2,Span,mixed,10,6,1.9,3.16,6,Eng,62,55,62,55,0.887096774,5
b37r_sop2_longestoverlap_ISI_0_test,b37r,p2,Span,single,0,13,3.46,3.76,6,Eng,62,55,62,55,0.887096774,5
b37r_sop2_longestoverlap_ISI_1_test,b37r,p2,Span,single,1,4,1.16,3.45,6,Eng,62,55,62,55,0.887096774,5
b37r_sop2_longestoverlap_ISI_2_test,b37r,p2,Span,single,2,3,0.62,4.84,6,Eng,62,55,62,55,0.887096774,5
b37r_sop2_longestoverlap_ISI_3_test,b37r,p2,Span,single,3,3,0.82,3.66,6,Eng,62,55,62,55,0.887096774,5
b37r_sop2_longestoverlap_ISI_4_test,b37r,p2,Span,single,4,8,2.7,2.96,6,Eng,62,55,62,55,0.887096774,5
b37r_sop2_longestoverlap_ISI_5_test,b37r,p2,Span,single,5,12,3.3,3.64,6,Eng,62,55,62,55,0.887096774,5
b37r_sop2_longestoverlap_ISI_6_test,b37r,p2,Span,single,6,8,2.18,3.67,6,Eng,62,55,62,55,0.887096774,5
b37r_sop2_longestoverlap_ISI_7_test,b37r,p2,Span,single,7,7,1.98,3.53,6,Eng,62,55,62,55,0.887096774,5
b37r_sop2_longestoverlap_ISI_9_test,b37r,p2,Span,single,9,10,2.96,3.38,6,Eng,62,55,62,55,0.887096774,5
b37r_sop2_longestoverlap_ISI_10_test,b37r,p2,Span,single,10,8,1.8,4.44,6,Eng,62,55,62,55,0.887096774,5
b38_sdp1_longestoverlap_ISI_0_test,b38,p1,Span,mixed,0,9,3,3,7,Eng,69,30,69,30,0.434782609,0
b38_sdp1_longestoverlap_ISI_1_test,b38,p1,Span,mixed,1,12,3.92,3.06,7,Eng,69,30,69,30,0.434782609,0
b38_sdp1_longestoverlap_ISI_2_test,b38,p1,Span,mixed,2,7,1.52,4.61,7,Eng,69,30,69,30,0.434782609,0
b38_sdp1_longestoverlap_ISI_3_test,b38,p1,Span,mixed,3,5,1.5,3.33,7,Eng,69,30,69,30,0.434782609,0
b38_sdp1_longestoverlap_ISI_4_test,b38,p1,Span,mixed,4,5,1.46,3.42,7,Eng,69,30,69,30,0.434782609,0
b38_sdp1_longestoverlap_ISI_5_test,b38,p1,Span,mixed,5,15,5.5,2.73,7,Eng,69,30,69,30,0.434782609,0
b38_sdp1_longestoverlap_ISI_6_test,b38,p1,Span,mixed,6,3,1.2,2.5,7,Eng,69,30,69,30,0.434782609,0
b38_sdp1_longestoverlap_ISI_7_test,b38,p1,Span,mixed,7,7,2.04,3.43,7,Eng,69,30,69,30,0.434782609,0
b38_sdp1_longestoverlap_ISI_8_test,b38,p1,Span,mixed,8,8,2.72,2.94,7,Eng,69,30,69,30,0.434782609,0
b38_sdp1_longestoverlap_ISI_9_test,b38,p1,Span,mixed,9,12,3.9,3.08,7,Eng,69,30,69,30,0.434782609,0
b38_sdp1_longestoverlap_ISI_10_test,b38,p1,Span,mixed,10,6,2.04,2.94,7,Eng,69,30,69,30,0.434782609,0
b38_sop1_longestoverlap_ISI_0_test,b38,p1,Span,single,0,12,3.06,3.92,7,Eng,69,30,69,30,0.434782609,0
b38_sop1_longestoverlap_ISI_1_test,b38,p1,Span,single,1,12,4.06,2.96,7,Eng,69,30,69,30,0.434782609,0
b38_sop1_longestoverlap_ISI_2_test,b38,p1,Span,single,2,6,1.36,4.41,7,Eng,69,30,69,30,0.434782609,0
b38_sop1_longestoverlap_ISI_3_test,b38,p1,Span,single,3,6,1.86,3.23,7,Eng,69,30,69,30,0.434782609,0
b38_sop1_longestoverlap_ISI_4_test,b38,p1,Span,single,4,4,1.58,2.53,7,Eng,69,30,69,30,0.434782609,0
b38_sop1_longestoverlap_ISI_5_test,b38,p1,Span,single,5,15,4.68,3.2,7,Eng,69,30,69,30,0.434782609,0
b38_sop1_longestoverlap_ISI_6_test,b38,p1,Span,single,6,5,1.54,3.25,7,Eng,69,30,69,30,0.434782609,0
b38_sop1_longestoverlap_ISI_7_test,b38,p1,Span,single,7,7,2.32,3.02,7,Eng,69,30,69,30,0.434782609,0
b38_sop1_longestoverlap_ISI_8_test,b38,p1,Span,single,8,13,4.64,2.8,7,Eng,69,30,69,30,0.434782609,0
b38_sop1_longestoverlap_ISI_9_test,b38,p1,Span,single,9,15,4,3.75,7,Eng,69,30,69,30,0.434782609,0
b38_sop1_longestoverlap_ISI_10_test,b38,p1,Span,single,10,6,1.96,3.06,7,Eng,69,30,69,30,0.434782609,0
b38_sdp2_longestoverlap_ISI_0_test,b38,p2,Span,mixed,0,8,2.46,3.25,7,Eng,69,30,69,30,0.434782609,0
b38_sdp2_longestoverlap_ISI_1_test,b38,p2,Span,mixed,1,6,1.8,3.33,7,Eng,69,30,69,30,0.434782609,0
b38_sdp2_longestoverlap_ISI_2_test,b38,p2,Span,mixed,2,3,1.06,2.83,7,Eng,69,30,69,30,0.434782609,0
b38_sdp2_longestoverlap_ISI_3_test,b38,p2,Span,mixed,3,5,1.14,4.39,7,Eng,69,30,69,30,0.434782609,0
b38_sdp2_longestoverlap_ISI_4_test,b38,p2,Span,mixed,4,3,1.12,2.68,7,Eng,69,30,69,30,0.434782609,0
b38_sdp2_longestoverlap_ISI_5_test,b38,p2,Span,mixed,5,18,5.64,3.19,7,Eng,69,30,69,30,0.434782609,0
b38_sdp2_longestoverlap_ISI_6_test,b38,p2,Span,mixed,6,6,1.64,3.66,7,Eng,69,30,69,30,0.434782609,0
b38_sdp2_longestoverlap_ISI_7_test,b38,p2,Span,mixed,7,8,2.1,3.81,7,Eng,69,30,69,30,0.434782609,0
b38_sdp2_longestoverlap_ISI_8_test,b38,p2,Span,mixed,8,4,1.1,3.64,7,Eng,69,30,69,30,0.434782609,0
b38_sdp2_longestoverlap_ISI_9_test,b38,p2,Span,mixed,9,6,1.9,3.16,7,Eng,69,30,69,30,0.434782609,0
b38_sop2_longestoverlap_ISI_0_test,b38,p2,Span,single,0,7,2.66,2.63,7,Eng,69,30,69,30,0.434782609,0
b38_sop2_longestoverlap_ISI_1_test,b38,p2,Span,single,1,6,2.38,2.52,7,Eng,69,30,69,30,0.434782609,0
b38_sop2_longestoverlap_ISI_2_test,b38,p2,Span,single,2,2,0.74,2.7,7,Eng,69,30,69,30,0.434782609,0
b38_sop2_longestoverlap_ISI_3_test,b38,p2,Span,single,3,5,1.08,4.63,7,Eng,69,30,69,30,0.434782609,0
b38_sop2_longestoverlap_ISI_4_test,b38,p2,Span,single,4,3,1.5,2,7,Eng,69,30,69,30,0.434782609,0
b38_sop2_longestoverlap_ISI_5_test,b38,p2,Span,single,5,19,5.54,3.43,7,Eng,69,30,69,30,0.434782609,0
b38_sop2_longestoverlap_ISI_6_test,b38,p2,Span,single,6,5,1.5,3.33,7,Eng,69,30,69,30,0.434782609,0
b38_sop2_longestoverlap_ISI_7_test,b38,p2,Span,single,7,3,1.88,1.6,7,Eng,69,30,69,30,0.434782609,0
b38_sop2_longestoverlap_ISI_8_test,b38,p2,Span,single,8,4,1.38,2.9,7,Eng,69,30,69,30,0.434782609,0
b38_sop2_longestoverlap_ISI_9_test,b38,p2,Span,single,9,7,2.02,3.46,7,Eng,69,30,69,30,0.434782609,0
b39_sdp1_longestoverlap_ISI_0_test,b39,p1,Span,mixed,0,9,2.48,3.63,8,Eng,64,2,64,2,0.03125,1
b39_sdp1_longestoverlap_ISI_1_test,b39,p1,Span,mixed,1,7,1.6,4.37,8,Eng,64,2,64,2,0.03125,1
b39_sdp1_longestoverlap_ISI_2_test,b39,p1,Span,mixed,2,8,2.3,3.48,8,Eng,64,2,64,2,0.03125,1
b39_sdp1_longestoverlap_ISI_3_test,b39,p1,Span,mixed,3,11,2.3,4.78,8,Eng,64,2,64,2,0.03125,1
b39_sdp1_longestoverlap_ISI_4_test,b39,p1,Span,mixed,4,7,1.28,5.47,8,Eng,64,2,64,2,0.03125,1
b39_sdp1_longestoverlap_ISI_5_test,b39,p1,Span,mixed,5,9,1.94,4.64,8,Eng,64,2,64,2,0.03125,1
b39_sdp1_longestoverlap_ISI_6_test,b39,p1,Span,mixed,6,2,0.74,2.7,8,Eng,64,2,64,2,0.03125,1
b39_sdp1_longestoverlap_ISI_7_test,b39,p1,Span,mixed,7,5,1.38,3.62,8,Eng,64,2,64,2,0.03125,1
b39_sdp1_longestoverlap_ISI_8_test,b39,p1,Span,mixed,8,5,1.32,3.79,8,Eng,64,2,64,2,0.03125,1
b39_sdp1_longestoverlap_ISI_9_test,b39,p1,Span,mixed,9,11,2.92,3.77,8,Eng,64,2,64,2,0.03125,1
b39_sdp1_longestoverlap_ISI_10_test,b39,p1,Span,mixed,10,4,1.26,3.17,8,Eng,64,2,64,2,0.03125,1
b39_sop1_longestoverlap_ISI_0_test,b39,p1,Span,single,0,10,2.62,3.82,8,Eng,64,2,64,2,0.03125,1
b39_sop1_longestoverlap_ISI_1_test,b39,p1,Span,single,1,3,1.64,1.83,8,Eng,64,2,64,2,0.03125,1
b39_sop1_longestoverlap_ISI_2_test,b39,p1,Span,single,2,8,2.54,3.15,8,Eng,64,2,64,2,0.03125,1
b39_sop1_longestoverlap_ISI_3_test,b39,p1,Span,single,3,15,2.54,5.9,8,Eng,64,2,64,2,0.03125,1
b39_sop1_longestoverlap_ISI_4_test,b39,p1,Span,single,4,6,1.36,4.41,8,Eng,64,2,64,2,0.03125,1
b39_sop1_longestoverlap_ISI_5_test,b39,p1,Span,single,5,9,2.14,4.2,8,Eng,64,2,64,2,0.03125,1
b39_sop1_longestoverlap_ISI_6_test,b39,p1,Span,single,6,3,0.8,3.75,8,Eng,64,2,64,2,0.03125,1
b39_sop1_longestoverlap_ISI_7_test,b39,p1,Span,single,7,5,1.34,3.73,8,Eng,64,2,64,2,0.03125,1
b39_sop1_longestoverlap_ISI_8_test,b39,p1,Span,single,8,7,1.86,3.76,8,Eng,64,2,64,2,0.03125,1
b39_sop1_longestoverlap_ISI_9_test,b39,p1,Span,single,9,10,2.46,4.06,8,Eng,64,2,64,2,0.03125,1
b39_sop1_longestoverlap_ISI_10_test,b39,p1,Span,single,10,4,1.22,3.28,8,Eng,64,2,64,2,0.03125,1
b39_sdp2_longestoverlap_ISI_0_test,b39,p2,Span,mixed,0,15,3.34,4.49,8,Eng,64,2,64,2,0.03125,1
b39_sdp2_longestoverlap_ISI_1_test,b39,p2,Span,mixed,1,5,1.16,4.31,8,Eng,64,2,64,2,0.03125,1
b39_sdp2_longestoverlap_ISI_3_test,b39,p2,Span,mixed,3,3,0.84,3.57,8,Eng,64,2,64,2,0.03125,1
b39_sdp2_longestoverlap_ISI_4_test,b39,p2,Span,mixed,4,7,1.74,4.02,8,Eng,64,2,64,2,0.03125,1
b39_sdp2_longestoverlap_ISI_5_test,b39,p2,Span,mixed,5,10,3,3.33,8,Eng,64,2,64,2,0.03125,1
b39_sdp2_longestoverlap_ISI_6_test,b39,p2,Span,mixed,6,7,1.78,3.93,8,Eng,64,2,64,2,0.03125,1
b39_sdp2_longestoverlap_ISI_7_test,b39,p2,Span,mixed,7,6,1.8,3.33,8,Eng,64,2,64,2,0.03125,1
b39_sdp2_longestoverlap_ISI_8_test,b39,p2,Span,mixed,8,3,0.76,3.95,8,Eng,64,2,64,2,0.03125,1
b39_sdp2_longestoverlap_ISI_9_test,b39,p2,Span,mixed,9,9,2.76,3.26,8,Eng,64,2,64,2,0.03125,1
b39_sdp2_longestoverlap_ISI_10_test,b39,p2,Span,mixed,10,4,1.18,3.39,8,Eng,64,2,64,2,0.03125,1
b39_sop2_longestoverlap_ISI_0_test,b39,p2,Span,single,0,15,3.46,4.33,8,Eng,64,2,64,2,0.03125,1
b39_sop2_longestoverlap_ISI_1_test,b39,p2,Span,single,1,4,1.06,3.77,8,Eng,64,2,64,2,0.03125,1
b39_sop2_longestoverlap_ISI_3_test,b39,p2,Span,single,3,3,0.86,3.49,8,Eng,64,2,64,2,0.03125,1
b39_sop2_longestoverlap_ISI_4_test,b39,p2,Span,single,4,8,1.64,4.88,8,Eng,64,2,64,2,0.03125,1
b39_sop2_longestoverlap_ISI_5_test,b39,p2,Span,single,5,8,2.88,2.78,8,Eng,64,2,64,2,0.03125,1
b39_sop2_longestoverlap_ISI_6_test,b39,p2,Span,single,6,6,1.82,3.3,8,Eng,64,2,64,2,0.03125,1
b39_sop2_longestoverlap_ISI_7_test,b39,p2,Span,single,7,9,2.4,3.75,8,Eng,64,2,64,2,0.03125,1
b39_sop2_longestoverlap_ISI_8_test,b39,p2,Span,single,8,2,0.68,2.94,8,Eng,64,2,64,2,0.03125,1
b39_sop2_longestoverlap_ISI_9_test,b39,p2,Span,single,9,9,2.26,3.98,8,Eng,64,2,64,2,0.03125,1
b39_sop2_longestoverlap_ISI_10_test,b39,p2,Span,single,10,2,1.14,1.75,8,Eng,64,2,64,2,0.03125,1
b3rr_sdp1_longestoverlap_ISI_0_test,b3rr,p1,Span,mixed,0,13,3.64,3.57,4,Eng,77,44,77,44,0.571428571,0
b3rr_sdp1_longestoverlap_ISI_1_test,b3rr,p1,Span,mixed,1,14,3.48,4.02,4,Eng,77,44,77,44,0.571428571,0
b3rr_sdp1_longestoverlap_ISI_2_test,b3rr,p1,Span,mixed,2,13,3.04,4.28,4,Eng,77,44,77,44,0.571428571,0
b3rr_sdp1_longestoverlap_ISI_3_test,b3rr,p1,Span,mixed,3,13,3.14,4.14,4,Eng,77,44,77,44,0.571428571,0
b3rr_sdp1_longestoverlap_ISI_5_test,b3rr,p1,Span,mixed,5,12,3.08,3.9,4,Eng,77,44,77,44,0.571428571,0
b3rr_sdp1_longestoverlap_ISI_6_test,b3rr,p1,Span,mixed,6,5,1.84,2.72,4,Eng,77,44,77,44,0.571428571,0
b3rr_sdp1_longestoverlap_ISI_7_test,b3rr,p1,Span,mixed,7,4,1.02,3.92,4,Eng,77,44,77,44,0.571428571,0
b3rr_sdp1_longestoverlap_ISI_8_test,b3rr,p1,Span,mixed,8,14,2.76,5.07,4,Eng,77,44,77,44,0.571428571,0
b3rr_sdp1_longestoverlap_ISI_9_test,b3rr,p1,Span,mixed,9,8,2.14,3.74,4,Eng,77,44,77,44,0.571428571,0
b3rr_sdp1_longestoverlap_ISI_10_test,b3rr,p1,Span,mixed,10,6,1.36,4.41,4,Eng,77,44,77,44,0.571428571,0
b3rr_sop1_longestoverlap_ISI_0_test,b3rr,p1,Span,single,0,12,3.3,3.64,4,Eng,77,44,77,44,0.571428571,0
b3rr_sop1_longestoverlap_ISI_1_test,b3rr,p1,Span,single,1,15,3.3,4.54,4,Eng,77,44,77,44,0.571428571,0
b3rr_sop1_longestoverlap_ISI_2_test,b3rr,p1,Span,single,2,11,2.76,3.98,4,Eng,77,44,77,44,0.571428571,0
b3rr_sop1_longestoverlap_ISI_3_test,b3rr,p1,Span,single,3,14,2.94,4.76,4,Eng,77,44,77,44,0.571428571,0
b3rr_sop1_longestoverlap_ISI_5_test,b3rr,p1,Span,single,5,13,3.12,4.17,4,Eng,77,44,77,44,0.571428571,0
b3rr_sop1_longestoverlap_ISI_6_test,b3rr,p1,Span,single,6,4,1.72,2.32,4,Eng,77,44,77,44,0.571428571,0
b3rr_sop1_longestoverlap_ISI_7_test,b3rr,p1,Span,single,7,3,1.08,2.78,4,Eng,77,44,77,44,0.571428571,0
b3rr_sop1_longestoverlap_ISI_8_test,b3rr,p1,Span,single,8,10,2.52,3.97,4,Eng,77,44,77,44,0.571428571,0
b3rr_sop1_longestoverlap_ISI_9_test,b3rr,p1,Span,single,9,9,2.06,4.37,4,Eng,77,44,77,44,0.571428571,0
b3rr_sop1_longestoverlap_ISI_10_test,b3rr,p1,Span,single,10,5,1.26,3.97,4,Eng,77,44,77,44,0.571428571,0
b3rr_sdp2_longestoverlap_ISI_0_test,b3rr,p2,Span,mixed,0,9,1.78,5.06,4,Eng,77,44,77,44,0.571428571,0
b3rr_sdp2_longestoverlap_ISI_1_test,b3rr,p2,Span,mixed,1,16,4.18,3.83,4,Eng,77,44,77,44,0.571428571,0
b3rr_sdp2_longestoverlap_ISI_2_test,b3rr,p2,Span,mixed,2,5,2,2.5,4,Eng,77,44,77,44,0.571428571,0
b3rr_sdp2_longestoverlap_ISI_3_test,b3rr,p2,Span,mixed,3,8,1.7,4.71,4,Eng,77,44,77,44,0.571428571,0
b3rr_sdp2_longestoverlap_ISI_4_test,b3rr,p2,Span,mixed,4,13,2.66,4.89,4,Eng,77,44,77,44,0.571428571,0
b3rr_sdp2_longestoverlap_ISI_5_test,b3rr,p2,Span,mixed,5,13,2.66,4.89,4,Eng,77,44,77,44,0.571428571,0
b3rr_sdp2_longestoverlap_ISI_6_test,b3rr,p2,Span,mixed,6,9,2.14,4.2,4,Eng,77,44,77,44,0.571428571,0
b3rr_sdp2_longestoverlap_ISI_7_test,b3rr,p2,Span,mixed,7,10,2.22,4.5,4,Eng,77,44,77,44,0.571428571,0
b3rr_sdp2_longestoverlap_ISI_8_test,b3rr,p2,Span,mixed,8,2,0.92,2.17,4,Eng,77,44,77,44,0.571428571,0
b3rr_sdp2_longestoverlap_ISI_9_test,b3rr,p2,Span,mixed,9,8,1.86,4.3,4,Eng,77,44,77,44,0.571428571,0
b3rr_sdp2_longestoverlap_ISI_10_test,b3rr,p2,Span,mixed,10,9,1.52,5.92,4,Eng,77,44,77,44,0.571428571,0
b3rr_sop2_longestoverlap_ISI_0_test,b3rr,p2,Span,single,0,7,1.72,4.07,4,Eng,77,44,77,44,0.571428571,0
b3rr_sop2_longestoverlap_ISI_1_test,b3rr,p2,Span,single,1,17,3.84,4.43,4,Eng,77,44,77,44,0.571428571,0
b3rr_sop2_longestoverlap_ISI_2_test,b3rr,p2,Span,single,2,6,1.4,4.28,4,Eng,77,44,77,44,0.571428571,0
b3rr_sop2_longestoverlap_ISI_3_test,b3rr,p2,Span,single,3,4,0.92,4.35,4,Eng,77,44,77,44,0.571428571,0
b3rr_sop2_longestoverlap_ISI_4_test,b3rr,p2,Span,single,4,8,2.32,3.45,4,Eng,77,44,77,44,0.571428571,0
b3rr_sop2_longestoverlap_ISI_5_test,b3rr,p2,Span,single,5,13,2.8,4.64,4,Eng,77,44,77,44,0.571428571,0
b3rr_sop2_longestoverlap_ISI_6_test,b3rr,p2,Span,single,6,6,1.86,3.22,4,Eng,77,44,77,44,0.571428571,0
b3rr_sop2_longestoverlap_ISI_7_test,b3rr,p2,Span,single,7,7,2.3,3.04,4,Eng,77,44,77,44,0.571428571,0
b3rr_sop2_longestoverlap_ISI_8_test,b3rr,p2,Span,single,8,3,0.94,3.19,4,Eng,77,44,77,44,0.571428571,0
b3rr_sop2_longestoverlap_ISI_9_test,b3rr,p2,Span,single,9,6,2.18,2.75,4,Eng,77,44,77,44,0.571428571,0
b3rr_sop2_longestoverlap_ISI_10_test,b3rr,p2,Span,single,10,5,1.58,3.16,4,Eng,77,44,77,44,0.571428571,0
b40_sdp1_longestoverlap_ISI_0_test,b40,p1,Span,mixed,0,3,1.98,1.51,9,Eng,70,38,70,38,0.542857143,3
b40_sdp1_longestoverlap_ISI_1_test,b40,p1,Span,mixed,1,4,1.62,2.47,9,Eng,70,38,70,38,0.542857143,3
b40_sdp1_longestoverlap_ISI_2_test,b40,p1,Span,mixed,2,5,2.64,1.89,9,Eng,70,38,70,38,0.542857143,3
b40_sdp1_longestoverlap_ISI_3_test,b40,p1,Span,mixed,3,8,2.76,2.9,9,Eng,70,38,70,38,0.542857143,3
b40_sdp1_longestoverlap_ISI_5_test,b40,p1,Span,mixed,5,17,5.3,3.21,9,Eng,70,38,70,38,0.542857143,3
b40_sdp1_longestoverlap_ISI_6_test,b40,p1,Span,mixed,6,7,1.72,4.07,9,Eng,70,38,70,38,0.542857143,3
b40_sdp1_longestoverlap_ISI_7_test,b40,p1,Span,mixed,7,5,1.22,4.1,9,Eng,70,38,70,38,0.542857143,3
b40_sdp1_longestoverlap_ISI_8_test,b40,p1,Span,mixed,8,10,3.42,2.92,9,Eng,70,38,70,38,0.542857143,3
b40_sdp1_longestoverlap_ISI_9_test,b40,p1,Span,mixed,9,10,2.92,3.42,9,Eng,70,38,70,38,0.542857143,3
b40_sdp1_longestoverlap_ISI_10_test,b40,p1,Span,mixed,10,6,1.9,3.16,9,Eng,70,38,70,38,0.542857143,3
b40_sop1_longestoverlap_ISI_0_test,b40,p1,Span,single,0,5,2.66,1.88,9,Eng,70,38,70,38,0.542857143,3
b40_sop1_longestoverlap_ISI_1_test,b40,p1,Span,single,1,4,0.94,4.26,9,Eng,70,38,70,38,0.542857143,3
b40_sop1_longestoverlap_ISI_2_test,b40,p1,Span,single,2,8,3.46,2.31,9,Eng,70,38,70,38,0.542857143,3
b40_sop1_longestoverlap_ISI_3_test,b40,p1,Span,single,3,7,2.06,3.4,9,Eng,70,38,70,38,0.542857143,3
b40_sop1_longestoverlap_ISI_5_test,b40,p1,Span,single,5,20,5.82,3.44,9,Eng,70,38,70,38,0.542857143,3
b40_sop1_longestoverlap_ISI_6_test,b40,p1,Span,single,6,5,2.32,2.15,9,Eng,70,38,70,38,0.542857143,3
b40_sop1_longestoverlap_ISI_7_test,b40,p1,Span,single,7,3,1.82,1.65,9,Eng,70,38,70,38,0.542857143,3
b40_sop1_longestoverlap_ISI_8_test,b40,p1,Span,single,8,11,3.18,3.46,9,Eng,70,38,70,38,0.542857143,3
b40_sop1_longestoverlap_ISI_9_test,b40,p1,Span,single,9,10,3.14,3.18,9,Eng,70,38,70,38,0.542857143,3
b40_sop1_longestoverlap_ISI_10_test,b40,p1,Span,single,10,6,2.02,2.97,9,Eng,70,38,70,38,0.542857143,3
b40_sdp2_longestoverlap_ISI_0_test,b40,p2,Span,mixed,0,6,1.76,3.41,9,Eng,70,38,70,38,0.542857143,3
b40_sdp2_longestoverlap_ISI_1_test,b40,p2,Span,mixed,1,11,2.66,4.13,9,Eng,70,38,70,38,0.542857143,3
b40_sdp2_longestoverlap_ISI_3_test,b40,p2,Span,mixed,3,3,0.92,3.26,9,Eng,70,38,70,38,0.542857143,3
b40_sdp2_longestoverlap_ISI_4_test,b40,p2,Span,mixed,4,4,1.74,2.3,9,Eng,70,38,70,38,0.542857143,3
b40_sdp2_longestoverlap_ISI_5_test,b40,p2,Span,mixed,5,10,3.92,2.55,9,Eng,70,38,70,38,0.542857143,3
b40_sdp2_longestoverlap_ISI_6_test,b40,p2,Span,mixed,6,13,3.32,3.91,9,Eng,70,38,70,38,0.542857143,3
b40_sdp2_longestoverlap_ISI_7_test,b40,p2,Span,mixed,7,11,3.58,3.07,9,Eng,70,38,70,38,0.542857143,3
b40_sdp2_longestoverlap_ISI_8_test,b40,p2,Span,mixed,8,4,1.26,3.17,9,Eng,70,38,70,38,0.542857143,3
b40_sdp2_longestoverlap_ISI_9_test,b40,p2,Span,mixed,9,14,4.48,3.12,9,Eng,70,38,70,38,0.542857143,3
b40_sdp2_longestoverlap_ISI_10_test,b40,p2,Span,mixed,10,2,1.74,1.15,9,Eng,70,38,70,38,0.542857143,3
b40_sop2_longestoverlap_ISI_0_test,b40,p2,Span,single,0,8,1.8,4.44,9,Eng,70,38,70,38,0.542857143,3
b40_sop2_longestoverlap_ISI_1_test,b40,p2,Span,single,1,11,5.06,2.17,9,Eng,70,38,70,38,0.542857143,3
b40_sop2_longestoverlap_ISI_3_test,b40,p2,Span,single,3,5,1.38,3.62,9,Eng,70,38,70,38,0.542857143,3
b40_sop2_longestoverlap_ISI_4_test,b40,p2,Span,single,4,5,2.8,1.79,9,Eng,70,38,70,38,0.542857143,3
b40_sop2_longestoverlap_ISI_5_test,b40,p2,Span,single,5,11,3.52,3.12,9,Eng,70,38,70,38,0.542857143,3
b40_sop2_longestoverlap_ISI_6_test,b40,p2,Span,single,6,9,3.38,2.66,9,Eng,70,38,70,38,0.542857143,3
b40_sop2_longestoverlap_ISI_7_test,b40,p2,Span,single,7,14,4.46,3.14,9,Eng,70,38,70,38,0.542857143,3
b40_sop2_longestoverlap_ISI_8_test,b40,p2,Span,single,8,3,1.52,1.97,9,Eng,70,38,70,38,0.542857143,3
b40_sop2_longestoverlap_ISI_9_test,b40,p2,Span,single,9,13,4.6,2.83,9,Eng,70,38,70,38,0.542857143,3
b40_sop2_longestoverlap_ISI_10_test,b40,p2,Span,single,10,4,2.44,1.64,9,Eng,70,38,70,38,0.542857143,3
b41r_sdp1_longestoverlap_ISI_0_test,b41r,p1,Span,mixed,0,11,3.62,3.04,10,Eng,69,57,69,57,0.826086957,4
b41r_sdp1_longestoverlap_ISI_1_test,b41r,p1,Span,mixed,1,13,3.06,4.25,10,Eng,69,57,69,57,0.826086957,4
b41r_sdp1_longestoverlap_ISI_2_test,b41r,p1,Span,mixed,2,17,3.98,4.27,10,Eng,69,57,69,57,0.826086957,4
b41r_sdp1_longestoverlap_ISI_3_test,b41r,p1,Span,mixed,3,11,3.04,3.62,10,Eng,69,57,69,57,0.826086957,4
b41r_sdp1_longestoverlap_ISI_4_test,b41r,p1,Span,mixed,4,6,1.48,4.05,10,Eng,69,57,69,57,0.826086957,4
b41r_sdp1_longestoverlap_ISI_5_test,b41r,p1,Span,mixed,5,12,2.32,5.17,10,Eng,69,57,69,57,0.826086957,4
b41r_sdp1_longestoverlap_ISI_6_test,b41r,p1,Span,mixed,6,4,1.56,2.56,10,Eng,69,57,69,57,0.826086957,4
b41r_sdp1_longestoverlap_ISI_7_test,b41r,p1,Span,mixed,7,3,1.16,2.59,10,Eng,69,57,69,57,0.826086957,4
b41r_sdp1_longestoverlap_ISI_8_test,b41r,p1,Span,mixed,8,11,2.56,4.3,10,Eng,69,57,69,57,0.826086957,4
b41r_sdp1_longestoverlap_ISI_9_test,b41r,p1,Span,mixed,9,7,1.58,4.43,10,Eng,69,57,69,57,0.826086957,4
b41r_sdp1_longestoverlap_ISI_10_test,b41r,p1,Span,mixed,10,3,1.24,2.42,10,Eng,69,57,69,57,0.826086957,4
b41r_sop1_longestoverlap_ISI_0_test,b41r,p1,Span,single,0,13,3.38,3.85,10,Eng,69,57,69,57,0.826086957,4
b41r_sop1_longestoverlap_ISI_1_test,b41r,p1,Span,single,1,10,3,3.33,10,Eng,69,57,69,57,0.826086957,4
b41r_sop1_longestoverlap_ISI_2_test,b41r,p1,Span,single,2,13,3.84,3.39,10,Eng,69,57,69,57,0.826086957,4
b41r_sop1_longestoverlap_ISI_3_test,b41r,p1,Span,single,3,10,2.84,3.52,10,Eng,69,57,69,57,0.826086957,4
b41r_sop1_longestoverlap_ISI_4_test,b41r,p1,Span,single,4,6,1.52,3.95,10,Eng,69,57,69,57,0.826086957,4
b41r_sop1_longestoverlap_ISI_5_test,b41r,p1,Span,single,5,7,2.26,3.1,10,Eng,69,57,69,57,0.826086957,4
b41r_sop1_longestoverlap_ISI_6_test,b41r,p1,Span,single,6,6,1.76,3.41,10,Eng,69,57,69,57,0.826086957,4
b41r_sop1_longestoverlap_ISI_7_test,b41r,p1,Span,single,7,3,1.08,2.78,10,Eng,69,57,69,57,0.826086957,4
b41r_sop1_longestoverlap_ISI_8_test,b41r,p1,Span,single,8,9,2.48,3.63,10,Eng,69,57,69,57,0.826086957,4
b41r_sop1_longestoverlap_ISI_9_test,b41r,p1,Span,single,9,5,1.5,3.33,10,Eng,69,57,69,57,0.826086957,4
b41r_sop1_longestoverlap_ISI_10_test,b41r,p1,Span,single,10,6,1.48,4.05,10,Eng,69,57,69,57,0.826086957,4
b41r_sdp2_longestoverlap_ISI_0_test,b41r,p2,Span,mixed,0,17,4.34,3.92,10,Eng,69,57,69,57,0.826086957,4
b41r_sdp2_longestoverlap_ISI_1_test,b41r,p2,Span,mixed,1,11,2.54,4.33,10,Eng,69,57,69,57,0.826086957,4
b41r_sdp2_longestoverlap_ISI_2_test,b41r,p2,Span,mixed,2,4,1.34,2.98,10,Eng,69,57,69,57,0.826086957,4
b41r_sdp2_longestoverlap_ISI_3_test,b41r,p2,Span,mixed,3,3,0.82,3.66,10,Eng,69,57,69,57,0.826086957,4
b41r_sdp2_longestoverlap_ISI_4_test,b41r,p2,Span,mixed,4,5,1.6,3.12,10,Eng,69,57,69,57,0.826086957,4
b41r_sdp2_longestoverlap_ISI_5_test,b41r,p2,Span,mixed,5,8,3.1,2.58,10,Eng,69,57,69,57,0.826086957,4
b41r_sdp2_longestoverlap_ISI_6_test,b41r,p2,Span,mixed,6,8,2.54,3.15,10,Eng,69,57,69,57,0.826086957,4
b41r_sdp2_longestoverlap_ISI_7_test,b41r,p2,Span,mixed,7,14,3.54,3.95,10,Eng,69,57,69,57,0.826086957,4
b41r_sdp2_longestoverlap_ISI_9_test,b41r,p2,Span,mixed,9,11,2.76,3.99,10,Eng,69,57,69,57,0.826086957,4
b41r_sdp2_longestoverlap_ISI_10_test,b41r,p2,Span,mixed,10,5,1.52,3.29,10,Eng,69,57,69,57,0.826086957,4
b41r_sop2_longestoverlap_ISI_0_test,b41r,p2,Span,single,0,18,4.26,4.22,10,Eng,69,57,69,57,0.826086957,4
b41r_sop2_longestoverlap_ISI_1_test,b41r,p2,Span,single,1,10,2.52,3.97,10,Eng,69,57,69,57,0.826086957,4
b41r_sop2_longestoverlap_ISI_2_test,b41r,p2,Span,single,2,5,1.32,3.79,10,Eng,69,57,69,57,0.826086957,4
b41r_sop2_longestoverlap_ISI_3_test,b41r,p2,Span,single,3,3,0.82,3.66,10,Eng,69,57,69,57,0.826086957,4
b41r_sop2_longestoverlap_ISI_4_test,b41r,p2,Span,single,4,4,1.42,2.82,10,Eng,69,57,69,57,0.826086957,4
b41r_sop2_longestoverlap_ISI_5_test,b41r,p2,Span,single,5,8,3.06,2.61,10,Eng,69,57,69,57,0.826086957,4
b41r_sop2_longestoverlap_ISI_6_test,b41r,p2,Span,single,6,8,2.28,3.51,10,Eng,69,57,69,57,0.826086957,4
b41r_sop2_longestoverlap_ISI_7_test,b41r,p2,Span,single,7,12,3.52,3.41,10,Eng,69,57,69,57,0.826086957,4
b41r_sop2_longestoverlap_ISI_9_test,b41r,p2,Span,single,9,10,2.62,3.82,10,Eng,69,57,69,57,0.826086957,4
b41r_sop2_longestoverlap_ISI_10_test,b41r,p2,Span,single,10,5,1.48,3.38,10,Eng,69,57,69,57,0.826086957,4
b42rr_sdp1_longestoverlap_ISI_0_test,b42rr,p1,Span,mixed,0,9,1.96,4.59,11,Eng,78,49,78,49,0.628205128,6
b42rr_sdp1_longestoverlap_ISI_1_test,b42rr,p1,Span,mixed,1,4,1.78,2.25,11,Eng,78,49,78,49,0.628205128,6
b42rr_sdp1_longestoverlap_ISI_2_test,b42rr,p1,Span,mixed,2,14,3.78,3.7,11,Eng,78,49,78,49,0.628205128,6
b42rr_sdp1_longestoverlap_ISI_3_test,b42rr,p1,Span,mixed,3,6,1.58,3.8,11,Eng,78,49,78,49,0.628205128,6
b42rr_sdp1_longestoverlap_ISI_4_test,b42rr,p1,Span,mixed,4,7,1.5,4.67,11,Eng,78,49,78,49,0.628205128,6
b42rr_sdp1_longestoverlap_ISI_5_test,b42rr,p1,Span,mixed,5,14,3.12,4.49,11,Eng,78,49,78,49,0.628205128,6
b42rr_sdp1_longestoverlap_ISI_6_test,b42rr,p1,Span,mixed,6,6,1.54,3.9,11,Eng,78,49,78,49,0.628205128,6
b42rr_sdp1_longestoverlap_ISI_7_test,b42rr,p1,Span,mixed,7,3,0.94,3.19,11,Eng,78,49,78,49,0.628205128,6
b42rr_sdp1_longestoverlap_ISI_8_test,b42rr,p1,Span,mixed,8,7,1.88,3.72,11,Eng,78,49,78,49,0.628205128,6
b42rr_sdp1_longestoverlap_ISI_9_test,b42rr,p1,Span,mixed,9,8,1.94,4.12,11,Eng,78,49,78,49,0.628205128,6
b42rr_sdp1_longestoverlap_ISI_10_test,b42rr,p1,Span,mixed,10,7,1.88,3.72,11,Eng,78,49,78,49,0.628205128,6
b42rr_sop1_longestoverlap_ISI_0_test,b42rr,p1,Span,single,0,7,1.54,4.54,11,Eng,78,49,78,49,0.628205128,6
b42rr_sop1_longestoverlap_ISI_1_test,b42rr,p1,Span,single,1,5,1.52,3.29,11,Eng,78,49,78,49,0.628205128,6
b42rr_sop1_longestoverlap_ISI_2_test,b42rr,p1,Span,single,2,11,3.26,3.37,11,Eng,78,49,78,49,0.628205128,6
b42rr_sop1_longestoverlap_ISI_3_test,b42rr,p1,Span,single,3,6,1.62,3.7,11,Eng,78,49,78,49,0.628205128,6
b42rr_sop1_longestoverlap_ISI_4_test,b42rr,p1,Span,single,4,7,1.44,4.86,11,Eng,78,49,78,49,0.628205128,6
b42rr_sop1_longestoverlap_ISI_5_test,b42rr,p1,Span,single,5,10,2.62,3.82,11,Eng,78,49,78,49,0.628205128,6
b42rr_sop1_longestoverlap_ISI_6_test,b42rr,p1,Span,single,6,6,1.4,4.28,11,Eng,78,49,78,49,0.628205128,6
b42rr_sop1_longestoverlap_ISI_7_test,b42rr,p1,Span,single,7,3,0.86,3.49,11,Eng,78,49,78,49,0.628205128,6
b42rr_sop1_longestoverlap_ISI_8_test,b42rr,p1,Span,single,8,8,2.06,3.88,11,Eng,78,49,78,49,0.628205128,6
b42rr_sop1_longestoverlap_ISI_9_test,b42rr,p1,Span,single,9,8,1.98,4.04,11,Eng,78,49,78,49,0.628205128,6
b42rr_sop1_longestoverlap_ISI_10_test,b42rr,p1,Span,single,10,8,1.92,4.17,11,Eng,78,49,78,49,0.628205128,6
b42rr_sdp2_longestoverlap_ISI_0_test,b42rr,p2,Span,mixed,0,8,2.06,3.88,11,Eng,78,49,78,49,0.628205128,6
b42rr_sdp2_longestoverlap_ISI_1_test,b42rr,p2,Span,mixed,1,11,2.6,4.23,11,Eng,78,49,78,49,0.628205128,6
b42rr_sdp2_longestoverlap_ISI_2_test,b42rr,p2,Span,mixed,2,2,0.64,3.12,11,Eng,78,49,78,49,0.628205128,6
b42rr_sdp2_longestoverlap_ISI_3_test,b42rr,p2,Span,mixed,3,3,0.92,3.26,11,Eng,78,49,78,49,0.628205128,6
b42rr_sdp2_longestoverlap_ISI_4_test,b42rr,p2,Span,mixed,4,3,1.18,2.54,11,Eng,78,49,78,49,0.628205128,6
b42rr_sdp2_longestoverlap_ISI_5_test,b42rr,p2,Span,mixed,5,5,1.56,3.2,11,Eng,78,49,78,49,0.628205128,6
b42rr_sdp2_longestoverlap_ISI_6_test,b42rr,p2,Span,mixed,6,11,2.6,4.23,11,Eng,78,49,78,49,0.628205128,6
b42rr_sdp2_longestoverlap_ISI_7_test,b42rr,p2,Span,mixed,7,13,3.18,4.09,11,Eng,78,49,78,49,0.628205128,6
b42rr_sdp2_longestoverlap_ISI_8_test,b42rr,p2,Span,mixed,8,2,1.72,1.16,11,Eng,78,49,78,49,0.628205128,6
b42rr_sdp2_longestoverlap_ISI_9_test,b42rr,p2,Span,mixed,9,10,3.74,2.67,11,Eng,78,49,78,49,0.628205128,6
b42rr_sdp2_longestoverlap_ISI_10_test,b42rr,p2,Span,mixed,10,6,1.52,3.95,11,Eng,78,49,78,49,0.628205128,6
b42rr_sop2_longestoverlap_ISI_0_test,b42rr,p2,Span,single,0,8,1.76,4.54,11,Eng,78,49,78,49,0.628205128,6
b42rr_sop2_longestoverlap_ISI_1_test,b42rr,p2,Span,single,1,12,2.66,4.51,11,Eng,78,49,78,49,0.628205128,6
b42rr_sop2_longestoverlap_ISI_2_test,b42rr,p2,Span,single,2,3,0.68,4.41,11,Eng,78,49,78,49,0.628205128,6
b42rr_sop2_longestoverlap_ISI_3_test,b42rr,p2,Span,single,3,6,1.22,4.92,11,Eng,78,49,78,49,0.628205128,6
b42rr_sop2_longestoverlap_ISI_4_test,b42rr,p2,Span,single,4,10,4,2.5,11,Eng,78,49,78,49,0.628205128,6
b42rr_sop2_longestoverlap_ISI_5_test,b42rr,p2,Span,single,5,5,1.62,3.09,11,Eng,78,49,78,49,0.628205128,6
b42rr_sop2_longestoverlap_ISI_6_test,b42rr,p2,Span,single,6,9,2.42,3.72,11,Eng,78,49,78,49,0.628205128,6
b42rr_sop2_longestoverlap_ISI_7_test,b42rr,p2,Span,single,7,11,2.72,4.04,11,Eng,78,49,78,49,0.628205128,6
b42rr_sop2_longestoverlap_ISI_8_test,b42rr,p2,Span,single,8,2,1.44,1.39,11,Eng,78,49,78,49,0.628205128,6
b42rr_sop2_longestoverlap_ISI_9_test,b42rr,p2,Span,single,9,14,3.02,4.63,11,Eng,78,49,78,49,0.628205128,6
b42rr_sop2_longestoverlap_ISI_10_test,b42rr,p2,Span,single,10,7,1.6,4.37,11,Eng,78,49,78,49,0.628205128,6
b43_sdp1_longestoverlap_ISI_0_test,b43,p1,Span,mixed,0,7,2.14,3.27,12,Eng,69,45,69,45,0.652173913,0
b43_sdp1_longestoverlap_ISI_1_test,b43,p1,Span,mixed,1,13,4.82,2.7,12,Eng,69,45,69,45,0.652173913,0
b43_sdp1_longestoverlap_ISI_2_test,b43,p1,Span,mixed,2,8,2.42,3.31,12,Eng,69,45,69,45,0.652173913,0
b43_sdp1_longestoverlap_ISI_3_test,b43,p1,Span,mixed,3,13,4.22,3.08,12,Eng,69,45,69,45,0.652173913,0
b43_sdp1_longestoverlap_ISI_4_test,b43,p1,Span,mixed,4,9,1.86,4.84,12,Eng,69,45,69,45,0.652173913,0
b43_sdp1_longestoverlap_ISI_5_test,b43,p1,Span,mixed,5,19,6.6,2.88,12,Eng,69,45,69,45,0.652173913,0
b43_sdp1_longestoverlap_ISI_6_test,b43,p1,Span,mixed,6,2,2,1,12,Eng,69,45,69,45,0.652173913,0
b43_sdp1_longestoverlap_ISI_7_test,b43,p1,Span,mixed,7,4,1.6,2.5,12,Eng,69,45,69,45,0.652173913,0
b43_sdp1_longestoverlap_ISI_9_test,b43,p1,Span,mixed,9,5,1.78,2.81,12,Eng,69,45,69,45,0.652173913,0
b43_sop1_longestoverlap_ISI_0_test,b43,p1,Span,single,0,8,1.98,4.04,12,Eng,69,45,69,45,0.652173913,0
b43_sop1_longestoverlap_ISI_1_test,b43,p1,Span,single,1,10,3.76,2.66,12,Eng,69,45,69,45,0.652173913,0
b43_sop1_longestoverlap_ISI_2_test,b43,p1,Span,single,2,7,2.44,2.87,12,Eng,69,45,69,45,0.652173913,0
b43_sop1_longestoverlap_ISI_3_test,b43,p1,Span,single,3,10,2.86,3.5,12,Eng,69,45,69,45,0.652173913,0
b43_sop1_longestoverlap_ISI_4_test,b43,p1,Span,single,4,4,1.74,2.3,12,Eng,69,45,69,45,0.652173913,0
b43_sop1_longestoverlap_ISI_5_test,b43,p1,Span,single,5,15,5.24,2.86,12,Eng,69,45,69,45,0.652173913,0
b43_sop1_longestoverlap_ISI_6_test,b43,p1,Span,single,6,3,1.98,1.51,12,Eng,69,45,69,45,0.652173913,0
b43_sop1_longestoverlap_ISI_7_test,b43,p1,Span,single,7,4,1.54,2.6,12,Eng,69,45,69,45,0.652173913,0
b43_sop1_longestoverlap_ISI_9_test,b43,p1,Span,single,9,4,1.54,2.6,12,Eng,69,45,69,45,0.652173913,0
b43_sdp2_longestoverlap_ISI_0_test,b43,p2,Span,mixed,0,8,2.5,3.2,12,Eng,69,45,69,45,0.652173913,0
b43_sdp2_longestoverlap_ISI_1_test,b43,p2,Span,mixed,1,5,1.5,3.33,12,Eng,69,45,69,45,0.652173913,0
b43_sdp2_longestoverlap_ISI_2_test,b43,p2,Span,mixed,2,3,1.34,2.24,12,Eng,69,45,69,45,0.652173913,0
b43_sdp2_longestoverlap_ISI_3_test,b43,p2,Span,mixed,3,5,1.86,2.69,12,Eng,69,45,69,45,0.652173913,0
b43_sdp2_longestoverlap_ISI_4_test,b43,p2,Span,mixed,4,5,1.58,3.16,12,Eng,69,45,69,45,0.652173913,0
b43_sdp2_longestoverlap_ISI_5_test,b43,p2,Span,mixed,5,5,2,2.5,12,Eng,69,45,69,45,0.652173913,0
b43_sdp2_longestoverlap_ISI_6_test,b43,p2,Span,mixed,6,10,2.76,3.62,12,Eng,69,45,69,45,0.652173913,0
b43_sdp2_longestoverlap_ISI_7_test,b43,p2,Span,mixed,7,7,2.8,2.5,12,Eng,69,45,69,45,0.652173913,0
b43_sdp2_longestoverlap_ISI_8_test,b43,p2,Span,mixed,8,2,1.5,1.33,12,Eng,69,45,69,45,0.652173913,0
b43_sdp2_longestoverlap_ISI_9_test,b43,p2,Span,mixed,9,14,4.4,3.18,12,Eng,69,45,69,45,0.652173913,0
b43_sop2_longestoverlap_ISI_0_test,b43,p2,Span,single,0,8,2.14,3.74,12,Eng,69,45,69,45,0.652173913,0
b43_sop2_longestoverlap_ISI_1_test,b43,p2,Span,single,1,4,1.26,3.17,12,Eng,69,45,69,45,0.652173913,0
b43_sop2_longestoverlap_ISI_2_test,b43,p2,Span,single,2,3,1.34,2.24,12,Eng,69,45,69,45,0.652173913,0
b43_sop2_longestoverlap_ISI_3_test,b43,p2,Span,single,3,5,1.12,4.46,12,Eng,69,45,69,45,0.652173913,0
b43_sop2_longestoverlap_ISI_4_test,b43,p2,Span,single,4,4,1.42,2.82,12,Eng,69,45,69,45,0.652173913,0
b43_sop2_longestoverlap_ISI_5_test,b43,p2,Span,single,5,7,1.82,3.85,12,Eng,69,45,69,45,0.652173913,0
b43_sop2_longestoverlap_ISI_6_test,b43,p2,Span,single,6,5,2,2.5,12,Eng,69,45,69,45,0.652173913,0
b43_sop2_longestoverlap_ISI_7_test,b43,p2,Span,single,7,10,2.46,4.06,12,Eng,69,45,69,45,0.652173913,0
b43_sop2_longestoverlap_ISI_8_test,b43,p2,Span,single,8,3,1.08,2.78,12,Eng,69,45,69,45,0.652173913,0
b43_sop2_longestoverlap_ISI_9_test,b43,p2,Span,single,9,14,4.64,3.02,12,Eng,69,45,69,45,0.652173913,0
b44_sdp1_longestoverlap_ISI_0_test,b44,p1,Span,mixed,0,7,1.98,3.53,13,Eng,68,49,68,49,0.720588235,3
b44_sdp1_longestoverlap_ISI_1_test,b44,p1,Span,mixed,1,14,3.5,4,13,Eng,68,49,68,49,0.720588235,3
b44_sdp1_longestoverlap_ISI_2_test,b44,p1,Span,mixed,2,3,1.22,2.46,13,Eng,68,49,68,49,0.720588235,3
b44_sdp1_longestoverlap_ISI_3_test,b44,p1,Span,mixed,3,9,2.52,3.57,13,Eng,68,49,68,49,0.720588235,3
b44_sdp1_longestoverlap_ISI_5_test,b44,p1,Span,mixed,5,5,1.66,3.01,13,Eng,68,49,68,49,0.720588235,3
b44_sdp1_longestoverlap_ISI_6_test,b44,p1,Span,mixed,6,4,1.52,2.63,13,Eng,68,49,68,49,0.720588235,3
b44_sdp1_longestoverlap_ISI_7_test,b44,p1,Span,mixed,7,2,0.68,2.94,13,Eng,68,49,68,49,0.720588235,3
b44_sdp1_longestoverlap_ISI_9_test,b44,p1,Span,mixed,9,4,1.28,3.12,13,Eng,68,49,68,49,0.720588235,3
b44_sdp1_longestoverlap_ISI_10_test,b44,p1,Span,mixed,10,4,1.54,2.6,13,Eng,68,49,68,49,0.720588235,3
b44_sop1_longestoverlap_ISI_0_test,b44,p1,Span,single,0,7,1.86,3.76,13,Eng,68,49,68,49,0.720588235,3
b44_sop1_longestoverlap_ISI_1_test,b44,p1,Span,single,1,13,3.28,3.96,13,Eng,68,49,68,49,0.720588235,3
b44_sop1_longestoverlap_ISI_2_test,b44,p1,Span,single,2,3,1.12,2.68,13,Eng,68,49,68,49,0.720588235,3
b44_sop1_longestoverlap_ISI_3_test,b44,p1,Span,single,3,9,2.16,4.17,13,Eng,68,49,68,49,0.720588235,3
b44_sop1_longestoverlap_ISI_5_test,b44,p1,Span,single,5,5,1.4,3.57,13,Eng,68,49,68,49,0.720588235,3
b44_sop1_longestoverlap_ISI_6_test,b44,p1,Span,single,6,3,1.22,2.46,13,Eng,68,49,68,49,0.720588235,3
b44_sop1_longestoverlap_ISI_7_test,b44,p1,Span,single,7,2,0.58,3.45,13,Eng,68,49,68,49,0.720588235,3
b44_sop1_longestoverlap_ISI_9_test,b44,p1,Span,single,9,4,1.18,3.39,13,Eng,68,49,68,49,0.720588235,3
b44_sop1_longestoverlap_ISI_10_test,b44,p1,Span,single,10,4,1.34,2.98,13,Eng,68,49,68,49,0.720588235,3
b44_sdp2_longestoverlap_ISI_0_test,b44,p2,Span,mixed,0,11,3.3,3.33,13,Eng,68,49,68,49,0.720588235,3
b44_sdp2_longestoverlap_ISI_1_test,b44,p2,Span,mixed,1,5,1.6,3.12,13,Eng,68,49,68,49,0.720588235,3
b44_sdp2_longestoverlap_ISI_3_test,b44,p2,Span,mixed,3,4,0.98,4.08,13,Eng,68,49,68,49,0.720588235,3
b44_sdp2_longestoverlap_ISI_4_test,b44,p2,Span,mixed,4,2,0.88,2.27,13,Eng,68,49,68,49,0.720588235,3
b44_sdp2_longestoverlap_ISI_5_test,b44,p2,Span,mixed,5,5,1.54,3.25,13,Eng,68,49,68,49,0.720588235,3
b44_sdp2_longestoverlap_ISI_6_test,b44,p2,Span,mixed,6,7,1.98,3.53,13,Eng,68,49,68,49,0.720588235,3
b44_sdp2_longestoverlap_ISI_7_test,b44,p2,Span,mixed,7,11,3,3.67,13,Eng,68,49,68,49,0.720588235,3
b44_sdp2_longestoverlap_ISI_8_test,b44,p2,Span,mixed,8,5,1.4,3.57,13,Eng,68,49,68,49,0.720588235,3
b44_sdp2_longestoverlap_ISI_9_test,b44,p2,Span,mixed,9,9,2.5,3.6,13,Eng,68,49,68,49,0.720588235,3
b44_sdp2_longestoverlap_ISI_10_test,b44,p2,Span,mixed,10,4,1.4,2.86,13,Eng,68,49,68,49,0.720588235,3
b44_sop2_longestoverlap_ISI_0_test,b44,p2,Span,single,0,12,3.04,3.95,13,Eng,68,49,68,49,0.720588235,3
b44_sop2_longestoverlap_ISI_1_test,b44,p2,Span,single,1,6,1.22,4.92,13,Eng,68,49,68,49,0.720588235,3
b44_sop2_longestoverlap_ISI_3_test,b44,p2,Span,single,3,5,1,5,13,Eng,68,49,68,49,0.720588235,3
b44_sop2_longestoverlap_ISI_4_test,b44,p2,Span,single,4,2,0.9,2.22,13,Eng,68,49,68,49,0.720588235,3
b44_sop2_longestoverlap_ISI_5_test,b44,p2,Span,single,5,6,1.52,3.95,13,Eng,68,49,68,49,0.720588235,3
b44_sop2_longestoverlap_ISI_6_test,b44,p2,Span,single,6,6,1.6,3.75,13,Eng,68,49,68,49,0.720588235,3
b44_sop2_longestoverlap_ISI_7_test,b44,p2,Span,single,7,9,2.82,3.19,13,Eng,68,49,68,49,0.720588235,3
b44_sop2_longestoverlap_ISI_8_test,b44,p2,Span,single,8,3,1,3,13,Eng,68,49,68,49,0.720588235,3
b44_sop2_longestoverlap_ISI_9_test,b44,p2,Span,single,9,8,2.24,3.57,13,Eng,68,49,68,49,0.720588235,3
b44_sop2_longestoverlap_ISI_10_test,b44,p2,Span,single,10,3,1,3,13,Eng,68,49,68,49,0.720588235,3
b45r_sdp1_longestoverlap_ISI_0_test,b45r,p1,Span,mixed,0,16,3.68,4.35,14,Eng,64,32,64,32,0.5,0
b45r_sdp1_longestoverlap_ISI_1_test,b45r,p1,Span,mixed,1,3,0.92,3.26,14,Eng,64,32,64,32,0.5,0
b45r_sdp1_longestoverlap_ISI_2_test,b45r,p1,Span,mixed,2,10,2,5,14,Eng,64,32,64,32,0.5,0
b45r_sdp1_longestoverlap_ISI_3_test,b45r,p1,Span,mixed,3,3,0.84,3.57,14,Eng,64,32,64,32,0.5,0
b45r_sdp1_longestoverlap_ISI_4_test,b45r,p1,Span,mixed,4,6,1.48,4.05,14,Eng,64,32,64,32,0.5,0
b45r_sdp1_longestoverlap_ISI_5_test,b45r,p1,Span,mixed,5,13,2.94,4.42,14,Eng,64,32,64,32,0.5,0
b45r_sdp1_longestoverlap_ISI_6_test,b45r,p1,Span,mixed,6,7,2.1,3.33,14,Eng,64,32,64,32,0.5,0
b45r_sdp1_longestoverlap_ISI_7_test,b45r,p1,Span,mixed,7,2,0.82,2.44,14,Eng,64,32,64,32,0.5,0
b45r_sdp1_longestoverlap_ISI_8_test,b45r,p1,Span,mixed,8,4,1.06,3.77,14,Eng,64,32,64,32,0.5,0
b45r_sdp1_longestoverlap_ISI_9_test,b45r,p1,Span,mixed,9,2,0.98,2.04,14,Eng,64,32,64,32,0.5,0
b45r_sdp1_longestoverlap_ISI_10_test,b45r,p1,Span,mixed,10,7,1.58,4.43,14,Eng,64,32,64,32,0.5,0
b45r_sop1_longestoverlap_ISI_0_test,b45r,p1,Span,single,0,15,4.06,3.69,14,Eng,64,32,64,32,0.5,0
b45r_sop1_longestoverlap_ISI_1_test,b45r,p1,Span,single,1,4,0.98,4.08,14,Eng,64,32,64,32,0.5,0
b45r_sop1_longestoverlap_ISI_2_test,b45r,p1,Span,single,2,10,2.3,4.35,14,Eng,64,32,64,32,0.5,0
b45r_sop1_longestoverlap_ISI_3_test,b45r,p1,Span,single,3,4,0.82,4.88,14,Eng,64,32,64,32,0.5,0
b45r_sop1_longestoverlap_ISI_4_test,b45r,p1,Span,single,4,7,1.56,4.49,14,Eng,64,32,64,32,0.5,0
b45r_sop1_longestoverlap_ISI_5_test,b45r,p1,Span,single,5,12,2.82,4.25,14,Eng,64,32,64,32,0.5,0
b45r_sop1_longestoverlap_ISI_6_test,b45r,p1,Span,single,6,9,2.2,4.09,14,Eng,64,32,64,32,0.5,0
b45r_sop1_longestoverlap_ISI_7_test,b45r,p1,Span,single,7,3,0.86,3.49,14,Eng,64,32,64,32,0.5,0
b45r_sop1_longestoverlap_ISI_8_test,b45r,p1,Span,single,8,2,1.04,1.92,14,Eng,64,32,64,32,0.5,0
b45r_sop1_longestoverlap_ISI_9_test,b45r,p1,Span,single,9,3,0.84,3.57,14,Eng,64,32,64,32,0.5,0
b45r_sop1_longestoverlap_ISI_10_test,b45r,p1,Span,single,10,4,1.48,2.7,14,Eng,64,32,64,32,0.5,0
b45r_sdp2_longestoverlap_ISI_0_test,b45r,p2,Span,mixed,0,8,1.8,4.44,14,Eng,64,32,64,32,0.5,0
b45r_sdp2_longestoverlap_ISI_1_test,b45r,p2,Span,mixed,1,7,2.02,3.46,14,Eng,64,32,64,32,0.5,0
b45r_sdp2_longestoverlap_ISI_2_test,b45r,p2,Span,mixed,2,4,1.58,2.53,14,Eng,64,32,64,32,0.5,0
b45r_sdp2_longestoverlap_ISI_3_test,b45r,p2,Span,mixed,3,3,0.9,3.33,14,Eng,64,32,64,32,0.5,0
b45r_sdp2_longestoverlap_ISI_4_test,b45r,p2,Span,mixed,4,3,1.12,2.68,14,Eng,64,32,64,32,0.5,0
b45r_sdp2_longestoverlap_ISI_5_test,b45r,p2,Span,mixed,5,7,1.62,4.32,14,Eng,64,32,64,32,0.5,0
b45r_sdp2_longestoverlap_ISI_6_test,b45r,p2,Span,mixed,6,9,2.52,3.57,14,Eng,64,32,64,32,0.5,0
b45r_sdp2_longestoverlap_ISI_7_test,b45r,p2,Span,mixed,7,9,2.2,4.09,14,Eng,64,32,64,32,0.5,0
b45r_sdp2_longestoverlap_ISI_8_test,b45r,p2,Span,mixed,8,3,0.88,3.41,14,Eng,64,32,64,32,0.5,0
b45r_sdp2_longestoverlap_ISI_9_test,b45r,p2,Span,mixed,9,4,1.02,3.92,14,Eng,64,32,64,32,0.5,0
b45r_sdp2_longestoverlap_ISI_10_test,b45r,p2,Span,mixed,10,5,1.58,3.16,14,Eng,64,32,64,32,0.5,0
b45r_sop2_longestoverlap_ISI_0_test,b45r,p2,Span,single,0,8,1.84,4.35,14,Eng,64,32,64,32,0.5,0
b45r_sop2_longestoverlap_ISI_1_test,b45r,p2,Span,single,1,9,2.68,3.36,14,Eng,64,32,64,32,0.5,0
b45r_sop2_longestoverlap_ISI_2_test,b45r,p2,Span,single,2,9,4.22,2.13,14,Eng,64,32,64,32,0.5,0
b45r_sop2_longestoverlap_ISI_3_test,b45r,p2,Span,single,3,4,1.06,3.77,14,Eng,64,32,64,32,0.5,0
b45r_sop2_longestoverlap_ISI_4_test,b45r,p2,Span,single,4,3,0.78,3.85,14,Eng,64,32,64,32,0.5,0
b45r_sop2_longestoverlap_ISI_5_test,b45r,p2,Span,single,5,8,2.3,3.48,14,Eng,64,32,64,32,0.5,0
b45r_sop2_longestoverlap_ISI_6_test,b45r,p2,Span,single,6,12,3.04,3.95,14,Eng,64,32,64,32,0.5,0
b45r_sop2_longestoverlap_ISI_7_test,b45r,p2,Span,single,7,10,2.12,4.72,14,Eng,64,32,64,32,0.5,0
b45r_sop2_longestoverlap_ISI_8_test,b45r,p2,Span,single,8,3,0.88,3.41,14,Eng,64,32,64,32,0.5,0
b45r_sop2_longestoverlap_ISI_9_test,b45r,p2,Span,single,9,4,0.94,4.26,14,Eng,64,32,64,32,0.5,0
b45r_sop2_longestoverlap_ISI_10_test,b45r,p2,Span,single,10,7,1.96,3.57,14,Eng,64,32,64,32,0.5,0
b46r_sdp1_longestoverlap_ISI_0_test,b46r,p1,Span,mixed,0,5,1.82,2.75,15,Eng,69,53,69,53,0.768115942,3
b46r_sdp1_longestoverlap_ISI_1_test,b46r,p1,Span,mixed,1,4,1.42,2.82,15,Eng,69,53,69,53,0.768115942,3
b46r_sdp1_longestoverlap_ISI_2_test,b46r,p1,Span,mixed,2,14,3.42,4.09,15,Eng,69,53,69,53,0.768115942,3
b46r_sdp1_longestoverlap_ISI_3_test,b46r,p1,Span,mixed,3,4,1.24,3.23,15,Eng,69,53,69,53,0.768115942,3
b46r_sdp1_longestoverlap_ISI_5_test,b46r,p1,Span,mixed,5,8,1.98,4.04,15,Eng,69,53,69,53,0.768115942,3
b46r_sdp1_longestoverlap_ISI_6_test,b46r,p1,Span,mixed,6,8,3.5,2.29,15,Eng,69,53,69,53,0.768115942,3
b46r_sdp1_longestoverlap_ISI_7_test,b46r,p1,Span,mixed,7,2,0.72,2.78,15,Eng,69,53,69,53,0.768115942,3
b46r_sdp1_longestoverlap_ISI_8_test,b46r,p1,Span,mixed,8,4,1.82,2.2,15,Eng,69,53,69,53,0.768115942,3
b46r_sdp1_longestoverlap_ISI_9_test,b46r,p1,Span,mixed,9,10,2.78,3.6,15,Eng,69,53,69,53,0.768115942,3
b46r_sdp1_longestoverlap_ISI_10_test,b46r,p1,Span,mixed,10,3,2.04,1.47,15,Eng,69,53,69,53,0.768115942,3
b46r_sop1_longestoverlap_ISI_0_test,b46r,p1,Span,single,0,5,1.9,2.63,15,Eng,69,53,69,53,0.768115942,3
b46r_sop1_longestoverlap_ISI_1_test,b46r,p1,Span,single,1,3,1.56,1.92,15,Eng,69,53,69,53,0.768115942,3
b46r_sop1_longestoverlap_ISI_2_test,b46r,p1,Span,single,2,13,3.6,3.61,15,Eng,69,53,69,53,0.768115942,3
b46r_sop1_longestoverlap_ISI_3_test,b46r,p1,Span,single,3,3,1.28,2.34,15,Eng,69,53,69,53,0.768115942,3
b46r_sop1_longestoverlap_ISI_5_test,b46r,p1,Span,single,5,6,2.02,2.97,15,Eng,69,53,69,53,0.768115942,3
b46r_sop1_longestoverlap_ISI_6_test,b46r,p1,Span,single,6,11,3.24,3.39,15,Eng,69,53,69,53,0.768115942,3
b46r_sop1_longestoverlap_ISI_7_test,b46r,p1,Span,single,7,2,0.62,3.23,15,Eng,69,53,69,53,0.768115942,3
b46r_sop1_longestoverlap_ISI_8_test,b46r,p1,Span,single,8,4,1.86,2.15,15,Eng,69,53,69,53,0.768115942,3
b46r_sop1_longestoverlap_ISI_9_test,b46r,p1,Span,single,9,11,2.98,3.69,15,Eng,69,53,69,53,0.768115942,3
b46r_sop1_longestoverlap_ISI_10_test,b46r,p1,Span,single,10,3,1.98,1.51,15,Eng,69,53,69,53,0.768115942,3
b46r_sdp2_longestoverlap_ISI_0_test,b46r,p2,Span,mixed,0,8,1.72,4.65,15,Eng,69,53,69,53,0.768115942,3
b46r_sdp2_longestoverlap_ISI_1_test,b46r,p2,Span,mixed,1,5,1.82,2.75,15,Eng,69,53,69,53,0.768115942,3
b46r_sdp2_longestoverlap_ISI_2_test,b46r,p2,Span,mixed,2,6,1.68,3.57,15,Eng,69,53,69,53,0.768115942,3
b46r_sdp2_longestoverlap_ISI_3_test,b46r,p2,Span,mixed,3,3,0.86,3.49,15,Eng,69,53,69,53,0.768115942,3
b46r_sdp2_longestoverlap_ISI_4_test,b46r,p2,Span,mixed,4,8,2.08,3.85,15,Eng,69,53,69,53,0.768115942,3
b46r_sdp2_longestoverlap_ISI_5_test,b46r,p2,Span,mixed,5,12,3.42,3.51,15,Eng,69,53,69,53,0.768115942,3
b46r_sdp2_longestoverlap_ISI_6_test,b46r,p2,Span,mixed,6,4,1.28,3.12,15,Eng,69,53,69,53,0.768115942,3
b46r_sdp2_longestoverlap_ISI_7_test,b46r,p2,Span,mixed,7,8,1.78,4.49,15,Eng,69,53,69,53,0.768115942,3
b46r_sdp2_longestoverlap_ISI_8_test,b46r,p2,Span,mixed,8,3,2.04,1.47,15,Eng,69,53,69,53,0.768115942,3
b46r_sdp2_longestoverlap_ISI_9_test,b46r,p2,Span,mixed,9,3,1.42,2.11,15,Eng,69,53,69,53,0.768115942,3
b46r_sdp2_longestoverlap_ISI_10_test,b46r,p2,Span,mixed,10,6,1.98,3.03,15,Eng,69,53,69,53,0.768115942,3
b46r_sop2_longestoverlap_ISI_0_test,b46r,p2,Span,single,0,9,2.32,3.88,15,Eng,69,53,69,53,0.768115942,3
b46r_sop2_longestoverlap_ISI_1_test,b46r,p2,Span,single,1,5,2.04,2.45,15,Eng,69,53,69,53,0.768115942,3
b46r_sop2_longestoverlap_ISI_2_test,b46r,p2,Span,single,2,6,1.54,3.9,15,Eng,69,53,69,53,0.768115942,3
b46r_sop2_longestoverlap_ISI_3_test,b46r,p2,Span,single,3,2,0.82,2.44,15,Eng,69,53,69,53,0.768115942,3
b46r_sop2_longestoverlap_ISI_4_test,b46r,p2,Span,single,4,5,1.74,2.87,15,Eng,69,53,69,53,0.768115942,3
b46r_sop2_longestoverlap_ISI_5_test,b46r,p2,Span,single,5,12,3.1,3.87,15,Eng,69,53,69,53,0.768115942,3
b46r_sop2_longestoverlap_ISI_6_test,b46r,p2,Span,single,6,3,1.18,2.54,15,Eng,69,53,69,53,0.768115942,3
b46r_sop2_longestoverlap_ISI_7_test,b46r,p2,Span,single,7,8,2.06,3.88,15,Eng,69,53,69,53,0.768115942,3
b46r_sop2_longestoverlap_ISI_8_test,b46r,p2,Span,single,8,2,1,2,15,Eng,69,53,69,53,0.768115942,3
b46r_sop2_longestoverlap_ISI_9_test,b46r,p2,Span,single,9,4,1.38,2.9,15,Eng,69,53,69,53,0.768115942,3
b46r_sop2_longestoverlap_ISI_10_test,b46r,p2,Span,single,10,4,1.72,2.33,15,Eng,69,53,69,53,0.768115942,3
b47r_sdp1_longestoverlap_ISI_0_test,b47r,p1,Span,mixed,0,9,2.04,4.41,16,Eng,62,48,62,48,0.774193548,5
b47r_sdp1_longestoverlap_ISI_1_test,b47r,p1,Span,mixed,1,12,2.84,4.22,16,Eng,62,48,62,48,0.774193548,5
b47r_sdp1_longestoverlap_ISI_2_test,b47r,p1,Span,mixed,2,19,4.66,4.08,16,Eng,62,48,62,48,0.774193548,5
b47r_sdp1_longestoverlap_ISI_3_test,b47r,p1,Span,mixed,3,8,1.8,4.44,16,Eng,62,48,62,48,0.774193548,5
b47r_sdp1_longestoverlap_ISI_4_test,b47r,p1,Span,mixed,4,5,1.72,2.91,16,Eng,62,48,62,48,0.774193548,5
b47r_sdp1_longestoverlap_ISI_5_test,b47r,p1,Span,mixed,5,23,5.64,4.08,16,Eng,62,48,62,48,0.774193548,5
b47r_sdp1_longestoverlap_ISI_6_test,b47r,p1,Span,mixed,6,5,1.52,3.29,16,Eng,62,48,62,48,0.774193548,5
b47r_sdp1_longestoverlap_ISI_7_test,b47r,p1,Span,mixed,7,8,1.6,5,16,Eng,62,48,62,48,0.774193548,5
b47r_sdp1_longestoverlap_ISI_8_test,b47r,p1,Span,mixed,8,7,1.86,3.76,16,Eng,62,48,62,48,0.774193548,5
b47r_sdp1_longestoverlap_ISI_9_test,b47r,p1,Span,mixed,9,10,2.06,4.85,16,Eng,62,48,62,48,0.774193548,5
b47r_sdp1_longestoverlap_ISI_10_test,b47r,p1,Span,mixed,10,5,1.34,3.73,16,Eng,62,48,62,48,0.774193548,5
b47r_sop1_longestoverlap_ISI_0_test,b47r,p1,Span,single,0,7,2.02,3.46,16,Eng,62,48,62,48,0.774193548,5
b47r_sop1_longestoverlap_ISI_1_test,b47r,p1,Span,single,1,10,2.9,3.45,16,Eng,62,48,62,48,0.774193548,5
b47r_sop1_longestoverlap_ISI_2_test,b47r,p1,Span,single,2,19,4.96,3.83,16,Eng,62,48,62,48,0.774193548,5
b47r_sop1_longestoverlap_ISI_3_test,b47r,p1,Span,single,3,7,1.9,3.68,16,Eng,62,48,62,48,0.774193548,5
b47r_sop1_longestoverlap_ISI_4_test,b47r,p1,Span,single,4,6,1.58,3.8,16,Eng,62,48,62,48,0.774193548,5
b47r_sop1_longestoverlap_ISI_5_test,b47r,p1,Span,single,5,23,5.72,4.02,16,Eng,62,48,62,48,0.774193548,5
b47r_sop1_longestoverlap_ISI_6_test,b47r,p1,Span,single,6,5,1.8,2.78,16,Eng,62,48,62,48,0.774193548,5
b47r_sop1_longestoverlap_ISI_7_test,b47r,p1,Span,single,7,6,2.24,2.68,16,Eng,62,48,62,48,0.774193548,5
b47r_sop1_longestoverlap_ISI_8_test,b47r,p1,Span,single,8,6,2.06,2.91,16,Eng,62,48,62,48,0.774193548,5
b47r_sop1_longestoverlap_ISI_9_test,b47r,p1,Span,single,9,9,1.78,5.06,16,Eng,62,48,62,48,0.774193548,5
b47r_sop1_longestoverlap_ISI_10_test,b47r,p1,Span,single,10,3,1.22,2.46,16,Eng,62,48,62,48,0.774193548,5
b47r_sdp2_longestoverlap_ISI_0_test,b47r,p2,Span,mixed,0,8,1.96,4.08,16,Eng,62,48,62,48,0.774193548,5
b47r_sdp2_longestoverlap_ISI_1_test,b47r,p2,Span,mixed,1,10,2.74,3.65,16,Eng,62,48,62,48,0.774193548,5
b47r_sdp2_longestoverlap_ISI_2_test,b47r,p2,Span,mixed,2,2,0.78,2.56,16,Eng,62,48,62,48,0.774193548,5
b47r_sdp2_longestoverlap_ISI_3_test,b47r,p2,Span,mixed,3,5,1.02,4.9,16,Eng,62,48,62,48,0.774193548,5
b47r_sdp2_longestoverlap_ISI_4_test,b47r,p2,Span,mixed,4,12,3.56,3.37,16,Eng,62,48,62,48,0.774193548,5
b47r_sdp2_longestoverlap_ISI_5_test,b47r,p2,Span,mixed,5,7,1.94,3.61,16,Eng,62,48,62,48,0.774193548,5
b47r_sdp2_longestoverlap_ISI_6_test,b47r,p2,Span,mixed,6,5,1.68,2.98,16,Eng,62,48,62,48,0.774193548,5
b47r_sdp2_longestoverlap_ISI_7_test,b47r,p2,Span,mixed,7,10,3.42,2.92,16,Eng,62,48,62,48,0.774193548,5
b47r_sdp2_longestoverlap_ISI_9_test,b47r,p2,Span,mixed,9,10,2.52,3.97,16,Eng,62,48,62,48,0.774193548,5
b47r_sdp2_longestoverlap_ISI_10_test,b47r,p2,Span,mixed,10,8,1.92,4.17,16,Eng,62,48,62,48,0.774193548,5
b47r_sop2_longestoverlap_ISI_0_test,b47r,p2,Span,single,0,7,2.28,3.07,16,Eng,62,48,62,48,0.774193548,5
b47r_sop2_longestoverlap_ISI_1_test,b47r,p2,Span,single,1,11,2.8,3.93,16,Eng,62,48,62,48,0.774193548,5
b47r_sop2_longestoverlap_ISI_2_test,b47r,p2,Span,single,2,2,0.74,2.7,16,Eng,62,48,62,48,0.774193548,5
b47r_sop2_longestoverlap_ISI_3_test,b47r,p2,Span,single,3,5,1.06,4.72,16,Eng,62,48,62,48,0.774193548,5
b47r_sop2_longestoverlap_ISI_4_test,b47r,p2,Span,single,4,10,3.2,3.12,16,Eng,62,48,62,48,0.774193548,5
b47r_sop2_longestoverlap_ISI_5_test,b47r,p2,Span,single,5,7,1.86,3.76,16,Eng,62,48,62,48,0.774193548,5
b47r_sop2_longestoverlap_ISI_6_test,b47r,p2,Span,single,6,4,1.7,2.35,16,Eng,62,48,62,48,0.774193548,5
b47r_sop2_longestoverlap_ISI_7_test,b47r,p2,Span,single,7,13,3.46,3.76,16,Eng,62,48,62,48,0.774193548,5
b47r_sop2_longestoverlap_ISI_9_test,b47r,p2,Span,single,9,9,2.92,3.08,16,Eng,62,48,62,48,0.774193548,5
b47r_sop2_longestoverlap_ISI_10_test,b47r,p2,Span,single,10,8,2.02,3.96,16,Eng,62,48,62,48,0.774193548,5
b48_sdp1_longestoverlap_ISI_0_test,b48,p1,Span,mixed,0,6,1.34,4.48,17,Eng,75,37,75,37,0.493333333,0
b48_sdp1_longestoverlap_ISI_1_test,b48,p1,Span,mixed,1,9,1.92,4.69,17,Eng,75,37,75,37,0.493333333,0
b48_sdp1_longestoverlap_ISI_2_test,b48,p1,Span,mixed,2,6,1.64,3.66,17,Eng,75,37,75,37,0.493333333,0
b48_sdp1_longestoverlap_ISI_3_test,b48,p1,Span,mixed,3,8,1.74,4.6,17,Eng,75,37,75,37,0.493333333,0
b48_sdp1_longestoverlap_ISI_5_test,b48,p1,Span,mixed,5,21,4.7,4.47,17,Eng,75,37,75,37,0.493333333,0
b48_sdp1_longestoverlap_ISI_6_test,b48,p1,Span,mixed,6,5,1.52,3.29,17,Eng,75,37,75,37,0.493333333,0
b48_sdp1_longestoverlap_ISI_7_test,b48,p1,Span,mixed,7,7,1.96,3.57,17,Eng,75,37,75,37,0.493333333,0
b48_sdp1_longestoverlap_ISI_8_test,b48,p1,Span,mixed,8,16,4.26,3.75,17,Eng,75,37,75,37,0.493333333,0
b48_sdp1_longestoverlap_ISI_9_test,b48,p1,Span,mixed,9,5,1.22,4.1,17,Eng,75,37,75,37,0.493333333,0
b48_sdp1_longestoverlap_ISI_10_test,b48,p1,Span,mixed,10,6,1.46,4.11,17,Eng,75,37,75,37,0.493333333,0
b48_sop1_longestoverlap_ISI_0_test,b48,p1,Span,single,0,3,1.6,1.87,17,Eng,75,37,75,37,0.493333333,0
b48_sop1_longestoverlap_ISI_1_test,b48,p1,Span,single,1,8,1.84,4.35,17,Eng,75,37,75,37,0.493333333,0
b48_sop1_longestoverlap_ISI_2_test,b48,p1,Span,single,2,4,1.56,2.56,17,Eng,75,37,75,37,0.493333333,0
b48_sop1_longestoverlap_ISI_3_test,b48,p1,Span,single,3,7,1.64,4.27,17,Eng,75,37,75,37,0.493333333,0
b48_sop1_longestoverlap_ISI_5_test,b48,p1,Span,single,5,23,6.02,3.82,17,Eng,75,37,75,37,0.493333333,0
b48_sop1_longestoverlap_ISI_6_test,b48,p1,Span,single,6,6,1.5,4,17,Eng,75,37,75,37,0.493333333,0
b48_sop1_longestoverlap_ISI_7_test,b48,p1,Span,single,7,7,1.98,3.54,17,Eng,75,37,75,37,0.493333333,0
b48_sop1_longestoverlap_ISI_8_test,b48,p1,Span,single,8,19,5.06,3.75,17,Eng,75,37,75,37,0.493333333,0
b48_sop1_longestoverlap_ISI_9_test,b48,p1,Span,single,9,4,1.26,3.17,17,Eng,75,37,75,37,0.493333333,0
b48_sop1_longestoverlap_ISI_10_test,b48,p1,Span,single,10,7,1.8,3.89,17,Eng,75,37,75,37,0.493333333,0
b48_sdp2_longestoverlap_ISI_0_test,b48,p2,Span,mixed,0,9,1.86,4.84,17,Eng,75,37,75,37,0.493333333,0
b48_sdp2_longestoverlap_ISI_1_test,b48,p2,Span,mixed,1,7,1.88,3.72,17,Eng,75,37,75,37,0.493333333,0
b48_sdp2_longestoverlap_ISI_2_test,b48,p2,Span,mixed,2,2,0.72,2.78,17,Eng,75,37,75,37,0.493333333,0
b48_sdp2_longestoverlap_ISI_3_test,b48,p2,Span,mixed,3,4,0.98,4.08,17,Eng,75,37,75,37,0.493333333,0
b48_sdp2_longestoverlap_ISI_4_test,b48,p2,Span,mixed,4,3,1.24,2.42,17,Eng,75,37,75,37,0.493333333,0
b48_sdp2_longestoverlap_ISI_5_test,b48,p2,Span,mixed,5,18,4.1,4.39,17,Eng,75,37,75,37,0.493333333,0
b48_sdp2_longestoverlap_ISI_6_test,b48,p2,Span,mixed,6,4,1.04,3.85,17,Eng,75,37,75,37,0.493333333,0
b48_sdp2_longestoverlap_ISI_7_test,b48,p2,Span,mixed,7,15,3.5,4.29,17,Eng,75,37,75,37,0.493333333,0
b48_sdp2_longestoverlap_ISI_8_test,b48,p2,Span,mixed,8,3,0.94,3.19,17,Eng,75,37,75,37,0.493333333,0
b48_sdp2_longestoverlap_ISI_9_test,b48,p2,Span,mixed,9,10,2.28,4.39,17,Eng,75,37,75,37,0.493333333,0
b48_sdp2_longestoverlap_ISI_10_test,b48,p2,Span,mixed,10,9,1.68,5.36,17,Eng,75,37,75,37,0.493333333,0
b48_sop2_longestoverlap_ISI_0_test,b48,p2,Span,single,0,10,2,5,17,Eng,75,37,75,37,0.493333333,0
b48_sop2_longestoverlap_ISI_1_test,b48,p2,Span,single,1,7,1.68,4.17,17,Eng,75,37,75,37,0.493333333,0
b48_sop2_longestoverlap_ISI_2_test,b48,p2,Span,single,2,2,0.64,3.12,17,Eng,75,37,75,37,0.493333333,0
b48_sop2_longestoverlap_ISI_3_test,b48,p2,Span,single,3,3,0.92,3.26,17,Eng,75,37,75,37,0.493333333,0
b48_sop2_longestoverlap_ISI_4_test,b48,p2,Span,single,4,5,1.38,3.62,17,Eng,75,37,75,37,0.493333333,0
b48_sop2_longestoverlap_ISI_5_test,b48,p2,Span,single,5,16,4.62,3.46,17,Eng,75,37,75,37,0.493333333,0
b48_sop2_longestoverlap_ISI_6_test,b48,p2,Span,single,6,4,1.34,2.98,17,Eng,75,37,75,37,0.493333333,0
b48_sop2_longestoverlap_ISI_7_test,b48,p2,Span,single,7,15,3.42,4.39,17,Eng,75,37,75,37,0.493333333,0
b48_sop2_longestoverlap_ISI_8_test,b48,p2,Span,single,8,4,1.38,2.9,17,Eng,75,37,75,37,0.493333333,0
b48_sop2_longestoverlap_ISI_9_test,b48,p2,Span,single,9,12,2.36,5.08,17,Eng,75,37,75,37,0.493333333,0
b48_sop2_longestoverlap_ISI_10_test,b48,p2,Span,single,10,8,1.54,5.19,17,Eng,75,37,75,37,0.493333333,0
b4rr_sdp1_longestoverlap_ISI_0_test,b4rr,p1,Span,mixed,0,6,2.2,2.73,5,Eng,64,58,64,58,0.90625,0
b4rr_sdp1_longestoverlap_ISI_1_test,b4rr,p1,Span,mixed,1,3,1.14,2.63,5,Eng,64,58,64,58,0.90625,0
b4rr_sdp1_longestoverlap_ISI_2_test,b4rr,p1,Span,mixed,2,16,3.22,4.97,5,Eng,64,58,64,58,0.90625,0
b4rr_sdp1_longestoverlap_ISI_3_test,b4rr,p1,Span,mixed,3,15,2.86,5.24,5,Eng,64,58,64,58,0.90625,0
b4rr_sdp1_longestoverlap_ISI_4_test,b4rr,p1,Span,mixed,4,7,1.52,4.61,5,Eng,64,58,64,58,0.90625,0
b4rr_sdp1_longestoverlap_ISI_5_test,b4rr,p1,Span,mixed,5,7,1.86,3.76,5,Eng,64,58,64,58,0.90625,0
b4rr_sdp1_longestoverlap_ISI_6_test,b4rr,p1,Span,mixed,6,6,1.08,5.56,5,Eng,64,58,64,58,0.90625,0
b4rr_sdp1_longestoverlap_ISI_7_test,b4rr,p1,Span,mixed,7,4,1.36,2.94,5,Eng,64,58,64,58,0.90625,0
b4rr_sdp1_longestoverlap_ISI_8_test,b4rr,p1,Span,mixed,8,6,1.28,4.69,5,Eng,64,58,64,58,0.90625,0
b4rr_sdp1_longestoverlap_ISI_9_test,b4rr,p1,Span,mixed,9,7,2,3.5,5,Eng,64,58,64,58,0.90625,0
b4rr_sdp1_longestoverlap_ISI_10_test,b4rr,p1,Span,mixed,10,6,1.46,4.11,5,Eng,64,58,64,58,0.90625,0
b4rr_sop1_longestoverlap_ISI_0_test,b4rr,p1,Span,single,0,7,2,3.5,5,Eng,64,58,64,58,0.90625,0
b4rr_sop1_longestoverlap_ISI_1_test,b4rr,p1,Span,single,1,4,1.32,3.03,5,Eng,64,58,64,58,0.90625,0
b4rr_sop1_longestoverlap_ISI_2_test,b4rr,p1,Span,single,2,14,2.98,4.7,5,Eng,64,58,64,58,0.90625,0
b4rr_sop1_longestoverlap_ISI_3_test,b4rr,p1,Span,single,3,15,2.76,5.43,5,Eng,64,58,64,58,0.90625,0
b4rr_sop1_longestoverlap_ISI_4_test,b4rr,p1,Span,single,4,6,1.36,4.41,5,Eng,64,58,64,58,0.90625,0
b4rr_sop1_longestoverlap_ISI_5_test,b4rr,p1,Span,single,5,7,1.68,4.17,5,Eng,64,58,64,58,0.90625,0
b4rr_sop1_longestoverlap_ISI_6_test,b4rr,p1,Span,single,6,4,0.86,4.65,5,Eng,64,58,64,58,0.90625,0
b4rr_sop1_longestoverlap_ISI_7_test,b4rr,p1,Span,single,7,5,1.26,3.97,5,Eng,64,58,64,58,0.90625,0
b4rr_sop1_longestoverlap_ISI_8_test,b4rr,p1,Span,single,8,4,1.22,3.28,5,Eng,64,58,64,58,0.90625,0
b4rr_sop1_longestoverlap_ISI_9_test,b4rr,p1,Span,single,9,8,1.74,4.6,5,Eng,64,58,64,58,0.90625,0
b4rr_sop1_longestoverlap_ISI_10_test,b4rr,p1,Span,single,10,2,1.4,1.43,5,Eng,64,58,64,58,0.90625,0
b4rr_sdp2_longestoverlap_ISI_0_test,b4rr,p2,Span,mixed,0,11,2.5,4.4,5,Eng,64,58,64,58,0.90625,0
b4rr_sdp2_longestoverlap_ISI_1_test,b4rr,p2,Span,mixed,1,3,1.1,2.73,5,Eng,64,58,64,58,0.90625,0
b4rr_sdp2_longestoverlap_ISI_3_test,b4rr,p2,Span,mixed,3,3,0.86,3.49,5,Eng,64,58,64,58,0.90625,0
b4rr_sdp2_longestoverlap_ISI_4_test,b4rr,p2,Span,mixed,4,11,3.02,3.64,5,Eng,64,58,64,58,0.90625,0
b4rr_sdp2_longestoverlap_ISI_5_test,b4rr,p2,Span,mixed,5,14,3.5,4,5,Eng,64,58,64,58,0.90625,0
b4rr_sdp2_longestoverlap_ISI_6_test,b4rr,p2,Span,mixed,6,8,2.1,3.81,5,Eng,64,58,64,58,0.90625,0
b4rr_sdp2_longestoverlap_ISI_7_test,b4rr,p2,Span,mixed,7,5,1.58,3.16,5,Eng,64,58,64,58,0.90625,0
b4rr_sdp2_longestoverlap_ISI_9_test,b4rr,p2,Span,mixed,9,4,1.46,2.74,5,Eng,64,58,64,58,0.90625,0
b4rr_sdp2_longestoverlap_ISI_10_test,b4rr,p2,Span,mixed,10,8,1.5,5.33,5,Eng,64,58,64,58,0.90625,0
b4rr_sop2_longestoverlap_ISI_0_test,b4rr,p2,Span,single,0,11,2.48,4.43,5,Eng,64,58,64,58,0.90625,0
b4rr_sop2_longestoverlap_ISI_1_test,b4rr,p2,Span,single,1,3,1.12,2.68,5,Eng,64,58,64,58,0.90625,0
b4rr_sop2_longestoverlap_ISI_3_test,b4rr,p2,Span,single,3,3,0.8,3.75,5,Eng,64,58,64,58,0.90625,0
b4rr_sop2_longestoverlap_ISI_4_test,b4rr,p2,Span,single,4,12,2.7,4.44,5,Eng,64,58,64,58,0.90625,0
b4rr_sop2_longestoverlap_ISI_5_test,b4rr,p2,Span,single,5,12,3.52,3.41,5,Eng,64,58,64,58,0.90625,0
b4rr_sop2_longestoverlap_ISI_6_test,b4rr,p2,Span,single,6,8,2.06,3.88,5,Eng,64,58,64,58,0.90625,0
b4rr_sop2_longestoverlap_ISI_7_test,b4rr,p2,Span,single,7,6,1.42,4.22,5,Eng,64,58,64,58,0.90625,0
b4rr_sop2_longestoverlap_ISI_9_test,b4rr,p2,Span,single,9,5,0.92,5.43,5,Eng,64,58,64,58,0.90625,0
b4rr_sop2_longestoverlap_ISI_10_test,b4rr,p2,Span,single,10,6,1.4,4.28,5,Eng,64,58,64,58,0.90625,0
b5_sdp1_longestoverlap_ISI_0_test,b5,p1,Span,mixed,0,10,2.48,4.03,6,Eng,60,55,60,55,0.916666667,4
b5_sdp1_longestoverlap_ISI_1_test,b5,p1,Span,mixed,1,17,3.28,5.18,6,Eng,60,55,60,55,0.916666667,4
b5_sdp1_longestoverlap_ISI_2_test,b5,p1,Span,mixed,2,13,2.82,4.61,6,Eng,60,55,60,55,0.916666667,4
b5_sdp1_longestoverlap_ISI_3_test,b5,p1,Span,mixed,3,14,2.92,4.79,6,Eng,60,55,60,55,0.916666667,4
b5_sdp1_longestoverlap_ISI_4_test,b5,p1,Span,mixed,4,7,1.58,4.43,6,Eng,60,55,60,55,0.916666667,4
b5_sdp1_longestoverlap_ISI_5_test,b5,p1,Span,mixed,5,12,2.98,4.03,6,Eng,60,55,60,55,0.916666667,4
b5_sdp1_longestoverlap_ISI_6_test,b5,p1,Span,mixed,6,3,1.02,2.94,6,Eng,60,55,60,55,0.916666667,4
b5_sdp1_longestoverlap_ISI_7_test,b5,p1,Span,mixed,7,5,1.34,3.73,6,Eng,60,55,60,55,0.916666667,4
b5_sdp1_longestoverlap_ISI_8_test,b5,p1,Span,mixed,8,6,1.2,5,6,Eng,60,55,60,55,0.916666667,4
b5_sdp1_longestoverlap_ISI_9_test,b5,p1,Span,mixed,9,6,1.58,3.8,6,Eng,60,55,60,55,0.916666667,4
b5_sdp1_longestoverlap_ISI_10_test,b5,p1,Span,mixed,10,4,1.52,2.63,6,Eng,60,55,60,55,0.916666667,4
b5_sop1_longestoverlap_ISI_0_test,b5,p1,Span,single,0,9,2.38,3.78,6,Eng,60,55,60,55,0.916666667,4
b5_sop1_longestoverlap_ISI_1_test,b5,p1,Span,single,1,15,3.34,4.49,6,Eng,60,55,60,55,0.916666667,4
b5_sop1_longestoverlap_ISI_2_test,b5,p1,Span,single,2,10,2.84,3.52,6,Eng,60,55,60,55,0.916666667,4
b5_sop1_longestoverlap_ISI_3_test,b5,p1,Span,single,3,15,3.18,4.72,6,Eng,60,55,60,55,0.916666667,4
b5_sop1_longestoverlap_ISI_4_test,b5,p1,Span,single,4,7,1.72,4.07,6,Eng,60,55,60,55,0.916666667,4
b5_sop1_longestoverlap_ISI_5_test,b5,p1,Span,single,5,10,2.78,3.6,6,Eng,60,55,60,55,0.916666667,4
b5_sop1_longestoverlap_ISI_6_test,b5,p1,Span,single,6,2,1,2,6,Eng,60,55,60,55,0.916666667,4
b5_sop1_longestoverlap_ISI_7_test,b5,p1,Span,single,7,2,1.12,1.79,6,Eng,60,55,60,55,0.916666667,4
b5_sop1_longestoverlap_ISI_8_test,b5,p1,Span,single,8,6,1.28,4.69,6,Eng,60,55,60,55,0.916666667,4
b5_sop1_longestoverlap_ISI_9_test,b5,p1,Span,single,9,8,1.98,4.04,6,Eng,60,55,60,55,0.916666667,4
b5_sop1_longestoverlap_ISI_10_test,b5,p1,Span,single,10,3,1.56,1.92,6,Eng,60,55,60,55,0.916666667,4
b5_sdp2_longestoverlap_ISI_0_test,b5,p2,Span,mixed,0,19,4.02,4.73,6,Eng,60,55,60,55,0.916666667,4
b5_sdp2_longestoverlap_ISI_1_test,b5,p2,Span,mixed,1,8,2.66,3.01,6,Eng,60,55,60,55,0.916666667,4
b5_sdp2_longestoverlap_ISI_2_test,b5,p2,Span,mixed,2,5,1.62,3.09,6,Eng,60,55,60,55,0.916666667,4
b5_sdp2_longestoverlap_ISI_3_test,b5,p2,Span,mixed,3,5,1.36,3.68,6,Eng,60,55,60,55,0.916666667,4
b5_sdp2_longestoverlap_ISI_4_test,b5,p2,Span,mixed,4,11,2.66,4.13,6,Eng,60,55,60,55,0.916666667,4
b5_sdp2_longestoverlap_ISI_5_test,b5,p2,Span,mixed,5,12,3.32,3.61,6,Eng,60,55,60,55,0.916666667,4
b5_sdp2_longestoverlap_ISI_6_test,b5,p2,Span,mixed,6,9,2.64,3.41,6,Eng,60,55,60,55,0.916666667,4
b5_sdp2_longestoverlap_ISI_7_test,b5,p2,Span,mixed,7,16,4.38,3.65,6,Eng,60,55,60,55,0.916666667,4
b5_sdp2_longestoverlap_ISI_8_test,b5,p2,Span,mixed,8,3,0.8,3.75,6,Eng,60,55,60,55,0.916666667,4
b5_sdp2_longestoverlap_ISI_9_test,b5,p2,Span,mixed,9,13,3.26,3.99,6,Eng,60,55,60,55,0.916666667,4
b5_sdp2_longestoverlap_ISI_10_test,b5,p2,Span,mixed,10,5,1.5,3.33,6,Eng,60,55,60,55,0.916666667,4
b5_sop2_longestoverlap_ISI_0_test,b5,p2,Span,single,0,17,4.28,3.97,6,Eng,60,55,60,55,0.916666667,4
b5_sop2_longestoverlap_ISI_1_test,b5,p2,Span,single,1,10,2.6,3.85,6,Eng,60,55,60,55,0.916666667,4
b5_sop2_longestoverlap_ISI_2_test,b5,p2,Span,single,2,4,1.4,2.86,6,Eng,60,55,60,55,0.916666667,4
b5_sop2_longestoverlap_ISI_3_test,b5,p2,Span,single,3,3,0.86,3.49,6,Eng,60,55,60,55,0.916666667,4
b5_sop2_longestoverlap_ISI_4_test,b5,p2,Span,single,4,11,2.4,4.58,6,Eng,60,55,60,55,0.916666667,4
b5_sop2_longestoverlap_ISI_5_test,b5,p2,Span,single,5,12,3.4,3.53,6,Eng,60,55,60,55,0.916666667,4
b5_sop2_longestoverlap_ISI_6_test,b5,p2,Span,single,6,9,2.76,3.26,6,Eng,60,55,60,55,0.916666667,4
b5_sop2_longestoverlap_ISI_7_test,b5,p2,Span,single,7,16,4.76,3.36,6,Eng,60,55,60,55,0.916666667,4
b5_sop2_longestoverlap_ISI_8_test,b5,p2,Span,single,8,3,1.02,2.94,6,Eng,60,55,60,55,0.916666667,4
b5_sop2_longestoverlap_ISI_9_test,b5,p2,Span,single,9,15,3.72,4.03,6,Eng,60,55,60,55,0.916666667,4
b5_sop2_longestoverlap_ISI_10_test,b5,p2,Span,single,10,6,1.56,3.85,6,Eng,60,55,60,55,0.916666667,4
b6_sdp1_longestoverlap_ISI_0_test,b6,p1,Span,mixed,0,15,3.78,3.97,7,Eng,67,47,67,47,0.701492537,4
b6_sdp1_longestoverlap_ISI_1_test,b6,p1,Span,mixed,1,14,3.56,3.93,7,Eng,67,47,67,47,0.701492537,4
b6_sdp1_longestoverlap_ISI_2_test,b6,p1,Span,mixed,2,20,4.24,4.72,7,Eng,67,47,67,47,0.701492537,4
b6_sdp1_longestoverlap_ISI_3_test,b6,p1,Span,mixed,3,11,2.26,4.87,7,Eng,67,47,67,47,0.701492537,4
b6_sdp1_longestoverlap_ISI_4_test,b6,p1,Span,mixed,4,7,1.54,4.54,7,Eng,67,47,67,47,0.701492537,4
b6_sdp1_longestoverlap_ISI_5_test,b6,p1,Span,mixed,5,7,1.76,3.98,7,Eng,67,47,67,47,0.701492537,4
b6_sdp1_longestoverlap_ISI_6_test,b6,p1,Span,mixed,6,4,1.68,2.38,7,Eng,67,47,67,47,0.701492537,4
b6_sdp1_longestoverlap_ISI_7_test,b6,p1,Span,mixed,7,9,2.1,4.28,7,Eng,67,47,67,47,0.701492537,4
b6_sdp1_longestoverlap_ISI_8_test,b6,p1,Span,mixed,8,14,2.64,5.3,7,Eng,67,47,67,47,0.701492537,4
b6_sdp1_longestoverlap_ISI_9_test,b6,p1,Span,mixed,9,13,3.18,4.09,7,Eng,67,47,67,47,0.701492537,4
b6_sdp1_longestoverlap_ISI_10_test,b6,p1,Span,mixed,10,5,1.44,3.47,7,Eng,67,47,67,47,0.701492537,4
b6_sop1_longestoverlap_ISI_0_test,b6,p1,Span,single,0,17,3.68,4.62,7,Eng,67,47,67,47,0.701492537,4
b6_sop1_longestoverlap_ISI_1_test,b6,p1,Span,single,1,15,3.28,4.57,7,Eng,67,47,67,47,0.701492537,4
b6_sop1_longestoverlap_ISI_2_test,b6,p1,Span,single,2,19,3.94,4.82,7,Eng,67,47,67,47,0.701492537,4
b6_sop1_longestoverlap_ISI_3_test,b6,p1,Span,single,3,11,2.26,4.87,7,Eng,67,47,67,47,0.701492537,4
b6_sop1_longestoverlap_ISI_4_test,b6,p1,Span,single,4,7,1.46,4.79,7,Eng,67,47,67,47,0.701492537,4
b6_sop1_longestoverlap_ISI_5_test,b6,p1,Span,single,5,7,1.76,3.98,7,Eng,67,47,67,47,0.701492537,4
b6_sop1_longestoverlap_ISI_6_test,b6,p1,Span,single,6,8,1.76,4.54,7,Eng,67,47,67,47,0.701492537,4
b6_sop1_longestoverlap_ISI_7_test,b6,p1,Span,single,7,7,1.82,3.84,7,Eng,67,47,67,47,0.701492537,4
b6_sop1_longestoverlap_ISI_8_test,b6,p1,Span,single,8,12,2.46,4.88,7,Eng,67,47,67,47,0.701492537,4
b6_sop1_longestoverlap_ISI_9_test,b6,p1,Span,single,9,14,3.06,4.57,7,Eng,67,47,67,47,0.701492537,4
b6_sop1_longestoverlap_ISI_10_test,b6,p1,Span,single,10,7,1.44,4.86,7,Eng,67,47,67,47,0.701492537,4
b6_sdp2_longestoverlap_ISI_0_test,b6,p2,Span,mixed,0,9,1.8,5,7,Eng,67,47,67,47,0.701492537,4
b6_sdp2_longestoverlap_ISI_1_test,b6,p2,Span,mixed,1,5,1.28,3.91,7,Eng,67,47,67,47,0.701492537,4
b6_sdp2_longestoverlap_ISI_2_test,b6,p2,Span,mixed,2,6,1.66,3.61,7,Eng,67,47,67,47,0.701492537,4
b6_sdp2_longestoverlap_ISI_3_test,b6,p2,Span,mixed,3,4,0.94,4.25,7,Eng,67,47,67,47,0.701492537,4
b6_sdp2_longestoverlap_ISI_4_test,b6,p2,Span,mixed,4,12,2.74,4.38,7,Eng,67,47,67,47,0.701492537,4
b6_sdp2_longestoverlap_ISI_5_test,b6,p2,Span,mixed,5,18,3.16,5.69,7,Eng,67,47,67,47,0.701492537,4
b6_sdp2_longestoverlap_ISI_6_test,b6,p2,Span,mixed,6,12,2.46,4.88,7,Eng,67,47,67,47,0.701492537,4
b6_sdp2_longestoverlap_ISI_7_test,b6,p2,Span,mixed,7,9,1.98,4.54,7,Eng,67,47,67,47,0.701492537,4
b6_sdp2_longestoverlap_ISI_8_test,b6,p2,Span,mixed,8,2,0.74,2.7,7,Eng,67,47,67,47,0.701492537,4
b6_sdp2_longestoverlap_ISI_9_test,b6,p2,Span,mixed,9,8,2.1,3.81,7,Eng,67,47,67,47,0.701492537,4
b6_sdp2_longestoverlap_ISI_10_test,b6,p2,Span,mixed,10,7,1.72,4.07,7,Eng,67,47,67,47,0.701492537,4
b6_sop2_longestoverlap_ISI_0_test,b6,p2,Span,single,0,8,1.8,4.44,7,Eng,67,47,67,47,0.701492537,4
b6_sop2_longestoverlap_ISI_1_test,b6,p2,Span,single,1,6,1.1,5.45,7,Eng,67,47,67,47,0.701492537,4
b6_sop2_longestoverlap_ISI_2_test,b6,p2,Span,single,2,5,1.56,3.2,7,Eng,67,47,67,47,0.701492537,4
b6_sop2_longestoverlap_ISI_3_test,b6,p2,Span,single,3,4,0.9,4.44,7,Eng,67,47,67,47,0.701492537,4
b6_sop2_longestoverlap_ISI_4_test,b6,p2,Span,single,4,13,2.92,4.45,7,Eng,67,47,67,47,0.701492537,4
b6_sop2_longestoverlap_ISI_5_test,b6,p2,Span,single,5,14,3.24,4.32,7,Eng,67,47,67,47,0.701492537,4
b6_sop2_longestoverlap_ISI_6_test,b6,p2,Span,single,6,15,3,5,7,Eng,67,47,67,47,0.701492537,4
b6_sop2_longestoverlap_ISI_7_test,b6,p2,Span,single,7,8,1.98,4.04,7,Eng,67,47,67,47,0.701492537,4
b6_sop2_longestoverlap_ISI_8_test,b6,p2,Span,single,8,3,0.96,3.12,7,Eng,67,47,67,47,0.701492537,4
b6_sop2_longestoverlap_ISI_9_test,b6,p2,Span,single,9,6,1.78,3.37,7,Eng,67,47,67,47,0.701492537,4
b6_sop2_longestoverlap_ISI_10_test,b6,p2,Span,single,10,6,1.64,3.66,7,Eng,67,47,67,47,0.701492537,4
b7r_sdp1_longestoverlap_ISI_0_test,b7r,p1,Span,mixed,0,6,1.78,3.37,8,Eng,70,43,70,43,0.614285714,5
b7r_sdp1_longestoverlap_ISI_1_test,b7r,p1,Span,mixed,1,6,2.2,2.73,8,Eng,70,43,70,43,0.614285714,5
b7r_sdp1_longestoverlap_ISI_2_test,b7r,p1,Span,mixed,2,13,3.52,3.69,8,Eng,70,43,70,43,0.614285714,5
b7r_sdp1_longestoverlap_ISI_3_test,b7r,p1,Span,mixed,3,7,2.32,3.02,8,Eng,70,43,70,43,0.614285714,5
b7r_sdp1_longestoverlap_ISI_4_test,b7r,p1,Span,mixed,4,5,1.42,3.52,8,Eng,70,43,70,43,0.614285714,5
b7r_sdp1_longestoverlap_ISI_5_test,b7r,p1,Span,mixed,5,17,4.16,4.09,8,Eng,70,43,70,43,0.614285714,5
b7r_sdp1_longestoverlap_ISI_6_test,b7r,p1,Span,mixed,6,4,1.38,2.9,8,Eng,70,43,70,43,0.614285714,5
b7r_sdp1_longestoverlap_ISI_7_test,b7r,p1,Span,mixed,7,7,1.84,3.8,8,Eng,70,43,70,43,0.614285714,5
b7r_sdp1_longestoverlap_ISI_8_test,b7r,p1,Span,mixed,8,10,2.92,3.42,8,Eng,70,43,70,43,0.614285714,5
b7r_sdp1_longestoverlap_ISI_9_test,b7r,p1,Span,mixed,9,11,1.92,5.73,8,Eng,70,43,70,43,0.614285714,5
b7r_sdp1_longestoverlap_ISI_10_test,b7r,p1,Span,mixed,10,6,1.34,4.48,8,Eng,70,43,70,43,0.614285714,5
b7r_sop1_longestoverlap_ISI_0_test,b7r,p1,Span,single,0,7,1.94,3.61,8,Eng,70,43,70,43,0.614285714,5
b7r_sop1_longestoverlap_ISI_1_test,b7r,p1,Span,single,1,9,2.32,3.88,8,Eng,70,43,70,43,0.614285714,5
b7r_sop1_longestoverlap_ISI_2_test,b7r,p1,Span,single,2,14,3.6,3.89,8,Eng,70,43,70,43,0.614285714,5
b7r_sop1_longestoverlap_ISI_3_test,b7r,p1,Span,single,3,10,2.2,4.54,8,Eng,70,43,70,43,0.614285714,5
b7r_sop1_longestoverlap_ISI_4_test,b7r,p1,Span,single,4,6,1.46,4.11,8,Eng,70,43,70,43,0.614285714,5
b7r_sop1_longestoverlap_ISI_5_test,b7r,p1,Span,single,5,15,4,3.75,8,Eng,70,43,70,43,0.614285714,5
b7r_sop1_longestoverlap_ISI_6_test,b7r,p1,Span,single,6,5,1.56,3.2,8,Eng,70,43,70,43,0.614285714,5
b7r_sop1_longestoverlap_ISI_7_test,b7r,p1,Span,single,7,10,1.9,5.26,8,Eng,70,43,70,43,0.614285714,5
b7r_sop1_longestoverlap_ISI_8_test,b7r,p1,Span,single,8,13,3.2,4.06,8,Eng,70,43,70,43,0.614285714,5
b7r_sop1_longestoverlap_ISI_9_test,b7r,p1,Span,single,9,8,1.9,4.21,8,Eng,70,43,70,43,0.614285714,5
b7r_sop1_longestoverlap_ISI_10_test,b7r,p1,Span,single,10,4,1.44,2.78,8,Eng,70,43,70,43,0.614285714,5
b7r_sdp2_longestoverlap_ISI_0_test,b7r,p2,Span,mixed,0,11,2.6,4.23,8,Eng,70,43,70,43,0.614285714,5
b7r_sdp2_longestoverlap_ISI_1_test,b7r,p2,Span,mixed,1,4,1.66,2.41,8,Eng,70,43,70,43,0.614285714,5
b7r_sdp2_longestoverlap_ISI_3_test,b7r,p2,Span,mixed,3,4,0.94,4.25,8,Eng,70,43,70,43,0.614285714,5
b7r_sdp2_longestoverlap_ISI_4_test,b7r,p2,Span,mixed,4,6,1.54,3.9,8,Eng,70,43,70,43,0.614285714,5
b7r_sdp2_longestoverlap_ISI_5_test,b7r,p2,Span,mixed,5,17,3,5.67,8,Eng,70,43,70,43,0.614285714,5
b7r_sdp2_longestoverlap_ISI_6_test,b7r,p2,Span,mixed,6,9,2.16,4.17,8,Eng,70,43,70,43,0.614285714,5
b7r_sdp2_longestoverlap_ISI_7_test,b7r,p2,Span,mixed,7,13,4.44,2.93,8,Eng,70,43,70,43,0.614285714,5
b7r_sdp2_longestoverlap_ISI_9_test,b7r,p2,Span,mixed,9,6,1.56,3.85,8,Eng,70,43,70,43,0.614285714,5
b7r_sdp2_longestoverlap_ISI_10_test,b7r,p2,Span,mixed,10,7,1.84,3.8,8,Eng,70,43,70,43,0.614285714,5
b7r_sop2_longestoverlap_ISI_0_test,b7r,p2,Span,single,0,15,3.52,4.26,8,Eng,70,43,70,43,0.614285714,5
b7r_sop2_longestoverlap_ISI_1_test,b7r,p2,Span,single,1,6,2.02,2.97,8,Eng,70,43,70,43,0.614285714,5
b7r_sop2_longestoverlap_ISI_3_test,b7r,p2,Span,single,3,3,0.9,3.33,8,Eng,70,43,70,43,0.614285714,5
b7r_sop2_longestoverlap_ISI_4_test,b7r,p2,Span,single,4,7,1.44,4.86,8,Eng,70,43,70,43,0.614285714,5
b7r_sop2_longestoverlap_ISI_5_test,b7r,p2,Span,single,5,14,3.14,4.46,8,Eng,70,43,70,43,0.614285714,5
b7r_sop2_longestoverlap_ISI_6_test,b7r,p2,Span,single,6,9,2.28,3.95,8,Eng,70,43,70,43,0.614285714,5
b7r_sop2_longestoverlap_ISI_7_test,b7r,p2,Span,single,7,20,4.94,4.05,8,Eng,70,43,70,43,0.614285714,5
b7r_sop2_longestoverlap_ISI_9_test,b7r,p2,Span,single,9,7,2.54,2.76,8,Eng,70,43,70,43,0.614285714,5
b7r_sop2_longestoverlap_ISI_10_test,b7r,p2,Span,single,10,4,1.62,2.47,8,Eng,70,43,70,43,0.614285714,5
b8r_sdp1_longestoverlap_ISI_0_test,b8r,p1,Span,mixed,0,18,3.68,4.89,9,Eng,75,39,75,39,0.52,3
b8r_sdp1_longestoverlap_ISI_1_test,b8r,p1,Span,mixed,1,13,3.5,3.71,9,Eng,75,39,75,39,0.52,3
b8r_sdp1_longestoverlap_ISI_2_test,b8r,p1,Span,mixed,2,15,2.94,5.1,9,Eng,75,39,75,39,0.52,3
b8r_sdp1_longestoverlap_ISI_3_test,b8r,p1,Span,mixed,3,13,3.22,4.04,9,Eng,75,39,75,39,0.52,3
b8r_sdp1_longestoverlap_ISI_4_test,b8r,p1,Span,mixed,4,6,1.38,4.35,9,Eng,75,39,75,39,0.52,3
b8r_sdp1_longestoverlap_ISI_5_test,b8r,p1,Span,mixed,5,14,3.24,4.32,9,Eng,75,39,75,39,0.52,3
b8r_sdp1_longestoverlap_ISI_6_test,b8r,p1,Span,mixed,6,5,1.92,2.6,9,Eng,75,39,75,39,0.52,3
b8r_sdp1_longestoverlap_ISI_7_test,b8r,p1,Span,mixed,7,6,1.66,3.61,9,Eng,75,39,75,39,0.52,3
b8r_sdp1_longestoverlap_ISI_8_test,b8r,p1,Span,mixed,8,8,1.86,4.3,9,Eng,75,39,75,39,0.52,3
b8r_sdp1_longestoverlap_ISI_9_test,b8r,p1,Span,mixed,9,10,1.96,5.1,9,Eng,75,39,75,39,0.52,3
b8r_sdp1_longestoverlap_ISI_10_test,b8r,p1,Span,mixed,10,5,1.3,3.85,9,Eng,75,39,75,39,0.52,3
b8r_sop1_longestoverlap_ISI_0_test,b8r,p1,Span,single,0,19,3.88,4.9,9,Eng,75,39,75,39,0.52,3
b8r_sop1_longestoverlap_ISI_1_test,b8r,p1,Span,single,1,15,3.36,4.46,9,Eng,75,39,75,39,0.52,3
b8r_sop1_longestoverlap_ISI_2_test,b8r,p1,Span,single,2,15,3.46,4.33,9,Eng,75,39,75,39,0.52,3
b8r_sop1_longestoverlap_ISI_3_test,b8r,p1,Span,single,3,16,3.7,4.32,9,Eng,75,39,75,39,0.52,3
b8r_sop1_longestoverlap_ISI_4_test,b8r,p1,Span,single,4,7,1.4,5,9,Eng,75,39,75,39,0.52,3
b8r_sop1_longestoverlap_ISI_5_test,b8r,p1,Span,single,5,16,3.16,5.06,9,Eng,75,39,75,39,0.52,3
b8r_sop1_longestoverlap_ISI_6_test,b8r,p1,Span,single,6,7,1.8,3.89,9,Eng,75,39,75,39,0.52,3
b8r_sop1_longestoverlap_ISI_7_test,b8r,p1,Span,single,7,6,1.62,3.7,9,Eng,75,39,75,39,0.52,3
b8r_sop1_longestoverlap_ISI_8_test,b8r,p1,Span,single,8,9,1.92,4.69,9,Eng,75,39,75,39,0.52,3
b8r_sop1_longestoverlap_ISI_9_test,b8r,p1,Span,single,9,10,2.02,4.95,9,Eng,75,39,75,39,0.52,3
b8r_sop1_longestoverlap_ISI_10_test,b8r,p1,Span,single,10,4,1.3,3.08,9,Eng,75,39,75,39,0.52,3
b8r_sdp2_longestoverlap_ISI_0_test,b8r,p2,Span,mixed,0,12,3.18,3.77,9,Eng,75,39,75,39,0.52,3
b8r_sdp2_longestoverlap_ISI_1_test,b8r,p2,Span,mixed,1,11,2.32,4.74,9,Eng,75,39,75,39,0.52,3
b8r_sdp2_longestoverlap_ISI_2_test,b8r,p2,Span,mixed,2,3,0.62,4.84,9,Eng,75,39,75,39,0.52,3
b8r_sdp2_longestoverlap_ISI_3_test,b8r,p2,Span,mixed,3,5,0.94,5.32,9,Eng,75,39,75,39,0.52,3
b8r_sdp2_longestoverlap_ISI_4_test,b8r,p2,Span,mixed,4,13,2.64,4.92,9,Eng,75,39,75,39,0.52,3
b8r_sdp2_longestoverlap_ISI_5_test,b8r,p2,Span,mixed,5,13,3.46,3.76,9,Eng,75,39,75,39,0.52,3
b8r_sdp2_longestoverlap_ISI_6_test,b8r,p2,Span,mixed,6,11,2.42,4.54,9,Eng,75,39,75,39,0.52,3
b8r_sdp2_longestoverlap_ISI_7_test,b8r,p2,Span,mixed,7,7,1.64,4.27,9,Eng,75,39,75,39,0.52,3
b8r_sdp2_longestoverlap_ISI_8_test,b8r,p2,Span,mixed,8,2,0.78,2.56,9,Eng,75,39,75,39,0.52,3
b8r_sdp2_longestoverlap_ISI_9_test,b8r,p2,Span,mixed,9,7,1.92,3.64,9,Eng,75,39,75,39,0.52,3
b8r_sdp2_longestoverlap_ISI_10_test,b8r,p2,Span,mixed,10,7,1.58,4.43,9,Eng,75,39,75,39,0.52,3
b8r_sop2_longestoverlap_ISI_0_test,b8r,p2,Span,single,0,15,3.36,4.46,9,Eng,75,39,75,39,0.52,3
b8r_sop2_longestoverlap_ISI_1_test,b8r,p2,Span,single,1,14,2.46,5.69,9,Eng,75,39,75,39,0.52,3
b8r_sop2_longestoverlap_ISI_2_test,b8r,p2,Span,single,2,4,0.68,5.88,9,Eng,75,39,75,39,0.52,3
b8r_sop2_longestoverlap_ISI_3_test,b8r,p2,Span,single,3,5,0.96,5.21,9,Eng,75,39,75,39,0.52,3
b8r_sop2_longestoverlap_ISI_4_test,b8r,p2,Span,single,4,14,2.56,5.47,9,Eng,75,39,75,39,0.52,3
b8r_sop2_longestoverlap_ISI_5_test,b8r,p2,Span,single,5,17,3.78,4.5,9,Eng,75,39,75,39,0.52,3
b8r_sop2_longestoverlap_ISI_6_test,b8r,p2,Span,single,6,10,2.36,4.24,9,Eng,75,39,75,39,0.52,3
b8r_sop2_longestoverlap_ISI_7_test,b8r,p2,Span,single,7,7,1.6,4.37,9,Eng,75,39,75,39,0.52,3
b8r_sop2_longestoverlap_ISI_8_test,b8r,p2,Span,single,8,3,0.88,3.41,9,Eng,75,39,75,39,0.52,3
b8r_sop2_longestoverlap_ISI_9_test,b8r,p2,Span,single,9,8,2.18,3.67,9,Eng,75,39,75,39,0.52,3
b8r_sop2_longestoverlap_ISI_10_test,b8r,p2,Span,single,10,7,1.62,4.32,9,Eng,75,39,75,39,0.52,3
b9_sdp1_longestoverlap_ISI_0_test,b9,p1,Span,mixed,0,7,1.58,4.43,10,Eng,73,47,73,47,0.643835616,3.7
b9_sdp1_longestoverlap_ISI_1_test,b9,p1,Span,mixed,1,18,4.56,3.95,10,Eng,73,47,73,47,0.643835616,3.7
b9_sdp1_longestoverlap_ISI_2_test,b9,p1,Span,mixed,2,3,1.18,2.54,10,Eng,73,47,73,47,0.643835616,3.7
b9_sdp1_longestoverlap_ISI_3_test,b9,p1,Span,mixed,3,6,1.72,3.49,10,Eng,73,47,73,47,0.643835616,3.7
b9_sdp1_longestoverlap_ISI_4_test,b9,p1,Span,mixed,4,5,1.4,3.57,10,Eng,73,47,73,47,0.643835616,3.7
b9_sdp1_longestoverlap_ISI_5_test,b9,p1,Span,mixed,5,7,1.92,3.65,10,Eng,73,47,73,47,0.643835616,3.7
b9_sdp1_longestoverlap_ISI_6_test,b9,p1,Span,mixed,6,4,1.58,2.53,10,Eng,73,47,73,47,0.643835616,3.7
b9_sdp1_longestoverlap_ISI_7_test,b9,p1,Span,mixed,7,4,1.36,2.94,10,Eng,73,47,73,47,0.643835616,3.7
b9_sdp1_longestoverlap_ISI_8_test,b9,p1,Span,mixed,8,6,1.52,3.95,10,Eng,73,47,73,47,0.643835616,3.7
b9_sdp1_longestoverlap_ISI_9_test,b9,p1,Span,mixed,9,6,1.78,3.37,10,Eng,73,47,73,47,0.643835616,3.7
b9_sdp1_longestoverlap_ISI_10_test,b9,p1,Span,mixed,10,2,0.84,2.38,10,Eng,73,47,73,47,0.643835616,3.7
b9_sop1_longestoverlap_ISI_0_test,b9,p1,Span,single,0,6,1.48,4.05,10,Eng,73,47,73,47,0.643835616,3.7
b9_sop1_longestoverlap_ISI_1_test,b9,p1,Span,single,1,19,4.12,4.61,10,Eng,73,47,73,47,0.643835616,3.7
b9_sop1_longestoverlap_ISI_2_test,b9,p1,Span,single,2,2,1.26,1.59,10,Eng,73,47,73,47,0.643835616,3.7
b9_sop1_longestoverlap_ISI_3_test,b9,p1,Span,single,3,6,1.48,4.05,10,Eng,73,47,73,47,0.643835616,3.7
b9_sop1_longestoverlap_ISI_4_test,b9,p1,Span,single,4,4,1.26,3.17,10,Eng,73,47,73,47,0.643835616,3.7
b9_sop1_longestoverlap_ISI_5_test,b9,p1,Span,single,5,6,1.84,3.26,10,Eng,73,47,73,47,0.643835616,3.7
b9_sop1_longestoverlap_ISI_6_test,b9,p1,Span,single,6,5,1.16,4.31,10,Eng,73,47,73,47,0.643835616,3.7
b9_sop1_longestoverlap_ISI_7_test,b9,p1,Span,single,7,4,1.36,2.94,10,Eng,73,47,73,47,0.643835616,3.7
b9_sop1_longestoverlap_ISI_8_test,b9,p1,Span,single,8,5,1.06,4.72,10,Eng,73,47,73,47,0.643835616,3.7
b9_sop1_longestoverlap_ISI_9_test,b9,p1,Span,single,9,7,1.64,4.27,10,Eng,73,47,73,47,0.643835616,3.7
b9_sop1_longestoverlap_ISI_10_test,b9,p1,Span,single,10,2,0.84,2.38,10,Eng,73,47,73,47,0.643835616,3.7
b9_sdp2_longestoverlap_ISI_0_test,b9,p2,Span,mixed,0,6,1.22,4.92,10,Eng,73,47,73,47,0.643835616,3.7
b9_sdp2_longestoverlap_ISI_1_test,b9,p2,Span,mixed,1,12,3.66,3.28,10,Eng,73,47,73,47,0.643835616,3.7
b9_sdp2_longestoverlap_ISI_2_test,b9,p2,Span,mixed,2,2,0.78,2.56,10,Eng,73,47,73,47,0.643835616,3.7
b9_sdp2_longestoverlap_ISI_3_test,b9,p2,Span,mixed,3,5,0.92,5.43,10,Eng,73,47,73,47,0.643835616,3.7
b9_sdp2_longestoverlap_ISI_4_test,b9,p2,Span,mixed,4,3,1.44,2.08,10,Eng,73,47,73,47,0.643835616,3.7
b9_sdp2_longestoverlap_ISI_5_test,b9,p2,Span,mixed,5,16,3.82,4.19,10,Eng,73,47,73,47,0.643835616,3.7
b9_sdp2_longestoverlap_ISI_6_test,b9,p2,Span,mixed,6,5,2.08,2.4,10,Eng,73,47,73,47,0.643835616,3.7
b9_sdp2_longestoverlap_ISI_7_test,b9,p2,Span,mixed,7,6,2.18,2.75,10,Eng,73,47,73,47,0.643835616,3.7
b9_sdp2_longestoverlap_ISI_8_test,b9,p2,Span,mixed,8,3,0.88,3.41,10,Eng,73,47,73,47,0.643835616,3.7
b9_sdp2_longestoverlap_ISI_9_test,b9,p2,Span,mixed,9,7,1.44,4.86,10,Eng,73,47,73,47,0.643835616,3.7
b9_sop2_longestoverlap_ISI_0_test,b9,p2,Span,single,0,6,1.3,4.61,10,Eng,73,47,73,47,0.643835616,3.7
b9_sop2_longestoverlap_ISI_1_test,b9,p2,Span,single,1,11,3.02,3.64,10,Eng,73,47,73,47,0.643835616,3.7
b9_sop2_longestoverlap_ISI_2_test,b9,p2,Span,single,2,2,0.76,2.63,10,Eng,73,47,73,47,0.643835616,3.7
b9_sop2_longestoverlap_ISI_3_test,b9,p2,Span,single,3,5,0.96,5.21,10,Eng,73,47,73,47,0.643835616,3.7
b9_sop2_longestoverlap_ISI_4_test,b9,p2,Span,single,4,3,0.8,3.75,10,Eng,73,47,73,47,0.643835616,3.7
b9_sop2_longestoverlap_ISI_5_test,b9,p2,Span,single,5,16,4.06,3.94,10,Eng,73,47,73,47,0.643835616,3.7
b9_sop2_longestoverlap_ISI_6_test,b9,p2,Span,single,6,6,1.62,3.7,10,Eng,73,47,73,47,0.643835616,3.7
b9_sop2_longestoverlap_ISI_7_test,b9,p2,Span,single,7,7,2.36,2.97,10,Eng,73,47,73,47,0.643835616,3.7
b9_sop2_longestoverlap_ISI_8_test,b9,p2,Span,single,8,2,0.64,3.12,10,Eng,73,47,73,47,0.643835616,3.7
b9_sop2_longestoverlap_ISI_9_test,b9,p2,Span,single,9,5,1.32,3.79,10,Eng,73,47,73,47,0.643835616,3.7
b1_sdp3_longestoverlap_ISI_0_test,b1,p3,Span,mixed,0,16,3.94,4.06,2,Eng,60,41,60,41,0.683333333,6
b1_sdp3_longestoverlap_ISI_1_test,b1,p3,Span,mixed,1,6,2.02,2.97,2,Eng,60,41,60,41,0.683333333,6
b1_sdp3_longestoverlap_ISI_2_test,b1,p3,Span,mixed,2,6,2.14,2.8,2,Eng,60,41,60,41,0.683333333,6
b1_sdp3_longestoverlap_ISI_3_test,b1,p3,Span,mixed,3,4,0.92,4.35,2,Eng,60,41,60,41,0.683333333,6
b1_sdp3_longestoverlap_ISI_4_test,b1,p3,Span,mixed,4,7,1.8,3.89,2,Eng,60,41,60,41,0.683333333,6
b1_sdp3_longestoverlap_ISI_5_test,b1,p3,Span,mixed,5,5,1.08,4.63,2,Eng,60,41,60,41,0.683333333,6
b1_sdp3_longestoverlap_ISI_6_test,b1,p3,Span,mixed,6,5,2.16,2.31,2,Eng,60,41,60,41,0.683333333,6
b1_sdp3_longestoverlap_ISI_7_test,b1,p3,Span,mixed,7,7,1.72,4.07,2,Eng,60,41,60,41,0.683333333,6
b1_sdp3_longestoverlap_ISI_8_test,b1,p3,Span,mixed,8,14,3.06,4.57,2,Eng,60,41,60,41,0.683333333,6
b1_sdp3_longestoverlap_ISI_9_test,b1,p3,Span,mixed,9,12,2.6,4.61,2,Eng,60,41,60,41,0.683333333,6
b1_sdp3_longestoverlap_ISI_10_test,b1,p3,Span,mixed,10,7,2.14,3.27,2,Eng,60,41,60,41,0.683333333,6
b1_sop3_longestoverlap_ISI_0_test,b1,p3,Span,single,0,16,3.74,4.28,2,Eng,60,41,60,41,0.683333333,6
b1_sop3_longestoverlap_ISI_1_test,b1,p3,Span,single,1,7,1.82,3.85,2,Eng,60,41,60,41,0.683333333,6
b1_sop3_longestoverlap_ISI_2_test,b1,p3,Span,single,2,7,2.08,3.36,2,Eng,60,41,60,41,0.683333333,6
b1_sop3_longestoverlap_ISI_3_test,b1,p3,Span,single,3,3,0.82,3.66,2,Eng,60,41,60,41,0.683333333,6
b1_sop3_longestoverlap_ISI_4_test,b1,p3,Span,single,4,7,1.66,4.22,2,Eng,60,41,60,41,0.683333333,6
b1_sop3_longestoverlap_ISI_5_test,b1,p3,Span,single,5,5,1.12,4.46,2,Eng,60,41,60,41,0.683333333,6
b1_sop3_longestoverlap_ISI_6_test,b1,p3,Span,single,6,5,1.84,2.72,2,Eng,60,41,60,41,0.683333333,6
b1_sop3_longestoverlap_ISI_7_test,b1,p3,Span,single,7,5,1.36,3.68,2,Eng,60,41,60,41,0.683333333,6
b1_sop3_longestoverlap_ISI_8_test,b1,p3,Span,single,8,11,2.62,4.2,2,Eng,60,41,60,41,0.683333333,6
b1_sop3_longestoverlap_ISI_9_test,b1,p3,Span,single,9,12,2.52,4.76,2,Eng,60,41,60,41,0.683333333,6
b1_sop3_longestoverlap_ISI_10_test,b1,p3,Span,single,10,6,1.98,3.03,2,Eng,60,41,60,41,0.683333333,6
b1_sdp4_longestoverlap_ISI_0_test,b1,p4,Span,mixed,0,6,1.58,3.8,2,Eng,60,41,60,41,0.683333333,6
b1_sdp4_longestoverlap_ISI_1_test,b1,p4,Span,mixed,1,4,1.24,3.23,2,Eng,60,41,60,41,0.683333333,6
b1_sdp4_longestoverlap_ISI_2_test,b1,p4,Span,mixed,2,7,2.32,3.02,2,Eng,60,41,60,41,0.683333333,6
b1_sdp4_longestoverlap_ISI_3_test,b1,p4,Span,mixed,3,14,3.58,3.91,2,Eng,60,41,60,41,0.683333333,6
b1_sdp4_longestoverlap_ISI_4_test,b1,p4,Span,mixed,4,16,3.92,4.08,2,Eng,60,41,60,41,0.683333333,6
b1_sdp4_longestoverlap_ISI_5_test,b1,p4,Span,mixed,5,7,1.88,3.72,2,Eng,60,41,60,41,0.683333333,6
b1_sdp4_longestoverlap_ISI_6_test,b1,p4,Span,mixed,6,6,1.86,3.23,2,Eng,60,41,60,41,0.683333333,6
b1_sdp4_longestoverlap_ISI_7_test,b1,p4,Span,mixed,7,6,1.32,4.54,2,Eng,60,41,60,41,0.683333333,6
b1_sdp4_longestoverlap_ISI_8_test,b1,p4,Span,mixed,8,3,1.22,2.46,2,Eng,60,41,60,41,0.683333333,6
b1_sdp4_longestoverlap_ISI_9_test,b1,p4,Span,mixed,9,6,1.58,3.8,2,Eng,60,41,60,41,0.683333333,6
b1_sdp4_longestoverlap_ISI_10_test,b1,p4,Span,mixed,10,8,1.78,4.49,2,Eng,60,41,60,41,0.683333333,6
b1_sop4_longestoverlap_ISI_0_test,b1,p4,Span,single,0,5,1.56,3.2,2,Eng,60,41,60,41,0.683333333,6
b1_sop4_longestoverlap_ISI_1_test,b1,p4,Span,single,1,5,1.54,3.25,2,Eng,60,41,60,41,0.683333333,6
b1_sop4_longestoverlap_ISI_2_test,b1,p4,Span,single,2,9,2.4,3.75,2,Eng,60,41,60,41,0.683333333,6
b1_sop4_longestoverlap_ISI_3_test,b1,p4,Span,single,3,15,3.6,4.17,2,Eng,60,41,60,41,0.683333333,6
b1_sop4_longestoverlap_ISI_4_test,b1,p4,Span,single,4,16,3.78,4.23,2,Eng,60,41,60,41,0.683333333,6
b1_sop4_longestoverlap_ISI_5_test,b1,p4,Span,single,5,7,1.84,3.8,2,Eng,60,41,60,41,0.683333333,6
b1_sop4_longestoverlap_ISI_6_test,b1,p4,Span,single,6,6,1.98,3.03,2,Eng,60,41,60,41,0.683333333,6
b1_sop4_longestoverlap_ISI_7_test,b1,p4,Span,single,7,4,1.32,3.03,2,Eng,60,41,60,41,0.683333333,6
b1_sop4_longestoverlap_ISI_8_test,b1,p4,Span,single,8,2,1.22,1.64,2,Eng,60,41,60,41,0.683333333,6
b1_sop4_longestoverlap_ISI_9_test,b1,p4,Span,single,9,5,1.72,2.91,2,Eng,60,41,60,41,0.683333333,6
b1_sop4_longestoverlap_ISI_10_test,b1,p4,Span,single,10,6,1.72,3.49,2,Eng,60,41,60,41,0.683333333,6
b10r_sdp3_longestoverlap_ISI_0_test,b10r,p3,Span,mixed,0,16,4.16,3.85,11,Eng,64,51,64,51,0.796875,5
b10r_sdp3_longestoverlap_ISI_1_test,b10r,p3,Span,mixed,1,6,1.6,3.75,11,Eng,64,51,64,51,0.796875,5
b10r_sdp3_longestoverlap_ISI_2_test,b10r,p3,Span,mixed,2,9,2.18,4.13,11,Eng,64,51,64,51,0.796875,5
b10r_sdp3_longestoverlap_ISI_3_test,b10r,p3,Span,mixed,3,4,1.04,3.85,11,Eng,64,51,64,51,0.796875,5
b10r_sdp3_longestoverlap_ISI_4_test,b10r,p3,Span,mixed,4,4,1.16,3.45,11,Eng,64,51,64,51,0.796875,5
b10r_sdp3_longestoverlap_ISI_5_test,b10r,p3,Span,mixed,5,7,1.54,4.54,11,Eng,64,51,64,51,0.796875,5
b10r_sdp3_longestoverlap_ISI_6_test,b10r,p3,Span,mixed,6,3,1.18,2.54,11,Eng,64,51,64,51,0.796875,5
b10r_sdp3_longestoverlap_ISI_7_test,b10r,p3,Span,mixed,7,8,1.82,4.4,11,Eng,64,51,64,51,0.796875,5
b10r_sdp3_longestoverlap_ISI_8_test,b10r,p3,Span,mixed,8,16,3.58,4.47,11,Eng,64,51,64,51,0.796875,5
b10r_sdp3_longestoverlap_ISI_9_test,b10r,p3,Span,mixed,9,11,4.78,2.3,11,Eng,64,51,64,51,0.796875,5
b10r_sdp3_longestoverlap_ISI_10_test,b10r,p3,Span,mixed,10,4,1.38,2.9,11,Eng,64,51,64,51,0.796875,5
b10r_sop3_longestoverlap_ISI_0_test,b10r,p3,Span,single,0,19,4.06,4.68,11,Eng,64,51,64,51,0.796875,5
b10r_sop3_longestoverlap_ISI_1_test,b10r,p3,Span,single,1,6,1.64,3.66,11,Eng,64,51,64,51,0.796875,5
b10r_sop3_longestoverlap_ISI_2_test,b10r,p3,Span,single,2,9,2.24,4.02,11,Eng,64,51,64,51,0.796875,5
b10r_sop3_longestoverlap_ISI_3_test,b10r,p3,Span,single,3,3,0.98,3.06,11,Eng,64,51,64,51,0.796875,5
b10r_sop3_longestoverlap_ISI_4_test,b10r,p3,Span,single,4,4,1.04,3.85,11,Eng,64,51,64,51,0.796875,5
b10r_sop3_longestoverlap_ISI_5_test,b10r,p3,Span,single,5,8,1.58,5.06,11,Eng,64,51,64,51,0.796875,5
b10r_sop3_longestoverlap_ISI_6_test,b10r,p3,Span,single,6,4,1.3,3.08,11,Eng,64,51,64,51,0.796875,5
b10r_sop3_longestoverlap_ISI_7_test,b10r,p3,Span,single,7,9,1.48,6.08,11,Eng,64,51,64,51,0.796875,5
b10r_sop3_longestoverlap_ISI_8_test,b10r,p3,Span,single,8,18,3.66,4.92,11,Eng,64,51,64,51,0.796875,5
b10r_sop3_longestoverlap_ISI_9_test,b10r,p3,Span,single,9,9,2.44,3.69,11,Eng,64,51,64,51,0.796875,5
b10r_sop3_longestoverlap_ISI_10_test,b10r,p3,Span,single,10,4,1.1,3.64,11,Eng,64,51,64,51,0.796875,5
b10r_sdp4_longestoverlap_ISI_0_test,b10r,p4,Span,mixed,0,5,1.52,3.29,11,Eng,64,51,64,51,0.796875,5
b10r_sdp4_longestoverlap_ISI_1_test,b10r,p4,Span,mixed,1,4,1.22,3.28,11,Eng,64,51,64,51,0.796875,5
b10r_sdp4_longestoverlap_ISI_2_test,b10r,p4,Span,mixed,2,10,2.3,4.35,11,Eng,64,51,64,51,0.796875,5
b10r_sdp4_longestoverlap_ISI_3_test,b10r,p4,Span,mixed,3,11,3.02,3.64,11,Eng,64,51,64,51,0.796875,5
b10r_sdp4_longestoverlap_ISI_4_test,b10r,p4,Span,mixed,4,12,2.82,4.25,11,Eng,64,51,64,51,0.796875,5
b10r_sdp4_longestoverlap_ISI_5_test,b10r,p4,Span,mixed,5,11,3.02,3.64,11,Eng,64,51,64,51,0.796875,5
b10r_sdp4_longestoverlap_ISI_6_test,b10r,p4,Span,mixed,6,16,3.32,4.82,11,Eng,64,51,64,51,0.796875,5
b10r_sdp4_longestoverlap_ISI_7_test,b10r,p4,Span,mixed,7,7,1.54,4.54,11,Eng,64,51,64,51,0.796875,5
b10r_sdp4_longestoverlap_ISI_9_test,b10r,p4,Span,mixed,9,13,3.18,4.09,11,Eng,64,51,64,51,0.796875,5
b10r_sdp4_longestoverlap_ISI_10_test,b10r,p4,Span,mixed,10,9,1.94,4.64,11,Eng,64,51,64,51,0.796875,5
b10r_sop4_longestoverlap_ISI_0_test,b10r,p4,Span,single,0,6,1.42,4.22,11,Eng,64,51,64,51,0.796875,5
b10r_sop4_longestoverlap_ISI_1_test,b10r,p4,Span,single,1,4,0.98,4.08,11,Eng,64,51,64,51,0.796875,5
b10r_sop4_longestoverlap_ISI_2_test,b10r,p4,Span,single,2,10,2.16,4.63,11,Eng,64,51,64,51,0.796875,5
b10r_sop4_longestoverlap_ISI_3_test,b10r,p4,Span,single,3,10,2.38,4.2,11,Eng,64,51,64,51,0.796875,5
b10r_sop4_longestoverlap_ISI_4_test,b10r,p4,Span,single,4,10,2.5,4,11,Eng,64,51,64,51,0.796875,5
b10r_sop4_longestoverlap_ISI_5_test,b10r,p4,Span,single,5,11,3.32,3.31,11,Eng,64,51,64,51,0.796875,5
b10r_sop4_longestoverlap_ISI_6_test,b10r,p4,Span,single,6,17,3.52,4.83,11,Eng,64,51,64,51,0.796875,5
b10r_sop4_longestoverlap_ISI_7_test,b10r,p4,Span,single,7,7,1.44,4.86,11,Eng,64,51,64,51,0.796875,5
b10r_sop4_longestoverlap_ISI_9_test,b10r,p4,Span,single,9,11,2.78,3.96,11,Eng,64,51,64,51,0.796875,5
b10r_sop4_longestoverlap_ISI_10_test,b10r,p4,Span,single,10,9,2.08,4.33,11,Eng,64,51,64,51,0.796875,5
b11rr_sdp3_longestoverlap_ISI_0_test,b11rr,p3,Span,mixed,0,8,1.98,4.04,12,Eng,64,44,64,44,0.6875,6
b11rr_sdp3_longestoverlap_ISI_1_test,b11rr,p3,Span,mixed,1,7,2.5,2.8,12,Eng,64,44,64,44,0.6875,6
b11rr_sdp3_longestoverlap_ISI_2_test,b11rr,p3,Span,mixed,2,9,2.36,3.81,12,Eng,64,44,64,44,0.6875,6
b11rr_sdp3_longestoverlap_ISI_4_test,b11rr,p3,Span,mixed,4,8,2.14,3.74,12,Eng,64,44,64,44,0.6875,6
b11rr_sdp3_longestoverlap_ISI_5_test,b11rr,p3,Span,mixed,5,12,2.64,4.54,12,Eng,64,44,64,44,0.6875,6
b11rr_sdp3_longestoverlap_ISI_6_test,b11rr,p3,Span,mixed,6,6,2,3,12,Eng,64,44,64,44,0.6875,6
b11rr_sdp3_longestoverlap_ISI_7_test,b11rr,p3,Span,mixed,7,6,1.52,3.95,12,Eng,64,44,64,44,0.6875,6
b11rr_sdp3_longestoverlap_ISI_8_test,b11rr,p3,Span,mixed,8,4,1.52,2.63,12,Eng,64,44,64,44,0.6875,6
b11rr_sdp3_longestoverlap_ISI_9_test,b11rr,p3,Span,mixed,9,6,1.36,4.41,12,Eng,64,44,64,44,0.6875,6
b11rr_sdp3_longestoverlap_ISI_10_test,b11rr,p3,Span,mixed,10,4,1.9,2.1,12,Eng,64,44,64,44,0.6875,6
b11rr_sop3_longestoverlap_ISI_0_test,b11rr,p3,Span,single,0,6,1.68,3.57,12,Eng,64,44,64,44,0.6875,6
b11rr_sop3_longestoverlap_ISI_1_test,b11rr,p3,Span,single,1,8,2.1,3.81,12,Eng,64,44,64,44,0.6875,6
b11rr_sop3_longestoverlap_ISI_2_test,b11rr,p3,Span,single,2,9,2.26,3.98,12,Eng,64,44,64,44,0.6875,6
b11rr_sop3_longestoverlap_ISI_4_test,b11rr,p3,Span,single,4,10,2.08,4.81,12,Eng,64,44,64,44,0.6875,6
b11rr_sop3_longestoverlap_ISI_5_test,b11rr,p3,Span,single,5,6,2.02,2.97,12,Eng,64,44,64,44,0.6875,6
b11rr_sop3_longestoverlap_ISI_6_test,b11rr,p3,Span,single,6,4,1.36,2.94,12,Eng,64,44,64,44,0.6875,6
b11rr_sop3_longestoverlap_ISI_7_test,b11rr,p3,Span,single,7,6,1.6,3.75,12,Eng,64,44,64,44,0.6875,6
b11rr_sop3_longestoverlap_ISI_8_test,b11rr,p3,Span,single,8,6,1.54,3.9,12,Eng,64,44,64,44,0.6875,6
b11rr_sop3_longestoverlap_ISI_9_test,b11rr,p3,Span,single,9,4,1.36,2.94,12,Eng,64,44,64,44,0.6875,6
b11rr_sop3_longestoverlap_ISI_10_test,b11rr,p3,Span,single,10,4,1.68,2.38,12,Eng,64,44,64,44,0.6875,6
b11rr_sdp4_longestoverlap_ISI_0_test,b11rr,p4,Span,mixed,0,6,2.06,2.91,12,Eng,64,44,64,44,0.6875,6
b11rr_sdp4_longestoverlap_ISI_2_test,b11rr,p4,Span,mixed,2,9,2.84,3.17,12,Eng,64,44,64,44,0.6875,6
b11rr_sdp4_longestoverlap_ISI_3_test,b11rr,p4,Span,mixed,3,7,2.56,2.73,12,Eng,64,44,64,44,0.6875,6
b11rr_sdp4_longestoverlap_ISI_4_test,b11rr,p4,Span,mixed,4,4,1.46,2.74,12,Eng,64,44,64,44,0.6875,6
b11rr_sdp4_longestoverlap_ISI_5_test,b11rr,p4,Span,mixed,5,9,2.2,4.09,12,Eng,64,44,64,44,0.6875,6
b11rr_sdp4_longestoverlap_ISI_6_test,b11rr,p4,Span,mixed,6,8,2.22,3.6,12,Eng,64,44,64,44,0.6875,6
b11rr_sdp4_longestoverlap_ISI_7_test,b11rr,p4,Span,mixed,7,5,1.38,3.62,12,Eng,64,44,64,44,0.6875,6
b11rr_sdp4_longestoverlap_ISI_8_test,b11rr,p4,Span,mixed,8,5,1.86,2.69,12,Eng,64,44,64,44,0.6875,6
b11rr_sdp4_longestoverlap_ISI_9_test,b11rr,p4,Span,mixed,9,5,1.72,2.91,12,Eng,64,44,64,44,0.6875,6
b11rr_sdp4_longestoverlap_ISI_10_test,b11rr,p4,Span,mixed,10,9,2.18,4.13,12,Eng,64,44,64,44,0.6875,6
b11rr_sop4_longestoverlap_ISI_0_test,b11rr,p4,Span,single,0,5,1.44,3.47,12,Eng,64,44,64,44,0.6875,6
b11rr_sop4_longestoverlap_ISI_2_test,b11rr,p4,Span,single,2,8,2.52,3.17,12,Eng,64,44,64,44,0.6875,6
b11rr_sop4_longestoverlap_ISI_3_test,b11rr,p4,Span,single,3,7,2.3,3.04,12,Eng,64,44,64,44,0.6875,6
b11rr_sop4_longestoverlap_ISI_4_test,b11rr,p4,Span,single,4,4,1.42,2.82,12,Eng,64,44,64,44,0.6875,6
b11rr_sop4_longestoverlap_ISI_5_test,b11rr,p4,Span,single,5,8,2.32,3.45,12,Eng,64,44,64,44,0.6875,6
b11rr_sop4_longestoverlap_ISI_6_test,b11rr,p4,Span,single,6,6,1.84,3.26,12,Eng,64,44,64,44,0.6875,6
b11rr_sop4_longestoverlap_ISI_7_test,b11rr,p4,Span,single,7,4,1.3,3.08,12,Eng,64,44,64,44,0.6875,6
b11rr_sop4_longestoverlap_ISI_8_test,b11rr,p4,Span,single,8,4,1.42,2.82,12,Eng,64,44,64,44,0.6875,6
b11rr_sop4_longestoverlap_ISI_9_test,b11rr,p4,Span,single,9,5,1.6,3.12,12,Eng,64,44,64,44,0.6875,6
b11rr_sop4_longestoverlap_ISI_10_test,b11rr,p4,Span,single,10,9,1.72,5.23,12,Eng,64,44,64,44,0.6875,6
b12_sdp3_longestoverlap_ISI_0_test,b12,p3,Span,mixed,0,6,1.66,3.61,13,Eng,77,48,77,48,0.623376623,3
b12_sdp3_longestoverlap_ISI_1_test,b12,p3,Span,mixed,1,6,1.36,4.41,13,Eng,77,48,77,48,0.623376623,3
b12_sdp3_longestoverlap_ISI_2_test,b12,p3,Span,mixed,2,9,2.48,3.63,13,Eng,77,48,77,48,0.623376623,3
b12_sdp3_longestoverlap_ISI_3_test,b12,p3,Span,mixed,3,2,0.98,2.04,13,Eng,77,48,77,48,0.623376623,3
b12_sdp3_longestoverlap_ISI_4_test,b12,p3,Span,mixed,4,5,1.16,4.31,13,Eng,77,48,77,48,0.623376623,3
b12_sdp3_longestoverlap_ISI_5_test,b12,p3,Span,mixed,5,5,1.42,3.52,13,Eng,77,48,77,48,0.623376623,3
b12_sdp3_longestoverlap_ISI_6_test,b12,p3,Span,mixed,6,5,1.76,2.84,13,Eng,77,48,77,48,0.623376623,3
b12_sdp3_longestoverlap_ISI_7_test,b12,p3,Span,mixed,7,8,2.22,3.6,13,Eng,77,48,77,48,0.623376623,3
b12_sdp3_longestoverlap_ISI_8_test,b12,p3,Span,mixed,8,9,2.4,3.75,13,Eng,77,48,77,48,0.623376623,3
b12_sdp3_longestoverlap_ISI_9_test,b12,p3,Span,mixed,9,15,5.08,2.95,13,Eng,77,48,77,48,0.623376623,3
b12_sdp3_longestoverlap_ISI_10_test,b12,p3,Span,mixed,10,6,1.54,3.9,13,Eng,77,48,77,48,0.623376623,3
b12_sop3_longestoverlap_ISI_0_test,b12,p3,Span,single,0,6,1.58,3.8,13,Eng,77,48,77,48,0.623376623,3
b12_sop3_longestoverlap_ISI_1_test,b12,p3,Span,single,1,6,1.42,4.22,13,Eng,77,48,77,48,0.623376623,3
b12_sop3_longestoverlap_ISI_2_test,b12,p3,Span,single,2,9,1.84,4.89,13,Eng,77,48,77,48,0.623376623,3
b12_sop3_longestoverlap_ISI_3_test,b12,p3,Span,single,3,2,0.38,5.26,13,Eng,77,48,77,48,0.623376623,3
b12_sop3_longestoverlap_ISI_4_test,b12,p3,Span,single,4,3,1.2,2.5,13,Eng,77,48,77,48,0.623376623,3
b12_sop3_longestoverlap_ISI_5_test,b12,p3,Span,single,5,5,1.2,4.17,13,Eng,77,48,77,48,0.623376623,3
b12_sop3_longestoverlap_ISI_6_test,b12,p3,Span,single,6,7,1.8,3.89,13,Eng,77,48,77,48,0.623376623,3
b12_sop3_longestoverlap_ISI_7_test,b12,p3,Span,single,7,7,1.92,3.65,13,Eng,77,48,77,48,0.623376623,3
b12_sop3_longestoverlap_ISI_8_test,b12,p3,Span,single,8,10,2.14,4.67,13,Eng,77,48,77,48,0.623376623,3
b12_sop3_longestoverlap_ISI_9_test,b12,p3,Span,single,9,13,3.18,4.09,13,Eng,77,48,77,48,0.623376623,3
b12_sop3_longestoverlap_ISI_10_test,b12,p3,Span,single,10,5,1.32,3.79,13,Eng,77,48,77,48,0.623376623,3
b12_sdp4_longestoverlap_ISI_0_test,b12,p4,Span,mixed,0,5,1.7,2.94,13,Eng,77,48,77,48,0.623376623,3
b12_sdp4_longestoverlap_ISI_1_test,b12,p4,Span,mixed,1,4,1.24,3.23,13,Eng,77,48,77,48,0.623376623,3
b12_sdp4_longestoverlap_ISI_2_test,b12,p4,Span,mixed,2,8,1.96,4.08,13,Eng,77,48,77,48,0.623376623,3
b12_sdp4_longestoverlap_ISI_3_test,b12,p4,Span,mixed,3,14,3.46,4.05,13,Eng,77,48,77,48,0.623376623,3
b12_sdp4_longestoverlap_ISI_4_test,b12,p4,Span,mixed,4,12,2.98,4.03,13,Eng,77,48,77,48,0.623376623,3
b12_sdp4_longestoverlap_ISI_5_test,b12,p4,Span,mixed,5,6,1.58,3.8,13,Eng,77,48,77,48,0.623376623,3
b12_sdp4_longestoverlap_ISI_6_test,b12,p4,Span,mixed,6,9,2.82,3.19,13,Eng,77,48,77,48,0.623376623,3
b12_sdp4_longestoverlap_ISI_7_test,b12,p4,Span,mixed,7,8,2.34,3.42,13,Eng,77,48,77,48,0.623376623,3
b12_sdp4_longestoverlap_ISI_8_test,b12,p4,Span,mixed,8,6,1.6,3.75,13,Eng,77,48,77,48,0.623376623,3
b12_sdp4_longestoverlap_ISI_9_test,b12,p4,Span,mixed,9,4,1.4,2.86,13,Eng,77,48,77,48,0.623376623,3
b12_sdp4_longestoverlap_ISI_10_test,b12,p4,Span,mixed,10,8,1.86,4.3,13,Eng,77,48,77,48,0.623376623,3
b12_sop4_longestoverlap_ISI_0_test,b12,p4,Span,single,0,4,1.32,3.03,13,Eng,77,48,77,48,0.623376623,3
b12_sop4_longestoverlap_ISI_1_test,b12,p4,Span,single,1,4,1.02,3.92,13,Eng,77,48,77,48,0.623376623,3
b12_sop4_longestoverlap_ISI_2_test,b12,p4,Span,single,2,10,1.92,5.21,13,Eng,77,48,77,48,0.623376623,3
b12_sop4_longestoverlap_ISI_3_test,b12,p4,Span,single,3,13,3.34,3.89,13,Eng,77,48,77,48,0.623376623,3
b12_sop4_longestoverlap_ISI_4_test,b12,p4,Span,single,4,13,2.96,4.39,13,Eng,77,48,77,48,0.623376623,3
b12_sop4_longestoverlap_ISI_5_test,b12,p4,Span,single,5,5,1.24,4.03,13,Eng,77,48,77,48,0.623376623,3
b12_sop4_longestoverlap_ISI_6_test,b12,p4,Span,single,6,12,2.88,4.17,13,Eng,77,48,77,48,0.623376623,3
b12_sop4_longestoverlap_ISI_7_test,b12,p4,Span,single,7,9,2.22,4.05,13,Eng,77,48,77,48,0.623376623,3
b12_sop4_longestoverlap_ISI_8_test,b12,p4,Span,single,8,4,1.5,2.67,13,Eng,77,48,77,48,0.623376623,3
b12_sop4_longestoverlap_ISI_9_test,b12,p4,Span,single,9,3,1.08,2.78,13,Eng,77,48,77,48,0.623376623,3
b12_sop4_longestoverlap_ISI_10_test,b12,p4,Span,single,10,7,1.54,4.54,13,Eng,77,48,77,48,0.623376623,3
b13_sdp3_longestoverlap_ISI_0_test,b13,p3,Span,mixed,0,5,1.62,3.09,14,Eng,67,51,67,51,0.76119403,0
b13_sdp3_longestoverlap_ISI_1_test,b13,p3,Span,mixed,1,7,1.7,4.12,14,Eng,67,51,67,51,0.76119403,0
b13_sdp3_longestoverlap_ISI_2_test,b13,p3,Span,mixed,2,4,1.36,2.94,14,Eng,67,51,67,51,0.76119403,0
b13_sdp3_longestoverlap_ISI_3_test,b13,p3,Span,mixed,3,3,0.82,3.66,14,Eng,67,51,67,51,0.76119403,0
b13_sdp3_longestoverlap_ISI_4_test,b13,p3,Span,mixed,4,7,1.44,4.86,14,Eng,67,51,67,51,0.76119403,0
b13_sdp3_longestoverlap_ISI_5_test,b13,p3,Span,mixed,5,4,1.16,3.45,14,Eng,67,51,67,51,0.76119403,0
b13_sdp3_longestoverlap_ISI_7_test,b13,p3,Span,mixed,7,13,3.18,4.09,14,Eng,67,51,67,51,0.76119403,0
b13_sdp3_longestoverlap_ISI_8_test,b13,p3,Span,mixed,8,6,2.14,2.8,14,Eng,67,51,67,51,0.76119403,0
b13_sdp3_longestoverlap_ISI_9_test,b13,p3,Span,mixed,9,8,2.3,3.48,14,Eng,67,51,67,51,0.76119403,0
b13_sop3_longestoverlap_ISI_0_test,b13,p3,Span,single,0,7,1.84,3.8,14,Eng,67,51,67,51,0.76119403,0
b13_sop3_longestoverlap_ISI_1_test,b13,p3,Span,single,1,9,1.98,4.54,14,Eng,67,51,67,51,0.76119403,0
b13_sop3_longestoverlap_ISI_2_test,b13,p3,Span,single,2,4,1.26,3.17,14,Eng,67,51,67,51,0.76119403,0
b13_sop3_longestoverlap_ISI_3_test,b13,p3,Span,single,3,3,0.9,3.33,14,Eng,67,51,67,51,0.76119403,0
b13_sop3_longestoverlap_ISI_4_test,b13,p3,Span,single,4,5,1.44,3.47,14,Eng,67,51,67,51,0.76119403,0
b13_sop3_longestoverlap_ISI_5_test,b13,p3,Span,single,5,2,1.24,1.61,14,Eng,67,51,67,51,0.76119403,0
b13_sop3_longestoverlap_ISI_7_test,b13,p3,Span,single,7,10,2.78,3.6,14,Eng,67,51,67,51,0.76119403,0
b13_sop3_longestoverlap_ISI_8_test,b13,p3,Span,single,8,8,2.1,3.81,14,Eng,67,51,67,51,0.76119403,0
b13_sop3_longestoverlap_ISI_9_test,b13,p3,Span,single,9,11,2.68,4.1,14,Eng,67,51,67,51,0.76119403,0
b13_sdp4_longestoverlap_ISI_0_test,b13,p4,Span,mixed,0,4,1.14,3.51,14,Eng,67,51,67,51,0.76119403,0
b13_sdp4_longestoverlap_ISI_2_test,b13,p4,Span,mixed,2,10,2.8,3.57,14,Eng,67,51,67,51,0.76119403,0
b13_sdp4_longestoverlap_ISI_3_test,b13,p4,Span,mixed,3,11,2.52,4.36,14,Eng,67,51,67,51,0.76119403,0
b13_sdp4_longestoverlap_ISI_4_test,b13,p4,Span,mixed,4,16,3.54,4.52,14,Eng,67,51,67,51,0.76119403,0
b13_sdp4_longestoverlap_ISI_5_test,b13,p4,Span,mixed,5,4,1.38,2.9,14,Eng,67,51,67,51,0.76119403,0
b13_sdp4_longestoverlap_ISI_6_test,b13,p4,Span,mixed,6,8,1.36,5.88,14,Eng,67,51,67,51,0.76119403,0
b13_sdp4_longestoverlap_ISI_7_test,b13,p4,Span,mixed,7,5,1.4,3.57,14,Eng,67,51,67,51,0.76119403,0
b13_sdp4_longestoverlap_ISI_8_test,b13,p4,Span,mixed,8,6,1.64,3.66,14,Eng,67,51,67,51,0.76119403,0
b13_sdp4_longestoverlap_ISI_9_test,b13,p4,Span,mixed,9,5,1.64,3.05,14,Eng,67,51,67,51,0.76119403,0
b13_sdp4_longestoverlap_ISI_10_test,b13,p4,Span,mixed,10,3,0.88,3.41,14,Eng,67,51,67,51,0.76119403,0
b13_sop4_longestoverlap_ISI_0_test,b13,p4,Span,single,0,5,1.2,4.17,14,Eng,67,51,67,51,0.76119403,0
b13_sop4_longestoverlap_ISI_2_test,b13,p4,Span,single,2,13,3.04,4.28,14,Eng,67,51,67,51,0.76119403,0
b13_sop4_longestoverlap_ISI_3_test,b13,p4,Span,single,3,11,2.76,3.98,14,Eng,67,51,67,51,0.76119403,0
b13_sop4_longestoverlap_ISI_4_test,b13,p4,Span,single,4,14,3.6,3.89,14,Eng,67,51,67,51,0.76119403,0
b13_sop4_longestoverlap_ISI_5_test,b13,p4,Span,single,5,4,1.52,2.63,14,Eng,67,51,67,51,0.76119403,0
b13_sop4_longestoverlap_ISI_6_test,b13,p4,Span,single,6,7,1.4,5,14,Eng,67,51,67,51,0.76119403,0
b13_sop4_longestoverlap_ISI_7_test,b13,p4,Span,single,7,5,1.26,3.97,14,Eng,67,51,67,51,0.76119403,0
b13_sop4_longestoverlap_ISI_8_test,b13,p4,Span,single,8,4,1.38,2.9,14,Eng,67,51,67,51,0.76119403,0
b13_sop4_longestoverlap_ISI_9_test,b13,p4,Span,single,9,4,1.56,2.56,14,Eng,67,51,67,51,0.76119403,0
b13_sop4_longestoverlap_ISI_10_test,b13,p4,Span,single,10,4,0.88,4.54,14,Eng,67,51,67,51,0.76119403,0
b14r_sdp3_longestoverlap_ISI_0_test,b14r,p3,Span,mixed,0,7,1.82,3.85,15,Eng,67,41,67,41,0.611940299,7
b14r_sdp3_longestoverlap_ISI_1_test,b14r,p3,Span,mixed,1,8,2.04,3.92,15,Eng,67,41,67,41,0.611940299,7
b14r_sdp3_longestoverlap_ISI_2_test,b14r,p3,Span,mixed,2,12,2.86,4.2,15,Eng,67,41,67,41,0.611940299,7
b14r_sdp3_longestoverlap_ISI_4_test,b14r,p3,Span,mixed,4,6,2.34,2.56,15,Eng,67,41,67,41,0.611940299,7
b14r_sdp3_longestoverlap_ISI_5_test,b14r,p3,Span,mixed,5,6,1.46,4.11,15,Eng,67,41,67,41,0.611940299,7
b14r_sdp3_longestoverlap_ISI_6_test,b14r,p3,Span,mixed,6,8,2.2,3.64,15,Eng,67,41,67,41,0.611940299,7
b14r_sdp3_longestoverlap_ISI_7_test,b14r,p3,Span,mixed,7,5,1.5,3.33,15,Eng,67,41,67,41,0.611940299,7
b14r_sdp3_longestoverlap_ISI_8_test,b14r,p3,Span,mixed,8,11,2.82,3.9,15,Eng,67,41,67,41,0.611940299,7
b14r_sdp3_longestoverlap_ISI_9_test,b14r,p3,Span,mixed,9,10,3.02,3.31,15,Eng,67,41,67,41,0.611940299,7
b14r_sdp3_longestoverlap_ISI_10_test,b14r,p3,Span,mixed,10,8,2.02,3.96,15,Eng,67,41,67,41,0.611940299,7
b14r_sop3_longestoverlap_ISI_0_test,b14r,p3,Span,single,0,8,1.9,4.21,15,Eng,67,41,67,41,0.611940299,7
b14r_sop3_longestoverlap_ISI_1_test,b14r,p3,Span,single,1,7,2.58,2.71,15,Eng,67,41,67,41,0.611940299,7
b14r_sop3_longestoverlap_ISI_2_test,b14r,p3,Span,single,2,11,2.42,4.54,15,Eng,67,41,67,41,0.611940299,7
b14r_sop3_longestoverlap_ISI_4_test,b14r,p3,Span,single,4,4,2.3,1.74,15,Eng,67,41,67,41,0.611940299,7
b14r_sop3_longestoverlap_ISI_5_test,b14r,p3,Span,single,5,5,1.6,3.12,15,Eng,67,41,67,41,0.611940299,7
b14r_sop3_longestoverlap_ISI_6_test,b14r,p3,Span,single,6,7,2.36,2.97,15,Eng,67,41,67,41,0.611940299,7
b14r_sop3_longestoverlap_ISI_7_test,b14r,p3,Span,single,7,6,1.76,3.41,15,Eng,67,41,67,41,0.611940299,7
b14r_sop3_longestoverlap_ISI_8_test,b14r,p3,Span,single,8,12,2.78,4.32,15,Eng,67,41,67,41,0.611940299,7
b14r_sop3_longestoverlap_ISI_9_test,b14r,p3,Span,single,9,9,3.24,2.78,15,Eng,67,41,67,41,0.611940299,7
b14r_sop3_longestoverlap_ISI_10_test,b14r,p3,Span,single,10,8,2.32,3.45,15,Eng,67,41,67,41,0.611940299,7
b14r_sdp4_longestoverlap_ISI_0_test,b14r,p4,Span,mixed,0,4,1.6,2.5,15,Eng,67,41,67,41,0.611940299,7
b14r_sdp4_longestoverlap_ISI_1_test,b14r,p4,Span,mixed,1,4,1.32,3.03,15,Eng,67,41,67,41,0.611940299,7
b14r_sdp4_longestoverlap_ISI_2_test,b14r,p4,Span,mixed,2,9,2.28,3.95,15,Eng,67,41,67,41,0.611940299,7
b14r_sdp4_longestoverlap_ISI_3_test,b14r,p4,Span,mixed,3,11,3.26,3.37,15,Eng,67,41,67,41,0.611940299,7
b14r_sdp4_longestoverlap_ISI_4_test,b14r,p4,Span,mixed,4,11,2.52,4.36,15,Eng,67,41,67,41,0.611940299,7
b14r_sdp4_longestoverlap_ISI_5_test,b14r,p4,Span,mixed,5,10,2.96,3.38,15,Eng,67,41,67,41,0.611940299,7
b14r_sdp4_longestoverlap_ISI_6_test,b14r,p4,Span,mixed,6,3,1,3,15,Eng,67,41,67,41,0.611940299,7
b14r_sdp4_longestoverlap_ISI_7_test,b14r,p4,Span,mixed,7,7,1.46,4.79,15,Eng,67,41,67,41,0.611940299,7
b14r_sdp4_longestoverlap_ISI_8_test,b14r,p4,Span,mixed,8,4,1.62,2.47,15,Eng,67,41,67,41,0.611940299,7
b14r_sdp4_longestoverlap_ISI_9_test,b14r,p4,Span,mixed,9,6,1.82,3.3,15,Eng,67,41,67,41,0.611940299,7
b14r_sdp4_longestoverlap_ISI_10_test,b14r,p4,Span,mixed,10,3,0.7,4.28,15,Eng,67,41,67,41,0.611940299,7
b14r_sop4_longestoverlap_ISI_0_test,b14r,p4,Span,single,0,6,1.9,3.16,15,Eng,67,41,67,41,0.611940299,7
b14r_sop4_longestoverlap_ISI_1_test,b14r,p4,Span,single,1,5,1.5,3.33,15,Eng,67,41,67,41,0.611940299,7
b14r_sop4_longestoverlap_ISI_2_test,b14r,p4,Span,single,2,9,2.86,3.15,15,Eng,67,41,67,41,0.611940299,7
b14r_sop4_longestoverlap_ISI_3_test,b14r,p4,Span,single,3,13,3.8,3.42,15,Eng,67,41,67,41,0.611940299,7
b14r_sop4_longestoverlap_ISI_4_test,b14r,p4,Span,single,4,14,2.96,4.73,15,Eng,67,41,67,41,0.611940299,7
b14r_sop4_longestoverlap_ISI_5_test,b14r,p4,Span,single,5,10,3.36,2.98,15,Eng,67,41,67,41,0.611940299,7
b14r_sop4_longestoverlap_ISI_6_test,b14r,p4,Span,single,6,4,1.74,2.3,15,Eng,67,41,67,41,0.611940299,7
b14r_sop4_longestoverlap_ISI_7_test,b14r,p4,Span,single,7,7,1.72,4.07,15,Eng,67,41,67,41,0.611940299,7
b14r_sop4_longestoverlap_ISI_8_test,b14r,p4,Span,single,8,4,1.7,2.35,15,Eng,67,41,67,41,0.611940299,7
b14r_sop4_longestoverlap_ISI_9_test,b14r,p4,Span,single,9,6,2.42,2.48,15,Eng,67,41,67,41,0.611940299,7
b14r_sop4_longestoverlap_ISI_10_test,b14r,p4,Span,single,10,4,1,4,15,Eng,67,41,67,41,0.611940299,7
b15_sdp3_longestoverlap_ISI_0_test,b15,p3,Span,mixed,0,11,2.46,4.47,16,Eng,63,37,63,37,0.587301587,5
b15_sdp3_longestoverlap_ISI_1_test,b15,p3,Span,mixed,1,9,1.66,5.42,16,Eng,63,37,63,37,0.587301587,5
b15_sdp3_longestoverlap_ISI_2_test,b15,p3,Span,mixed,2,11,2.52,4.36,16,Eng,63,37,63,37,0.587301587,5
b15_sdp3_longestoverlap_ISI_3_test,b15,p3,Span,mixed,3,4,1.14,3.51,16,Eng,63,37,63,37,0.587301587,5
b15_sdp3_longestoverlap_ISI_4_test,b15,p3,Span,mixed,4,5,1.26,3.97,16,Eng,63,37,63,37,0.587301587,5
b15_sdp3_longestoverlap_ISI_5_test,b15,p3,Span,mixed,5,4,1.38,2.9,16,Eng,63,37,63,37,0.587301587,5
b15_sdp3_longestoverlap_ISI_6_test,b15,p3,Span,mixed,6,7,1.52,4.6,16,Eng,63,37,63,37,0.587301587,5
b15_sdp3_longestoverlap_ISI_7_test,b15,p3,Span,mixed,7,6,1.6,3.75,16,Eng,63,37,63,37,0.587301587,5
b15_sdp3_longestoverlap_ISI_8_test,b15,p3,Span,mixed,8,12,2.66,4.51,16,Eng,63,37,63,37,0.587301587,5
b15_sdp3_longestoverlap_ISI_9_test,b15,p3,Span,mixed,9,8,1.94,4.12,16,Eng,63,37,63,37,0.587301587,5
b15_sdp3_longestoverlap_ISI_10_test,b15,p3,Span,mixed,10,11,2.8,3.93,16,Eng,63,37,63,37,0.587301587,5
b15_sop3_longestoverlap_ISI_0_test,b15,p3,Span,single,0,12,2.54,4.72,16,Eng,63,37,63,37,0.587301587,5
b15_sop3_longestoverlap_ISI_1_test,b15,p3,Span,single,1,6,2.32,2.59,16,Eng,63,37,63,37,0.587301587,5
b15_sop3_longestoverlap_ISI_2_test,b15,p3,Span,single,2,9,2.34,3.85,16,Eng,63,37,63,37,0.587301587,5
b15_sop3_longestoverlap_ISI_3_test,b15,p3,Span,single,3,4,0.98,4.08,16,Eng,63,37,63,37,0.587301587,5
b15_sop3_longestoverlap_ISI_4_test,b15,p3,Span,single,4,5,1.24,4.03,16,Eng,63,37,63,37,0.587301587,5
b15_sop3_longestoverlap_ISI_5_test,b15,p3,Span,single,5,3,1.28,2.34,16,Eng,63,37,63,37,0.587301587,5
b15_sop3_longestoverlap_ISI_6_test,b15,p3,Span,single,6,5,1.52,3.29,16,Eng,63,37,63,37,0.587301587,5
b15_sop3_longestoverlap_ISI_7_test,b15,p3,Span,single,7,8,1.46,5.48,16,Eng,63,37,63,37,0.587301587,5
b15_sop3_longestoverlap_ISI_8_test,b15,p3,Span,single,8,13,2.94,4.42,16,Eng,63,37,63,37,0.587301587,5
b15_sop3_longestoverlap_ISI_9_test,b15,p3,Span,single,9,8,2.64,3.03,16,Eng,63,37,63,37,0.587301587,5
b15_sop3_longestoverlap_ISI_10_test,b15,p3,Span,single,10,11,2.72,4.04,16,Eng,63,37,63,37,0.587301587,5
b15_sdp4_longestoverlap_ISI_0_test,b15,p4,Span,mixed,0,8,1.54,5.19,16,Eng,63,37,63,37,0.587301587,5
b15_sdp4_longestoverlap_ISI_1_test,b15,p4,Span,mixed,1,5,1.16,4.31,16,Eng,63,37,63,37,0.587301587,5
b15_sdp4_longestoverlap_ISI_2_test,b15,p4,Span,mixed,2,5,1.36,3.68,16,Eng,63,37,63,37,0.587301587,5
b15_sdp4_longestoverlap_ISI_3_test,b15,p4,Span,mixed,3,12,3.34,3.59,16,Eng,63,37,63,37,0.587301587,5
b15_sdp4_longestoverlap_ISI_4_test,b15,p4,Span,mixed,4,9,2.22,4.05,16,Eng,63,37,63,37,0.587301587,5
b15_sdp4_longestoverlap_ISI_5_test,b15,p4,Span,mixed,5,2,0.74,2.7,16,Eng,63,37,63,37,0.587301587,5
b15_sdp4_longestoverlap_ISI_6_test,b15,p4,Span,mixed,6,16,3.42,4.68,16,Eng,63,37,63,37,0.587301587,5
b15_sdp4_longestoverlap_ISI_7_test,b15,p4,Span,mixed,7,6,1.6,3.75,16,Eng,63,37,63,37,0.587301587,5
b15_sdp4_longestoverlap_ISI_8_test,b15,p4,Span,mixed,8,2,1.18,1.69,16,Eng,63,37,63,37,0.587301587,5
b15_sdp4_longestoverlap_ISI_9_test,b15,p4,Span,mixed,9,5,1.74,2.87,16,Eng,63,37,63,37,0.587301587,5
b15_sdp4_longestoverlap_ISI_10_test,b15,p4,Span,mixed,10,7,1.7,4.12,16,Eng,63,37,63,37,0.587301587,5
b15_sop4_longestoverlap_ISI_0_test,b15,p4,Span,single,0,6,1.62,3.7,16,Eng,63,37,63,37,0.587301587,5
b15_sop4_longestoverlap_ISI_1_test,b15,p4,Span,single,1,4,1.38,2.9,16,Eng,63,37,63,37,0.587301587,5
b15_sop4_longestoverlap_ISI_2_test,b15,p4,Span,single,2,6,1.54,3.9,16,Eng,63,37,63,37,0.587301587,5
b15_sop4_longestoverlap_ISI_3_test,b15,p4,Span,single,3,13,3.3,3.94,16,Eng,63,37,63,37,0.587301587,5
b15_sop4_longestoverlap_ISI_4_test,b15,p4,Span,single,4,9,2.7,3.33,16,Eng,63,37,63,37,0.587301587,5
b15_sop4_longestoverlap_ISI_5_test,b15,p4,Span,single,5,2,0.72,2.78,16,Eng,63,37,63,37,0.587301587,5
b15_sop4_longestoverlap_ISI_6_test,b15,p4,Span,single,6,17,3.32,5.12,16,Eng,63,37,63,37,0.587301587,5
b15_sop4_longestoverlap_ISI_7_test,b15,p4,Span,single,7,5,1.56,3.2,16,Eng,63,37,63,37,0.587301587,5
b15_sop4_longestoverlap_ISI_8_test,b15,p4,Span,single,8,3,1.28,2.34,16,Eng,63,37,63,37,0.587301587,5
b15_sop4_longestoverlap_ISI_9_test,b15,p4,Span,single,9,9,1.92,4.69,16,Eng,63,37,63,37,0.587301587,5
b15_sop4_longestoverlap_ISI_10_test,b15,p4,Span,single,10,11,1.9,5.79,16,Eng,63,37,63,37,0.587301587,5
b16rrr_sdp3_longestoverlap_ISI_0_test,b16rrr,p3,Span,mixed,0,6,1.14,5.26,17,Eng,67,40,67,40,0.597014925,4
b16rrr_sdp3_longestoverlap_ISI_1_test,b16rrr,p3,Span,mixed,1,8,3.26,2.45,17,Eng,67,40,67,40,0.597014925,4
b16rrr_sdp3_longestoverlap_ISI_2_test,b16rrr,p3,Span,mixed,2,12,3.3,3.64,17,Eng,67,40,67,40,0.597014925,4
b16rrr_sdp3_longestoverlap_ISI_3_test,b16rrr,p3,Span,mixed,3,3,0.8,3.75,17,Eng,67,40,67,40,0.597014925,4
b16rrr_sdp3_longestoverlap_ISI_4_test,b16rrr,p3,Span,mixed,4,5,1.22,4.1,17,Eng,67,40,67,40,0.597014925,4
b16rrr_sdp3_longestoverlap_ISI_5_test,b16rrr,p3,Span,mixed,5,5,1.52,3.29,17,Eng,67,40,67,40,0.597014925,4
b16rrr_sdp3_longestoverlap_ISI_8_test,b16rrr,p3,Span,mixed,8,12,3.12,3.85,17,Eng,67,40,67,40,0.597014925,4
b16rrr_sdp3_longestoverlap_ISI_9_test,b16rrr,p3,Span,mixed,9,6,2.04,2.94,17,Eng,67,40,67,40,0.597014925,4
b16rrr_sdp3_longestoverlap_ISI_10_test,b16rrr,p3,Span,mixed,10,4,1.84,2.17,17,Eng,67,40,67,40,0.597014925,4
b16rrr_sop3_longestoverlap_ISI_0_test,b16rrr,p3,Span,single,0,5,1.32,3.79,17,Eng,67,40,67,40,0.597014925,4
b16rrr_sop3_longestoverlap_ISI_1_test,b16rrr,p3,Span,single,1,6,3.68,1.63,17,Eng,67,40,67,40,0.597014925,4
b16rrr_sop3_longestoverlap_ISI_2_test,b16rrr,p3,Span,single,2,9,3.68,2.45,17,Eng,67,40,67,40,0.597014925,4
b16rrr_sop3_longestoverlap_ISI_3_test,b16rrr,p3,Span,single,3,3,1,3,17,Eng,67,40,67,40,0.597014925,4
b16rrr_sop3_longestoverlap_ISI_4_test,b16rrr,p3,Span,single,4,2,0.64,3.12,17,Eng,67,40,67,40,0.597014925,4
b16rrr_sop3_longestoverlap_ISI_5_test,b16rrr,p3,Span,single,5,5,1.64,3.05,17,Eng,67,40,67,40,0.597014925,4
b16rrr_sop3_longestoverlap_ISI_8_test,b16rrr,p3,Span,single,8,15,3,5,17,Eng,67,40,67,40,0.597014925,4
b16rrr_sop3_longestoverlap_ISI_9_test,b16rrr,p3,Span,single,9,7,2.38,2.94,17,Eng,67,40,67,40,0.597014925,4
b16rrr_sop3_longestoverlap_ISI_10_test,b16rrr,p3,Span,single,10,5,1.62,3.09,17,Eng,67,40,67,40,0.597014925,4
b16rrr_sdp4_longestoverlap_ISI_0_test,b16rrr,p4,Span,mixed,0,3,0.8,3.75,17,Eng,67,40,67,40,0.597014925,4
b16rrr_sdp4_longestoverlap_ISI_1_test,b16rrr,p4,Span,mixed,1,2,0.8,2.5,17,Eng,67,40,67,40,0.597014925,4
b16rrr_sdp4_longestoverlap_ISI_2_test,b16rrr,p4,Span,mixed,2,4,1.62,2.47,17,Eng,67,40,67,40,0.597014925,4
b16rrr_sdp4_longestoverlap_ISI_3_test,b16rrr,p4,Span,mixed,3,7,1.82,3.85,17,Eng,67,40,67,40,0.597014925,4
b16rrr_sdp4_longestoverlap_ISI_4_test,b16rrr,p4,Span,mixed,4,5,1.96,2.55,17,Eng,67,40,67,40,0.597014925,4
b16rrr_sdp4_longestoverlap_ISI_5_test,b16rrr,p4,Span,mixed,5,3,1.04,2.88,17,Eng,67,40,67,40,0.597014925,4
b16rrr_sdp4_longestoverlap_ISI_6_test,b16rrr,p4,Span,mixed,6,9,1.9,4.74,17,Eng,67,40,67,40,0.597014925,4
b16rrr_sdp4_longestoverlap_ISI_7_test,b16rrr,p4,Span,mixed,7,7,2.16,3.24,17,Eng,67,40,67,40,0.597014925,4
b16rrr_sdp4_longestoverlap_ISI_8_test,b16rrr,p4,Span,mixed,8,7,2.04,3.43,17,Eng,67,40,67,40,0.597014925,4
b16rrr_sdp4_longestoverlap_ISI_9_test,b16rrr,p4,Span,mixed,9,10,4.5,2.22,17,Eng,67,40,67,40,0.597014925,4
b16rrr_sdp4_longestoverlap_ISI_10_test,b16rrr,p4,Span,mixed,10,3,1.24,2.42,17,Eng,67,40,67,40,0.597014925,4
b16rrr_sop4_longestoverlap_ISI_0_test,b16rrr,p4,Span,single,0,4,0.94,4.25,17,Eng,67,40,67,40,0.597014925,4
b16rrr_sop4_longestoverlap_ISI_1_test,b16rrr,p4,Span,single,1,3,0.92,3.26,17,Eng,67,40,67,40,0.597014925,4
b16rrr_sop4_longestoverlap_ISI_2_test,b16rrr,p4,Span,single,2,6,1.66,3.61,17,Eng,67,40,67,40,0.597014925,4
b16rrr_sop4_longestoverlap_ISI_3_test,b16rrr,p4,Span,single,3,9,2.78,3.24,17,Eng,67,40,67,40,0.597014925,4
b16rrr_sop4_longestoverlap_ISI_4_test,b16rrr,p4,Span,single,4,6,1.38,4.35,17,Eng,67,40,67,40,0.597014925,4
b16rrr_sop4_longestoverlap_ISI_5_test,b16rrr,p4,Span,single,5,3,0.94,3.19,17,Eng,67,40,67,40,0.597014925,4
b16rrr_sop4_longestoverlap_ISI_6_test,b16rrr,p4,Span,single,6,7,1.84,3.8,17,Eng,67,40,67,40,0.597014925,4
b16rrr_sop4_longestoverlap_ISI_7_test,b16rrr,p4,Span,single,7,4,1.42,2.82,17,Eng,67,40,67,40,0.597014925,4
b16rrr_sop4_longestoverlap_ISI_8_test,b16rrr,p4,Span,single,8,10,2.08,4.81,17,Eng,67,40,67,40,0.597014925,4
b16rrr_sop4_longestoverlap_ISI_9_test,b16rrr,p4,Span,single,9,9,2.84,3.17,17,Eng,67,40,67,40,0.597014925,4
b16rrr_sop4_longestoverlap_ISI_10_test,b16rrr,p4,Span,single,10,4,1.66,2.41,17,Eng,67,40,67,40,0.597014925,4
b17_sdp3_longestoverlap_ISI_0_test,b17,p3,Span,mixed,0,7,2.1,3.33,2,Eng,61,51,61,51,0.836065574,6
b17_sdp3_longestoverlap_ISI_1_test,b17,p3,Span,mixed,1,12,2.62,4.58,2,Eng,61,51,61,51,0.836065574,6
b17_sdp3_longestoverlap_ISI_2_test,b17,p3,Span,mixed,2,5,1.88,2.66,2,Eng,61,51,61,51,0.836065574,6
b17_sdp3_longestoverlap_ISI_3_test,b17,p3,Span,mixed,3,2,0.84,2.38,2,Eng,61,51,61,51,0.836065574,6
b17_sdp3_longestoverlap_ISI_4_test,b17,p3,Span,mixed,4,6,1.3,4.61,2,Eng,61,51,61,51,0.836065574,6
b17_sdp3_longestoverlap_ISI_5_test,b17,p3,Span,mixed,5,5,1.24,4.03,2,Eng,61,51,61,51,0.836065574,6
b17_sdp3_longestoverlap_ISI_6_test,b17,p3,Span,mixed,6,5,1.3,3.85,2,Eng,61,51,61,51,0.836065574,6
b17_sdp3_longestoverlap_ISI_7_test,b17,p3,Span,mixed,7,8,2.28,3.51,2,Eng,61,51,61,51,0.836065574,6
b17_sdp3_longestoverlap_ISI_8_test,b17,p3,Span,mixed,8,11,2.36,4.66,2,Eng,61,51,61,51,0.836065574,6
b17_sdp3_longestoverlap_ISI_9_test,b17,p3,Span,mixed,9,11,2.26,4.87,2,Eng,61,51,61,51,0.836065574,6
b17_sdp3_longestoverlap_ISI_10_test,b17,p3,Span,mixed,10,5,1.38,3.62,2,Eng,61,51,61,51,0.836065574,6
b17_sop3_longestoverlap_ISI_0_test,b17,p3,Span,single,0,11,2.44,4.51,2,Eng,61,51,61,51,0.836065574,6
b17_sop3_longestoverlap_ISI_1_test,b17,p3,Span,single,1,11,2.42,4.54,2,Eng,61,51,61,51,0.836065574,6
b17_sop3_longestoverlap_ISI_2_test,b17,p3,Span,single,2,8,1.98,4.04,2,Eng,61,51,61,51,0.836065574,6
b17_sop3_longestoverlap_ISI_3_test,b17,p3,Span,single,3,4,0.9,4.44,2,Eng,61,51,61,51,0.836065574,6
b17_sop3_longestoverlap_ISI_4_test,b17,p3,Span,single,4,4,1.18,3.39,2,Eng,61,51,61,51,0.836065574,6
b17_sop3_longestoverlap_ISI_5_test,b17,p3,Span,single,5,5,1.2,4.17,2,Eng,61,51,61,51,0.836065574,6
b17_sop3_longestoverlap_ISI_6_test,b17,p3,Span,single,6,4,1.12,3.57,2,Eng,61,51,61,51,0.836065574,6
b17_sop3_longestoverlap_ISI_7_test,b17,p3,Span,single,7,9,2.12,4.24,2,Eng,61,51,61,51,0.836065574,6
b17_sop3_longestoverlap_ISI_8_test,b17,p3,Span,single,8,11,2.5,4.4,2,Eng,61,51,61,51,0.836065574,6
b17_sop3_longestoverlap_ISI_9_test,b17,p3,Span,single,9,12,2.32,5.17,2,Eng,61,51,61,51,0.836065574,6
b17_sop3_longestoverlap_ISI_10_test,b17,p3,Span,single,10,6,1.16,5.17,2,Eng,61,51,61,51,0.836065574,6
b17_sdp4_longestoverlap_ISI_0_test,b17,p4,Span,mixed,0,5,1.5,3.33,2,Eng,61,51,61,51,0.836065574,6
b17_sdp4_longestoverlap_ISI_2_test,b17,p4,Span,mixed,2,12,2.74,4.38,2,Eng,61,51,61,51,0.836065574,6
b17_sdp4_longestoverlap_ISI_3_test,b17,p4,Span,mixed,3,10,2.42,4.13,2,Eng,61,51,61,51,0.836065574,6
b17_sdp4_longestoverlap_ISI_4_test,b17,p4,Span,mixed,4,17,3.56,4.77,2,Eng,61,51,61,51,0.836065574,6
b17_sdp4_longestoverlap_ISI_5_test,b17,p4,Span,mixed,5,19,4.86,3.91,2,Eng,61,51,61,51,0.836065574,6
b17_sdp4_longestoverlap_ISI_6_test,b17,p4,Span,mixed,6,12,2.72,4.41,2,Eng,61,51,61,51,0.836065574,6
b17_sdp4_longestoverlap_ISI_7_test,b17,p4,Span,mixed,7,13,2.96,4.39,2,Eng,61,51,61,51,0.836065574,6
b17_sdp4_longestoverlap_ISI_8_test,b17,p4,Span,mixed,8,5,1.48,3.38,2,Eng,61,51,61,51,0.836065574,6
b17_sdp4_longestoverlap_ISI_9_test,b17,p4,Span,mixed,9,4,1.32,3.03,2,Eng,61,51,61,51,0.836065574,6
b17_sdp4_longestoverlap_ISI_10_test,b17,p4,Span,mixed,10,8,1.7,4.7,2,Eng,61,51,61,51,0.836065574,6
b17_sop4_longestoverlap_ISI_0_test,b17,p4,Span,single,0,5,1.22,4.1,2,Eng,61,51,61,51,0.836065574,6
b17_sop4_longestoverlap_ISI_2_test,b17,p4,Span,single,2,11,2.46,4.47,2,Eng,61,51,61,51,0.836065574,6
b17_sop4_longestoverlap_ISI_3_test,b17,p4,Span,single,3,10,2.4,4.17,2,Eng,61,51,61,51,0.836065574,6
b17_sop4_longestoverlap_ISI_4_test,b17,p4,Span,single,4,17,3.14,5.41,2,Eng,61,51,61,51,0.836065574,6
b17_sop4_longestoverlap_ISI_5_test,b17,p4,Span,single,5,12,2.48,4.84,2,Eng,61,51,61,51,0.836065574,6
b17_sop4_longestoverlap_ISI_6_test,b17,p4,Span,single,6,10,2.52,3.97,2,Eng,61,51,61,51,0.836065574,6
b17_sop4_longestoverlap_ISI_7_test,b17,p4,Span,single,7,13,2.68,4.85,2,Eng,61,51,61,51,0.836065574,6
b17_sop4_longestoverlap_ISI_8_test,b17,p4,Span,single,8,5,1.34,3.73,2,Eng,61,51,61,51,0.836065574,6
b17_sop4_longestoverlap_ISI_9_test,b17,p4,Span,single,9,6,1.34,4.48,2,Eng,61,51,61,51,0.836065574,6
b17_sop4_longestoverlap_ISI_10_test,b17,p4,Span,single,10,7,1.54,4.54,2,Eng,61,51,61,51,0.836065574,6
b18_sdp3_longestoverlap_ISI_0_test,b18,p3,Span,mixed,0,23,5.36,4.29,3,Eng,63,29,63,29,0.46031746,3
b18_sdp3_longestoverlap_ISI_1_test,b18,p3,Span,mixed,1,7,1.66,4.22,3,Eng,63,29,63,29,0.46031746,3
b18_sdp3_longestoverlap_ISI_2_test,b18,p3,Span,mixed,2,3,1.2,2.5,3,Eng,63,29,63,29,0.46031746,3
b18_sdp3_longestoverlap_ISI_4_test,b18,p3,Span,mixed,4,3,0.88,3.41,3,Eng,63,29,63,29,0.46031746,3
b18_sdp3_longestoverlap_ISI_5_test,b18,p3,Span,mixed,5,4,1.04,3.85,3,Eng,63,29,63,29,0.46031746,3
b18_sdp3_longestoverlap_ISI_7_test,b18,p3,Span,mixed,7,3,1.26,2.38,3,Eng,63,29,63,29,0.46031746,3
b18_sdp3_longestoverlap_ISI_8_test,b18,p3,Span,mixed,8,12,3.2,3.75,3,Eng,63,29,63,29,0.46031746,3
b18_sdp3_longestoverlap_ISI_9_test,b18,p3,Span,mixed,9,7,1.92,3.65,3,Eng,63,29,63,29,0.46031746,3
b18_sdp3_longestoverlap_ISI_10_test,b18,p3,Span,mixed,10,10,2.58,3.88,3,Eng,63,29,63,29,0.46031746,3
b18_sop3_longestoverlap_ISI_0_test,b18,p3,Span,single,0,24,5.8,4.14,3,Eng,63,29,63,29,0.46031746,3
b18_sop3_longestoverlap_ISI_1_test,b18,p3,Span,single,1,7,1.94,3.61,3,Eng,63,29,63,29,0.46031746,3
b18_sop3_longestoverlap_ISI_2_test,b18,p3,Span,single,2,3,1.3,2.31,3,Eng,63,29,63,29,0.46031746,3
b18_sop3_longestoverlap_ISI_4_test,b18,p3,Span,single,4,3,0.86,3.49,3,Eng,63,29,63,29,0.46031746,3
b18_sop3_longestoverlap_ISI_5_test,b18,p3,Span,single,5,3,0.94,3.19,3,Eng,63,29,63,29,0.46031746,3
b18_sop3_longestoverlap_ISI_7_test,b18,p3,Span,single,7,2,1.14,1.75,3,Eng,63,29,63,29,0.46031746,3
b18_sop3_longestoverlap_ISI_8_test,b18,p3,Span,single,8,10,2.8,3.57,3,Eng,63,29,63,29,0.46031746,3
b18_sop3_longestoverlap_ISI_9_test,b18,p3,Span,single,9,7,1.68,4.17,3,Eng,63,29,63,29,0.46031746,3
b18_sop3_longestoverlap_ISI_10_test,b18,p3,Span,single,10,8,2.4,3.33,3,Eng,63,29,63,29,0.46031746,3
b18_sdp4_longestoverlap_ISI_0_test,b18,p4,Span,mixed,0,3,0.84,3.57,3,Eng,63,29,63,29,0.46031746,3
b18_sdp4_longestoverlap_ISI_1_test,b18,p4,Span,mixed,1,5,1.6,3.12,3,Eng,63,29,63,29,0.46031746,3
b18_sdp4_longestoverlap_ISI_2_test,b18,p4,Span,mixed,2,8,2.36,3.39,3,Eng,63,29,63,29,0.46031746,3
b18_sdp4_longestoverlap_ISI_3_test,b18,p4,Span,mixed,3,7,2.08,3.36,3,Eng,63,29,63,29,0.46031746,3
b18_sdp4_longestoverlap_ISI_4_test,b18,p4,Span,mixed,4,6,1.7,3.53,3,Eng,63,29,63,29,0.46031746,3
b18_sdp4_longestoverlap_ISI_5_test,b18,p4,Span,mixed,5,10,2.04,4.9,3,Eng,63,29,63,29,0.46031746,3
b18_sdp4_longestoverlap_ISI_6_test,b18,p4,Span,mixed,6,15,3.3,4.54,3,Eng,63,29,63,29,0.46031746,3
b18_sdp4_longestoverlap_ISI_7_test,b18,p4,Span,mixed,7,4,1.04,3.85,3,Eng,63,29,63,29,0.46031746,3
b18_sdp4_longestoverlap_ISI_8_test,b18,p4,Span,mixed,8,3,1.04,2.88,3,Eng,63,29,63,29,0.46031746,3
b18_sdp4_longestoverlap_ISI_9_test,b18,p4,Span,mixed,9,5,1.94,2.58,3,Eng,63,29,63,29,0.46031746,3
b18_sdp4_longestoverlap_ISI_10_test,b18,p4,Span,mixed,10,3,0.82,3.66,3,Eng,63,29,63,29,0.46031746,3
b18_sop4_longestoverlap_ISI_0_test,b18,p4,Span,single,0,2,0.68,2.94,3,Eng,63,29,63,29,0.46031746,3
b18_sop4_longestoverlap_ISI_1_test,b18,p4,Span,single,1,6,1.34,4.48,3,Eng,63,29,63,29,0.46031746,3
b18_sop4_longestoverlap_ISI_2_test,b18,p4,Span,single,2,5,1.5,3.33,3,Eng,63,29,63,29,0.46031746,3
b18_sop4_longestoverlap_ISI_3_test,b18,p4,Span,single,3,7,2.18,3.21,3,Eng,63,29,63,29,0.46031746,3
b18_sop4_longestoverlap_ISI_4_test,b18,p4,Span,single,4,7,1.28,5.47,3,Eng,63,29,63,29,0.46031746,3
b18_sop4_longestoverlap_ISI_5_test,b18,p4,Span,single,5,7,1.56,4.49,3,Eng,63,29,63,29,0.46031746,3
b18_sop4_longestoverlap_ISI_6_test,b18,p4,Span,single,6,15,3.1,4.84,3,Eng,63,29,63,29,0.46031746,3
b18_sop4_longestoverlap_ISI_7_test,b18,p4,Span,single,7,4,1.1,3.64,3,Eng,63,29,63,29,0.46031746,3
b18_sop4_longestoverlap_ISI_8_test,b18,p4,Span,single,8,3,1.02,2.94,3,Eng,63,29,63,29,0.46031746,3
b18_sop4_longestoverlap_ISI_9_test,b18,p4,Span,single,9,5,1.46,3.42,3,Eng,63,29,63,29,0.46031746,3
b18_sop4_longestoverlap_ISI_10_test,b18,p4,Span,single,10,3,1.16,2.59,3,Eng,63,29,63,29,0.46031746,3
b19_sdp3_longestoverlap_ISI_0_test,b19,p3,Span,mixed,0,24,5.28,4.54,4,Eng,72,58,72,58,0.805555556,0
b19_sdp3_longestoverlap_ISI_1_test,b19,p3,Span,mixed,1,16,3.62,4.42,4,Eng,72,58,72,58,0.805555556,0
b19_sdp3_longestoverlap_ISI_2_test,b19,p3,Span,mixed,2,9,1.8,5,4,Eng,72,58,72,58,0.805555556,0
b19_sdp3_longestoverlap_ISI_4_test,b19,p3,Span,mixed,4,6,1.76,3.41,4,Eng,72,58,72,58,0.805555556,0
b19_sdp3_longestoverlap_ISI_5_test,b19,p3,Span,mixed,5,5,1.08,4.63,4,Eng,72,58,72,58,0.805555556,0
b19_sdp3_longestoverlap_ISI_6_test,b19,p3,Span,mixed,6,8,2.1,3.81,4,Eng,72,58,72,58,0.805555556,0
b19_sdp3_longestoverlap_ISI_7_test,b19,p3,Span,mixed,7,3,1.02,2.94,4,Eng,72,58,72,58,0.805555556,0
b19_sdp3_longestoverlap_ISI_8_test,b19,p3,Span,mixed,8,27,5.92,4.56,4,Eng,72,58,72,58,0.805555556,0
b19_sdp3_longestoverlap_ISI_9_test,b19,p3,Span,mixed,9,9,2.64,3.41,4,Eng,72,58,72,58,0.805555556,0
b19_sdp3_longestoverlap_ISI_10_test,b19,p3,Span,mixed,10,3,0.74,4.05,4,Eng,72,58,72,58,0.805555556,0
b19_sop3_longestoverlap_ISI_0_test,b19,p3,Span,single,0,23,5.06,4.55,4,Eng,72,58,72,58,0.805555556,0
b19_sop3_longestoverlap_ISI_1_test,b19,p3,Span,single,1,17,3.68,4.62,4,Eng,72,58,72,58,0.805555556,0
b19_sop3_longestoverlap_ISI_2_test,b19,p3,Span,single,2,10,1.8,5.56,4,Eng,72,58,72,58,0.805555556,0
b19_sop3_longestoverlap_ISI_4_test,b19,p3,Span,single,4,6,1.52,3.95,4,Eng,72,58,72,58,0.805555556,0
b19_sop3_longestoverlap_ISI_5_test,b19,p3,Span,single,5,6,1.1,5.45,4,Eng,72,58,72,58,0.805555556,0
b19_sop3_longestoverlap_ISI_6_test,b19,p3,Span,single,6,8,1.96,4.08,4,Eng,72,58,72,58,0.805555556,0
b19_sop3_longestoverlap_ISI_7_test,b19,p3,Span,single,7,5,1,5,4,Eng,72,58,72,58,0.805555556,0
b19_sop3_longestoverlap_ISI_8_test,b19,p3,Span,single,8,27,5.22,5.17,4,Eng,72,58,72,58,0.805555556,0
b19_sop3_longestoverlap_ISI_9_test,b19,p3,Span,single,9,10,2.22,4.5,4,Eng,72,58,72,58,0.805555556,0
b19_sop3_longestoverlap_ISI_10_test,b19,p3,Span,single,10,4,0.96,4.17,4,Eng,72,58,72,58,0.805555556,0
b19_sdp4_longestoverlap_ISI_0_test,b19,p4,Span,mixed,0,5,1.24,4.03,4,Eng,72,58,72,58,0.805555556,0
b19_sdp4_longestoverlap_ISI_2_test,b19,p4,Span,mixed,2,13,2.58,5.04,4,Eng,72,58,72,58,0.805555556,0
b19_sdp4_longestoverlap_ISI_3_test,b19,p4,Span,mixed,3,10,2.34,4.27,4,Eng,72,58,72,58,0.805555556,0
b19_sdp4_longestoverlap_ISI_4_test,b19,p4,Span,mixed,4,11,2.3,4.78,4,Eng,72,58,72,58,0.805555556,0
b19_sdp4_longestoverlap_ISI_5_test,b19,p4,Span,mixed,5,11,2.4,4.58,4,Eng,72,58,72,58,0.805555556,0
b19_sdp4_longestoverlap_ISI_6_test,b19,p4,Span,mixed,6,20,5.54,3.61,4,Eng,72,58,72,58,0.805555556,0
b19_sdp4_longestoverlap_ISI_7_test,b19,p4,Span,mixed,7,8,1.56,5.13,4,Eng,72,58,72,58,0.805555556,0
b19_sdp4_longestoverlap_ISI_9_test,b19,p4,Span,mixed,9,7,1.62,4.32,4,Eng,72,58,72,58,0.805555556,0
b19_sdp4_longestoverlap_ISI_10_test,b19,p4,Span,mixed,10,9,1.46,6.16,4,Eng,72,58,72,58,0.805555556,0
b19_sop4_longestoverlap_ISI_0_test,b19,p4,Span,single,0,5,1.18,4.24,4,Eng,72,58,72,58,0.805555556,0
b19_sop4_longestoverlap_ISI_2_test,b19,p4,Span,single,2,14,2.28,6.14,4,Eng,72,58,72,58,0.805555556,0
b19_sop4_longestoverlap_ISI_3_test,b19,p4,Span,single,3,9,2.3,3.91,4,Eng,72,58,72,58,0.805555556,0
b19_sop4_longestoverlap_ISI_4_test,b19,p4,Span,single,4,9,2.06,4.37,4,Eng,72,58,72,58,0.805555556,0
b19_sop4_longestoverlap_ISI_5_test,b19,p4,Span,single,5,10,2.12,4.72,4,Eng,72,58,72,58,0.805555556,0
b19_sop4_longestoverlap_ISI_6_test,b19,p4,Span,single,6,26,5.34,4.87,4,Eng,72,58,72,58,0.805555556,0
b19_sop4_longestoverlap_ISI_7_test,b19,p4,Span,single,7,7,1.56,4.49,4,Eng,72,58,72,58,0.805555556,0
b19_sop4_longestoverlap_ISI_9_test,b19,p4,Span,single,9,7,1.46,4.79,4,Eng,72,58,72,58,0.805555556,0
b19_sop4_longestoverlap_ISI_10_test,b19,p4,Span,single,10,7,1.38,5.07,4,Eng,72,58,72,58,0.805555556,0
b2_sdp3_longestoverlap_ISI_0_test,b2,p3,Span,mixed,0,16,3.38,4.73,3,Eng,66,44,66,44,0.666666667,6
b2_sdp3_longestoverlap_ISI_1_test,b2,p3,Span,mixed,1,9,2.84,3.17,3,Eng,66,44,66,44,0.666666667,6
b2_sdp3_longestoverlap_ISI_2_test,b2,p3,Span,mixed,2,7,1.78,3.93,3,Eng,66,44,66,44,0.666666667,6
b2_sdp3_longestoverlap_ISI_3_test,b2,p3,Span,mixed,3,3,1.08,2.78,3,Eng,66,44,66,44,0.666666667,6
b2_sdp3_longestoverlap_ISI_4_test,b2,p3,Span,mixed,4,7,1.74,4.02,3,Eng,66,44,66,44,0.666666667,6
b2_sdp3_longestoverlap_ISI_5_test,b2,p3,Span,mixed,5,7,1.42,4.93,3,Eng,66,44,66,44,0.666666667,6
b2_sdp3_longestoverlap_ISI_6_test,b2,p3,Span,mixed,6,9,2.32,3.88,3,Eng,66,44,66,44,0.666666667,6
b2_sdp3_longestoverlap_ISI_7_test,b2,p3,Span,mixed,7,4,1.74,2.3,3,Eng,66,44,66,44,0.666666667,6
b2_sdp3_longestoverlap_ISI_8_test,b2,p3,Span,mixed,8,20,4.76,4.2,3,Eng,66,44,66,44,0.666666667,6
b2_sdp3_longestoverlap_ISI_9_test,b2,p3,Span,mixed,9,13,3.62,3.59,3,Eng,66,44,66,44,0.666666667,6
b2_sop3_longestoverlap_ISI_0_test,b2,p3,Span,single,0,14,3.36,4.17,3,Eng,66,44,66,44,0.666666667,6
b2_sop3_longestoverlap_ISI_1_test,b2,p3,Span,single,1,7,1.94,3.61,3,Eng,66,44,66,44,0.666666667,6
b2_sop3_longestoverlap_ISI_2_test,b2,p3,Span,single,2,8,1.74,4.6,3,Eng,66,44,66,44,0.666666667,6
b2_sop3_longestoverlap_ISI_3_test,b2,p3,Span,single,3,3,1.08,2.78,3,Eng,66,44,66,44,0.666666667,6
b2_sop3_longestoverlap_ISI_4_test,b2,p3,Span,single,4,6,1.42,4.22,3,Eng,66,44,66,44,0.666666667,6
b2_sop3_longestoverlap_ISI_5_test,b2,p3,Span,single,5,7,1.62,4.32,3,Eng,66,44,66,44,0.666666667,6
b2_sop3_longestoverlap_ISI_6_test,b2,p3,Span,single,6,7,2.16,3.24,3,Eng,66,44,66,44,0.666666667,6
b2_sop3_longestoverlap_ISI_7_test,b2,p3,Span,single,7,5,1.76,2.84,3,Eng,66,44,66,44,0.666666667,6
b2_sop3_longestoverlap_ISI_8_test,b2,p3,Span,single,8,20,4.3,4.65,3,Eng,66,44,66,44,0.666666667,6
b2_sop3_longestoverlap_ISI_9_test,b2,p3,Span,single,9,16,4.14,3.86,3,Eng,66,44,66,44,0.666666667,6
b2_sdp4_longestoverlap_ISI_0_test,b2,p4,Span,mixed,0,2,1.12,1.79,3,Eng,66,44,66,44,0.666666667,6
b2_sdp4_longestoverlap_ISI_1_test,b2,p4,Span,mixed,1,4,1.26,3.17,3,Eng,66,44,66,44,0.666666667,6
b2_sdp4_longestoverlap_ISI_2_test,b2,p4,Span,mixed,2,4,1.38,2.9,3,Eng,66,44,66,44,0.666666667,6
b2_sdp4_longestoverlap_ISI_3_test,b2,p4,Span,mixed,3,22,5.34,4.12,3,Eng,66,44,66,44,0.666666667,6
b2_sdp4_longestoverlap_ISI_4_test,b2,p4,Span,mixed,4,16,3.16,5.06,3,Eng,66,44,66,44,0.666666667,6
b2_sdp4_longestoverlap_ISI_5_test,b2,p4,Span,mixed,5,8,2.06,3.88,3,Eng,66,44,66,44,0.666666667,6
b2_sdp4_longestoverlap_ISI_6_test,b2,p4,Span,mixed,6,20,4.58,4.37,3,Eng,66,44,66,44,0.666666667,6
b2_sdp4_longestoverlap_ISI_7_test,b2,p4,Span,mixed,7,17,4.7,3.62,3,Eng,66,44,66,44,0.666666667,6
b2_sdp4_longestoverlap_ISI_8_test,b2,p4,Span,mixed,8,7,1.9,3.68,3,Eng,66,44,66,44,0.666666667,6
b2_sdp4_longestoverlap_ISI_9_test,b2,p4,Span,mixed,9,5,1.1,4.54,3,Eng,66,44,66,44,0.666666667,6
b2_sdp4_longestoverlap_ISI_10_test,b2,p4,Span,mixed,10,4,1.22,3.28,3,Eng,66,44,66,44,0.666666667,6
b2_sop4_longestoverlap_ISI_0_test,b2,p4,Span,single,0,2,0.76,2.63,3,Eng,66,44,66,44,0.666666667,6
b2_sop4_longestoverlap_ISI_1_test,b2,p4,Span,single,1,6,1.14,5.26,3,Eng,66,44,66,44,0.666666667,6
b2_sop4_longestoverlap_ISI_2_test,b2,p4,Span,single,2,4,1.22,3.28,3,Eng,66,44,66,44,0.666666667,6
b2_sop4_longestoverlap_ISI_3_test,b2,p4,Span,single,3,27,4.82,5.6,3,Eng,66,44,66,44,0.666666667,6
b2_sop4_longestoverlap_ISI_4_test,b2,p4,Span,single,4,10,2.5,4,3,Eng,66,44,66,44,0.666666667,6
b2_sop4_longestoverlap_ISI_5_test,b2,p4,Span,single,5,8,2.14,3.74,3,Eng,66,44,66,44,0.666666667,6
b2_sop4_longestoverlap_ISI_6_test,b2,p4,Span,single,6,19,4.44,4.28,3,Eng,66,44,66,44,0.666666667,6
b2_sop4_longestoverlap_ISI_7_test,b2,p4,Span,single,7,16,3.66,4.37,3,Eng,66,44,66,44,0.666666667,6
b2_sop4_longestoverlap_ISI_8_test,b2,p4,Span,single,8,8,2.72,2.94,3,Eng,66,44,66,44,0.666666667,6
b2_sop4_longestoverlap_ISI_9_test,b2,p4,Span,single,9,4,1.02,3.92,3,Eng,66,44,66,44,0.666666667,6
b2_sop4_longestoverlap_ISI_10_test,b2,p4,Span,single,10,5,1.22,4.1,3,Eng,66,44,66,44,0.666666667,6
b20_sdp3_longestoverlap_ISI_0_test,b20,p3,Span,mixed,0,13,2.78,4.68,5,Eng,71,40,71,40,0.563380282,5
b20_sdp3_longestoverlap_ISI_1_test,b20,p3,Span,mixed,1,8,2.22,3.6,5,Eng,71,40,71,40,0.563380282,5
b20_sdp3_longestoverlap_ISI_2_test,b20,p3,Span,mixed,2,4,0.88,4.54,5,Eng,71,40,71,40,0.563380282,5
b20_sdp3_longestoverlap_ISI_3_test,b20,p3,Span,mixed,3,4,1.02,3.92,5,Eng,71,40,71,40,0.563380282,5
b20_sdp3_longestoverlap_ISI_4_test,b20,p3,Span,mixed,4,6,1.28,4.69,5,Eng,71,40,71,40,0.563380282,5
b20_sdp3_longestoverlap_ISI_5_test,b20,p3,Span,mixed,5,4,1.3,3.08,5,Eng,71,40,71,40,0.563380282,5
b20_sdp3_longestoverlap_ISI_6_test,b20,p3,Span,mixed,6,5,1.56,3.2,5,Eng,71,40,71,40,0.563380282,5
b20_sdp3_longestoverlap_ISI_7_test,b20,p3,Span,mixed,7,8,2.82,2.84,5,Eng,71,40,71,40,0.563380282,5
b20_sdp3_longestoverlap_ISI_8_test,b20,p3,Span,mixed,8,6,1.78,3.37,5,Eng,71,40,71,40,0.563380282,5
b20_sdp3_longestoverlap_ISI_9_test,b20,p3,Span,mixed,9,9,2.26,3.98,5,Eng,71,40,71,40,0.563380282,5
b20_sdp3_longestoverlap_ISI_10_test,b20,p3,Span,mixed,10,7,1.7,4.12,5,Eng,71,40,71,40,0.563380282,5
b20_sop3_longestoverlap_ISI_0_test,b20,p3,Span,single,0,13,2.72,4.78,5,Eng,71,40,71,40,0.563380282,5
b20_sop3_longestoverlap_ISI_1_test,b20,p3,Span,single,1,8,1.98,4.04,5,Eng,71,40,71,40,0.563380282,5
b20_sop3_longestoverlap_ISI_2_test,b20,p3,Span,single,2,2,0.88,2.27,5,Eng,71,40,71,40,0.563380282,5
b20_sop3_longestoverlap_ISI_3_test,b20,p3,Span,single,3,3,0.92,3.26,5,Eng,71,40,71,40,0.563380282,5
b20_sop3_longestoverlap_ISI_4_test,b20,p3,Span,single,4,6,1.34,4.48,5,Eng,71,40,71,40,0.563380282,5
b20_sop3_longestoverlap_ISI_5_test,b20,p3,Span,single,5,5,1.34,3.73,5,Eng,71,40,71,40,0.563380282,5
b20_sop3_longestoverlap_ISI_6_test,b20,p3,Span,single,6,5,1.42,3.52,5,Eng,71,40,71,40,0.563380282,5
b20_sop3_longestoverlap_ISI_7_test,b20,p3,Span,single,7,10,2.28,4.39,5,Eng,71,40,71,40,0.563380282,5
b20_sop3_longestoverlap_ISI_8_test,b20,p3,Span,single,8,7,1.72,4.07,5,Eng,71,40,71,40,0.563380282,5
b20_sop3_longestoverlap_ISI_9_test,b20,p3,Span,single,9,10,2.24,4.46,5,Eng,71,40,71,40,0.563380282,5
b20_sop3_longestoverlap_ISI_10_test,b20,p3,Span,single,10,8,1.56,5.13,5,Eng,71,40,71,40,0.563380282,5
b20_sdp4_longestoverlap_ISI_0_test,b20,p4,Span,mixed,0,6,1.42,4.22,5,Eng,71,40,71,40,0.563380282,5
b20_sdp4_longestoverlap_ISI_2_test,b20,p4,Span,mixed,2,12,2.98,4.03,5,Eng,71,40,71,40,0.563380282,5
b20_sdp4_longestoverlap_ISI_3_test,b20,p4,Span,mixed,3,12,3.22,3.73,5,Eng,71,40,71,40,0.563380282,5
b20_sdp4_longestoverlap_ISI_4_test,b20,p4,Span,mixed,4,18,4.24,4.24,5,Eng,71,40,71,40,0.563380282,5
b20_sdp4_longestoverlap_ISI_5_test,b20,p4,Span,mixed,5,10,2.64,3.79,5,Eng,71,40,71,40,0.563380282,5
b20_sdp4_longestoverlap_ISI_6_test,b20,p4,Span,mixed,6,5,2.02,2.47,5,Eng,71,40,71,40,0.563380282,5
b20_sdp4_longestoverlap_ISI_7_test,b20,p4,Span,mixed,7,6,1.58,3.8,5,Eng,71,40,71,40,0.563380282,5
b20_sdp4_longestoverlap_ISI_8_test,b20,p4,Span,mixed,8,3,1,3,5,Eng,71,40,71,40,0.563380282,5
b20_sdp4_longestoverlap_ISI_9_test,b20,p4,Span,mixed,9,4,1.48,2.7,5,Eng,71,40,71,40,0.563380282,5
b20_sop4_longestoverlap_ISI_0_test,b20,p4,Span,single,0,5,1.34,3.73,5,Eng,71,40,71,40,0.563380282,5
b20_sop4_longestoverlap_ISI_2_test,b20,p4,Span,single,2,12,2.76,4.35,5,Eng,71,40,71,40,0.563380282,5
b20_sop4_longestoverlap_ISI_3_test,b20,p4,Span,single,3,10,2.34,4.27,5,Eng,71,40,71,40,0.563380282,5
b20_sop4_longestoverlap_ISI_4_test,b20,p4,Span,single,4,17,3.96,4.29,5,Eng,71,40,71,40,0.563380282,5
b20_sop4_longestoverlap_ISI_5_test,b20,p4,Span,single,5,12,2.42,4.96,5,Eng,71,40,71,40,0.563380282,5
b20_sop4_longestoverlap_ISI_6_test,b20,p4,Span,single,6,4,1.74,2.3,5,Eng,71,40,71,40,0.563380282,5
b20_sop4_longestoverlap_ISI_7_test,b20,p4,Span,single,7,5,1.46,3.42,5,Eng,71,40,71,40,0.563380282,5
b20_sop4_longestoverlap_ISI_8_test,b20,p4,Span,single,8,3,1.22,2.46,5,Eng,71,40,71,40,0.563380282,5
b20_sop4_longestoverlap_ISI_9_test,b20,p4,Span,single,9,4,1.42,2.82,5,Eng,71,40,71,40,0.563380282,5
b21_sdp3_longestoverlap_ISI_0_test,b21,p3,Span,mixed,0,3,1.28,2.34,6,Eng,76,56,76,56,0.736842105,1
b21_sdp3_longestoverlap_ISI_1_test,b21,p3,Span,mixed,1,4,0.88,4.54,6,Eng,76,56,76,56,0.736842105,1
b21_sdp3_longestoverlap_ISI_2_test,b21,p3,Span,mixed,2,8,2,4,6,Eng,76,56,76,56,0.736842105,1
b21_sdp3_longestoverlap_ISI_3_test,b21,p3,Span,mixed,3,5,0.98,5.1,6,Eng,76,56,76,56,0.736842105,1
b21_sdp3_longestoverlap_ISI_4_test,b21,p3,Span,mixed,4,5,1.16,4.31,6,Eng,76,56,76,56,0.736842105,1
b21_sdp3_longestoverlap_ISI_5_test,b21,p3,Span,mixed,5,10,2.76,3.62,6,Eng,76,56,76,56,0.736842105,1
b21_sdp3_longestoverlap_ISI_7_test,b21,p3,Span,mixed,7,7,1.2,5.83,6,Eng,76,56,76,56,0.736842105,1
b21_sdp3_longestoverlap_ISI_8_test,b21,p3,Span,mixed,8,15,3.4,4.41,6,Eng,76,56,76,56,0.736842105,1
b21_sdp3_longestoverlap_ISI_9_test,b21,p3,Span,mixed,9,7,1.94,3.61,6,Eng,76,56,76,56,0.736842105,1
b21_sdp3_longestoverlap_ISI_10_test,b21,p3,Span,mixed,10,5,1.34,3.73,6,Eng,76,56,76,56,0.736842105,1
b21_sop3_longestoverlap_ISI_0_test,b21,p3,Span,single,0,4,1.32,3.03,6,Eng,76,56,76,56,0.736842105,1
b21_sop3_longestoverlap_ISI_1_test,b21,p3,Span,single,1,5,1.38,3.62,6,Eng,76,56,76,56,0.736842105,1
b21_sop3_longestoverlap_ISI_2_test,b21,p3,Span,single,2,9,2,4.5,6,Eng,76,56,76,56,0.736842105,1
b21_sop3_longestoverlap_ISI_3_test,b21,p3,Span,single,3,3,0.88,3.41,6,Eng,76,56,76,56,0.736842105,1
b21_sop3_longestoverlap_ISI_4_test,b21,p3,Span,single,4,4,1.2,3.33,6,Eng,76,56,76,56,0.736842105,1
b21_sop3_longestoverlap_ISI_5_test,b21,p3,Span,single,5,10,2.36,4.24,6,Eng,76,56,76,56,0.736842105,1
b21_sop3_longestoverlap_ISI_7_test,b21,p3,Span,single,7,6,1.38,4.35,6,Eng,76,56,76,56,0.736842105,1
b21_sop3_longestoverlap_ISI_8_test,b21,p3,Span,single,8,17,3.56,4.77,6,Eng,76,56,76,56,0.736842105,1
b21_sop3_longestoverlap_ISI_9_test,b21,p3,Span,single,9,8,2.44,3.28,6,Eng,76,56,76,56,0.736842105,1
b21_sop3_longestoverlap_ISI_10_test,b21,p3,Span,single,10,6,1.48,4.05,6,Eng,76,56,76,56,0.736842105,1
b21_sdp4_longestoverlap_ISI_0_test,b21,p4,Span,mixed,0,2,0.66,3.03,6,Eng,76,56,76,56,0.736842105,1
b21_sdp4_longestoverlap_ISI_2_test,b21,p4,Span,mixed,2,4,0.88,4.54,6,Eng,76,56,76,56,0.736842105,1
b21_sdp4_longestoverlap_ISI_3_test,b21,p4,Span,mixed,3,6,1.42,4.22,6,Eng,76,56,76,56,0.736842105,1
b21_sdp4_longestoverlap_ISI_4_test,b21,p4,Span,mixed,4,3,0.98,3.06,6,Eng,76,56,76,56,0.736842105,1
b21_sdp4_longestoverlap_ISI_5_test,b21,p4,Span,mixed,5,3,0.9,3.33,6,Eng,76,56,76,56,0.736842105,1
b21_sdp4_longestoverlap_ISI_6_test,b21,p4,Span,mixed,6,6,1.06,5.66,6,Eng,76,56,76,56,0.736842105,1
b21_sdp4_longestoverlap_ISI_7_test,b21,p4,Span,mixed,7,5,1.08,4.63,6,Eng,76,56,76,56,0.736842105,1
b21_sdp4_longestoverlap_ISI_8_test,b21,p4,Span,mixed,8,3,0.82,3.66,6,Eng,76,56,76,56,0.736842105,1
b21_sdp4_longestoverlap_ISI_9_test,b21,p4,Span,mixed,9,3,0.96,3.12,6,Eng,76,56,76,56,0.736842105,1
b21_sdp4_longestoverlap_ISI_10_test,b21,p4,Span,mixed,10,6,2.22,2.7,6,Eng,76,56,76,56,0.736842105,1
b21_sop4_longestoverlap_ISI_0_test,b21,p4,Span,single,0,3,0.66,4.55,6,Eng,76,56,76,56,0.736842105,1
b21_sop4_longestoverlap_ISI_2_test,b21,p4,Span,single,2,3,1.02,2.94,6,Eng,76,56,76,56,0.736842105,1
b21_sop4_longestoverlap_ISI_3_test,b21,p4,Span,single,3,6,1.44,4.17,6,Eng,76,56,76,56,0.736842105,1
b21_sop4_longestoverlap_ISI_4_test,b21,p4,Span,single,4,3,1,3,6,Eng,76,56,76,56,0.736842105,1
b21_sop4_longestoverlap_ISI_5_test,b21,p4,Span,single,5,3,1.2,2.5,6,Eng,76,56,76,56,0.736842105,1
b21_sop4_longestoverlap_ISI_6_test,b21,p4,Span,single,6,4,1.04,3.85,6,Eng,76,56,76,56,0.736842105,1
b21_sop4_longestoverlap_ISI_7_test,b21,p4,Span,single,7,5,1.26,3.97,6,Eng,76,56,76,56,0.736842105,1
b21_sop4_longestoverlap_ISI_8_test,b21,p4,Span,single,8,3,1.74,1.72,6,Eng,76,56,76,56,0.736842105,1
b21_sop4_longestoverlap_ISI_9_test,b21,p4,Span,single,9,3,0.94,3.19,6,Eng,76,56,76,56,0.736842105,1
b21_sop4_longestoverlap_ISI_10_test,b21,p4,Span,single,10,5,1.24,4.03,6,Eng,76,56,76,56,0.736842105,1
b22_sdp3_longestoverlap_ISI_0_test,b22,p3,Span,mixed,0,10,2.16,4.63,7,Eng,66,47,66,47,0.712121212,5
b22_sdp3_longestoverlap_ISI_1_test,b22,p3,Span,mixed,1,6,1.3,4.61,7,Eng,66,47,66,47,0.712121212,5
b22_sdp3_longestoverlap_ISI_2_test,b22,p3,Span,mixed,2,8,2.12,3.77,7,Eng,66,47,66,47,0.712121212,5
b22_sdp3_longestoverlap_ISI_4_test,b22,p3,Span,mixed,4,5,1.18,4.24,7,Eng,66,47,66,47,0.712121212,5
b22_sdp3_longestoverlap_ISI_5_test,b22,p3,Span,mixed,5,5,1.22,4.1,7,Eng,66,47,66,47,0.712121212,5
b22_sdp3_longestoverlap_ISI_6_test,b22,p3,Span,mixed,6,4,1.06,3.77,7,Eng,66,47,66,47,0.712121212,5
b22_sdp3_longestoverlap_ISI_7_test,b22,p3,Span,mixed,7,9,2.14,4.2,7,Eng,66,47,66,47,0.712121212,5
b22_sdp3_longestoverlap_ISI_8_test,b22,p3,Span,mixed,8,7,2.28,3.07,7,Eng,66,47,66,47,0.712121212,5
b22_sdp3_longestoverlap_ISI_9_test,b22,p3,Span,mixed,9,6,1.5,4,7,Eng,66,47,66,47,0.712121212,5
b22_sdp3_longestoverlap_ISI_10_test,b22,p3,Span,mixed,10,10,2.26,4.42,7,Eng,66,47,66,47,0.712121212,5
b22_sop3_longestoverlap_ISI_0_test,b22,p3,Span,single,0,10,2.18,4.59,7,Eng,66,47,66,47,0.712121212,5
b22_sop3_longestoverlap_ISI_1_test,b22,p3,Span,single,1,5,1.38,3.62,7,Eng,66,47,66,47,0.712121212,5
b22_sop3_longestoverlap_ISI_2_test,b22,p3,Span,single,2,8,2.1,3.81,7,Eng,66,47,66,47,0.712121212,5
b22_sop3_longestoverlap_ISI_4_test,b22,p3,Span,single,4,5,1.26,3.97,7,Eng,66,47,66,47,0.712121212,5
b22_sop3_longestoverlap_ISI_5_test,b22,p3,Span,single,5,6,1.14,5.26,7,Eng,66,47,66,47,0.712121212,5
b22_sop3_longestoverlap_ISI_6_test,b22,p3,Span,single,6,6,1.22,4.92,7,Eng,66,47,66,47,0.712121212,5
b22_sop3_longestoverlap_ISI_7_test,b22,p3,Span,single,7,9,2.02,4.45,7,Eng,66,47,66,47,0.712121212,5
b22_sop3_longestoverlap_ISI_8_test,b22,p3,Span,single,8,7,2.08,3.36,7,Eng,66,47,66,47,0.712121212,5
b22_sop3_longestoverlap_ISI_9_test,b22,p3,Span,single,9,5,1.68,2.98,7,Eng,66,47,66,47,0.712121212,5
b22_sop3_longestoverlap_ISI_10_test,b22,p3,Span,single,10,8,2.62,3.05,7,Eng,66,47,66,47,0.712121212,5
b22_sdp4_longestoverlap_ISI_2_test,b22,p4,Span,mixed,2,4,0.96,4.17,7,Eng,66,47,66,47,0.712121212,5
b22_sdp4_longestoverlap_ISI_3_test,b22,p4,Span,mixed,3,11,2.58,4.26,7,Eng,66,47,66,47,0.712121212,5
b22_sdp4_longestoverlap_ISI_4_test,b22,p4,Span,mixed,4,11,2,5.5,7,Eng,66,47,66,47,0.712121212,5
b22_sdp4_longestoverlap_ISI_5_test,b22,p4,Span,mixed,5,11,2.46,4.47,7,Eng,66,47,66,47,0.712121212,5
b22_sdp4_longestoverlap_ISI_6_test,b22,p4,Span,mixed,6,8,1.48,5.4,7,Eng,66,47,66,47,0.712121212,5
b22_sdp4_longestoverlap_ISI_7_test,b22,p4,Span,mixed,7,6,1.42,4.22,7,Eng,66,47,66,47,0.712121212,5
b22_sdp4_longestoverlap_ISI_8_test,b22,p4,Span,mixed,8,5,1.84,2.72,7,Eng,66,47,66,47,0.712121212,5
b22_sdp4_longestoverlap_ISI_9_test,b22,p4,Span,mixed,9,5,1.56,3.2,7,Eng,66,47,66,47,0.712121212,5
b22_sdp4_longestoverlap_ISI_10_test,b22,p4,Span,mixed,10,8,1.98,4.04,7,Eng,66,47,66,47,0.712121212,5
b22_sop4_longestoverlap_ISI_2_test,b22,p4,Span,single,2,5,1.1,4.54,7,Eng,66,47,66,47,0.712121212,5
b22_sop4_longestoverlap_ISI_3_test,b22,p4,Span,single,3,10,2.32,4.31,7,Eng,66,47,66,47,0.712121212,5
b22_sop4_longestoverlap_ISI_4_test,b22,p4,Span,single,4,10,2.02,4.95,7,Eng,66,47,66,47,0.712121212,5
b22_sop4_longestoverlap_ISI_5_test,b22,p4,Span,single,5,10,2.56,3.91,7,Eng,66,47,66,47,0.712121212,5
b22_sop4_longestoverlap_ISI_6_test,b22,p4,Span,single,6,8,1.58,5.06,7,Eng,66,47,66,47,0.712121212,5
b22_sop4_longestoverlap_ISI_7_test,b22,p4,Span,single,7,5,1.32,3.79,7,Eng,66,47,66,47,0.712121212,5
b22_sop4_longestoverlap_ISI_8_test,b22,p4,Span,single,8,5,1.64,3.05,7,Eng,66,47,66,47,0.712121212,5
b22_sop4_longestoverlap_ISI_9_test,b22,p4,Span,single,9,5,1.38,3.62,7,Eng,66,47,66,47,0.712121212,5
b22_sop4_longestoverlap_ISI_10_test,b22,p4,Span,single,10,6,1.66,3.61,7,Eng,66,47,66,47,0.712121212,5
b23r4_sdp3_longestoverlap_ISI_0_test,b23r4,p3,Span,mixed,0,8,1.72,4.65,8,Eng,75,54,75,54,0.72,5
b23r4_sdp3_longestoverlap_ISI_1_test,b23r4,p3,Span,mixed,1,5,1.26,3.97,8,Eng,75,54,75,54,0.72,5
b23r4_sdp3_longestoverlap_ISI_2_test,b23r4,p3,Span,mixed,2,5,1.86,2.69,8,Eng,75,54,75,54,0.72,5
b23r4_sdp3_longestoverlap_ISI_3_test,b23r4,p3,Span,mixed,3,5,1.08,4.63,8,Eng,75,54,75,54,0.72,5
b23r4_sdp3_longestoverlap_ISI_4_test,b23r4,p3,Span,mixed,4,3,0.64,4.69,8,Eng,75,54,75,54,0.72,5
b23r4_sdp3_longestoverlap_ISI_5_test,b23r4,p3,Span,mixed,5,2,0.54,3.7,8,Eng,75,54,75,54,0.72,5
b23r4_sdp3_longestoverlap_ISI_6_test,b23r4,p3,Span,mixed,6,9,2.08,4.33,8,Eng,75,54,75,54,0.72,5
b23r4_sdp3_longestoverlap_ISI_7_test,b23r4,p3,Span,mixed,7,7,2.48,2.82,8,Eng,75,54,75,54,0.72,5
b23r4_sdp3_longestoverlap_ISI_8_test,b23r4,p3,Span,mixed,8,6,1.74,3.45,8,Eng,75,54,75,54,0.72,5
b23r4_sdp3_longestoverlap_ISI_9_test,b23r4,p3,Span,mixed,9,6,1.78,3.37,8,Eng,75,54,75,54,0.72,5
b23r4_sdp3_longestoverlap_ISI_10_test,b23r4,p3,Span,mixed,10,4,1.18,3.39,8,Eng,75,54,75,54,0.72,5
b23r4_sop3_longestoverlap_ISI_0_test,b23r4,p3,Span,single,0,7,1.62,4.32,8,Eng,75,54,75,54,0.72,5
b23r4_sop3_longestoverlap_ISI_1_test,b23r4,p3,Span,single,1,5,1.68,2.98,8,Eng,75,54,75,54,0.72,5
b23r4_sop3_longestoverlap_ISI_2_test,b23r4,p3,Span,single,2,5,1.34,3.73,8,Eng,75,54,75,54,0.72,5
b23r4_sop3_longestoverlap_ISI_3_test,b23r4,p3,Span,single,3,5,1,5,8,Eng,75,54,75,54,0.72,5
b23r4_sop3_longestoverlap_ISI_4_test,b23r4,p3,Span,single,4,3,0.64,4.69,8,Eng,75,54,75,54,0.72,5
b23r4_sop3_longestoverlap_ISI_5_test,b23r4,p3,Span,single,5,2,0.5,4,8,Eng,75,54,75,54,0.72,5
b23r4_sop3_longestoverlap_ISI_6_test,b23r4,p3,Span,single,6,7,2.12,3.3,8,Eng,75,54,75,54,0.72,5
b23r4_sop3_longestoverlap_ISI_7_test,b23r4,p3,Span,single,7,9,1.94,4.64,8,Eng,75,54,75,54,0.72,5
b23r4_sop3_longestoverlap_ISI_8_test,b23r4,p3,Span,single,8,9,2.48,3.63,8,Eng,75,54,75,54,0.72,5
b23r4_sop3_longestoverlap_ISI_9_test,b23r4,p3,Span,single,9,6,1.8,3.33,8,Eng,75,54,75,54,0.72,5
b23r4_sop3_longestoverlap_ISI_10_test,b23r4,p3,Span,single,10,5,1.36,3.68,8,Eng,75,54,75,54,0.72,5
b23r4_sdp4_longestoverlap_ISI_0_test,b23r4,p4,Span,mixed,0,6,1.14,5.26,8,Eng,75,54,75,54,0.72,5
b23r4_sdp4_longestoverlap_ISI_1_test,b23r4,p4,Span,mixed,1,4,1.8,2.22,8,Eng,75,54,75,54,0.72,5
b23r4_sdp4_longestoverlap_ISI_2_test,b23r4,p4,Span,mixed,2,7,1.7,4.12,8,Eng,75,54,75,54,0.72,5
b23r4_sdp4_longestoverlap_ISI_3_test,b23r4,p4,Span,mixed,3,10,2.22,4.5,8,Eng,75,54,75,54,0.72,5
b23r4_sdp4_longestoverlap_ISI_4_test,b23r4,p4,Span,mixed,4,8,1.58,5.06,8,Eng,75,54,75,54,0.72,5
b23r4_sdp4_longestoverlap_ISI_5_test,b23r4,p4,Span,mixed,5,3,0.9,3.33,8,Eng,75,54,75,54,0.72,5
b23r4_sdp4_longestoverlap_ISI_6_test,b23r4,p4,Span,mixed,6,9,2.36,3.81,8,Eng,75,54,75,54,0.72,5
b23r4_sdp4_longestoverlap_ISI_7_test,b23r4,p4,Span,mixed,7,4,1.62,2.47,8,Eng,75,54,75,54,0.72,5
b23r4_sdp4_longestoverlap_ISI_9_test,b23r4,p4,Span,mixed,9,5,1.26,3.97,8,Eng,75,54,75,54,0.72,5
b23r4_sdp4_longestoverlap_ISI_10_test,b23r4,p4,Span,mixed,10,5,1.52,3.29,8,Eng,75,54,75,54,0.72,5
b23r4_sop4_longestoverlap_ISI_0_test,b23r4,p4,Span,single,0,5,1.38,3.62,8,Eng,75,54,75,54,0.72,5
b23r4_sop4_longestoverlap_ISI_1_test,b23r4,p4,Span,single,1,5,1.24,4.03,8,Eng,75,54,75,54,0.72,5
b23r4_sop4_longestoverlap_ISI_2_test,b23r4,p4,Span,single,2,7,1.7,4.12,8,Eng,75,54,75,54,0.72,5
b23r4_sop4_longestoverlap_ISI_3_test,b23r4,p4,Span,single,3,10,2.34,4.27,8,Eng,75,54,75,54,0.72,5
b23r4_sop4_longestoverlap_ISI_4_test,b23r4,p4,Span,single,4,8,1.64,4.88,8,Eng,75,54,75,54,0.72,5
b23r4_sop4_longestoverlap_ISI_5_test,b23r4,p4,Span,single,5,3,0.76,3.95,8,Eng,75,54,75,54,0.72,5
b23r4_sop4_longestoverlap_ISI_6_test,b23r4,p4,Span,single,6,11,2.68,4.1,8,Eng,75,54,75,54,0.72,5
b23r4_sop4_longestoverlap_ISI_7_test,b23r4,p4,Span,single,7,5,1.24,4.03,8,Eng,75,54,75,54,0.72,5
b23r4_sop4_longestoverlap_ISI_9_test,b23r4,p4,Span,single,9,5,1.56,3.2,8,Eng,75,54,75,54,0.72,5
b23r4_sop4_longestoverlap_ISI_10_test,b23r4,p4,Span,single,10,5,1.18,4.24,8,Eng,75,54,75,54,0.72,5
b24_sdp3_longestoverlap_ISI_0_test,b24,p3,Span,mixed,0,7,1.4,5,9,Eng,62,35,62,35,0.564516129,5
b24_sdp3_longestoverlap_ISI_1_test,b24,p3,Span,mixed,1,10,2.5,4,9,Eng,62,35,62,35,0.564516129,5
b24_sdp3_longestoverlap_ISI_2_test,b24,p3,Span,mixed,2,7,1.78,3.93,9,Eng,62,35,62,35,0.564516129,5
b24_sdp3_longestoverlap_ISI_4_test,b24,p3,Span,mixed,4,3,2.26,1.33,9,Eng,62,35,62,35,0.564516129,5
b24_sdp3_longestoverlap_ISI_5_test,b24,p3,Span,mixed,5,7,2.04,3.43,9,Eng,62,35,62,35,0.564516129,5
b24_sdp3_longestoverlap_ISI_6_test,b24,p3,Span,mixed,6,2,0.8,2.5,9,Eng,62,35,62,35,0.564516129,5
b24_sdp3_longestoverlap_ISI_7_test,b24,p3,Span,mixed,7,6,1.72,3.49,9,Eng,62,35,62,35,0.564516129,5
b24_sdp3_longestoverlap_ISI_8_test,b24,p3,Span,mixed,8,9,2.62,3.43,9,Eng,62,35,62,35,0.564516129,5
b24_sdp3_longestoverlap_ISI_9_test,b24,p3,Span,mixed,9,6,1.62,3.7,9,Eng,62,35,62,35,0.564516129,5
b24_sdp3_longestoverlap_ISI_10_test,b24,p3,Span,mixed,10,12,3.08,3.9,9,Eng,62,35,62,35,0.564516129,5
b24_sop3_longestoverlap_ISI_0_test,b24,p3,Span,single,0,5,1.34,3.73,9,Eng,62,35,62,35,0.564516129,5
b24_sop3_longestoverlap_ISI_1_test,b24,p3,Span,single,1,10,2.58,3.88,9,Eng,62,35,62,35,0.564516129,5
b24_sop3_longestoverlap_ISI_2_test,b24,p3,Span,single,2,8,1.7,4.71,9,Eng,62,35,62,35,0.564516129,5
b24_sop3_longestoverlap_ISI_4_test,b24,p3,Span,single,4,4,1.26,3.17,9,Eng,62,35,62,35,0.564516129,5
b24_sop3_longestoverlap_ISI_5_test,b24,p3,Span,single,5,8,2.44,3.28,9,Eng,62,35,62,35,0.564516129,5
b24_sop3_longestoverlap_ISI_6_test,b24,p3,Span,single,6,2,0.88,2.27,9,Eng,62,35,62,35,0.564516129,5
b24_sop3_longestoverlap_ISI_7_test,b24,p3,Span,single,7,6,1.82,3.3,9,Eng,62,35,62,35,0.564516129,5
b24_sop3_longestoverlap_ISI_8_test,b24,p3,Span,single,8,8,2.5,3.2,9,Eng,62,35,62,35,0.564516129,5
b24_sop3_longestoverlap_ISI_9_test,b24,p3,Span,single,9,8,1.84,4.35,9,Eng,62,35,62,35,0.564516129,5
b24_sop3_longestoverlap_ISI_10_test,b24,p3,Span,single,10,10,3.72,2.69,9,Eng,62,35,62,35,0.564516129,5
b24_sdp4_longestoverlap_ISI_0_test,b24,p4,Span,mixed,0,3,0.94,3.19,9,Eng,62,35,62,35,0.564516129,5
b24_sdp4_longestoverlap_ISI_1_test,b24,p4,Span,mixed,1,5,1.38,3.62,9,Eng,62,35,62,35,0.564516129,5
b24_sdp4_longestoverlap_ISI_2_test,b24,p4,Span,mixed,2,16,3.74,4.28,9,Eng,62,35,62,35,0.564516129,5
b24_sdp4_longestoverlap_ISI_3_test,b24,p4,Span,mixed,3,7,2,3.5,9,Eng,62,35,62,35,0.564516129,5
b24_sdp4_longestoverlap_ISI_4_test,b24,p4,Span,mixed,4,8,2.78,2.88,9,Eng,62,35,62,35,0.564516129,5
b24_sdp4_longestoverlap_ISI_5_test,b24,p4,Span,mixed,5,6,2.42,2.48,9,Eng,62,35,62,35,0.564516129,5
b24_sdp4_longestoverlap_ISI_6_test,b24,p4,Span,mixed,6,18,4.04,4.46,9,Eng,62,35,62,35,0.564516129,5
b24_sdp4_longestoverlap_ISI_7_test,b24,p4,Span,mixed,7,5,1.8,2.78,9,Eng,62,35,62,35,0.564516129,5
b24_sdp4_longestoverlap_ISI_8_test,b24,p4,Span,mixed,8,2,0.92,2.17,9,Eng,62,35,62,35,0.564516129,5
b24_sdp4_longestoverlap_ISI_9_test,b24,p4,Span,mixed,9,3,1.48,2.03,9,Eng,62,35,62,35,0.564516129,5
b24_sdp4_longestoverlap_ISI_10_test,b24,p4,Span,mixed,10,10,2.26,4.42,9,Eng,62,35,62,35,0.564516129,5
b24_sop4_longestoverlap_ISI_0_test,b24,p4,Span,single,0,3,0.86,3.49,9,Eng,62,35,62,35,0.564516129,5
b24_sop4_longestoverlap_ISI_1_test,b24,p4,Span,single,1,4,1.4,2.86,9,Eng,62,35,62,35,0.564516129,5
b24_sop4_longestoverlap_ISI_2_test,b24,p4,Span,single,2,16,4.08,3.92,9,Eng,62,35,62,35,0.564516129,5
b24_sop4_longestoverlap_ISI_3_test,b24,p4,Span,single,3,5,1.74,2.87,9,Eng,62,35,62,35,0.564516129,5
b24_sop4_longestoverlap_ISI_4_test,b24,p4,Span,single,4,10,3.16,3.16,9,Eng,62,35,62,35,0.564516129,5
b24_sop4_longestoverlap_ISI_5_test,b24,p4,Span,single,5,7,2.52,2.78,9,Eng,62,35,62,35,0.564516129,5
b24_sop4_longestoverlap_ISI_6_test,b24,p4,Span,single,6,15,3.76,3.99,9,Eng,62,35,62,35,0.564516129,5
b24_sop4_longestoverlap_ISI_7_test,b24,p4,Span,single,7,6,2.5,2.4,9,Eng,62,35,62,35,0.564516129,5
b24_sop4_longestoverlap_ISI_8_test,b24,p4,Span,single,8,2,0.74,2.7,9,Eng,62,35,62,35,0.564516129,5
b24_sop4_longestoverlap_ISI_9_test,b24,p4,Span,single,9,6,1.7,3.53,9,Eng,62,35,62,35,0.564516129,5
b24_sop4_longestoverlap_ISI_10_test,b24,p4,Span,single,10,10,2.34,4.27,9,Eng,62,35,62,35,0.564516129,5
b25rr_sdp3_longestoverlap_ISI_0_test,b25rr,p3,Span,mixed,0,9,1.82,4.94,10,Eng,70,65,70,65,0.928571429,3
b25rr_sdp3_longestoverlap_ISI_1_test,b25rr,p3,Span,mixed,1,9,1.74,5.17,10,Eng,70,65,70,65,0.928571429,3
b25rr_sdp3_longestoverlap_ISI_2_test,b25rr,p3,Span,mixed,2,5,1.14,4.39,10,Eng,70,65,70,65,0.928571429,3
b25rr_sdp3_longestoverlap_ISI_4_test,b25rr,p3,Span,mixed,4,5,1.66,3.01,10,Eng,70,65,70,65,0.928571429,3
b25rr_sdp3_longestoverlap_ISI_5_test,b25rr,p3,Span,mixed,5,5,1.04,4.81,10,Eng,70,65,70,65,0.928571429,3
b25rr_sdp3_longestoverlap_ISI_6_test,b25rr,p3,Span,mixed,6,6,1.78,3.37,10,Eng,70,65,70,65,0.928571429,3
b25rr_sdp3_longestoverlap_ISI_8_test,b25rr,p3,Span,mixed,8,21,3.6,5.83,10,Eng,70,65,70,65,0.928571429,3
b25rr_sdp3_longestoverlap_ISI_9_test,b25rr,p3,Span,mixed,9,18,5.16,3.49,10,Eng,70,65,70,65,0.928571429,3
b25rr_sdp3_longestoverlap_ISI_10_test,b25rr,p3,Span,mixed,10,8,2,4,10,Eng,70,65,70,65,0.928571429,3
b25rr_sop3_longestoverlap_ISI_0_test,b25rr,p3,Span,single,0,8,1.68,4.76,10,Eng,70,65,70,65,0.928571429,3
b25rr_sop3_longestoverlap_ISI_1_test,b25rr,p3,Span,single,1,6,1.66,3.61,10,Eng,70,65,70,65,0.928571429,3
b25rr_sop3_longestoverlap_ISI_2_test,b25rr,p3,Span,single,2,2,1.12,1.79,10,Eng,70,65,70,65,0.928571429,3
b25rr_sop3_longestoverlap_ISI_4_test,b25rr,p3,Span,single,4,4,1.32,3.03,10,Eng,70,65,70,65,0.928571429,3
b25rr_sop3_longestoverlap_ISI_5_test,b25rr,p3,Span,single,5,4,0.96,4.17,10,Eng,70,65,70,65,0.928571429,3
b25rr_sop3_longestoverlap_ISI_6_test,b25rr,p3,Span,single,6,5,1.74,2.87,10,Eng,70,65,70,65,0.928571429,3
b25rr_sop3_longestoverlap_ISI_8_test,b25rr,p3,Span,single,8,14,3.56,3.93,10,Eng,70,65,70,65,0.928571429,3
b25rr_sop3_longestoverlap_ISI_9_test,b25rr,p3,Span,single,9,15,3.84,3.91,10,Eng,70,65,70,65,0.928571429,3
b25rr_sop3_longestoverlap_ISI_10_test,b25rr,p3,Span,single,10,7,2.04,3.43,10,Eng,70,65,70,65,0.928571429,3
b25rr_sdp4_longestoverlap_ISI_0_test,b25rr,p4,Span,mixed,0,4,1.26,3.17,10,Eng,70,65,70,65,0.928571429,3
b25rr_sdp4_longestoverlap_ISI_1_test,b25rr,p4,Span,mixed,1,5,1.14,4.38,10,Eng,70,65,70,65,0.928571429,3
b25rr_sdp4_longestoverlap_ISI_2_test,b25rr,p4,Span,mixed,2,13,2.7,4.81,10,Eng,70,65,70,65,0.928571429,3
b25rr_sdp4_longestoverlap_ISI_3_test,b25rr,p4,Span,mixed,3,11,2.88,3.82,10,Eng,70,65,70,65,0.928571429,3
b25rr_sdp4_longestoverlap_ISI_4_test,b25rr,p4,Span,mixed,4,7,2.04,3.43,10,Eng,70,65,70,65,0.928571429,3
b25rr_sdp4_longestoverlap_ISI_5_test,b25rr,p4,Span,mixed,5,4,1.3,3.08,10,Eng,70,65,70,65,0.928571429,3
b25rr_sdp4_longestoverlap_ISI_6_test,b25rr,p4,Span,mixed,6,11,3.08,3.57,10,Eng,70,65,70,65,0.928571429,3
b25rr_sdp4_longestoverlap_ISI_7_test,b25rr,p4,Span,mixed,7,5,1.2,4.17,10,Eng,70,65,70,65,0.928571429,3
b25rr_sdp4_longestoverlap_ISI_8_test,b25rr,p4,Span,mixed,8,5,1.32,3.79,10,Eng,70,65,70,65,0.928571429,3
b25rr_sdp4_longestoverlap_ISI_9_test,b25rr,p4,Span,mixed,9,5,1.32,3.79,10,Eng,70,65,70,65,0.928571429,3
b25rr_sdp4_longestoverlap_ISI_10_test,b25rr,p4,Span,mixed,10,8,1.56,5.13,10,Eng,70,65,70,65,0.928571429,3
b25rr_sop4_longestoverlap_ISI_0_test,b25rr,p4,Span,single,0,4,1.2,3.33,10,Eng,70,65,70,65,0.928571429,3
b25rr_sop4_longestoverlap_ISI_1_test,b25rr,p4,Span,single,1,5,1.06,4.72,10,Eng,70,65,70,65,0.928571429,3
b25rr_sop4_longestoverlap_ISI_2_test,b25rr,p4,Span,single,2,11,2.52,4.36,10,Eng,70,65,70,65,0.928571429,3
b25rr_sop4_longestoverlap_ISI_3_test,b25rr,p4,Span,single,3,11,2.58,4.26,10,Eng,70,65,70,65,0.928571429,3
b25rr_sop4_longestoverlap_ISI_4_test,b25rr,p4,Span,single,4,7,2.02,3.46,10,Eng,70,65,70,65,0.928571429,3
b25rr_sop4_longestoverlap_ISI_5_test,b25rr,p4,Span,single,5,4,1.2,3.33,10,Eng,70,65,70,65,0.928571429,3
b25rr_sop4_longestoverlap_ISI_6_test,b25rr,p4,Span,single,6,11,3.08,3.57,10,Eng,70,65,70,65,0.928571429,3
b25rr_sop4_longestoverlap_ISI_7_test,b25rr,p4,Span,single,7,5,1.2,4.17,10,Eng,70,65,70,65,0.928571429,3
b25rr_sop4_longestoverlap_ISI_8_test,b25rr,p4,Span,single,8,5,1.4,3.57,10,Eng,70,65,70,65,0.928571429,3
b25rr_sop4_longestoverlap_ISI_9_test,b25rr,p4,Span,single,9,5,1.3,3.85,10,Eng,70,65,70,65,0.928571429,3
b25rr_sop4_longestoverlap_ISI_10_test,b25rr,p4,Span,single,10,8,1.56,5.13,10,Eng,70,65,70,65,0.928571429,3
b26r_sdp3_longestoverlap_ISI_0_test,b26r,p3,Span,mixed,0,7,2.42,2.89,11,Eng,70,53,70,53,0.757142857,8
b26r_sdp3_longestoverlap_ISI_1_test,b26r,p3,Span,mixed,1,13,3.64,3.57,11,Eng,70,53,70,53,0.757142857,8
b26r_sdp3_longestoverlap_ISI_2_test,b26r,p3,Span,mixed,2,8,2.24,3.57,11,Eng,70,53,70,53,0.757142857,8
b26r_sdp3_longestoverlap_ISI_3_test,b26r,p3,Span,mixed,3,4,1.3,3.08,11,Eng,70,53,70,53,0.757142857,8
b26r_sdp3_longestoverlap_ISI_4_test,b26r,p3,Span,mixed,4,4,1.38,2.9,11,Eng,70,53,70,53,0.757142857,8
b26r_sdp3_longestoverlap_ISI_5_test,b26r,p3,Span,mixed,5,5,1.4,3.57,11,Eng,70,53,70,53,0.757142857,8
b26r_sdp3_longestoverlap_ISI_7_test,b26r,p3,Span,mixed,7,5,1.84,2.72,11,Eng,70,53,70,53,0.757142857,8
b26r_sdp3_longestoverlap_ISI_8_test,b26r,p3,Span,mixed,8,14,4.18,3.35,11,Eng,70,53,70,53,0.757142857,8
b26r_sdp3_longestoverlap_ISI_9_test,b26r,p3,Span,mixed,9,7,2.66,2.63,11,Eng,70,53,70,53,0.757142857,8
b26r_sdp3_longestoverlap_ISI_10_test,b26r,p3,Span,mixed,10,4,1.06,3.77,11,Eng,70,53,70,53,0.757142857,8
b26r_sop3_longestoverlap_ISI_0_test,b26r,p3,Span,single,0,5,2.38,2.1,11,Eng,70,53,70,53,0.757142857,8
b26r_sop3_longestoverlap_ISI_1_test,b26r,p3,Span,single,1,12,3.08,3.89,11,Eng,70,53,70,53,0.757142857,8
b26r_sop3_longestoverlap_ISI_2_test,b26r,p3,Span,single,2,8,1.94,4.12,11,Eng,70,53,70,53,0.757142857,8
b26r_sop3_longestoverlap_ISI_3_test,b26r,p3,Span,single,3,3,0.96,3.12,11,Eng,70,53,70,53,0.757142857,8
b26r_sop3_longestoverlap_ISI_4_test,b26r,p3,Span,single,4,4,1.16,3.45,11,Eng,70,53,70,53,0.757142857,8
b26r_sop3_longestoverlap_ISI_5_test,b26r,p3,Span,single,5,5,1.6,3.12,11,Eng,70,53,70,53,0.757142857,8
b26r_sop3_longestoverlap_ISI_7_test,b26r,p3,Span,single,7,6,1.36,4.41,11,Eng,70,53,70,53,0.757142857,8
b26r_sop3_longestoverlap_ISI_8_test,b26r,p3,Span,single,8,12,3.68,3.26,11,Eng,70,53,70,53,0.757142857,8
b26r_sop3_longestoverlap_ISI_9_test,b26r,p3,Span,single,9,7,1.66,4.22,11,Eng,70,53,70,53,0.757142857,8
b26r_sop3_longestoverlap_ISI_10_test,b26r,p3,Span,single,10,4,0.86,4.65,11,Eng,70,53,70,53,0.757142857,8
b26r_sdp4_longestoverlap_ISI_0_test,b26r,p4,Span,mixed,0,3,0.78,3.85,11,Eng,70,53,70,53,0.757142857,8
b26r_sdp4_longestoverlap_ISI_1_test,b26r,p4,Span,mixed,1,5,1.36,3.68,11,Eng,70,53,70,53,0.757142857,8
b26r_sdp4_longestoverlap_ISI_2_test,b26r,p4,Span,mixed,2,6,1.74,3.45,11,Eng,70,53,70,53,0.757142857,8
b26r_sdp4_longestoverlap_ISI_3_test,b26r,p4,Span,mixed,3,5,1.9,2.63,11,Eng,70,53,70,53,0.757142857,8
b26r_sdp4_longestoverlap_ISI_4_test,b26r,p4,Span,mixed,4,14,4.38,3.2,11,Eng,70,53,70,53,0.757142857,8
b26r_sdp4_longestoverlap_ISI_5_test,b26r,p4,Span,mixed,5,7,1.96,3.57,11,Eng,70,53,70,53,0.757142857,8
b26r_sdp4_longestoverlap_ISI_6_test,b26r,p4,Span,mixed,6,2,1.46,1.37,11,Eng,70,53,70,53,0.757142857,8
b26r_sdp4_longestoverlap_ISI_7_test,b26r,p4,Span,mixed,7,4,1.28,3.12,11,Eng,70,53,70,53,0.757142857,8
b26r_sdp4_longestoverlap_ISI_8_test,b26r,p4,Span,mixed,8,2,1.32,1.51,11,Eng,70,53,70,53,0.757142857,8
b26r_sdp4_longestoverlap_ISI_9_test,b26r,p4,Span,mixed,9,5,1.54,3.25,11,Eng,70,53,70,53,0.757142857,8
b26r_sdp4_longestoverlap_ISI_10_test,b26r,p4,Span,mixed,10,9,2.6,3.46,11,Eng,70,53,70,53,0.757142857,8
b26r_sop4_longestoverlap_ISI_0_test,b26r,p4,Span,single,0,2,0.74,2.7,11,Eng,70,53,70,53,0.757142857,8
b26r_sop4_longestoverlap_ISI_1_test,b26r,p4,Span,single,1,4,1.32,3.03,11,Eng,70,53,70,53,0.757142857,8
b26r_sop4_longestoverlap_ISI_2_test,b26r,p4,Span,single,2,6,1.4,4.28,11,Eng,70,53,70,53,0.757142857,8
b26r_sop4_longestoverlap_ISI_3_test,b26r,p4,Span,single,3,3,1.46,2.05,11,Eng,70,53,70,53,0.757142857,8
b26r_sop4_longestoverlap_ISI_4_test,b26r,p4,Span,single,4,13,3.6,3.61,11,Eng,70,53,70,53,0.757142857,8
b26r_sop4_longestoverlap_ISI_5_test,b26r,p4,Span,single,5,6,1.84,3.26,11,Eng,70,53,70,53,0.757142857,8
b26r_sop4_longestoverlap_ISI_6_test,b26r,p4,Span,single,6,4,1.42,2.82,11,Eng,70,53,70,53,0.757142857,8
b26r_sop4_longestoverlap_ISI_7_test,b26r,p4,Span,single,7,3,1.72,1.74,11,Eng,70,53,70,53,0.757142857,8
b26r_sop4_longestoverlap_ISI_8_test,b26r,p4,Span,single,8,2,1.32,1.51,11,Eng,70,53,70,53,0.757142857,8
b26r_sop4_longestoverlap_ISI_9_test,b26r,p4,Span,single,9,3,1.18,2.54,11,Eng,70,53,70,53,0.757142857,8
b26r_sop4_longestoverlap_ISI_10_test,b26r,p4,Span,single,10,7,2.34,2.99,11,Eng,70,53,70,53,0.757142857,8
b27_sdp3_longestoverlap_ISI_0_test,b27,p3,Span,mixed,0,6,1.1,5.45,12,Eng,73,42,73,42,0.575342466,5
b27_sdp3_longestoverlap_ISI_1_test,b27,p3,Span,mixed,1,9,2.44,3.69,12,Eng,73,42,73,42,0.575342466,5
b27_sdp3_longestoverlap_ISI_2_test,b27,p3,Span,mixed,2,12,2.46,4.88,12,Eng,73,42,73,42,0.575342466,5
b27_sdp3_longestoverlap_ISI_3_test,b27,p3,Span,mixed,3,4,1.08,3.7,12,Eng,73,42,73,42,0.575342466,5
b27_sdp3_longestoverlap_ISI_4_test,b27,p3,Span,mixed,4,4,1.16,3.45,12,Eng,73,42,73,42,0.575342466,5
b27_sdp3_longestoverlap_ISI_5_test,b27,p3,Span,mixed,5,6,1.4,4.29,12,Eng,73,42,73,42,0.575342466,5
b27_sdp3_longestoverlap_ISI_6_test,b27,p3,Span,mixed,6,8,1.8,4.44,12,Eng,73,42,73,42,0.575342466,5
b27_sdp3_longestoverlap_ISI_7_test,b27,p3,Span,mixed,7,5,0.92,5.43,12,Eng,73,42,73,42,0.575342466,5
b27_sdp3_longestoverlap_ISI_8_test,b27,p3,Span,mixed,8,11,2.22,4.95,12,Eng,73,42,73,42,0.575342466,5
b27_sdp3_longestoverlap_ISI_9_test,b27,p3,Span,mixed,9,17,3.12,5.45,12,Eng,73,42,73,42,0.575342466,5
b27_sdp3_longestoverlap_ISI_10_test,b27,p3,Span,mixed,10,11,2.78,3.96,12,Eng,73,42,73,42,0.575342466,5
b27_sop3_longestoverlap_ISI_0_test,b27,p3,Span,single,0,4,1.02,3.92,12,Eng,73,42,73,42,0.575342466,5
b27_sop3_longestoverlap_ISI_1_test,b27,p3,Span,single,1,9,1.8,5,12,Eng,73,42,73,42,0.575342466,5
b27_sop3_longestoverlap_ISI_2_test,b27,p3,Span,single,2,7,1.96,3.57,12,Eng,73,42,73,42,0.575342466,5
b27_sop3_longestoverlap_ISI_3_test,b27,p3,Span,single,3,3,0.8,3.75,12,Eng,73,42,73,42,0.575342466,5
b27_sop3_longestoverlap_ISI_4_test,b27,p3,Span,single,4,5,1.2,4.17,12,Eng,73,42,73,42,0.575342466,5
b27_sop3_longestoverlap_ISI_5_test,b27,p3,Span,single,5,5,1.04,4.81,12,Eng,73,42,73,42,0.575342466,5
b27_sop3_longestoverlap_ISI_6_test,b27,p3,Span,single,6,8,1.86,4.3,12,Eng,73,42,73,42,0.575342466,5
b27_sop3_longestoverlap_ISI_7_test,b27,p3,Span,single,7,4,0.88,4.55,12,Eng,73,42,73,42,0.575342466,5
b27_sop3_longestoverlap_ISI_8_test,b27,p3,Span,single,8,13,2.18,5.96,12,Eng,73,42,73,42,0.575342466,5
b27_sop3_longestoverlap_ISI_9_test,b27,p3,Span,single,9,13,2.74,4.74,12,Eng,73,42,73,42,0.575342466,5
b27_sop3_longestoverlap_ISI_10_test,b27,p3,Span,single,10,10,2.18,4.59,12,Eng,73,42,73,42,0.575342466,5
b27_sdp4_longestoverlap_ISI_0_test,b27,p4,Span,mixed,0,7,1.66,4.22,12,Eng,73,42,73,42,0.575342466,5
b27_sdp4_longestoverlap_ISI_1_test,b27,p4,Span,mixed,1,6,1.02,5.88,12,Eng,73,42,73,42,0.575342466,5
b27_sdp4_longestoverlap_ISI_2_test,b27,p4,Span,mixed,2,6,1.46,4.11,12,Eng,73,42,73,42,0.575342466,5
b27_sdp4_longestoverlap_ISI_3_test,b27,p4,Span,mixed,3,16,3.8,4.21,12,Eng,73,42,73,42,0.575342466,5
b27_sdp4_longestoverlap_ISI_4_test,b27,p4,Span,mixed,4,10,2.3,4.35,12,Eng,73,42,73,42,0.575342466,5
b27_sdp4_longestoverlap_ISI_5_test,b27,p4,Span,mixed,5,13,2.66,4.89,12,Eng,73,42,73,42,0.575342466,5
b27_sdp4_longestoverlap_ISI_6_test,b27,p4,Span,mixed,6,12,2.64,4.55,12,Eng,73,42,73,42,0.575342466,5
b27_sdp4_longestoverlap_ISI_7_test,b27,p4,Span,mixed,7,4,1,4,12,Eng,73,42,73,42,0.575342466,5
b27_sdp4_longestoverlap_ISI_8_test,b27,p4,Span,mixed,8,7,1.58,4.43,12,Eng,73,42,73,42,0.575342466,5
b27_sdp4_longestoverlap_ISI_10_test,b27,p4,Span,mixed,10,5,1.42,3.52,12,Eng,73,42,73,42,0.575342466,5
b27_sop4_longestoverlap_ISI_0_test,b27,p4,Span,single,0,5,1.18,4.24,12,Eng,73,42,73,42,0.575342466,5
b27_sop4_longestoverlap_ISI_1_test,b27,p4,Span,single,1,5,0.88,5.68,12,Eng,73,42,73,42,0.575342466,5
b27_sop4_longestoverlap_ISI_2_test,b27,p4,Span,single,2,4,0.94,4.25,12,Eng,73,42,73,42,0.575342466,5
b27_sop4_longestoverlap_ISI_3_test,b27,p4,Span,single,3,15,3.12,4.81,12,Eng,73,42,73,42,0.575342466,5
b27_sop4_longestoverlap_ISI_4_test,b27,p4,Span,single,4,10,2.24,4.46,12,Eng,73,42,73,42,0.575342466,5
b27_sop4_longestoverlap_ISI_5_test,b27,p4,Span,single,5,10,2.92,3.42,12,Eng,73,42,73,42,0.575342466,5
b27_sop4_longestoverlap_ISI_6_test,b27,p4,Span,single,6,12,2.26,5.31,12,Eng,73,42,73,42,0.575342466,5
b27_sop4_longestoverlap_ISI_7_test,b27,p4,Span,single,7,5,0.96,5.21,12,Eng,73,42,73,42,0.575342466,5
b27_sop4_longestoverlap_ISI_8_test,b27,p4,Span,single,8,6,1.38,4.35,12,Eng,73,42,73,42,0.575342466,5
b27_sop4_longestoverlap_ISI_10_test,b27,p4,Span,single,10,5,1.12,4.46,12,Eng,73,42,73,42,0.575342466,5
b28_sdp3_longestoverlap_ISI_0_test,b28,p3,Span,mixed,0,3,1.28,2.34,13,Eng,62,40,62,40,0.64516129,7
b28_sdp3_longestoverlap_ISI_1_test,b28,p3,Span,mixed,1,5,1.9,2.63,13,Eng,62,40,62,40,0.64516129,7
b28_sdp3_longestoverlap_ISI_2_test,b28,p3,Span,mixed,2,3,1.4,2.14,13,Eng,62,40,62,40,0.64516129,7
b28_sdp3_longestoverlap_ISI_3_test,b28,p3,Span,mixed,3,4,0.92,4.35,13,Eng,62,40,62,40,0.64516129,7
b28_sdp3_longestoverlap_ISI_4_test,b28,p3,Span,mixed,4,4,1.74,2.3,13,Eng,62,40,62,40,0.64516129,7
b28_sdp3_longestoverlap_ISI_5_test,b28,p3,Span,mixed,5,5,1.5,3.33,13,Eng,62,40,62,40,0.64516129,7
b28_sdp3_longestoverlap_ISI_6_test,b28,p3,Span,mixed,6,4,1,4,13,Eng,62,40,62,40,0.64516129,7
b28_sdp3_longestoverlap_ISI_7_test,b28,p3,Span,mixed,7,9,1.96,4.59,13,Eng,62,40,62,40,0.64516129,7
b28_sdp3_longestoverlap_ISI_8_test,b28,p3,Span,mixed,8,14,3.92,3.57,13,Eng,62,40,62,40,0.64516129,7
b28_sdp3_longestoverlap_ISI_9_test,b28,p3,Span,mixed,9,8,2.76,2.9,13,Eng,62,40,62,40,0.64516129,7
b28_sdp3_longestoverlap_ISI_10_test,b28,p3,Span,mixed,10,3,0.92,3.26,13,Eng,62,40,62,40,0.64516129,7
b28_sop3_longestoverlap_ISI_0_test,b28,p3,Span,single,0,2,1.1,1.82,13,Eng,62,40,62,40,0.64516129,7
b28_sop3_longestoverlap_ISI_1_test,b28,p3,Span,single,1,6,1.36,4.41,13,Eng,62,40,62,40,0.64516129,7
b28_sop3_longestoverlap_ISI_2_test,b28,p3,Span,single,2,3,1.28,2.34,13,Eng,62,40,62,40,0.64516129,7
b28_sop3_longestoverlap_ISI_3_test,b28,p3,Span,single,3,3,0.78,3.85,13,Eng,62,40,62,40,0.64516129,7
b28_sop3_longestoverlap_ISI_4_test,b28,p3,Span,single,4,4,1.22,3.28,13,Eng,62,40,62,40,0.64516129,7
b28_sop3_longestoverlap_ISI_5_test,b28,p3,Span,single,5,7,2.2,3.18,13,Eng,62,40,62,40,0.64516129,7
b28_sop3_longestoverlap_ISI_6_test,b28,p3,Span,single,6,4,1.04,3.85,13,Eng,62,40,62,40,0.64516129,7
b28_sop3_longestoverlap_ISI_7_test,b28,p3,Span,single,7,7,2.1,3.33,13,Eng,62,40,62,40,0.64516129,7
b28_sop3_longestoverlap_ISI_8_test,b28,p3,Span,single,8,10,3.2,3.12,13,Eng,62,40,62,40,0.64516129,7
b28_sop3_longestoverlap_ISI_9_test,b28,p3,Span,single,9,9,2.16,4.17,13,Eng,62,40,62,40,0.64516129,7
b28_sop3_longestoverlap_ISI_10_test,b28,p3,Span,single,10,3,0.8,3.75,13,Eng,62,40,62,40,0.64516129,7
b28_sdp4_longestoverlap_ISI_0_test,b28,p4,Span,mixed,0,4,1.22,3.28,13,Eng,62,40,62,40,0.64516129,7
b28_sdp4_longestoverlap_ISI_2_test,b28,p4,Span,mixed,2,2,0.98,2.04,13,Eng,62,40,62,40,0.64516129,7
b28_sdp4_longestoverlap_ISI_3_test,b28,p4,Span,mixed,3,8,2.18,3.67,13,Eng,62,40,62,40,0.64516129,7
b28_sdp4_longestoverlap_ISI_4_test,b28,p4,Span,mixed,4,8,2.78,2.88,13,Eng,62,40,62,40,0.64516129,7
b28_sdp4_longestoverlap_ISI_6_test,b28,p4,Span,mixed,6,7,1.44,4.86,13,Eng,62,40,62,40,0.64516129,7
b28_sdp4_longestoverlap_ISI_7_test,b28,p4,Span,mixed,7,6,1.84,3.26,13,Eng,62,40,62,40,0.64516129,7
b28_sdp4_longestoverlap_ISI_10_test,b28,p4,Span,mixed,10,3,1.04,2.88,13,Eng,62,40,62,40,0.64516129,7
b28_sop4_longestoverlap_ISI_0_test,b28,p4,Span,single,0,4,1.32,3.03,13,Eng,62,40,62,40,0.64516129,7
b28_sop4_longestoverlap_ISI_2_test,b28,p4,Span,single,2,3,1,3,13,Eng,62,40,62,40,0.64516129,7
b28_sop4_longestoverlap_ISI_3_test,b28,p4,Span,single,3,9,1.86,4.84,13,Eng,62,40,62,40,0.64516129,7
b28_sop4_longestoverlap_ISI_4_test,b28,p4,Span,single,4,7,2.28,3.07,13,Eng,62,40,62,40,0.64516129,7
b28_sop4_longestoverlap_ISI_6_test,b28,p4,Span,single,6,6,1.42,4.22,13,Eng,62,40,62,40,0.64516129,7
b28_sop4_longestoverlap_ISI_7_test,b28,p4,Span,single,7,6,1.56,3.85,13,Eng,62,40,62,40,0.64516129,7
b28_sop4_longestoverlap_ISI_10_test,b28,p4,Span,single,10,5,0.9,5.55,13,Eng,62,40,62,40,0.64516129,7
b29r_sdp3_longestoverlap_ISI_0_test,b29r,p3,Span,mixed,0,4,1.52,2.63,14,Eng,72,62,72,62,0.861111111,4
b29r_sdp3_longestoverlap_ISI_1_test,b29r,p3,Span,mixed,1,7,1.58,4.43,14,Eng,72,62,72,62,0.861111111,4
b29r_sdp3_longestoverlap_ISI_2_test,b29r,p3,Span,mixed,2,10,2.04,4.9,14,Eng,72,62,72,62,0.861111111,4
b29r_sdp3_longestoverlap_ISI_4_test,b29r,p3,Span,mixed,4,6,1.28,4.69,14,Eng,72,62,72,62,0.861111111,4
b29r_sdp3_longestoverlap_ISI_5_test,b29r,p3,Span,mixed,5,7,1.64,4.27,14,Eng,72,62,72,62,0.861111111,4
b29r_sdp3_longestoverlap_ISI_6_test,b29r,p3,Span,mixed,6,8,2.08,3.85,14,Eng,72,62,72,62,0.861111111,4
b29r_sdp3_longestoverlap_ISI_7_test,b29r,p3,Span,mixed,7,6,1.92,3.12,14,Eng,72,62,72,62,0.861111111,4
b29r_sdp3_longestoverlap_ISI_8_test,b29r,p3,Span,mixed,8,8,2.16,3.7,14,Eng,72,62,72,62,0.861111111,4
b29r_sdp3_longestoverlap_ISI_9_test,b29r,p3,Span,mixed,9,8,2.4,3.33,14,Eng,72,62,72,62,0.861111111,4
b29r_sdp3_longestoverlap_ISI_10_test,b29r,p3,Span,mixed,10,11,2.26,4.87,14,Eng,72,62,72,62,0.861111111,4
b29r_sop3_longestoverlap_ISI_0_test,b29r,p3,Span,single,0,5,1.74,2.87,14,Eng,72,62,72,62,0.861111111,4
b29r_sop3_longestoverlap_ISI_1_test,b29r,p3,Span,single,1,8,1.98,4.04,14,Eng,72,62,72,62,0.861111111,4
b29r_sop3_longestoverlap_ISI_2_test,b29r,p3,Span,single,2,12,2.38,5.04,14,Eng,72,62,72,62,0.861111111,4
b29r_sop3_longestoverlap_ISI_4_test,b29r,p3,Span,single,4,6,1.4,4.28,14,Eng,72,62,72,62,0.861111111,4
b29r_sop3_longestoverlap_ISI_5_test,b29r,p3,Span,single,5,8,1.88,4.25,14,Eng,72,62,72,62,0.861111111,4
b29r_sop3_longestoverlap_ISI_6_test,b29r,p3,Span,single,6,8,2.14,3.74,14,Eng,72,62,72,62,0.861111111,4
b29r_sop3_longestoverlap_ISI_7_test,b29r,p3,Span,single,7,5,1.5,3.33,14,Eng,72,62,72,62,0.861111111,4
b29r_sop3_longestoverlap_ISI_8_test,b29r,p3,Span,single,8,8,2.48,3.22,14,Eng,72,62,72,62,0.861111111,4
b29r_sop3_longestoverlap_ISI_9_test,b29r,p3,Span,single,9,7,2.22,3.15,14,Eng,72,62,72,62,0.861111111,4
b29r_sop3_longestoverlap_ISI_10_test,b29r,p3,Span,single,10,12,2.26,5.31,14,Eng,72,62,72,62,0.861111111,4
b29r_sdp4_longestoverlap_ISI_0_test,b29r,p4,Span,mixed,0,2,0.68,2.94,14,Eng,72,62,72,62,0.861111111,4
b29r_sdp4_longestoverlap_ISI_1_test,b29r,p4,Span,mixed,1,4,1.26,3.17,14,Eng,72,62,72,62,0.861111111,4
b29r_sdp4_longestoverlap_ISI_2_test,b29r,p4,Span,mixed,2,8,2,4,14,Eng,72,62,72,62,0.861111111,4
b29r_sdp4_longestoverlap_ISI_3_test,b29r,p4,Span,mixed,3,6,1.52,3.95,14,Eng,72,62,72,62,0.861111111,4
b29r_sdp4_longestoverlap_ISI_4_test,b29r,p4,Span,mixed,4,11,2.7,4.07,14,Eng,72,62,72,62,0.861111111,4
b29r_sdp4_longestoverlap_ISI_5_test,b29r,p4,Span,mixed,5,7,1.96,3.57,14,Eng,72,62,72,62,0.861111111,4
b29r_sdp4_longestoverlap_ISI_6_test,b29r,p4,Span,mixed,6,5,2.04,2.45,14,Eng,72,62,72,62,0.861111111,4
b29r_sdp4_longestoverlap_ISI_7_test,b29r,p4,Span,mixed,7,6,1.32,4.54,14,Eng,72,62,72,62,0.861111111,4
b29r_sdp4_longestoverlap_ISI_8_test,b29r,p4,Span,mixed,8,5,1.44,3.47,14,Eng,72,62,72,62,0.861111111,4
b29r_sdp4_longestoverlap_ISI_9_test,b29r,p4,Span,mixed,9,6,1.48,4.05,14,Eng,72,62,72,62,0.861111111,4
b29r_sdp4_longestoverlap_ISI_10_test,b29r,p4,Span,mixed,10,8,1.66,4.82,14,Eng,72,62,72,62,0.861111111,4
b29r_sop4_longestoverlap_ISI_0_test,b29r,p4,Span,single,0,2,0.72,2.78,14,Eng,72,62,72,62,0.861111111,4
b29r_sop4_longestoverlap_ISI_1_test,b29r,p4,Span,single,1,4,1.16,3.45,14,Eng,72,62,72,62,0.861111111,4
b29r_sop4_longestoverlap_ISI_2_test,b29r,p4,Span,single,2,8,2.16,3.7,14,Eng,72,62,72,62,0.861111111,4
b29r_sop4_longestoverlap_ISI_3_test,b29r,p4,Span,single,3,7,2.02,3.47,14,Eng,72,62,72,62,0.861111111,4
b29r_sop4_longestoverlap_ISI_4_test,b29r,p4,Span,single,4,12,2.78,4.32,14,Eng,72,62,72,62,0.861111111,4
b29r_sop4_longestoverlap_ISI_5_test,b29r,p4,Span,single,5,8,1.78,4.49,14,Eng,72,62,72,62,0.861111111,4
b29r_sop4_longestoverlap_ISI_6_test,b29r,p4,Span,single,6,5,1.78,2.81,14,Eng,72,62,72,62,0.861111111,4
b29r_sop4_longestoverlap_ISI_7_test,b29r,p4,Span,single,7,6,1.86,3.23,14,Eng,72,62,72,62,0.861111111,4
b29r_sop4_longestoverlap_ISI_8_test,b29r,p4,Span,single,8,4,1.44,2.78,14,Eng,72,62,72,62,0.861111111,4
b29r_sop4_longestoverlap_ISI_9_test,b29r,p4,Span,single,9,7,1.72,4.07,14,Eng,72,62,72,62,0.861111111,4
b29r_sop4_longestoverlap_ISI_10_test,b29r,p4,Span,single,10,7,1.76,3.98,14,Eng,72,62,72,62,0.861111111,4
b30r_sdp3_longestoverlap_ISI_0_test,b30r,p3,Span,mixed,0,8,1.76,4.54,15,Eng,65,42,65,42,0.646153846,5
b30r_sdp3_longestoverlap_ISI_1_test,b30r,p3,Span,mixed,1,9,2.52,3.57,15,Eng,65,42,65,42,0.646153846,5
b30r_sdp3_longestoverlap_ISI_2_test,b30r,p3,Span,mixed,2,8,2.04,3.92,15,Eng,65,42,65,42,0.646153846,5
b30r_sdp3_longestoverlap_ISI_3_test,b30r,p3,Span,mixed,3,3,0.82,3.66,15,Eng,65,42,65,42,0.646153846,5
b30r_sdp3_longestoverlap_ISI_4_test,b30r,p3,Span,mixed,4,6,1.32,4.55,15,Eng,65,42,65,42,0.646153846,5
b30r_sdp3_longestoverlap_ISI_5_test,b30r,p3,Span,mixed,5,4,1.2,3.33,15,Eng,65,42,65,42,0.646153846,5
b30r_sdp3_longestoverlap_ISI_6_test,b30r,p3,Span,mixed,6,7,2.16,3.24,15,Eng,65,42,65,42,0.646153846,5
b30r_sdp3_longestoverlap_ISI_7_test,b30r,p3,Span,mixed,7,9,2.56,3.52,15,Eng,65,42,65,42,0.646153846,5
b30r_sdp3_longestoverlap_ISI_8_test,b30r,p3,Span,mixed,8,11,2.5,4.4,15,Eng,65,42,65,42,0.646153846,5
b30r_sdp3_longestoverlap_ISI_9_test,b30r,p3,Span,mixed,9,11,2.7,4.07,15,Eng,65,42,65,42,0.646153846,5
b30r_sdp3_longestoverlap_ISI_10_test,b30r,p3,Span,mixed,10,9,2.46,3.66,15,Eng,65,42,65,42,0.646153846,5
b30r_sop3_longestoverlap_ISI_0_test,b30r,p3,Span,single,0,8,1.78,4.49,15,Eng,65,42,65,42,0.646153846,5
b30r_sop3_longestoverlap_ISI_1_test,b30r,p3,Span,single,1,7,2.04,3.43,15,Eng,65,42,65,42,0.646153846,5
b30r_sop3_longestoverlap_ISI_2_test,b30r,p3,Span,single,2,10,2.12,4.72,15,Eng,65,42,65,42,0.646153846,5
b30r_sop3_longestoverlap_ISI_3_test,b30r,p3,Span,single,3,4,0.84,4.76,15,Eng,65,42,65,42,0.646153846,5
b30r_sop3_longestoverlap_ISI_4_test,b30r,p3,Span,single,4,5,1.22,4.1,15,Eng,65,42,65,42,0.646153846,5
b30r_sop3_longestoverlap_ISI_5_test,b30r,p3,Span,single,5,4,1.2,3.33,15,Eng,65,42,65,42,0.646153846,5
b30r_sop3_longestoverlap_ISI_6_test,b30r,p3,Span,single,6,8,2,4,15,Eng,65,42,65,42,0.646153846,5
b30r_sop3_longestoverlap_ISI_7_test,b30r,p3,Span,single,7,8,2.84,2.82,15,Eng,65,42,65,42,0.646153846,5
b30r_sop3_longestoverlap_ISI_8_test,b30r,p3,Span,single,8,12,2.36,5.08,15,Eng,65,42,65,42,0.646153846,5
b30r_sop3_longestoverlap_ISI_9_test,b30r,p3,Span,single,9,9,2.7,3.33,15,Eng,65,42,65,42,0.646153846,5
b30r_sop3_longestoverlap_ISI_10_test,b30r,p3,Span,single,10,8,2.32,3.45,15,Eng,65,42,65,42,0.646153846,5
b30r_sdp4_longestoverlap_ISI_0_test,b30r,p4,Span,mixed,0,4,1.32,3.03,15,Eng,65,42,65,42,0.646153846,5
b30r_sdp4_longestoverlap_ISI_1_test,b30r,p4,Span,mixed,1,4,1.2,3.33,15,Eng,65,42,65,42,0.646153846,5
b30r_sdp4_longestoverlap_ISI_2_test,b30r,p4,Span,mixed,2,8,2.08,3.85,15,Eng,65,42,65,42,0.646153846,5
b30r_sdp4_longestoverlap_ISI_3_test,b30r,p4,Span,mixed,3,17,3.3,5.15,15,Eng,65,42,65,42,0.646153846,5
b30r_sdp4_longestoverlap_ISI_4_test,b30r,p4,Span,mixed,4,13,3.58,3.63,15,Eng,65,42,65,42,0.646153846,5
b30r_sdp4_longestoverlap_ISI_5_test,b30r,p4,Span,mixed,5,10,2.62,3.82,15,Eng,65,42,65,42,0.646153846,5
b30r_sdp4_longestoverlap_ISI_6_test,b30r,p4,Span,mixed,6,4,1.38,2.9,15,Eng,65,42,65,42,0.646153846,5
b30r_sdp4_longestoverlap_ISI_7_test,b30r,p4,Span,mixed,7,8,1.54,5.19,15,Eng,65,42,65,42,0.646153846,5
b30r_sdp4_longestoverlap_ISI_8_test,b30r,p4,Span,mixed,8,10,2.86,3.5,15,Eng,65,42,65,42,0.646153846,5
b30r_sdp4_longestoverlap_ISI_9_test,b30r,p4,Span,mixed,9,4,1.46,2.74,15,Eng,65,42,65,42,0.646153846,5
b30r_sdp4_longestoverlap_ISI_10_test,b30r,p4,Span,mixed,10,7,1.74,4.02,15,Eng,65,42,65,42,0.646153846,5
b30r_sop4_longestoverlap_ISI_0_test,b30r,p4,Span,single,0,6,1.62,3.7,15,Eng,65,42,65,42,0.646153846,5
b30r_sop4_longestoverlap_ISI_1_test,b30r,p4,Span,single,1,3,1.14,2.63,15,Eng,65,42,65,42,0.646153846,5
b30r_sop4_longestoverlap_ISI_2_test,b30r,p4,Span,single,2,9,2.24,4.02,15,Eng,65,42,65,42,0.646153846,5
b30r_sop4_longestoverlap_ISI_3_test,b30r,p4,Span,single,3,15,3.34,4.49,15,Eng,65,42,65,42,0.646153846,5
b30r_sop4_longestoverlap_ISI_4_test,b30r,p4,Span,single,4,12,3.72,3.23,15,Eng,65,42,65,42,0.646153846,5
b30r_sop4_longestoverlap_ISI_5_test,b30r,p4,Span,single,5,12,2.58,4.65,15,Eng,65,42,65,42,0.646153846,5
b30r_sop4_longestoverlap_ISI_6_test,b30r,p4,Span,single,6,3,1.52,1.97,15,Eng,65,42,65,42,0.646153846,5
b30r_sop4_longestoverlap_ISI_7_test,b30r,p4,Span,single,7,6,1.56,3.85,15,Eng,65,42,65,42,0.646153846,5
b30r_sop4_longestoverlap_ISI_8_test,b30r,p4,Span,single,8,12,3.3,3.64,15,Eng,65,42,65,42,0.646153846,5
b30r_sop4_longestoverlap_ISI_9_test,b30r,p4,Span,single,9,3,1.28,2.34,15,Eng,65,42,65,42,0.646153846,5
b30r_sop4_longestoverlap_ISI_10_test,b30r,p4,Span,single,10,6,1.6,3.75,15,Eng,65,42,65,42,0.646153846,5
b31r_sdp3_longestoverlap_ISI_0_test,b31r,p3,Span,mixed,0,11,2.94,3.74,16,Eng,62,48,62,48,0.774193548,1
b31r_sdp3_longestoverlap_ISI_1_test,b31r,p3,Span,mixed,1,6,2.28,2.63,16,Eng,62,48,62,48,0.774193548,1
b31r_sdp3_longestoverlap_ISI_2_test,b31r,p3,Span,mixed,2,3,0.96,3.12,16,Eng,62,48,62,48,0.774193548,1
b31r_sdp3_longestoverlap_ISI_4_test,b31r,p3,Span,mixed,4,4,1.36,2.94,16,Eng,62,48,62,48,0.774193548,1
b31r_sdp3_longestoverlap_ISI_5_test,b31r,p3,Span,mixed,5,5,1.28,3.91,16,Eng,62,48,62,48,0.774193548,1
b31r_sdp3_longestoverlap_ISI_6_test,b31r,p3,Span,mixed,6,2,0.96,2.08,16,Eng,62,48,62,48,0.774193548,1
b31r_sdp3_longestoverlap_ISI_7_test,b31r,p3,Span,mixed,7,7,2.18,3.21,16,Eng,62,48,62,48,0.774193548,1
b31r_sdp3_longestoverlap_ISI_8_test,b31r,p3,Span,mixed,8,17,3.78,4.5,16,Eng,62,48,62,48,0.774193548,1
b31r_sdp3_longestoverlap_ISI_9_test,b31r,p3,Span,mixed,9,11,2.84,3.87,16,Eng,62,48,62,48,0.774193548,1
b31r_sdp3_longestoverlap_ISI_10_test,b31r,p3,Span,mixed,10,9,2.68,3.36,16,Eng,62,48,62,48,0.774193548,1
b31r_sop3_longestoverlap_ISI_0_test,b31r,p3,Span,single,0,9,2.7,3.33,16,Eng,62,48,62,48,0.774193548,1
b31r_sop3_longestoverlap_ISI_1_test,b31r,p3,Span,single,1,10,2.42,4.13,16,Eng,62,48,62,48,0.774193548,1
b31r_sop3_longestoverlap_ISI_2_test,b31r,p3,Span,single,2,2,1.02,1.96,16,Eng,62,48,62,48,0.774193548,1
b31r_sop3_longestoverlap_ISI_4_test,b31r,p3,Span,single,4,4,1.52,2.63,16,Eng,62,48,62,48,0.774193548,1
b31r_sop3_longestoverlap_ISI_5_test,b31r,p3,Span,single,5,8,1.76,4.54,16,Eng,62,48,62,48,0.774193548,1
b31r_sop3_longestoverlap_ISI_6_test,b31r,p3,Span,single,6,2,0.76,2.63,16,Eng,62,48,62,48,0.774193548,1
b31r_sop3_longestoverlap_ISI_7_test,b31r,p3,Span,single,7,6,2.48,2.42,16,Eng,62,48,62,48,0.774193548,1
b31r_sop3_longestoverlap_ISI_8_test,b31r,p3,Span,single,8,12,3.6,3.33,16,Eng,62,48,62,48,0.774193548,1
b31r_sop3_longestoverlap_ISI_9_test,b31r,p3,Span,single,9,10,2.84,3.52,16,Eng,62,48,62,48,0.774193548,1
b31r_sop3_longestoverlap_ISI_10_test,b31r,p3,Span,single,10,9,2.4,3.75,16,Eng,62,48,62,48,0.774193548,1
b31r_sdp4_longestoverlap_ISI_0_test,b31r,p4,Span,mixed,0,3,0.78,3.85,16,Eng,62,48,62,48,0.774193548,1
b31r_sdp4_longestoverlap_ISI_2_test,b31r,p4,Span,mixed,2,8,1.56,5.13,16,Eng,62,48,62,48,0.774193548,1
b31r_sdp4_longestoverlap_ISI_3_test,b31r,p4,Span,mixed,3,11,2.78,3.96,16,Eng,62,48,62,48,0.774193548,1
b31r_sdp4_longestoverlap_ISI_4_test,b31r,p4,Span,mixed,4,9,2.24,4.02,16,Eng,62,48,62,48,0.774193548,1
b31r_sdp4_longestoverlap_ISI_5_test,b31r,p4,Span,mixed,5,7,1.68,4.17,16,Eng,62,48,62,48,0.774193548,1
b31r_sdp4_longestoverlap_ISI_6_test,b31r,p4,Span,mixed,6,6,1.52,3.95,16,Eng,62,48,62,48,0.774193548,1
b31r_sdp4_longestoverlap_ISI_7_test,b31r,p4,Span,mixed,7,6,1.98,3.03,16,Eng,62,48,62,48,0.774193548,1
b31r_sdp4_longestoverlap_ISI_8_test,b31r,p4,Span,mixed,8,6,1.92,3.12,16,Eng,62,48,62,48,0.774193548,1
b31r_sdp4_longestoverlap_ISI_9_test,b31r,p4,Span,mixed,9,7,1.68,4.17,16,Eng,62,48,62,48,0.774193548,1
b31r_sdp4_longestoverlap_ISI_10_test,b31r,p4,Span,mixed,10,7,1.94,3.61,16,Eng,62,48,62,48,0.774193548,1
b31r_sop4_longestoverlap_ISI_0_test,b31r,p4,Span,single,0,2,1.04,1.92,16,Eng,62,48,62,48,0.774193548,1
b31r_sop4_longestoverlap_ISI_2_test,b31r,p4,Span,single,2,6,1.84,3.26,16,Eng,62,48,62,48,0.774193548,1
b31r_sop4_longestoverlap_ISI_3_test,b31r,p4,Span,single,3,13,3.3,3.94,16,Eng,62,48,62,48,0.774193548,1
b31r_sop4_longestoverlap_ISI_4_test,b31r,p4,Span,single,4,10,2.52,3.97,16,Eng,62,48,62,48,0.774193548,1
b31r_sop4_longestoverlap_ISI_5_test,b31r,p4,Span,single,5,6,2.6,2.31,16,Eng,62,48,62,48,0.774193548,1
b31r_sop4_longestoverlap_ISI_6_test,b31r,p4,Span,single,6,4,1.54,2.6,16,Eng,62,48,62,48,0.774193548,1
b31r_sop4_longestoverlap_ISI_7_test,b31r,p4,Span,single,7,6,1.82,3.3,16,Eng,62,48,62,48,0.774193548,1
b31r_sop4_longestoverlap_ISI_8_test,b31r,p4,Span,single,8,6,1.9,3.16,16,Eng,62,48,62,48,0.774193548,1
b31r_sop4_longestoverlap_ISI_9_test,b31r,p4,Span,single,9,5,1.62,3.09,16,Eng,62,48,62,48,0.774193548,1
b31r_sop4_longestoverlap_ISI_10_test,b31r,p4,Span,single,10,8,1.78,4.49,16,Eng,62,48,62,48,0.774193548,1
b32_sdp3_longestoverlap_ISI_0_test,b32,p3,Span,mixed,0,7,1.72,4.07,17,Eng,67,49,67,49,0.731343284,3
b32_sdp3_longestoverlap_ISI_1_test,b32,p3,Span,mixed,1,5,1.88,2.66,17,Eng,67,49,67,49,0.731343284,3
b32_sdp3_longestoverlap_ISI_2_test,b32,p3,Span,mixed,2,7,1.94,3.61,17,Eng,67,49,67,49,0.731343284,3
b32_sdp3_longestoverlap_ISI_3_test,b32,p3,Span,mixed,3,2,0.88,2.27,17,Eng,67,49,67,49,0.731343284,3
b32_sdp3_longestoverlap_ISI_4_test,b32,p3,Span,mixed,4,3,1.24,2.42,17,Eng,67,49,67,49,0.731343284,3
b32_sdp3_longestoverlap_ISI_6_test,b32,p3,Span,mixed,6,4,1.92,2.08,17,Eng,67,49,67,49,0.731343284,3
b32_sdp3_longestoverlap_ISI_7_test,b32,p3,Span,mixed,7,4,1.18,3.39,17,Eng,67,49,67,49,0.731343284,3
b32_sdp3_longestoverlap_ISI_8_test,b32,p3,Span,mixed,8,19,4.34,4.38,17,Eng,67,49,67,49,0.731343284,3
b32_sdp3_longestoverlap_ISI_9_test,b32,p3,Span,mixed,9,12,2.44,4.92,17,Eng,67,49,67,49,0.731343284,3
b32_sdp3_longestoverlap_ISI_10_test,b32,p3,Span,mixed,10,6,2,3,17,Eng,67,49,67,49,0.731343284,3
b32_sop3_longestoverlap_ISI_0_test,b32,p3,Span,single,0,7,2.06,3.4,17,Eng,67,49,67,49,0.731343284,3
b32_sop3_longestoverlap_ISI_1_test,b32,p3,Span,single,1,4,2.24,1.79,17,Eng,67,49,67,49,0.731343284,3
b32_sop3_longestoverlap_ISI_2_test,b32,p3,Span,single,2,6,1.7,3.53,17,Eng,67,49,67,49,0.731343284,3
b32_sop3_longestoverlap_ISI_3_test,b32,p3,Span,single,3,2,0.74,2.7,17,Eng,67,49,67,49,0.731343284,3
b32_sop3_longestoverlap_ISI_4_test,b32,p3,Span,single,4,5,1.08,4.63,17,Eng,67,49,67,49,0.731343284,3
b32_sop3_longestoverlap_ISI_6_test,b32,p3,Span,single,6,5,1.82,2.75,17,Eng,67,49,67,49,0.731343284,3
b32_sop3_longestoverlap_ISI_7_test,b32,p3,Span,single,7,2,1.02,1.96,17,Eng,67,49,67,49,0.731343284,3
b32_sop3_longestoverlap_ISI_8_test,b32,p3,Span,single,8,17,4.8,3.54,17,Eng,67,49,67,49,0.731343284,3
b32_sop3_longestoverlap_ISI_9_test,b32,p3,Span,single,9,14,2.98,4.7,17,Eng,67,49,67,49,0.731343284,3
b32_sop3_longestoverlap_ISI_10_test,b32,p3,Span,single,10,9,1.84,4.89,17,Eng,67,49,67,49,0.731343284,3
b32_sdp4_longestoverlap_ISI_0_test,b32,p4,Span,mixed,0,5,1.1,4.54,17,Eng,67,49,67,49,0.731343284,3
b32_sdp4_longestoverlap_ISI_1_test,b32,p4,Span,mixed,1,4,0.94,4.25,17,Eng,67,49,67,49,0.731343284,3
b32_sdp4_longestoverlap_ISI_2_test,b32,p4,Span,mixed,2,5,1.1,4.54,17,Eng,67,49,67,49,0.731343284,3
b32_sdp4_longestoverlap_ISI_3_test,b32,p4,Span,mixed,3,9,2.42,3.72,17,Eng,67,49,67,49,0.731343284,3
b32_sdp4_longestoverlap_ISI_4_test,b32,p4,Span,mixed,4,13,3.76,3.46,17,Eng,67,49,67,49,0.731343284,3
b32_sdp4_longestoverlap_ISI_5_test,b32,p4,Span,mixed,5,8,1.7,4.71,17,Eng,67,49,67,49,0.731343284,3
b32_sdp4_longestoverlap_ISI_6_test,b32,p4,Span,mixed,6,12,2.86,4.2,17,Eng,67,49,67,49,0.731343284,3
b32_sdp4_longestoverlap_ISI_7_test,b32,p4,Span,mixed,7,5,1.16,4.31,17,Eng,67,49,67,49,0.731343284,3
b32_sdp4_longestoverlap_ISI_8_test,b32,p4,Span,mixed,8,4,1.58,2.53,17,Eng,67,49,67,49,0.731343284,3
b32_sop4_longestoverlap_ISI_0_test,b32,p4,Span,single,0,4,1.44,2.78,17,Eng,67,49,67,49,0.731343284,3
b32_sop4_longestoverlap_ISI_1_test,b32,p4,Span,single,1,3,1.06,2.83,17,Eng,67,49,67,49,0.731343284,3
b32_sop4_longestoverlap_ISI_2_test,b32,p4,Span,single,2,3,1.08,2.78,17,Eng,67,49,67,49,0.731343284,3
b32_sop4_longestoverlap_ISI_3_test,b32,p4,Span,single,3,11,2.8,3.93,17,Eng,67,49,67,49,0.731343284,3
b32_sop4_longestoverlap_ISI_4_test,b32,p4,Span,single,4,16,3.68,4.35,17,Eng,67,49,67,49,0.731343284,3
b32_sop4_longestoverlap_ISI_5_test,b32,p4,Span,single,5,7,1.66,4.22,17,Eng,67,49,67,49,0.731343284,3
b32_sop4_longestoverlap_ISI_6_test,b32,p4,Span,single,6,13,2.94,4.42,17,Eng,67,49,67,49,0.731343284,3
b32_sop4_longestoverlap_ISI_7_test,b32,p4,Span,single,7,5,1.38,3.62,17,Eng,67,49,67,49,0.731343284,3
b32_sop4_longestoverlap_ISI_8_test,b32,p4,Span,single,8,4,1.34,2.98,17,Eng,67,49,67,49,0.731343284,3
b33r_sdp3_longestoverlap_ISI_0_test,b33r,p3,Span,mixed,0,8,2.26,3.54,2,Eng,54,42,54,42,0.777777778,4
b33r_sdp3_longestoverlap_ISI_1_test,b33r,p3,Span,mixed,1,4,1.18,3.39,2,Eng,54,42,54,42,0.777777778,4
b33r_sdp3_longestoverlap_ISI_2_test,b33r,p3,Span,mixed,2,4,1.08,3.7,2,Eng,54,42,54,42,0.777777778,4
b33r_sdp3_longestoverlap_ISI_3_test,b33r,p3,Span,mixed,3,4,1.14,3.51,2,Eng,54,42,54,42,0.777777778,4
b33r_sdp3_longestoverlap_ISI_4_test,b33r,p3,Span,mixed,4,5,1.56,3.2,2,Eng,54,42,54,42,0.777777778,4
b33r_sdp3_longestoverlap_ISI_5_test,b33r,p3,Span,mixed,5,12,3.18,3.77,2,Eng,54,42,54,42,0.777777778,4
b33r_sdp3_longestoverlap_ISI_6_test,b33r,p3,Span,mixed,6,6,2.46,2.44,2,Eng,54,42,54,42,0.777777778,4
b33r_sdp3_longestoverlap_ISI_7_test,b33r,p3,Span,mixed,7,6,1.84,3.26,2,Eng,54,42,54,42,0.777777778,4
b33r_sdp3_longestoverlap_ISI_8_test,b33r,p3,Span,mixed,8,8,2.18,3.67,2,Eng,54,42,54,42,0.777777778,4
b33r_sdp3_longestoverlap_ISI_9_test,b33r,p3,Span,mixed,9,8,2.88,2.78,2,Eng,54,42,54,42,0.777777778,4
b33r_sdp3_longestoverlap_ISI_10_test,b33r,p3,Span,mixed,10,8,2.56,3.12,2,Eng,54,42,54,42,0.777777778,4
b33r_sop3_longestoverlap_ISI_0_test,b33r,p3,Span,single,0,8,2.04,3.92,2,Eng,54,42,54,42,0.777777778,4
b33r_sop3_longestoverlap_ISI_1_test,b33r,p3,Span,single,1,3,1.06,2.83,2,Eng,54,42,54,42,0.777777778,4
b33r_sop3_longestoverlap_ISI_2_test,b33r,p3,Span,single,2,3,1.12,2.68,2,Eng,54,42,54,42,0.777777778,4
b33r_sop3_longestoverlap_ISI_3_test,b33r,p3,Span,single,3,2,0.84,2.38,2,Eng,54,42,54,42,0.777777778,4
b33r_sop3_longestoverlap_ISI_4_test,b33r,p3,Span,single,4,5,1.4,3.57,2,Eng,54,42,54,42,0.777777778,4
b33r_sop3_longestoverlap_ISI_5_test,b33r,p3,Span,single,5,11,2.58,4.26,2,Eng,54,42,54,42,0.777777778,4
b33r_sop3_longestoverlap_ISI_6_test,b33r,p3,Span,single,6,6,2.24,2.68,2,Eng,54,42,54,42,0.777777778,4
b33r_sop3_longestoverlap_ISI_7_test,b33r,p3,Span,single,7,6,1.54,3.9,2,Eng,54,42,54,42,0.777777778,4
b33r_sop3_longestoverlap_ISI_8_test,b33r,p3,Span,single,8,6,2.08,2.88,2,Eng,54,42,54,42,0.777777778,4
b33r_sop3_longestoverlap_ISI_9_test,b33r,p3,Span,single,9,9,2.52,3.57,2,Eng,54,42,54,42,0.777777778,4
b33r_sop3_longestoverlap_ISI_10_test,b33r,p3,Span,single,10,8,2.36,3.39,2,Eng,54,42,54,42,0.777777778,4
b33r_sdp4_longestoverlap_ISI_0_test,b33r,p4,Span,mixed,0,6,1.84,3.26,2,Eng,54,42,54,42,0.777777778,4
b33r_sdp4_longestoverlap_ISI_1_test,b33r,p4,Span,mixed,1,3,1.34,2.24,2,Eng,54,42,54,42,0.777777778,4
b33r_sdp4_longestoverlap_ISI_2_test,b33r,p4,Span,mixed,2,8,2.98,2.68,2,Eng,54,42,54,42,0.777777778,4
b33r_sdp4_longestoverlap_ISI_3_test,b33r,p4,Span,mixed,3,7,1.98,3.54,2,Eng,54,42,54,42,0.777777778,4
b33r_sdp4_longestoverlap_ISI_4_test,b33r,p4,Span,mixed,4,11,2.5,4.4,2,Eng,54,42,54,42,0.777777778,4
b33r_sdp4_longestoverlap_ISI_5_test,b33r,p4,Span,mixed,5,3,1.14,2.63,2,Eng,54,42,54,42,0.777777778,4
b33r_sdp4_longestoverlap_ISI_6_test,b33r,p4,Span,mixed,6,4,1.44,2.78,2,Eng,54,42,54,42,0.777777778,4
b33r_sdp4_longestoverlap_ISI_7_test,b33r,p4,Span,mixed,7,5,1.6,3.12,2,Eng,54,42,54,42,0.777777778,4
b33r_sdp4_longestoverlap_ISI_8_test,b33r,p4,Span,mixed,8,5,2.16,2.31,2,Eng,54,42,54,42,0.777777778,4
b33r_sdp4_longestoverlap_ISI_9_test,b33r,p4,Span,mixed,9,4,1.58,2.53,2,Eng,54,42,54,42,0.777777778,4
b33r_sdp4_longestoverlap_ISI_10_test,b33r,p4,Span,mixed,10,4,1.36,2.94,2,Eng,54,42,54,42,0.777777778,4
b33r_sop4_longestoverlap_ISI_0_test,b33r,p4,Span,single,0,4,1.98,2.02,2,Eng,54,42,54,42,0.777777778,4
b33r_sop4_longestoverlap_ISI_1_test,b33r,p4,Span,single,1,4,1.2,3.33,2,Eng,54,42,54,42,0.777777778,4
b33r_sop4_longestoverlap_ISI_2_test,b33r,p4,Span,single,2,7,2.74,2.55,2,Eng,54,42,54,42,0.777777778,4
b33r_sop4_longestoverlap_ISI_3_test,b33r,p4,Span,single,3,5,1.96,2.55,2,Eng,54,42,54,42,0.777777778,4
b33r_sop4_longestoverlap_ISI_4_test,b33r,p4,Span,single,4,8,2.34,3.42,2,Eng,54,42,54,42,0.777777778,4
b33r_sop4_longestoverlap_ISI_5_test,b33r,p4,Span,single,5,4,1.3,3.08,2,Eng,54,42,54,42,0.777777778,4
b33r_sop4_longestoverlap_ISI_6_test,b33r,p4,Span,single,6,4,1.52,2.63,2,Eng,54,42,54,42,0.777777778,4
b33r_sop4_longestoverlap_ISI_7_test,b33r,p4,Span,single,7,6,1.82,3.3,2,Eng,54,42,54,42,0.777777778,4
b33r_sop4_longestoverlap_ISI_8_test,b33r,p4,Span,single,8,5,2.14,2.34,2,Eng,54,42,54,42,0.777777778,4
b33r_sop4_longestoverlap_ISI_9_test,b33r,p4,Span,single,9,4,1.6,2.5,2,Eng,54,42,54,42,0.777777778,4
b33r_sop4_longestoverlap_ISI_10_test,b33r,p4,Span,single,10,5,1.5,3.33,2,Eng,54,42,54,42,0.777777778,4
b34_sdp3_longestoverlap_ISI_0_test,b34,p3,Span,mixed,0,8,2.54,3.15,3,Eng,72,55,72,55,0.763888889,6
b34_sdp3_longestoverlap_ISI_1_test,b34,p3,Span,mixed,1,10,2.16,4.63,3,Eng,72,55,72,55,0.763888889,6
b34_sdp3_longestoverlap_ISI_2_test,b34,p3,Span,mixed,2,6,1.76,3.41,3,Eng,72,55,72,55,0.763888889,6
b34_sdp3_longestoverlap_ISI_4_test,b34,p3,Span,mixed,4,3,1.16,2.59,3,Eng,72,55,72,55,0.763888889,6
b34_sdp3_longestoverlap_ISI_5_test,b34,p3,Span,mixed,5,4,0.94,4.25,3,Eng,72,55,72,55,0.763888889,6
b34_sdp3_longestoverlap_ISI_6_test,b34,p3,Span,mixed,6,5,1.62,3.09,3,Eng,72,55,72,55,0.763888889,6
b34_sdp3_longestoverlap_ISI_7_test,b34,p3,Span,mixed,7,6,1.82,3.3,3,Eng,72,55,72,55,0.763888889,6
b34_sdp3_longestoverlap_ISI_8_test,b34,p3,Span,mixed,8,12,2.88,4.17,3,Eng,72,55,72,55,0.763888889,6
b34_sdp3_longestoverlap_ISI_9_test,b34,p3,Span,mixed,9,10,2.44,4.1,3,Eng,72,55,72,55,0.763888889,6
b34_sdp3_longestoverlap_ISI_10_test,b34,p3,Span,mixed,10,8,1.94,4.12,3,Eng,72,55,72,55,0.763888889,6
b34_sop3_longestoverlap_ISI_0_test,b34,p3,Span,single,0,9,2.52,3.57,3,Eng,72,55,72,55,0.763888889,6
b34_sop3_longestoverlap_ISI_1_test,b34,p3,Span,single,1,8,2.24,3.57,3,Eng,72,55,72,55,0.763888889,6
b34_sop3_longestoverlap_ISI_2_test,b34,p3,Span,single,2,9,1.86,4.84,3,Eng,72,55,72,55,0.763888889,6
b34_sop3_longestoverlap_ISI_4_test,b34,p3,Span,single,4,4,1.18,3.39,3,Eng,72,55,72,55,0.763888889,6
b34_sop3_longestoverlap_ISI_5_test,b34,p3,Span,single,5,4,1.04,3.84,3,Eng,72,55,72,55,0.763888889,6
b34_sop3_longestoverlap_ISI_6_test,b34,p3,Span,single,6,4,1.46,2.74,3,Eng,72,55,72,55,0.763888889,6
b34_sop3_longestoverlap_ISI_7_test,b34,p3,Span,single,7,7,1.74,4.02,3,Eng,72,55,72,55,0.763888889,6
b34_sop3_longestoverlap_ISI_8_test,b34,p3,Span,single,8,12,2.82,4.25,3,Eng,72,55,72,55,0.763888889,6
b34_sop3_longestoverlap_ISI_9_test,b34,p3,Span,single,9,10,2.46,4.06,3,Eng,72,55,72,55,0.763888889,6
b34_sop3_longestoverlap_ISI_10_test,b34,p3,Span,single,10,6,1.7,3.53,3,Eng,72,55,72,55,0.763888889,6
b34_sdp4_longestoverlap_ISI_0_test,b34,p4,Span,mixed,0,4,1.2,3.33,3,Eng,72,55,72,55,0.763888889,6
b34_sdp4_longestoverlap_ISI_1_test,b34,p4,Span,mixed,1,4,1.06,3.77,3,Eng,72,55,72,55,0.763888889,6
b34_sdp4_longestoverlap_ISI_2_test,b34,p4,Span,mixed,2,12,2.46,4.88,3,Eng,72,55,72,55,0.763888889,6
b34_sdp4_longestoverlap_ISI_3_test,b34,p4,Span,mixed,3,14,3.08,4.54,3,Eng,72,55,72,55,0.763888889,6
b34_sdp4_longestoverlap_ISI_4_test,b34,p4,Span,mixed,4,6,1.7,3.53,3,Eng,72,55,72,55,0.763888889,6
b34_sdp4_longestoverlap_ISI_5_test,b34,p4,Span,mixed,5,4,1.18,3.39,3,Eng,72,55,72,55,0.763888889,6
b34_sdp4_longestoverlap_ISI_6_test,b34,p4,Span,mixed,6,11,2.7,4.07,3,Eng,72,55,72,55,0.763888889,6
b34_sdp4_longestoverlap_ISI_7_test,b34,p4,Span,mixed,7,5,1.34,3.73,3,Eng,72,55,72,55,0.763888889,6
b34_sdp4_longestoverlap_ISI_8_test,b34,p4,Span,mixed,8,6,1.36,4.41,3,Eng,72,55,72,55,0.763888889,6
b34_sdp4_longestoverlap_ISI_9_test,b34,p4,Span,mixed,9,4,1.32,3.03,3,Eng,72,55,72,55,0.763888889,6
b34_sdp4_longestoverlap_ISI_10_test,b34,p4,Span,mixed,10,6,1.42,4.22,3,Eng,72,55,72,55,0.763888889,6
b34_sop4_longestoverlap_ISI_0_test,b34,p4,Span,single,0,3,1.14,2.63,3,Eng,72,55,72,55,0.763888889,6
b34_sop4_longestoverlap_ISI_1_test,b34,p4,Span,single,1,4,0.96,4.17,3,Eng,72,55,72,55,0.763888889,6
b34_sop4_longestoverlap_ISI_2_test,b34,p4,Span,single,2,10,2.4,4.17,3,Eng,72,55,72,55,0.763888889,6
b34_sop4_longestoverlap_ISI_3_test,b34,p4,Span,single,3,13,2.74,4.74,3,Eng,72,55,72,55,0.763888889,6
b34_sop4_longestoverlap_ISI_4_test,b34,p4,Span,single,4,9,1.82,4.94,3,Eng,72,55,72,55,0.763888889,6
b34_sop4_longestoverlap_ISI_5_test,b34,p4,Span,single,5,3,1.24,2.42,3,Eng,72,55,72,55,0.763888889,6
b34_sop4_longestoverlap_ISI_6_test,b34,p4,Span,single,6,11,2.46,4.47,3,Eng,72,55,72,55,0.763888889,6
b34_sop4_longestoverlap_ISI_7_test,b34,p4,Span,single,7,3,1.24,2.42,3,Eng,72,55,72,55,0.763888889,6
b34_sop4_longestoverlap_ISI_8_test,b34,p4,Span,single,8,5,1.32,3.79,3,Eng,72,55,72,55,0.763888889,6
b34_sop4_longestoverlap_ISI_9_test,b34,p4,Span,single,9,7,2.08,3.36,3,Eng,72,55,72,55,0.763888889,6
b34_sop4_longestoverlap_ISI_10_test,b34,p4,Span,single,10,7,1.3,5.38,3,Eng,72,55,72,55,0.763888889,6
b35_sdp3_longestoverlap_ISI_0_test,b35,p3,Span,mixed,0,7,1.8,3.89,4,Eng,60,54,60,54,0.9,10
b35_sdp3_longestoverlap_ISI_1_test,b35,p3,Span,mixed,1,10,2.64,3.79,4,Eng,60,54,60,54,0.9,10
b35_sdp3_longestoverlap_ISI_2_test,b35,p3,Span,mixed,2,9,2.06,4.37,4,Eng,60,54,60,54,0.9,10
b35_sdp3_longestoverlap_ISI_4_test,b35,p3,Span,mixed,4,4,1.24,3.23,4,Eng,60,54,60,54,0.9,10
b35_sdp3_longestoverlap_ISI_5_test,b35,p3,Span,mixed,5,3,1.18,2.54,4,Eng,60,54,60,54,0.9,10
b35_sdp3_longestoverlap_ISI_6_test,b35,p3,Span,mixed,6,3,1.18,2.54,4,Eng,60,54,60,54,0.9,10
b35_sdp3_longestoverlap_ISI_7_test,b35,p3,Span,mixed,7,4,1.5,2.67,4,Eng,60,54,60,54,0.9,10
b35_sdp3_longestoverlap_ISI_8_test,b35,p3,Span,mixed,8,12,3.24,3.7,4,Eng,60,54,60,54,0.9,10
b35_sdp3_longestoverlap_ISI_9_test,b35,p3,Span,mixed,9,8,1.78,4.49,4,Eng,60,54,60,54,0.9,10
b35_sdp3_longestoverlap_ISI_10_test,b35,p3,Span,mixed,10,3,0.98,3.06,4,Eng,60,54,60,54,0.9,10
b35_sop3_longestoverlap_ISI_0_test,b35,p3,Span,single,0,7,1.66,4.22,4,Eng,60,54,60,54,0.9,10
b35_sop3_longestoverlap_ISI_1_test,b35,p3,Span,single,1,10,2.52,3.97,4,Eng,60,54,60,54,0.9,10
b35_sop3_longestoverlap_ISI_2_test,b35,p3,Span,single,2,6,1.76,3.41,4,Eng,60,54,60,54,0.9,10
b35_sop3_longestoverlap_ISI_4_test,b35,p3,Span,single,4,5,1.18,4.24,4,Eng,60,54,60,54,0.9,10
b35_sop3_longestoverlap_ISI_5_test,b35,p3,Span,single,5,2,1.04,1.92,4,Eng,60,54,60,54,0.9,10
b35_sop3_longestoverlap_ISI_6_test,b35,p3,Span,single,6,3,1.12,2.68,4,Eng,60,54,60,54,0.9,10
b35_sop3_longestoverlap_ISI_7_test,b35,p3,Span,single,7,3,1.14,2.63,4,Eng,60,54,60,54,0.9,10
b35_sop3_longestoverlap_ISI_8_test,b35,p3,Span,single,8,12,2.98,4.03,4,Eng,60,54,60,54,0.9,10
b35_sop3_longestoverlap_ISI_9_test,b35,p3,Span,single,9,8,1.86,4.3,4,Eng,60,54,60,54,0.9,10
b35_sop3_longestoverlap_ISI_10_test,b35,p3,Span,single,10,4,0.94,4.25,4,Eng,60,54,60,54,0.9,10
b35_sdp4_longestoverlap_ISI_0_test,b35,p4,Span,mixed,0,4,1.28,3.12,4,Eng,60,54,60,54,0.9,10
b35_sdp4_longestoverlap_ISI_1_test,b35,p4,Span,mixed,1,4,1.18,3.39,4,Eng,60,54,60,54,0.9,10
b35_sdp4_longestoverlap_ISI_2_test,b35,p4,Span,mixed,2,6,1.56,3.85,4,Eng,60,54,60,54,0.9,10
b35_sdp4_longestoverlap_ISI_3_test,b35,p4,Span,mixed,3,9,2.22,4.05,4,Eng,60,54,60,54,0.9,10
b35_sdp4_longestoverlap_ISI_4_test,b35,p4,Span,mixed,4,10,2.48,4.03,4,Eng,60,54,60,54,0.9,10
b35_sdp4_longestoverlap_ISI_5_test,b35,p4,Span,mixed,5,9,2.44,3.69,4,Eng,60,54,60,54,0.9,10
b35_sdp4_longestoverlap_ISI_6_test,b35,p4,Span,mixed,6,4,1.36,2.94,4,Eng,60,54,60,54,0.9,10
b35_sdp4_longestoverlap_ISI_7_test,b35,p4,Span,mixed,7,5,1.26,3.97,4,Eng,60,54,60,54,0.9,10
b35_sdp4_longestoverlap_ISI_8_test,b35,p4,Span,mixed,8,5,1.34,3.73,4,Eng,60,54,60,54,0.9,10
b35_sdp4_longestoverlap_ISI_9_test,b35,p4,Span,mixed,9,6,1.36,4.41,4,Eng,60,54,60,54,0.9,10
b35_sdp4_longestoverlap_ISI_10_test,b35,p4,Span,mixed,10,7,1.48,4.73,4,Eng,60,54,60,54,0.9,10
b35_sop4_longestoverlap_ISI_0_test,b35,p4,Span,single,0,5,1.26,3.97,4,Eng,60,54,60,54,0.9,10
b35_sop4_longestoverlap_ISI_1_test,b35,p4,Span,single,1,4,0.98,4.08,4,Eng,60,54,60,54,0.9,10
b35_sop4_longestoverlap_ISI_2_test,b35,p4,Span,single,2,7,1.66,4.22,4,Eng,60,54,60,54,0.9,10
b35_sop4_longestoverlap_ISI_3_test,b35,p4,Span,single,3,8,2,4,4,Eng,60,54,60,54,0.9,10
b35_sop4_longestoverlap_ISI_4_test,b35,p4,Span,single,4,10,2.42,4.13,4,Eng,60,54,60,54,0.9,10
b35_sop4_longestoverlap_ISI_5_test,b35,p4,Span,single,5,12,2.48,4.84,4,Eng,60,54,60,54,0.9,10
b35_sop4_longestoverlap_ISI_6_test,b35,p4,Span,single,6,4,1.38,2.9,4,Eng,60,54,60,54,0.9,10
b35_sop4_longestoverlap_ISI_7_test,b35,p4,Span,single,7,5,1.28,3.91,4,Eng,60,54,60,54,0.9,10
b35_sop4_longestoverlap_ISI_8_test,b35,p4,Span,single,8,4,1.2,3.33,4,Eng,60,54,60,54,0.9,10
b35_sop4_longestoverlap_ISI_9_test,b35,p4,Span,single,9,5,1.32,3.79,4,Eng,60,54,60,54,0.9,10
b35_sop4_longestoverlap_ISI_10_test,b35,p4,Span,single,10,7,1.56,4.49,4,Eng,60,54,60,54,0.9,10
b36_sdp3_longestoverlap_ISI_0_test,b36,p3,Span,mixed,0,9,2,4.5,5,Eng,71,32,71,32,0.450704225,0
b36_sdp3_longestoverlap_ISI_1_test,b36,p3,Span,mixed,1,5,1.44,3.47,5,Eng,71,32,71,32,0.450704225,0
b36_sdp3_longestoverlap_ISI_2_test,b36,p3,Span,mixed,2,10,2.58,3.88,5,Eng,71,32,71,32,0.450704225,0
b36_sdp3_longestoverlap_ISI_4_test,b36,p3,Span,mixed,4,5,1.62,3.09,5,Eng,71,32,71,32,0.450704225,0
b36_sdp3_longestoverlap_ISI_5_test,b36,p3,Span,mixed,5,7,1.88,3.72,5,Eng,71,32,71,32,0.450704225,0
b36_sdp3_longestoverlap_ISI_7_test,b36,p3,Span,mixed,7,5,1.54,3.25,5,Eng,71,32,71,32,0.450704225,0
b36_sdp3_longestoverlap_ISI_8_test,b36,p3,Span,mixed,8,5,1.94,2.58,5,Eng,71,32,71,32,0.450704225,0
b36_sdp3_longestoverlap_ISI_9_test,b36,p3,Span,mixed,9,13,3.42,3.8,5,Eng,71,32,71,32,0.450704225,0
b36_sdp3_longestoverlap_ISI_10_test,b36,p3,Span,mixed,10,7,2.04,3.43,5,Eng,71,32,71,32,0.450704225,0
b36_sop3_longestoverlap_ISI_0_test,b36,p3,Span,single,0,6,1.6,3.75,5,Eng,71,32,71,32,0.450704225,0
b36_sop3_longestoverlap_ISI_1_test,b36,p3,Span,single,1,5,1.2,4.17,5,Eng,71,32,71,32,0.450704225,0
b36_sop3_longestoverlap_ISI_2_test,b36,p3,Span,single,2,8,1.86,4.3,5,Eng,71,32,71,32,0.450704225,0
b36_sop3_longestoverlap_ISI_4_test,b36,p3,Span,single,4,4,1.36,2.94,5,Eng,71,32,71,32,0.450704225,0
b36_sop3_longestoverlap_ISI_5_test,b36,p3,Span,single,5,4,1.26,3.17,5,Eng,71,32,71,32,0.450704225,0
b36_sop3_longestoverlap_ISI_7_test,b36,p3,Span,single,7,6,1.3,4.61,5,Eng,71,32,71,32,0.450704225,0
b36_sop3_longestoverlap_ISI_8_test,b36,p3,Span,single,8,6,1.7,3.53,5,Eng,71,32,71,32,0.450704225,0
b36_sop3_longestoverlap_ISI_9_test,b36,p3,Span,single,9,10,3,3.33,5,Eng,71,32,71,32,0.450704225,0
b36_sop3_longestoverlap_ISI_10_test,b36,p3,Span,single,10,5,1.48,3.38,5,Eng,71,32,71,32,0.450704225,0
b36_sdp4_longestoverlap_ISI_0_test,b36,p4,Span,mixed,0,3,1.56,1.92,5,Eng,71,32,71,32,0.450704225,0
b36_sdp4_longestoverlap_ISI_1_test,b36,p4,Span,mixed,1,5,1.18,4.24,5,Eng,71,32,71,32,0.450704225,0
b36_sdp4_longestoverlap_ISI_2_test,b36,p4,Span,mixed,2,5,2.08,2.4,5,Eng,71,32,71,32,0.450704225,0
b36_sdp4_longestoverlap_ISI_3_test,b36,p4,Span,mixed,3,9,2.54,3.54,5,Eng,71,32,71,32,0.450704225,0
b36_sdp4_longestoverlap_ISI_4_test,b36,p4,Span,mixed,4,7,2.12,3.3,5,Eng,71,32,71,32,0.450704225,0
b36_sdp4_longestoverlap_ISI_5_test,b36,p4,Span,mixed,5,6,1.52,3.95,5,Eng,71,32,71,32,0.450704225,0
b36_sdp4_longestoverlap_ISI_6_test,b36,p4,Span,mixed,6,6,1.9,3.16,5,Eng,71,32,71,32,0.450704225,0
b36_sdp4_longestoverlap_ISI_7_test,b36,p4,Span,mixed,7,8,1.64,4.88,5,Eng,71,32,71,32,0.450704225,0
b36_sdp4_longestoverlap_ISI_8_test,b36,p4,Span,mixed,8,5,1.74,2.87,5,Eng,71,32,71,32,0.450704225,0
b36_sdp4_longestoverlap_ISI_9_test,b36,p4,Span,mixed,9,6,1.72,3.49,5,Eng,71,32,71,32,0.450704225,0
b36_sdp4_longestoverlap_ISI_10_test,b36,p4,Span,mixed,10,5,0.94,5.32,5,Eng,71,32,71,32,0.450704225,0
b36_sop4_longestoverlap_ISI_0_test,b36,p4,Span,single,0,4,1.38,2.9,5,Eng,71,32,71,32,0.450704225,0
b36_sop4_longestoverlap_ISI_1_test,b36,p4,Span,single,1,4,0.86,4.65,5,Eng,71,32,71,32,0.450704225,0
b36_sop4_longestoverlap_ISI_2_test,b36,p4,Span,single,2,8,2.06,3.88,5,Eng,71,32,71,32,0.450704225,0
b36_sop4_longestoverlap_ISI_3_test,b36,p4,Span,single,3,9,2.54,3.54,5,Eng,71,32,71,32,0.450704225,0
b36_sop4_longestoverlap_ISI_4_test,b36,p4,Span,single,4,7,2,3.5,5,Eng,71,32,71,32,0.450704225,0
b36_sop4_longestoverlap_ISI_5_test,b36,p4,Span,single,5,4,1.12,3.57,5,Eng,71,32,71,32,0.450704225,0
b36_sop4_longestoverlap_ISI_6_test,b36,p4,Span,single,6,4,1.86,2.15,5,Eng,71,32,71,32,0.450704225,0
b36_sop4_longestoverlap_ISI_7_test,b36,p4,Span,single,7,5,1.4,3.57,5,Eng,71,32,71,32,0.450704225,0
b36_sop4_longestoverlap_ISI_8_test,b36,p4,Span,single,8,4,1.42,2.82,5,Eng,71,32,71,32,0.450704225,0
b36_sop4_longestoverlap_ISI_9_test,b36,p4,Span,single,9,4,1.3,3.08,5,Eng,71,32,71,32,0.450704225,0
b36_sop4_longestoverlap_ISI_10_test,b36,p4,Span,single,10,5,1.04,4.81,5,Eng,71,32,71,32,0.450704225,0
b37r_sdp3_longestoverlap_ISI_0_test,b37r,p3,Span,mixed,0,13,3.02,4.3,6,Eng,62,55,62,55,0.887096774,5
b37r_sdp3_longestoverlap_ISI_1_test,b37r,p3,Span,mixed,1,9,2.74,3.28,6,Eng,62,55,62,55,0.887096774,5
b37r_sdp3_longestoverlap_ISI_2_test,b37r,p3,Span,mixed,2,11,2.4,4.58,6,Eng,62,55,62,55,0.887096774,5
b37r_sdp3_longestoverlap_ISI_3_test,b37r,p3,Span,mixed,3,3,0.94,3.19,6,Eng,62,55,62,55,0.887096774,5
b37r_sdp3_longestoverlap_ISI_4_test,b37r,p3,Span,mixed,4,5,1.62,3.09,6,Eng,62,55,62,55,0.887096774,5
b37r_sdp3_longestoverlap_ISI_5_test,b37r,p3,Span,mixed,5,5,1.52,3.29,6,Eng,62,55,62,55,0.887096774,5
b37r_sdp3_longestoverlap_ISI_7_test,b37r,p3,Span,mixed,7,8,2.52,3.17,6,Eng,62,55,62,55,0.887096774,5
b37r_sdp3_longestoverlap_ISI_8_test,b37r,p3,Span,mixed,8,7,2.28,3.07,6,Eng,62,55,62,55,0.887096774,5
b37r_sdp3_longestoverlap_ISI_9_test,b37r,p3,Span,mixed,9,14,3.34,4.19,6,Eng,62,55,62,55,0.887096774,5
b37r_sdp3_longestoverlap_ISI_10_test,b37r,p3,Span,mixed,10,8,2.52,3.17,6,Eng,62,55,62,55,0.887096774,5
b37r_sop3_longestoverlap_ISI_0_test,b37r,p3,Span,single,0,11,3.26,3.37,6,Eng,62,55,62,55,0.887096774,5
b37r_sop3_longestoverlap_ISI_1_test,b37r,p3,Span,single,1,11,2.88,3.82,6,Eng,62,55,62,55,0.887096774,5
b37r_sop3_longestoverlap_ISI_2_test,b37r,p3,Span,single,2,11,2.52,4.36,6,Eng,62,55,62,55,0.887096774,5
b37r_sop3_longestoverlap_ISI_3_test,b37r,p3,Span,single,3,3,0.92,3.26,6,Eng,62,55,62,55,0.887096774,5
b37r_sop3_longestoverlap_ISI_4_test,b37r,p3,Span,single,4,5,1.8,2.78,6,Eng,62,55,62,55,0.887096774,5
b37r_sop3_longestoverlap_ISI_5_test,b37r,p3,Span,single,5,5,1.5,3.33,6,Eng,62,55,62,55,0.887096774,5
b37r_sop3_longestoverlap_ISI_7_test,b37r,p3,Span,single,7,9,2.24,4.02,6,Eng,62,55,62,55,0.887096774,5
b37r_sop3_longestoverlap_ISI_8_test,b37r,p3,Span,single,8,9,2.3,3.91,6,Eng,62,55,62,55,0.887096774,5
b37r_sop3_longestoverlap_ISI_9_test,b37r,p3,Span,single,9,13,3.76,3.46,6,Eng,62,55,62,55,0.887096774,5
b37r_sop3_longestoverlap_ISI_10_test,b37r,p3,Span,single,10,7,2.28,3.07,6,Eng,62,55,62,55,0.887096774,5
b37r_sdp4_longestoverlap_ISI_0_test,b37r,p4,Span,mixed,0,5,1.36,3.68,6,Eng,62,55,62,55,0.887096774,5
b37r_sdp4_longestoverlap_ISI_2_test,b37r,p4,Span,mixed,2,8,2.44,3.28,6,Eng,62,55,62,55,0.887096774,5
b37r_sdp4_longestoverlap_ISI_3_test,b37r,p4,Span,mixed,3,26,6.02,4.32,6,Eng,62,55,62,55,0.887096774,5
b37r_sdp4_longestoverlap_ISI_4_test,b37r,p4,Span,mixed,4,6,2.06,2.91,6,Eng,62,55,62,55,0.887096774,5
b37r_sdp4_longestoverlap_ISI_5_test,b37r,p4,Span,mixed,5,4,1.4,2.86,6,Eng,62,55,62,55,0.887096774,5
b37r_sdp4_longestoverlap_ISI_6_test,b37r,p4,Span,mixed,6,21,5.3,3.96,6,Eng,62,55,62,55,0.887096774,5
b37r_sdp4_longestoverlap_ISI_7_test,b37r,p4,Span,mixed,7,5,1.38,3.62,6,Eng,62,55,62,55,0.887096774,5
b37r_sdp4_longestoverlap_ISI_8_test,b37r,p4,Span,mixed,8,4,1.64,2.44,6,Eng,62,55,62,55,0.887096774,5
b37r_sdp4_longestoverlap_ISI_9_test,b37r,p4,Span,mixed,9,7,1.56,4.49,6,Eng,62,55,62,55,0.887096774,5
b37r_sdp4_longestoverlap_ISI_10_test,b37r,p4,Span,mixed,10,7,2,3.5,6,Eng,62,55,62,55,0.887096774,5
b37r_sop4_longestoverlap_ISI_0_test,b37r,p4,Span,single,0,5,1.4,3.57,6,Eng,62,55,62,55,0.887096774,5
b37r_sop4_longestoverlap_ISI_2_test,b37r,p4,Span,single,2,8,2.36,3.39,6,Eng,62,55,62,55,0.887096774,5
b37r_sop4_longestoverlap_ISI_3_test,b37r,p4,Span,single,3,26,6.32,4.11,6,Eng,62,55,62,55,0.887096774,5
b37r_sop4_longestoverlap_ISI_4_test,b37r,p4,Span,single,4,8,2.14,3.74,6,Eng,62,55,62,55,0.887096774,5
b37r_sop4_longestoverlap_ISI_5_test,b37r,p4,Span,single,5,3,1.46,2.05,6,Eng,62,55,62,55,0.887096774,5
b37r_sop4_longestoverlap_ISI_6_test,b37r,p4,Span,single,6,23,5.68,4.05,6,Eng,62,55,62,55,0.887096774,5
b37r_sop4_longestoverlap_ISI_7_test,b37r,p4,Span,single,7,4,1.46,2.74,6,Eng,62,55,62,55,0.887096774,5
b37r_sop4_longestoverlap_ISI_8_test,b37r,p4,Span,single,8,5,1.56,3.2,6,Eng,62,55,62,55,0.887096774,5
b37r_sop4_longestoverlap_ISI_9_test,b37r,p4,Span,single,9,6,1.54,3.9,6,Eng,62,55,62,55,0.887096774,5
b37r_sop4_longestoverlap_ISI_10_test,b37r,p4,Span,single,10,2,0.78,2.56,6,Eng,62,55,62,55,0.887096774,5
b38_sdp3_longestoverlap_ISI_0_test,b38,p3,Span,mixed,0,14,4.04,3.46,7,Eng,69,30,69,30,0.434782609,0
b38_sdp3_longestoverlap_ISI_1_test,b38,p3,Span,mixed,1,8,2.56,3.12,7,Eng,69,30,69,30,0.434782609,0
b38_sdp3_longestoverlap_ISI_2_test,b38,p3,Span,mixed,2,5,1.3,3.85,7,Eng,69,30,69,30,0.434782609,0
b38_sdp3_longestoverlap_ISI_3_test,b38,p3,Span,mixed,3,5,1.2,4.17,7,Eng,69,30,69,30,0.434782609,0
b38_sdp3_longestoverlap_ISI_4_test,b38,p3,Span,mixed,4,4,1.36,2.94,7,Eng,69,30,69,30,0.434782609,0
b38_sdp3_longestoverlap_ISI_5_test,b38,p3,Span,mixed,5,2,0.72,2.78,7,Eng,69,30,69,30,0.434782609,0
b38_sdp3_longestoverlap_ISI_6_test,b38,p3,Span,mixed,6,5,1.4,3.57,7,Eng,69,30,69,30,0.434782609,0
b38_sdp3_longestoverlap_ISI_8_test,b38,p3,Span,mixed,8,8,2.52,3.17,7,Eng,69,30,69,30,0.434782609,0
b38_sdp3_longestoverlap_ISI_9_test,b38,p3,Span,mixed,9,12,2.84,4.22,7,Eng,69,30,69,30,0.434782609,0
b38_sdp3_longestoverlap_ISI_10_test,b38,p3,Span,mixed,10,12,3.18,3.77,7,Eng,69,30,69,30,0.434782609,0
b38_sop3_longestoverlap_ISI_0_test,b38,p3,Span,single,0,13,3.76,3.46,7,Eng,69,30,69,30,0.434782609,0
b38_sop3_longestoverlap_ISI_1_test,b38,p3,Span,single,1,7,2.46,2.85,7,Eng,69,30,69,30,0.434782609,0
b38_sop3_longestoverlap_ISI_2_test,b38,p3,Span,single,2,4,1.24,3.23,7,Eng,69,30,69,30,0.434782609,0
b38_sop3_longestoverlap_ISI_3_test,b38,p3,Span,single,3,3,1,3,7,Eng,69,30,69,30,0.434782609,0
b38_sop3_longestoverlap_ISI_4_test,b38,p3,Span,single,4,3,1.2,2.5,7,Eng,69,30,69,30,0.434782609,0
b38_sop3_longestoverlap_ISI_5_test,b38,p3,Span,single,5,2,0.56,3.57,7,Eng,69,30,69,30,0.434782609,0
b38_sop3_longestoverlap_ISI_6_test,b38,p3,Span,single,6,3,1.24,2.42,7,Eng,69,30,69,30,0.434782609,0
b38_sop3_longestoverlap_ISI_8_test,b38,p3,Span,single,8,8,2.48,3.23,7,Eng,69,30,69,30,0.434782609,0
b38_sop3_longestoverlap_ISI_9_test,b38,p3,Span,single,9,9,3.12,2.88,7,Eng,69,30,69,30,0.434782609,0
b38_sop3_longestoverlap_ISI_10_test,b38,p3,Span,single,10,11,3.14,3.5,7,Eng,69,30,69,30,0.434782609,0
b38_sdp4_longestoverlap_ISI_0_test,b38,p4,Span,mixed,0,6,2.12,2.83,7,Eng,69,30,69,30,0.434782609,0
b38_sdp4_longestoverlap_ISI_2_test,b38,p4,Span,mixed,2,11,3.06,3.59,7,Eng,69,30,69,30,0.434782609,0
b38_sdp4_longestoverlap_ISI_3_test,b38,p4,Span,mixed,3,10,3.38,2.96,7,Eng,69,30,69,30,0.434782609,0
b38_sdp4_longestoverlap_ISI_4_test,b38,p4,Span,mixed,4,17,4.72,3.6,7,Eng,69,30,69,30,0.434782609,0
b38_sdp4_longestoverlap_ISI_5_test,b38,p4,Span,mixed,5,9,2.12,4.25,7,Eng,69,30,69,30,0.434782609,0
b38_sdp4_longestoverlap_ISI_6_test,b38,p4,Span,mixed,6,7,1.7,4.12,7,Eng,69,30,69,30,0.434782609,0
b38_sdp4_longestoverlap_ISI_7_test,b38,p4,Span,mixed,7,4,1.14,3.51,7,Eng,69,30,69,30,0.434782609,0
b38_sdp4_longestoverlap_ISI_8_test,b38,p4,Span,mixed,8,2,0.7,2.86,7,Eng,69,30,69,30,0.434782609,0
b38_sdp4_longestoverlap_ISI_10_test,b38,p4,Span,mixed,10,4,1.84,2.17,7,Eng,69,30,69,30,0.434782609,0
b38_sop4_longestoverlap_ISI_0_test,b38,p4,Span,single,0,6,1.98,3.03,7,Eng,69,30,69,30,0.434782609,0
b38_sop4_longestoverlap_ISI_2_test,b38,p4,Span,single,2,11,3.7,2.97,7,Eng,69,30,69,30,0.434782609,0
b38_sop4_longestoverlap_ISI_3_test,b38,p4,Span,single,3,17,3.92,4.34,7,Eng,69,30,69,30,0.434782609,0
b38_sop4_longestoverlap_ISI_4_test,b38,p4,Span,single,4,17,4.64,3.66,7,Eng,69,30,69,30,0.434782609,0
b38_sop4_longestoverlap_ISI_5_test,b38,p4,Span,single,5,10,2.7,3.7,7,Eng,69,30,69,30,0.434782609,0
b38_sop4_longestoverlap_ISI_6_test,b38,p4,Span,single,6,8,1.84,4.35,7,Eng,69,30,69,30,0.434782609,0
b38_sop4_longestoverlap_ISI_7_test,b38,p4,Span,single,7,2,0.94,2.13,7,Eng,69,30,69,30,0.434782609,0
b38_sop4_longestoverlap_ISI_8_test,b38,p4,Span,single,8,2,0.9,2.22,7,Eng,69,30,69,30,0.434782609,0
b38_sop4_longestoverlap_ISI_10_test,b38,p4,Span,single,10,5,1.26,3.97,7,Eng,69,30,69,30,0.434782609,0
b39_sdp3_longestoverlap_ISI_0_test,b39,p3,Span,mixed,0,6,1.34,4.48,8,Eng,64,2,64,2,0.03125,1
b39_sdp3_longestoverlap_ISI_1_test,b39,p3,Span,mixed,1,6,1.56,3.85,8,Eng,64,2,64,2,0.03125,1
b39_sdp3_longestoverlap_ISI_2_test,b39,p3,Span,mixed,2,7,1.74,4.02,8,Eng,64,2,64,2,0.03125,1
b39_sdp3_longestoverlap_ISI_4_test,b39,p3,Span,mixed,4,4,1.16,3.45,8,Eng,64,2,64,2,0.03125,1
b39_sdp3_longestoverlap_ISI_5_test,b39,p3,Span,mixed,5,4,1.2,3.33,8,Eng,64,2,64,2,0.03125,1
b39_sdp3_longestoverlap_ISI_6_test,b39,p3,Span,mixed,6,5,1.78,2.81,8,Eng,64,2,64,2,0.03125,1
b39_sdp3_longestoverlap_ISI_7_test,b39,p3,Span,mixed,7,6,1.62,3.7,8,Eng,64,2,64,2,0.03125,1
b39_sdp3_longestoverlap_ISI_8_test,b39,p3,Span,mixed,8,11,2.66,4.13,8,Eng,64,2,64,2,0.03125,1
b39_sdp3_longestoverlap_ISI_9_test,b39,p3,Span,mixed,9,16,3.38,4.73,8,Eng,64,2,64,2,0.03125,1
b39_sdp3_longestoverlap_ISI_10_test,b39,p3,Span,mixed,10,4,0.98,4.08,8,Eng,64,2,64,2,0.03125,1
b39_sop3_longestoverlap_ISI_0_test,b39,p3,Span,single,0,7,1.44,4.86,8,Eng,64,2,64,2,0.03125,1
b39_sop3_longestoverlap_ISI_1_test,b39,p3,Span,single,1,8,1.64,4.88,8,Eng,64,2,64,2,0.03125,1
b39_sop3_longestoverlap_ISI_2_test,b39,p3,Span,single,2,7,1.82,3.85,8,Eng,64,2,64,2,0.03125,1
b39_sop3_longestoverlap_ISI_4_test,b39,p3,Span,single,4,4,1.02,3.92,8,Eng,64,2,64,2,0.03125,1
b39_sop3_longestoverlap_ISI_5_test,b39,p3,Span,single,5,5,1.1,4.54,8,Eng,64,2,64,2,0.03125,1
b39_sop3_longestoverlap_ISI_6_test,b39,p3,Span,single,6,7,1.68,4.17,8,Eng,64,2,64,2,0.03125,1
b39_sop3_longestoverlap_ISI_7_test,b39,p3,Span,single,7,5,1.4,3.57,8,Eng,64,2,64,2,0.03125,1
b39_sop3_longestoverlap_ISI_8_test,b39,p3,Span,single,8,12,2.72,4.41,8,Eng,64,2,64,2,0.03125,1
b39_sop3_longestoverlap_ISI_9_test,b39,p3,Span,single,9,14,3.3,4.24,8,Eng,64,2,64,2,0.03125,1
b39_sop3_longestoverlap_ISI_10_test,b39,p3,Span,single,10,3,1,3,8,Eng,64,2,64,2,0.03125,1
b39_sdp4_longestoverlap_ISI_0_test,b39,p4,Span,mixed,0,5,1.06,4.72,8,Eng,64,2,64,2,0.03125,1
b39_sdp4_longestoverlap_ISI_1_test,b39,p4,Span,mixed,1,4,0.94,4.26,8,Eng,64,2,64,2,0.03125,1
b39_sdp4_longestoverlap_ISI_2_test,b39,p4,Span,mixed,2,9,2.08,4.33,8,Eng,64,2,64,2,0.03125,1
b39_sdp4_longestoverlap_ISI_3_test,b39,p4,Span,mixed,3,20,4.98,4.02,8,Eng,64,2,64,2,0.03125,1
b39_sdp4_longestoverlap_ISI_4_test,b39,p4,Span,mixed,4,7,1.68,4.17,8,Eng,64,2,64,2,0.03125,1
b39_sdp4_longestoverlap_ISI_5_test,b39,p4,Span,mixed,5,3,0.94,3.19,8,Eng,64,2,64,2,0.03125,1
b39_sdp4_longestoverlap_ISI_6_test,b39,p4,Span,mixed,6,12,3,4,8,Eng,64,2,64,2,0.03125,1
b39_sdp4_longestoverlap_ISI_7_test,b39,p4,Span,mixed,7,5,1.1,4.55,8,Eng,64,2,64,2,0.03125,1
b39_sdp4_longestoverlap_ISI_8_test,b39,p4,Span,mixed,8,7,1.4,5,8,Eng,64,2,64,2,0.03125,1
b39_sdp4_longestoverlap_ISI_9_test,b39,p4,Span,mixed,9,5,1.88,2.66,8,Eng,64,2,64,2,0.03125,1
b39_sdp4_longestoverlap_ISI_10_test,b39,p4,Span,mixed,10,6,1.84,3.26,8,Eng,64,2,64,2,0.03125,1
b39_sop4_longestoverlap_ISI_0_test,b39,p4,Span,single,0,3,1.08,2.78,8,Eng,64,2,64,2,0.03125,1
b39_sop4_longestoverlap_ISI_1_test,b39,p4,Span,single,1,4,0.94,4.25,8,Eng,64,2,64,2,0.03125,1
b39_sop4_longestoverlap_ISI_2_test,b39,p4,Span,single,2,9,2.2,4.09,8,Eng,64,2,64,2,0.03125,1
b39_sop4_longestoverlap_ISI_3_test,b39,p4,Span,single,3,21,4.92,4.27,8,Eng,64,2,64,2,0.03125,1
b39_sop4_longestoverlap_ISI_4_test,b39,p4,Span,single,4,7,1.76,3.98,8,Eng,64,2,64,2,0.03125,1
b39_sop4_longestoverlap_ISI_5_test,b39,p4,Span,single,5,4,1.06,3.77,8,Eng,64,2,64,2,0.03125,1
b39_sop4_longestoverlap_ISI_6_test,b39,p4,Span,single,6,11,2.76,3.98,8,Eng,64,2,64,2,0.03125,1
b39_sop4_longestoverlap_ISI_7_test,b39,p4,Span,single,7,5,1.14,4.38,8,Eng,64,2,64,2,0.03125,1
b39_sop4_longestoverlap_ISI_8_test,b39,p4,Span,single,8,6,1.4,4.28,8,Eng,64,2,64,2,0.03125,1
b39_sop4_longestoverlap_ISI_9_test,b39,p4,Span,single,9,5,1.18,4.24,8,Eng,64,2,64,2,0.03125,1
b39_sop4_longestoverlap_ISI_10_test,b39,p4,Span,single,10,6,1.38,4.35,8,Eng,64,2,64,2,0.03125,1
b3rr_sdp3_longestoverlap_ISI_0_test,b3rr,p3,Span,mixed,0,5,1.56,3.2,4,Eng,77,44,77,44,0.571428571,0
b3rr_sdp3_longestoverlap_ISI_1_test,b3rr,p3,Span,mixed,1,7,1.76,3.98,4,Eng,77,44,77,44,0.571428571,0
b3rr_sdp3_longestoverlap_ISI_2_test,b3rr,p3,Span,mixed,2,9,1.92,4.69,4,Eng,77,44,77,44,0.571428571,0
b3rr_sdp3_longestoverlap_ISI_4_test,b3rr,p3,Span,mixed,4,6,1.54,3.9,4,Eng,77,44,77,44,0.571428571,0
b3rr_sdp3_longestoverlap_ISI_5_test,b3rr,p3,Span,mixed,5,4,1.22,3.28,4,Eng,77,44,77,44,0.571428571,0
b3rr_sdp3_longestoverlap_ISI_6_test,b3rr,p3,Span,mixed,6,7,1.7,4.12,4,Eng,77,44,77,44,0.571428571,0
b3rr_sdp3_longestoverlap_ISI_7_test,b3rr,p3,Span,mixed,7,8,2.1,3.81,4,Eng,77,44,77,44,0.571428571,0
b3rr_sdp3_longestoverlap_ISI_8_test,b3rr,p3,Span,mixed,8,17,3.8,4.47,4,Eng,77,44,77,44,0.571428571,0
b3rr_sdp3_longestoverlap_ISI_9_test,b3rr,p3,Span,mixed,9,10,2.04,4.9,4,Eng,77,44,77,44,0.571428571,0
b3rr_sdp3_longestoverlap_ISI_10_test,b3rr,p3,Span,mixed,10,8,2.24,3.57,4,Eng,77,44,77,44,0.571428571,0
b3rr_sop3_longestoverlap_ISI_0_test,b3rr,p3,Span,single,0,6,1.66,3.61,4,Eng,77,44,77,44,0.571428571,0
b3rr_sop3_longestoverlap_ISI_1_test,b3rr,p3,Span,single,1,7,1.74,4.02,4,Eng,77,44,77,44,0.571428571,0
b3rr_sop3_longestoverlap_ISI_2_test,b3rr,p3,Span,single,2,7,1.84,3.8,4,Eng,77,44,77,44,0.571428571,0
b3rr_sop3_longestoverlap_ISI_4_test,b3rr,p3,Span,single,4,4,1.56,2.56,4,Eng,77,44,77,44,0.571428571,0
b3rr_sop3_longestoverlap_ISI_5_test,b3rr,p3,Span,single,5,5,1.2,4.17,4,Eng,77,44,77,44,0.571428571,0
b3rr_sop3_longestoverlap_ISI_6_test,b3rr,p3,Span,single,6,9,1.78,5.06,4,Eng,77,44,77,44,0.571428571,0
b3rr_sop3_longestoverlap_ISI_7_test,b3rr,p3,Span,single,7,8,2,4,4,Eng,77,44,77,44,0.571428571,0
b3rr_sop3_longestoverlap_ISI_8_test,b3rr,p3,Span,single,8,18,3.8,4.74,4,Eng,77,44,77,44,0.571428571,0
b3rr_sop3_longestoverlap_ISI_9_test,b3rr,p3,Span,single,9,9,2.16,4.17,4,Eng,77,44,77,44,0.571428571,0
b3rr_sop3_longestoverlap_ISI_10_test,b3rr,p3,Span,single,10,7,2.3,3.04,4,Eng,77,44,77,44,0.571428571,0
b3rr_sdp4_longestoverlap_ISI_0_test,b3rr,p4,Span,mixed,0,5,1.66,3.01,4,Eng,77,44,77,44,0.571428571,0
b3rr_sdp4_longestoverlap_ISI_1_test,b3rr,p4,Span,mixed,1,3,1.12,2.68,4,Eng,77,44,77,44,0.571428571,0
b3rr_sdp4_longestoverlap_ISI_2_test,b3rr,p4,Span,mixed,2,12,2.82,4.25,4,Eng,77,44,77,44,0.571428571,0
b3rr_sdp4_longestoverlap_ISI_3_test,b3rr,p4,Span,mixed,3,25,5.9,4.24,4,Eng,77,44,77,44,0.571428571,0
b3rr_sdp4_longestoverlap_ISI_4_test,b3rr,p4,Span,mixed,4,10,2.1,4.76,4,Eng,77,44,77,44,0.571428571,0
b3rr_sdp4_longestoverlap_ISI_5_test,b3rr,p4,Span,mixed,5,9,2.34,3.85,4,Eng,77,44,77,44,0.571428571,0
b3rr_sdp4_longestoverlap_ISI_6_test,b3rr,p4,Span,mixed,6,3,1.32,2.27,4,Eng,77,44,77,44,0.571428571,0
b3rr_sdp4_longestoverlap_ISI_7_test,b3rr,p4,Span,mixed,7,6,1.44,4.17,4,Eng,77,44,77,44,0.571428571,0
b3rr_sdp4_longestoverlap_ISI_8_test,b3rr,p4,Span,mixed,8,5,1.78,2.81,4,Eng,77,44,77,44,0.571428571,0
b3rr_sdp4_longestoverlap_ISI_9_test,b3rr,p4,Span,mixed,9,6,1.76,3.41,4,Eng,77,44,77,44,0.571428571,0
b3rr_sdp4_longestoverlap_ISI_10_test,b3rr,p4,Span,mixed,10,7,1.62,4.32,4,Eng,77,44,77,44,0.571428571,0
b3rr_sop4_longestoverlap_ISI_0_test,b3rr,p4,Span,single,0,5,1.46,3.42,4,Eng,77,44,77,44,0.571428571,0
b3rr_sop4_longestoverlap_ISI_1_test,b3rr,p4,Span,single,1,5,0.98,5.1,4,Eng,77,44,77,44,0.571428571,0
b3rr_sop4_longestoverlap_ISI_2_test,b3rr,p4,Span,single,2,10,2.62,3.82,4,Eng,77,44,77,44,0.571428571,0
b3rr_sop4_longestoverlap_ISI_3_test,b3rr,p4,Span,single,3,22,5.72,3.84,4,Eng,77,44,77,44,0.571428571,0
b3rr_sop4_longestoverlap_ISI_4_test,b3rr,p4,Span,single,4,8,2.12,3.77,4,Eng,77,44,77,44,0.571428571,0
b3rr_sop4_longestoverlap_ISI_5_test,b3rr,p4,Span,single,5,9,1.84,4.89,4,Eng,77,44,77,44,0.571428571,0
b3rr_sop4_longestoverlap_ISI_6_test,b3rr,p4,Span,single,6,4,1.38,2.9,4,Eng,77,44,77,44,0.571428571,0
b3rr_sop4_longestoverlap_ISI_7_test,b3rr,p4,Span,single,7,5,1.2,4.17,4,Eng,77,44,77,44,0.571428571,0
b3rr_sop4_longestoverlap_ISI_8_test,b3rr,p4,Span,single,8,5,1.56,3.2,4,Eng,77,44,77,44,0.571428571,0
b3rr_sop4_longestoverlap_ISI_9_test,b3rr,p4,Span,single,9,6,1.8,3.33,4,Eng,77,44,77,44,0.571428571,0
b3rr_sop4_longestoverlap_ISI_10_test,b3rr,p4,Span,single,10,8,1.6,5,4,Eng,77,44,77,44,0.571428571,0
b40_sdp3_longestoverlap_ISI_0_test,b40,p3,Span,mixed,0,26,7.32,3.55,9,Eng,70,38,70,38,0.542857143,3
b40_sdp3_longestoverlap_ISI_1_test,b40,p3,Span,mixed,1,3,1.68,1.79,9,Eng,70,38,70,38,0.542857143,3
b40_sdp3_longestoverlap_ISI_2_test,b40,p3,Span,mixed,2,6,1.86,3.23,9,Eng,70,38,70,38,0.542857143,3
b40_sdp3_longestoverlap_ISI_3_test,b40,p3,Span,mixed,3,4,0.92,4.35,9,Eng,70,38,70,38,0.542857143,3
b40_sdp3_longestoverlap_ISI_4_test,b40,p3,Span,mixed,4,9,3.02,2.98,9,Eng,70,38,70,38,0.542857143,3
b40_sdp3_longestoverlap_ISI_5_test,b40,p3,Span,mixed,5,5,1.4,3.57,9,Eng,70,38,70,38,0.542857143,3
b40_sdp3_longestoverlap_ISI_7_test,b40,p3,Span,mixed,7,4,1.92,2.08,9,Eng,70,38,70,38,0.542857143,3
b40_sdp3_longestoverlap_ISI_8_test,b40,p3,Span,mixed,8,6,2.88,2.08,9,Eng,70,38,70,38,0.542857143,3
b40_sdp3_longestoverlap_ISI_9_test,b40,p3,Span,mixed,9,8,2.3,3.48,9,Eng,70,38,70,38,0.542857143,3
b40_sdp3_longestoverlap_ISI_10_test,b40,p3,Span,mixed,10,8,2.66,3.01,9,Eng,70,38,70,38,0.542857143,3
b40_sop3_longestoverlap_ISI_0_test,b40,p3,Span,single,0,25,9.74,2.57,9,Eng,70,38,70,38,0.542857143,3
b40_sop3_longestoverlap_ISI_1_test,b40,p3,Span,single,1,3,1.38,2.17,9,Eng,70,38,70,38,0.542857143,3
b40_sop3_longestoverlap_ISI_2_test,b40,p3,Span,single,2,5,1.4,3.57,9,Eng,70,38,70,38,0.542857143,3
b40_sop3_longestoverlap_ISI_3_test,b40,p3,Span,single,3,5,1.1,4.55,9,Eng,70,38,70,38,0.542857143,3
b40_sop3_longestoverlap_ISI_4_test,b40,p3,Span,single,4,10,3.5,2.86,9,Eng,70,38,70,38,0.542857143,3
b40_sop3_longestoverlap_ISI_5_test,b40,p3,Span,single,5,4,1.76,2.27,9,Eng,70,38,70,38,0.542857143,3
b40_sop3_longestoverlap_ISI_7_test,b40,p3,Span,single,7,4,3.64,1.1,9,Eng,70,38,70,38,0.542857143,3
b40_sop3_longestoverlap_ISI_8_test,b40,p3,Span,single,8,8,2.16,3.7,9,Eng,70,38,70,38,0.542857143,3
b40_sop3_longestoverlap_ISI_9_test,b40,p3,Span,single,9,7,3.04,2.3,9,Eng,70,38,70,38,0.542857143,3
b40_sop3_longestoverlap_ISI_10_test,b40,p3,Span,single,10,10,3.48,2.87,9,Eng,70,38,70,38,0.542857143,3
b40_sdp4_longestoverlap_ISI_0_test,b40,p4,Span,mixed,0,4,1.98,2.02,9,Eng,70,38,70,38,0.542857143,3
b40_sdp4_longestoverlap_ISI_1_test,b40,p4,Span,mixed,1,5,1.18,4.24,9,Eng,70,38,70,38,0.542857143,3
b40_sdp4_longestoverlap_ISI_2_test,b40,p4,Span,mixed,2,6,2.6,2.31,9,Eng,70,38,70,38,0.542857143,3
b40_sdp4_longestoverlap_ISI_3_test,b40,p4,Span,mixed,3,15,4.42,3.39,9,Eng,70,38,70,38,0.542857143,3
b40_sdp4_longestoverlap_ISI_4_test,b40,p4,Span,mixed,4,14,3.9,3.59,9,Eng,70,38,70,38,0.542857143,3
b40_sdp4_longestoverlap_ISI_5_test,b40,p4,Span,mixed,5,8,2.54,3.15,9,Eng,70,38,70,38,0.542857143,3
b40_sdp4_longestoverlap_ISI_6_test,b40,p4,Span,mixed,6,7,1.46,4.79,9,Eng,70,38,70,38,0.542857143,3
b40_sdp4_longestoverlap_ISI_7_test,b40,p4,Span,mixed,7,5,1.46,3.42,9,Eng,70,38,70,38,0.542857143,3
b40_sdp4_longestoverlap_ISI_8_test,b40,p4,Span,mixed,8,7,2.4,2.92,9,Eng,70,38,70,38,0.542857143,3
b40_sdp4_longestoverlap_ISI_9_test,b40,p4,Span,mixed,9,10,3.36,2.98,9,Eng,70,38,70,38,0.542857143,3
b40_sdp4_longestoverlap_ISI_10_test,b40,p4,Span,mixed,10,5,1.44,3.47,9,Eng,70,38,70,38,0.542857143,3
b40_sop4_longestoverlap_ISI_0_test,b40,p4,Span,single,0,7,1.6,4.37,9,Eng,70,38,70,38,0.542857143,3
b40_sop4_longestoverlap_ISI_1_test,b40,p4,Span,single,1,5,1.88,2.66,9,Eng,70,38,70,38,0.542857143,3
b40_sop4_longestoverlap_ISI_2_test,b40,p4,Span,single,2,8,3.18,2.52,9,Eng,70,38,70,38,0.542857143,3
b40_sop4_longestoverlap_ISI_3_test,b40,p4,Span,single,3,14,4.88,2.87,9,Eng,70,38,70,38,0.542857143,3
b40_sop4_longestoverlap_ISI_4_test,b40,p4,Span,single,4,16,4.34,3.69,9,Eng,70,38,70,38,0.542857143,3
b40_sop4_longestoverlap_ISI_5_test,b40,p4,Span,single,5,8,2.8,2.86,9,Eng,70,38,70,38,0.542857143,3
b40_sop4_longestoverlap_ISI_6_test,b40,p4,Span,single,6,8,2.14,3.74,9,Eng,70,38,70,38,0.542857143,3
b40_sop4_longestoverlap_ISI_7_test,b40,p4,Span,single,7,4,1.44,2.78,9,Eng,70,38,70,38,0.542857143,3
b40_sop4_longestoverlap_ISI_8_test,b40,p4,Span,single,8,8,2.26,3.54,9,Eng,70,38,70,38,0.542857143,3
b40_sop4_longestoverlap_ISI_9_test,b40,p4,Span,single,9,10,3.22,3.11,9,Eng,70,38,70,38,0.542857143,3
b40_sop4_longestoverlap_ISI_10_test,b40,p4,Span,single,10,5,2,2.5,9,Eng,70,38,70,38,0.542857143,3
b41r_sdp3_longestoverlap_ISI_0_test,b41r,p3,Span,mixed,0,15,3.84,3.91,10,Eng,69,57,69,57,0.826086957,4
b41r_sdp3_longestoverlap_ISI_1_test,b41r,p3,Span,mixed,1,17,4,4.25,10,Eng,69,57,69,57,0.826086957,4
b41r_sdp3_longestoverlap_ISI_2_test,b41r,p3,Span,mixed,2,7,2.02,3.47,10,Eng,69,57,69,57,0.826086957,4
b41r_sdp3_longestoverlap_ISI_4_test,b41r,p3,Span,mixed,4,5,1.6,3.12,10,Eng,69,57,69,57,0.826086957,4
b41r_sdp3_longestoverlap_ISI_5_test,b41r,p3,Span,mixed,5,2,1.02,1.96,10,Eng,69,57,69,57,0.826086957,4
b41r_sdp3_longestoverlap_ISI_6_test,b41r,p3,Span,mixed,6,6,1.74,3.45,10,Eng,69,57,69,57,0.826086957,4
b41r_sdp3_longestoverlap_ISI_7_test,b41r,p3,Span,mixed,7,3,1.26,2.38,10,Eng,69,57,69,57,0.826086957,4
b41r_sdp3_longestoverlap_ISI_8_test,b41r,p3,Span,mixed,8,4,1.58,2.53,10,Eng,69,57,69,57,0.826086957,4
b41r_sdp3_longestoverlap_ISI_9_test,b41r,p3,Span,mixed,9,13,3.08,4.22,10,Eng,69,57,69,57,0.826086957,4
b41r_sdp3_longestoverlap_ISI_10_test,b41r,p3,Span,mixed,10,9,2.26,3.98,10,Eng,69,57,69,57,0.826086957,4
b41r_sop3_longestoverlap_ISI_0_test,b41r,p3,Span,single,0,18,3.64,4.94,10,Eng,69,57,69,57,0.826086957,4
b41r_sop3_longestoverlap_ISI_1_test,b41r,p3,Span,single,1,11,3.88,2.83,10,Eng,69,57,69,57,0.826086957,4
b41r_sop3_longestoverlap_ISI_2_test,b41r,p3,Span,single,2,4,1.88,2.13,10,Eng,69,57,69,57,0.826086957,4
b41r_sop3_longestoverlap_ISI_4_test,b41r,p3,Span,single,4,7,1.6,4.37,10,Eng,69,57,69,57,0.826086957,4
b41r_sop3_longestoverlap_ISI_5_test,b41r,p3,Span,single,5,3,1,3,10,Eng,69,57,69,57,0.826086957,4
b41r_sop3_longestoverlap_ISI_6_test,b41r,p3,Span,single,6,6,1.8,3.33,10,Eng,69,57,69,57,0.826086957,4
b41r_sop3_longestoverlap_ISI_7_test,b41r,p3,Span,single,7,3,1.44,2.08,10,Eng,69,57,69,57,0.826086957,4
b41r_sop3_longestoverlap_ISI_8_test,b41r,p3,Span,single,8,5,1.56,3.2,10,Eng,69,57,69,57,0.826086957,4
b41r_sop3_longestoverlap_ISI_9_test,b41r,p3,Span,single,9,13,2.86,4.54,10,Eng,69,57,69,57,0.826086957,4
b41r_sop3_longestoverlap_ISI_10_test,b41r,p3,Span,single,10,9,2.16,4.17,10,Eng,69,57,69,57,0.826086957,4
b41r_sdp4_longestoverlap_ISI_0_test,b41r,p4,Span,mixed,0,5,1.44,3.47,10,Eng,69,57,69,57,0.826086957,4
b41r_sdp4_longestoverlap_ISI_1_test,b41r,p4,Span,mixed,1,5,1.18,4.24,10,Eng,69,57,69,57,0.826086957,4
b41r_sdp4_longestoverlap_ISI_2_test,b41r,p4,Span,mixed,2,10,2.72,3.68,10,Eng,69,57,69,57,0.826086957,4
b41r_sdp4_longestoverlap_ISI_3_test,b41r,p4,Span,mixed,3,14,3.34,4.19,10,Eng,69,57,69,57,0.826086957,4
b41r_sdp4_longestoverlap_ISI_4_test,b41r,p4,Span,mixed,4,16,4.36,3.67,10,Eng,69,57,69,57,0.826086957,4
b41r_sdp4_longestoverlap_ISI_5_test,b41r,p4,Span,mixed,5,12,2.62,4.58,10,Eng,69,57,69,57,0.826086957,4
b41r_sdp4_longestoverlap_ISI_6_test,b41r,p4,Span,mixed,6,7,1.5,4.67,10,Eng,69,57,69,57,0.826086957,4
b41r_sdp4_longestoverlap_ISI_7_test,b41r,p4,Span,mixed,7,12,2.96,4.05,10,Eng,69,57,69,57,0.826086957,4
b41r_sdp4_longestoverlap_ISI_8_test,b41r,p4,Span,mixed,8,6,1.64,3.66,10,Eng,69,57,69,57,0.826086957,4
b41r_sdp4_longestoverlap_ISI_9_test,b41r,p4,Span,mixed,9,5,1.56,3.2,10,Eng,69,57,69,57,0.826086957,4
b41r_sdp4_longestoverlap_ISI_10_test,b41r,p4,Span,mixed,10,4,0.98,4.08,10,Eng,69,57,69,57,0.826086957,4
b41r_sop4_longestoverlap_ISI_0_test,b41r,p4,Span,single,0,5,1.44,3.47,10,Eng,69,57,69,57,0.826086957,4
b41r_sop4_longestoverlap_ISI_1_test,b41r,p4,Span,single,1,5,1.14,4.38,10,Eng,69,57,69,57,0.826086957,4
b41r_sop4_longestoverlap_ISI_2_test,b41r,p4,Span,single,2,11,2.58,4.26,10,Eng,69,57,69,57,0.826086957,4
b41r_sop4_longestoverlap_ISI_3_test,b41r,p4,Span,single,3,15,3.14,4.78,10,Eng,69,57,69,57,0.826086957,4
b41r_sop4_longestoverlap_ISI_4_test,b41r,p4,Span,single,4,15,4.04,3.71,10,Eng,69,57,69,57,0.826086957,4
b41r_sop4_longestoverlap_ISI_5_test,b41r,p4,Span,single,5,10,2.36,4.24,10,Eng,69,57,69,57,0.826086957,4
b41r_sop4_longestoverlap_ISI_6_test,b41r,p4,Span,single,6,6,1.3,4.61,10,Eng,69,57,69,57,0.826086957,4
b41r_sop4_longestoverlap_ISI_7_test,b41r,p4,Span,single,7,11,2.74,4.01,10,Eng,69,57,69,57,0.826086957,4
b41r_sop4_longestoverlap_ISI_8_test,b41r,p4,Span,single,8,6,1.6,3.75,10,Eng,69,57,69,57,0.826086957,4
b41r_sop4_longestoverlap_ISI_9_test,b41r,p4,Span,single,9,6,1.46,4.11,10,Eng,69,57,69,57,0.826086957,4
b41r_sop4_longestoverlap_ISI_10_test,b41r,p4,Span,single,10,5,1.12,4.46,10,Eng,69,57,69,57,0.826086957,4
b42rr_sdp3_longestoverlap_ISI_0_test,b42rr,p3,Span,mixed,0,8,1.78,4.49,11,Eng,78,49,78,49,0.628205128,6
b42rr_sdp3_longestoverlap_ISI_1_test,b42rr,p3,Span,mixed,1,5,1.12,4.46,11,Eng,78,49,78,49,0.628205128,6
b42rr_sdp3_longestoverlap_ISI_2_test,b42rr,p3,Span,mixed,2,4,2.24,1.79,11,Eng,78,49,78,49,0.628205128,6
b42rr_sdp3_longestoverlap_ISI_3_test,b42rr,p3,Span,mixed,3,4,0.92,4.35,11,Eng,78,49,78,49,0.628205128,6
b42rr_sdp3_longestoverlap_ISI_4_test,b42rr,p3,Span,mixed,4,4,1.38,2.9,11,Eng,78,49,78,49,0.628205128,6
b42rr_sdp3_longestoverlap_ISI_5_test,b42rr,p3,Span,mixed,5,5,1.22,4.1,11,Eng,78,49,78,49,0.628205128,6
b42rr_sdp3_longestoverlap_ISI_6_test,b42rr,p3,Span,mixed,6,6,1.6,3.75,11,Eng,78,49,78,49,0.628205128,6
b42rr_sdp3_longestoverlap_ISI_7_test,b42rr,p3,Span,mixed,7,3,0.86,3.49,11,Eng,78,49,78,49,0.628205128,6
b42rr_sdp3_longestoverlap_ISI_8_test,b42rr,p3,Span,mixed,8,17,4.06,4.19,11,Eng,78,49,78,49,0.628205128,6
b42rr_sdp3_longestoverlap_ISI_9_test,b42rr,p3,Span,mixed,9,11,2.92,3.77,11,Eng,78,49,78,49,0.628205128,6
b42rr_sdp3_longestoverlap_ISI_10_test,b42rr,p3,Span,mixed,10,5,1.5,3.33,11,Eng,78,49,78,49,0.628205128,6
b42rr_sop3_longestoverlap_ISI_0_test,b42rr,p3,Span,single,0,8,1.88,4.25,11,Eng,78,49,78,49,0.628205128,6
b42rr_sop3_longestoverlap_ISI_1_test,b42rr,p3,Span,single,1,5,1.02,4.9,11,Eng,78,49,78,49,0.628205128,6
b42rr_sop3_longestoverlap_ISI_2_test,b42rr,p3,Span,single,2,4,1.06,3.77,11,Eng,78,49,78,49,0.628205128,6
b42rr_sop3_longestoverlap_ISI_3_test,b42rr,p3,Span,single,3,4,0.94,4.25,11,Eng,78,49,78,49,0.628205128,6
b42rr_sop3_longestoverlap_ISI_4_test,b42rr,p3,Span,single,4,5,1.18,4.24,11,Eng,78,49,78,49,0.628205128,6
b42rr_sop3_longestoverlap_ISI_5_test,b42rr,p3,Span,single,5,6,1.32,4.54,11,Eng,78,49,78,49,0.628205128,6
b42rr_sop3_longestoverlap_ISI_6_test,b42rr,p3,Span,single,6,5,1.4,3.57,11,Eng,78,49,78,49,0.628205128,6
b42rr_sop3_longestoverlap_ISI_7_test,b42rr,p3,Span,single,7,3,0.9,3.33,11,Eng,78,49,78,49,0.628205128,6
b42rr_sop3_longestoverlap_ISI_8_test,b42rr,p3,Span,single,8,16,4.34,3.69,11,Eng,78,49,78,49,0.628205128,6
b42rr_sop3_longestoverlap_ISI_9_test,b42rr,p3,Span,single,9,12,2.7,4.44,11,Eng,78,49,78,49,0.628205128,6
b42rr_sop3_longestoverlap_ISI_10_test,b42rr,p3,Span,single,10,5,1.18,4.24,11,Eng,78,49,78,49,0.628205128,6
b42rr_sdp4_longestoverlap_ISI_0_test,b42rr,p4,Span,mixed,0,7,2.12,3.3,11,Eng,78,49,78,49,0.628205128,6
b42rr_sdp4_longestoverlap_ISI_2_test,b42rr,p4,Span,mixed,2,7,1.96,3.57,11,Eng,78,49,78,49,0.628205128,6
b42rr_sdp4_longestoverlap_ISI_3_test,b42rr,p4,Span,mixed,3,9,2.3,3.91,11,Eng,78,49,78,49,0.628205128,6
b42rr_sdp4_longestoverlap_ISI_4_test,b42rr,p4,Span,mixed,4,7,1.74,4.02,11,Eng,78,49,78,49,0.628205128,6
b42rr_sdp4_longestoverlap_ISI_5_test,b42rr,p4,Span,mixed,5,6,1.8,3.33,11,Eng,78,49,78,49,0.628205128,6
b42rr_sdp4_longestoverlap_ISI_6_test,b42rr,p4,Span,mixed,6,10,2.82,3.55,11,Eng,78,49,78,49,0.628205128,6
b42rr_sdp4_longestoverlap_ISI_7_test,b42rr,p4,Span,mixed,7,2,0.68,2.94,11,Eng,78,49,78,49,0.628205128,6
b42rr_sdp4_longestoverlap_ISI_8_test,b42rr,p4,Span,mixed,8,9,2.68,3.36,11,Eng,78,49,78,49,0.628205128,6
b42rr_sdp4_longestoverlap_ISI_9_test,b42rr,p4,Span,mixed,9,5,1.26,3.97,11,Eng,78,49,78,49,0.628205128,6
b42rr_sdp4_longestoverlap_ISI_10_test,b42rr,p4,Span,mixed,10,9,1.9,4.74,11,Eng,78,49,78,49,0.628205128,6
b42rr_sop4_longestoverlap_ISI_0_test,b42rr,p4,Span,single,0,5,1.52,3.29,11,Eng,78,49,78,49,0.628205128,6
b42rr_sop4_longestoverlap_ISI_2_test,b42rr,p4,Span,single,2,5,1.58,3.16,11,Eng,78,49,78,49,0.628205128,6
b42rr_sop4_longestoverlap_ISI_3_test,b42rr,p4,Span,single,3,7,1.68,4.17,11,Eng,78,49,78,49,0.628205128,6
b42rr_sop4_longestoverlap_ISI_4_test,b42rr,p4,Span,single,4,8,1.86,4.3,11,Eng,78,49,78,49,0.628205128,6
b42rr_sop4_longestoverlap_ISI_5_test,b42rr,p4,Span,single,5,4,1.02,3.92,11,Eng,78,49,78,49,0.628205128,6
b42rr_sop4_longestoverlap_ISI_6_test,b42rr,p4,Span,single,6,9,2.1,4.28,11,Eng,78,49,78,49,0.628205128,6
b42rr_sop4_longestoverlap_ISI_7_test,b42rr,p4,Span,single,7,2,0.72,2.78,11,Eng,78,49,78,49,0.628205128,6
b42rr_sop4_longestoverlap_ISI_8_test,b42rr,p4,Span,single,8,8,1.86,4.3,11,Eng,78,49,78,49,0.628205128,6
b42rr_sop4_longestoverlap_ISI_9_test,b42rr,p4,Span,single,9,5,1.16,4.31,11,Eng,78,49,78,49,0.628205128,6
b42rr_sop4_longestoverlap_ISI_10_test,b42rr,p4,Span,single,10,7,1.64,4.27,11,Eng,78,49,78,49,0.628205128,6
b43_sdp3_longestoverlap_ISI_0_test,b43,p3,Span,mixed,0,13,5,2.6,12,Eng,69,45,69,45,0.652173913,0
b43_sdp3_longestoverlap_ISI_1_test,b43,p3,Span,mixed,1,9,3.32,2.71,12,Eng,69,45,69,45,0.652173913,0
b43_sdp3_longestoverlap_ISI_2_test,b43,p3,Span,mixed,2,7,2.32,3.02,12,Eng,69,45,69,45,0.652173913,0
b43_sdp3_longestoverlap_ISI_3_test,b43,p3,Span,mixed,3,5,1.06,4.72,12,Eng,69,45,69,45,0.652173913,0
b43_sdp3_longestoverlap_ISI_4_test,b43,p3,Span,mixed,4,7,1.8,3.89,12,Eng,69,45,69,45,0.652173913,0
b43_sdp3_longestoverlap_ISI_5_test,b43,p3,Span,mixed,5,3,1.24,2.42,12,Eng,69,45,69,45,0.652173913,0
b43_sdp3_longestoverlap_ISI_6_test,b43,p3,Span,mixed,6,8,3.04,2.63,12,Eng,69,45,69,45,0.652173913,0
b43_sdp3_longestoverlap_ISI_7_test,b43,p3,Span,mixed,7,5,1.5,3.33,12,Eng,69,45,69,45,0.652173913,0
b43_sdp3_longestoverlap_ISI_8_test,b43,p3,Span,mixed,8,15,4.78,3.14,12,Eng,69,45,69,45,0.652173913,0
b43_sdp3_longestoverlap_ISI_9_test,b43,p3,Span,mixed,9,6,2.56,2.34,12,Eng,69,45,69,45,0.652173913,0
b43_sdp3_longestoverlap_ISI_10_test,b43,p3,Span,mixed,10,4,2,2,12,Eng,69,45,69,45,0.652173913,0
b43_sop3_longestoverlap_ISI_0_test,b43,p3,Span,single,0,14,3.82,3.66,12,Eng,69,45,69,45,0.652173913,0
b43_sop3_longestoverlap_ISI_1_test,b43,p3,Span,single,1,8,2.34,3.42,12,Eng,69,45,69,45,0.652173913,0
b43_sop3_longestoverlap_ISI_2_test,b43,p3,Span,single,2,4,1.78,2.25,12,Eng,69,45,69,45,0.652173913,0
b43_sop3_longestoverlap_ISI_3_test,b43,p3,Span,single,3,5,1.2,4.17,12,Eng,69,45,69,45,0.652173913,0
b43_sop3_longestoverlap_ISI_4_test,b43,p3,Span,single,4,6,1.46,4.11,12,Eng,69,45,69,45,0.652173913,0
b43_sop3_longestoverlap_ISI_5_test,b43,p3,Span,single,5,3,1.16,2.59,12,Eng,69,45,69,45,0.652173913,0
b43_sop3_longestoverlap_ISI_6_test,b43,p3,Span,single,6,9,2.66,3.38,12,Eng,69,45,69,45,0.652173913,0
b43_sop3_longestoverlap_ISI_7_test,b43,p3,Span,single,7,7,1.58,4.43,12,Eng,69,45,69,45,0.652173913,0
b43_sop3_longestoverlap_ISI_8_test,b43,p3,Span,single,8,17,4.68,3.63,12,Eng,69,45,69,45,0.652173913,0
b43_sop3_longestoverlap_ISI_9_test,b43,p3,Span,single,9,6,1.86,3.23,12,Eng,69,45,69,45,0.652173913,0
b43_sop3_longestoverlap_ISI_10_test,b43,p3,Span,single,10,5,2.3,2.17,12,Eng,69,45,69,45,0.652173913,0
b43_sdp4_longestoverlap_ISI_0_test,b43,p4,Span,mixed,0,6,2.36,2.54,12,Eng,69,45,69,45,0.652173913,0
b43_sdp4_longestoverlap_ISI_1_test,b43,p4,Span,mixed,1,5,1.66,3.01,12,Eng,69,45,69,45,0.652173913,0
b43_sdp4_longestoverlap_ISI_2_test,b43,p4,Span,mixed,2,18,5.32,3.38,12,Eng,69,45,69,45,0.652173913,0
b43_sdp4_longestoverlap_ISI_3_test,b43,p4,Span,mixed,3,12,3.5,3.43,12,Eng,69,45,69,45,0.652173913,0
b43_sdp4_longestoverlap_ISI_4_test,b43,p4,Span,mixed,4,12,4.06,2.96,12,Eng,69,45,69,45,0.652173913,0
b43_sdp4_longestoverlap_ISI_5_test,b43,p4,Span,mixed,5,12,4.18,2.87,12,Eng,69,45,69,45,0.652173913,0
b43_sdp4_longestoverlap_ISI_6_test,b43,p4,Span,mixed,6,16,4.74,3.37,12,Eng,69,45,69,45,0.652173913,0
b43_sdp4_longestoverlap_ISI_7_test,b43,p4,Span,mixed,7,7,2.32,3.02,12,Eng,69,45,69,45,0.652173913,0
b43_sdp4_longestoverlap_ISI_8_test,b43,p4,Span,mixed,8,3,1.26,2.38,12,Eng,69,45,69,45,0.652173913,0
b43_sdp4_longestoverlap_ISI_9_test,b43,p4,Span,mixed,9,4,1.78,2.25,12,Eng,69,45,69,45,0.652173913,0
b43_sdp4_longestoverlap_ISI_10_test,b43,p4,Span,mixed,10,5,1.58,3.16,12,Eng,69,45,69,45,0.652173913,0
b43_sop4_longestoverlap_ISI_0_test,b43,p4,Span,single,0,7,2.02,3.46,12,Eng,69,45,69,45,0.652173913,0
b43_sop4_longestoverlap_ISI_1_test,b43,p4,Span,single,1,4,1.36,2.94,12,Eng,69,45,69,45,0.652173913,0
b43_sop4_longestoverlap_ISI_2_test,b43,p4,Span,single,2,13,3.72,3.49,12,Eng,69,45,69,45,0.652173913,0
b43_sop4_longestoverlap_ISI_3_test,b43,p4,Span,single,3,10,2.98,3.36,12,Eng,69,45,69,45,0.652173913,0
b43_sop4_longestoverlap_ISI_4_test,b43,p4,Span,single,4,11,4.26,2.58,12,Eng,69,45,69,45,0.652173913,0
b43_sop4_longestoverlap_ISI_5_test,b43,p4,Span,single,5,13,2.82,4.61,12,Eng,69,45,69,45,0.652173913,0
b43_sop4_longestoverlap_ISI_6_test,b43,p4,Span,single,6,16,4.54,3.52,12,Eng,69,45,69,45,0.652173913,0
b43_sop4_longestoverlap_ISI_7_test,b43,p4,Span,single,7,4,2.14,1.87,12,Eng,69,45,69,45,0.652173913,0
b43_sop4_longestoverlap_ISI_8_test,b43,p4,Span,single,8,2,1.68,1.19,12,Eng,69,45,69,45,0.652173913,0
b43_sop4_longestoverlap_ISI_9_test,b43,p4,Span,single,9,3,1.28,2.34,12,Eng,69,45,69,45,0.652173913,0
b43_sop4_longestoverlap_ISI_10_test,b43,p4,Span,single,10,5,1.26,3.97,12,Eng,69,45,69,45,0.652173913,0
b44_sdp3_longestoverlap_ISI_0_test,b44,p3,Span,mixed,0,6,1.9,3.16,13,Eng,68,49,68,49,0.720588235,3
b44_sdp3_longestoverlap_ISI_1_test,b44,p3,Span,mixed,1,5,1.34,3.73,13,Eng,68,49,68,49,0.720588235,3
b44_sdp3_longestoverlap_ISI_2_test,b44,p3,Span,mixed,2,4,1.08,3.7,13,Eng,68,49,68,49,0.720588235,3
b44_sdp3_longestoverlap_ISI_3_test,b44,p3,Span,mixed,3,5,1.1,4.54,13,Eng,68,49,68,49,0.720588235,3
b44_sdp3_longestoverlap_ISI_4_test,b44,p3,Span,mixed,4,6,2.1,2.86,13,Eng,68,49,68,49,0.720588235,3
b44_sdp3_longestoverlap_ISI_5_test,b44,p3,Span,mixed,5,4,1.42,2.82,13,Eng,68,49,68,49,0.720588235,3
b44_sdp3_longestoverlap_ISI_6_test,b44,p3,Span,mixed,6,2,1.08,1.85,13,Eng,68,49,68,49,0.720588235,3
b44_sdp3_longestoverlap_ISI_7_test,b44,p3,Span,mixed,7,6,1.9,3.16,13,Eng,68,49,68,49,0.720588235,3
b44_sdp3_longestoverlap_ISI_8_test,b44,p3,Span,mixed,8,10,2.56,3.91,13,Eng,68,49,68,49,0.720588235,3
b44_sdp3_longestoverlap_ISI_9_test,b44,p3,Span,mixed,9,10,2.46,4.06,13,Eng,68,49,68,49,0.720588235,3
b44_sdp3_longestoverlap_ISI_10_test,b44,p3,Span,mixed,10,6,1.44,4.17,13,Eng,68,49,68,49,0.720588235,3
b44_sop3_longestoverlap_ISI_0_test,b44,p3,Span,single,0,5,1.9,2.63,13,Eng,68,49,68,49,0.720588235,3
b44_sop3_longestoverlap_ISI_1_test,b44,p3,Span,single,1,6,1.44,4.17,13,Eng,68,49,68,49,0.720588235,3
b44_sop3_longestoverlap_ISI_2_test,b44,p3,Span,single,2,3,1.1,2.73,13,Eng,68,49,68,49,0.720588235,3
b44_sop3_longestoverlap_ISI_3_test,b44,p3,Span,single,3,4,0.9,4.44,13,Eng,68,49,68,49,0.720588235,3
b44_sop3_longestoverlap_ISI_4_test,b44,p3,Span,single,4,7,2.02,3.47,13,Eng,68,49,68,49,0.720588235,3
b44_sop3_longestoverlap_ISI_5_test,b44,p3,Span,single,5,6,1.58,3.8,13,Eng,68,49,68,49,0.720588235,3
b44_sop3_longestoverlap_ISI_6_test,b44,p3,Span,single,6,3,0.98,3.06,13,Eng,68,49,68,49,0.720588235,3
b44_sop3_longestoverlap_ISI_7_test,b44,p3,Span,single,7,6,1.62,3.7,13,Eng,68,49,68,49,0.720588235,3
b44_sop3_longestoverlap_ISI_8_test,b44,p3,Span,single,8,10,2.64,3.79,13,Eng,68,49,68,49,0.720588235,3
b44_sop3_longestoverlap_ISI_9_test,b44,p3,Span,single,9,8,2.3,3.48,13,Eng,68,49,68,49,0.720588235,3
b44_sop3_longestoverlap_ISI_10_test,b44,p3,Span,single,10,4,1.46,2.74,13,Eng,68,49,68,49,0.720588235,3
b44_sdp4_longestoverlap_ISI_0_test,b44,p4,Span,mixed,0,6,1.68,3.57,13,Eng,68,49,68,49,0.720588235,3
b44_sdp4_longestoverlap_ISI_1_test,b44,p4,Span,mixed,1,4,1.24,3.23,13,Eng,68,49,68,49,0.720588235,3
b44_sdp4_longestoverlap_ISI_2_test,b44,p4,Span,mixed,2,14,3.52,3.98,13,Eng,68,49,68,49,0.720588235,3
b44_sdp4_longestoverlap_ISI_3_test,b44,p4,Span,mixed,3,12,2.8,4.29,13,Eng,68,49,68,49,0.720588235,3
b44_sdp4_longestoverlap_ISI_4_test,b44,p4,Span,mixed,4,10,2.46,4.06,13,Eng,68,49,68,49,0.720588235,3
b44_sdp4_longestoverlap_ISI_5_test,b44,p4,Span,mixed,5,6,1.98,3.03,13,Eng,68,49,68,49,0.720588235,3
b44_sdp4_longestoverlap_ISI_6_test,b44,p4,Span,mixed,6,7,1.62,4.32,13,Eng,68,49,68,49,0.720588235,3
b44_sdp4_longestoverlap_ISI_7_test,b44,p4,Span,mixed,7,8,1.86,4.3,13,Eng,68,49,68,49,0.720588235,3
b44_sdp4_longestoverlap_ISI_8_test,b44,p4,Span,mixed,8,2,1.04,1.92,13,Eng,68,49,68,49,0.720588235,3
b44_sdp4_longestoverlap_ISI_9_test,b44,p4,Span,mixed,9,7,1.74,4.02,13,Eng,68,49,68,49,0.720588235,3
b44_sdp4_longestoverlap_ISI_10_test,b44,p4,Span,mixed,10,3,1.18,2.54,13,Eng,68,49,68,49,0.720588235,3
b44_sop4_longestoverlap_ISI_0_test,b44,p4,Span,single,0,5,1.52,3.29,13,Eng,68,49,68,49,0.720588235,3
b44_sop4_longestoverlap_ISI_1_test,b44,p4,Span,single,1,4,1.12,3.57,13,Eng,68,49,68,49,0.720588235,3
b44_sop4_longestoverlap_ISI_2_test,b44,p4,Span,single,2,11,3.18,3.46,13,Eng,68,49,68,49,0.720588235,3
b44_sop4_longestoverlap_ISI_3_test,b44,p4,Span,single,3,11,2.44,4.51,13,Eng,68,49,68,49,0.720588235,3
b44_sop4_longestoverlap_ISI_4_test,b44,p4,Span,single,4,11,2.44,4.51,13,Eng,68,49,68,49,0.720588235,3
b44_sop4_longestoverlap_ISI_5_test,b44,p4,Span,single,5,5,1.56,3.2,13,Eng,68,49,68,49,0.720588235,3
b44_sop4_longestoverlap_ISI_6_test,b44,p4,Span,single,6,7,1.62,4.32,13,Eng,68,49,68,49,0.720588235,3
b44_sop4_longestoverlap_ISI_7_test,b44,p4,Span,single,7,8,1.78,4.49,13,Eng,68,49,68,49,0.720588235,3
b44_sop4_longestoverlap_ISI_8_test,b44,p4,Span,single,8,2,0.64,3.12,13,Eng,68,49,68,49,0.720588235,3
b44_sop4_longestoverlap_ISI_9_test,b44,p4,Span,single,9,7,1.76,3.98,13,Eng,68,49,68,49,0.720588235,3
b44_sop4_longestoverlap_ISI_10_test,b44,p4,Span,single,10,3,0.74,4.05,13,Eng,68,49,68,49,0.720588235,3
b45r_sdp3_longestoverlap_ISI_0_test,b45r,p3,Span,mixed,0,16,4.1,3.9,14,Eng,64,32,64,32,0.5,0
b45r_sdp3_longestoverlap_ISI_1_test,b45r,p3,Span,mixed,1,9,2.24,4.02,14,Eng,64,32,64,32,0.5,0
b45r_sdp3_longestoverlap_ISI_2_test,b45r,p3,Span,mixed,2,4,1.28,3.12,14,Eng,64,32,64,32,0.5,0
b45r_sdp3_longestoverlap_ISI_3_test,b45r,p3,Span,mixed,3,4,0.98,4.08,14,Eng,64,32,64,32,0.5,0
b45r_sdp3_longestoverlap_ISI_4_test,b45r,p3,Span,mixed,4,7,1.76,3.98,14,Eng,64,32,64,32,0.5,0
b45r_sdp3_longestoverlap_ISI_5_test,b45r,p3,Span,mixed,5,6,1.3,4.61,14,Eng,64,32,64,32,0.5,0
b45r_sdp3_longestoverlap_ISI_6_test,b45r,p3,Span,mixed,6,5,1.42,3.52,14,Eng,64,32,64,32,0.5,0
b45r_sdp3_longestoverlap_ISI_7_test,b45r,p3,Span,mixed,7,6,1.5,4,14,Eng,64,32,64,32,0.5,0
b45r_sdp3_longestoverlap_ISI_8_test,b45r,p3,Span,mixed,8,13,2.58,5.04,14,Eng,64,32,64,32,0.5,0
b45r_sdp3_longestoverlap_ISI_9_test,b45r,p3,Span,mixed,9,9,2.58,3.49,14,Eng,64,32,64,32,0.5,0
b45r_sdp3_longestoverlap_ISI_10_test,b45r,p3,Span,mixed,10,11,2.62,4.2,14,Eng,64,32,64,32,0.5,0
b45r_sop3_longestoverlap_ISI_0_test,b45r,p3,Span,single,0,16,4.08,3.92,14,Eng,64,32,64,32,0.5,0
b45r_sop3_longestoverlap_ISI_1_test,b45r,p3,Span,single,1,9,2.4,3.75,14,Eng,64,32,64,32,0.5,0
b45r_sop3_longestoverlap_ISI_2_test,b45r,p3,Span,single,2,4,1.42,2.82,14,Eng,64,32,64,32,0.5,0
b45r_sop3_longestoverlap_ISI_3_test,b45r,p3,Span,single,3,5,0.94,5.32,14,Eng,64,32,64,32,0.5,0
b45r_sop3_longestoverlap_ISI_4_test,b45r,p3,Span,single,4,7,2.02,3.47,14,Eng,64,32,64,32,0.5,0
b45r_sop3_longestoverlap_ISI_5_test,b45r,p3,Span,single,5,6,1.82,3.3,14,Eng,64,32,64,32,0.5,0
b45r_sop3_longestoverlap_ISI_6_test,b45r,p3,Span,single,6,5,1.46,3.42,14,Eng,64,32,64,32,0.5,0
b45r_sop3_longestoverlap_ISI_7_test,b45r,p3,Span,single,7,6,1.64,3.66,14,Eng,64,32,64,32,0.5,0
b45r_sop3_longestoverlap_ISI_8_test,b45r,p3,Span,single,8,13,3.18,4.09,14,Eng,64,32,64,32,0.5,0
b45r_sop3_longestoverlap_ISI_9_test,b45r,p3,Span,single,9,9,2.54,3.54,14,Eng,64,32,64,32,0.5,0
b45r_sop3_longestoverlap_ISI_10_test,b45r,p3,Span,single,10,11,3.18,3.46,14,Eng,64,32,64,32,0.5,0
b45r_sdp4_longestoverlap_ISI_0_test,b45r,p4,Span,mixed,0,6,1.58,3.8,14,Eng,64,32,64,32,0.5,0
b45r_sdp4_longestoverlap_ISI_1_test,b45r,p4,Span,mixed,1,5,1.34,3.73,14,Eng,64,32,64,32,0.5,0
b45r_sdp4_longestoverlap_ISI_2_test,b45r,p4,Span,mixed,2,11,2.56,4.3,14,Eng,64,32,64,32,0.5,0
b45r_sdp4_longestoverlap_ISI_3_test,b45r,p4,Span,mixed,3,15,3.48,4.31,14,Eng,64,32,64,32,0.5,0
b45r_sdp4_longestoverlap_ISI_4_test,b45r,p4,Span,mixed,4,13,3.04,4.28,14,Eng,64,32,64,32,0.5,0
b45r_sdp4_longestoverlap_ISI_5_test,b45r,p4,Span,mixed,5,15,2.9,5.17,14,Eng,64,32,64,32,0.5,0
b45r_sdp4_longestoverlap_ISI_6_test,b45r,p4,Span,mixed,6,7,1.72,4.07,14,Eng,64,32,64,32,0.5,0
b45r_sdp4_longestoverlap_ISI_7_test,b45r,p4,Span,mixed,7,6,1.44,4.17,14,Eng,64,32,64,32,0.5,0
b45r_sdp4_longestoverlap_ISI_8_test,b45r,p4,Span,mixed,8,4,1.68,2.38,14,Eng,64,32,64,32,0.5,0
b45r_sdp4_longestoverlap_ISI_9_test,b45r,p4,Span,mixed,9,2,0.8,2.5,14,Eng,64,32,64,32,0.5,0
b45r_sdp4_longestoverlap_ISI_10_test,b45r,p4,Span,mixed,10,9,3.28,2.74,14,Eng,64,32,64,32,0.5,0
b45r_sop4_longestoverlap_ISI_0_test,b45r,p4,Span,single,0,7,1.6,4.37,14,Eng,64,32,64,32,0.5,0
b45r_sop4_longestoverlap_ISI_1_test,b45r,p4,Span,single,1,4,1.36,2.94,14,Eng,64,32,64,32,0.5,0
b45r_sop4_longestoverlap_ISI_2_test,b45r,p4,Span,single,2,10,2.52,3.97,14,Eng,64,32,64,32,0.5,0
b45r_sop4_longestoverlap_ISI_3_test,b45r,p4,Span,single,3,13,3.68,3.53,14,Eng,64,32,64,32,0.5,0
b45r_sop4_longestoverlap_ISI_4_test,b45r,p4,Span,single,4,15,3.18,4.72,14,Eng,64,32,64,32,0.5,0
b45r_sop4_longestoverlap_ISI_5_test,b45r,p4,Span,single,5,12,3.2,3.75,14,Eng,64,32,64,32,0.5,0
b45r_sop4_longestoverlap_ISI_6_test,b45r,p4,Span,single,6,8,1.66,4.82,14,Eng,64,32,64,32,0.5,0
b45r_sop4_longestoverlap_ISI_7_test,b45r,p4,Span,single,7,6,1.56,3.85,14,Eng,64,32,64,32,0.5,0
b45r_sop4_longestoverlap_ISI_8_test,b45r,p4,Span,single,8,5,1.88,2.66,14,Eng,64,32,64,32,0.5,0
b45r_sop4_longestoverlap_ISI_9_test,b45r,p4,Span,single,9,2,0.82,2.44,14,Eng,64,32,64,32,0.5,0
b45r_sop4_longestoverlap_ISI_10_test,b45r,p4,Span,single,10,9,1.78,5.06,14,Eng,64,32,64,32,0.5,0
b46r_sdp3_longestoverlap_ISI_0_test,b46r,p3,Span,mixed,0,11,3.28,3.35,15,Eng,69,53,69,53,0.768115942,3
b46r_sdp3_longestoverlap_ISI_1_test,b46r,p3,Span,mixed,1,6,2.44,2.46,15,Eng,69,53,69,53,0.768115942,3
b46r_sdp3_longestoverlap_ISI_2_test,b46r,p3,Span,mixed,2,8,2.38,3.36,15,Eng,69,53,69,53,0.768115942,3
b46r_sdp3_longestoverlap_ISI_3_test,b46r,p3,Span,mixed,3,3,0.84,3.57,15,Eng,69,53,69,53,0.768115942,3
b46r_sdp3_longestoverlap_ISI_4_test,b46r,p3,Span,mixed,4,4,1.54,2.6,15,Eng,69,53,69,53,0.768115942,3
b46r_sdp3_longestoverlap_ISI_5_test,b46r,p3,Span,mixed,5,6,1.32,4.54,15,Eng,69,53,69,53,0.768115942,3
b46r_sdp3_longestoverlap_ISI_6_test,b46r,p3,Span,mixed,6,4,1.58,2.53,15,Eng,69,53,69,53,0.768115942,3
b46r_sdp3_longestoverlap_ISI_7_test,b46r,p3,Span,mixed,7,8,2.02,3.96,15,Eng,69,53,69,53,0.768115942,3
b46r_sdp3_longestoverlap_ISI_8_test,b46r,p3,Span,mixed,8,11,2.68,4.1,15,Eng,69,53,69,53,0.768115942,3
b46r_sdp3_longestoverlap_ISI_9_test,b46r,p3,Span,mixed,9,3,1.22,2.46,15,Eng,69,53,69,53,0.768115942,3
b46r_sop3_longestoverlap_ISI_0_test,b46r,p3,Span,single,0,11,2.9,3.79,15,Eng,69,53,69,53,0.768115942,3
b46r_sop3_longestoverlap_ISI_1_test,b46r,p3,Span,single,1,7,2.48,2.82,15,Eng,69,53,69,53,0.768115942,3
b46r_sop3_longestoverlap_ISI_2_test,b46r,p3,Span,single,2,8,2.08,3.85,15,Eng,69,53,69,53,0.768115942,3
b46r_sop3_longestoverlap_ISI_3_test,b46r,p3,Span,single,3,3,0.88,3.41,15,Eng,69,53,69,53,0.768115942,3
b46r_sop3_longestoverlap_ISI_4_test,b46r,p3,Span,single,4,3,1.4,2.14,15,Eng,69,53,69,53,0.768115942,3
b46r_sop3_longestoverlap_ISI_5_test,b46r,p3,Span,single,5,6,1.38,4.35,15,Eng,69,53,69,53,0.768115942,3
b46r_sop3_longestoverlap_ISI_6_test,b46r,p3,Span,single,6,5,1.54,3.25,15,Eng,69,53,69,53,0.768115942,3
b46r_sop3_longestoverlap_ISI_7_test,b46r,p3,Span,single,7,7,1.86,3.76,15,Eng,69,53,69,53,0.768115942,3
b46r_sop3_longestoverlap_ISI_8_test,b46r,p3,Span,single,8,11,2.34,4.7,15,Eng,69,53,69,53,0.768115942,3
b46r_sop3_longestoverlap_ISI_9_test,b46r,p3,Span,single,9,4,1.92,2.08,15,Eng,69,53,69,53,0.768115942,3
b46r_sdp4_longestoverlap_ISI_0_test,b46r,p4,Span,mixed,0,5,1.48,3.38,15,Eng,69,53,69,53,0.768115942,3
b46r_sdp4_longestoverlap_ISI_1_test,b46r,p4,Span,mixed,1,4,1.32,3.03,15,Eng,69,53,69,53,0.768115942,3
b46r_sdp4_longestoverlap_ISI_2_test,b46r,p4,Span,mixed,2,9,2.2,4.09,15,Eng,69,53,69,53,0.768115942,3
b46r_sdp4_longestoverlap_ISI_3_test,b46r,p4,Span,mixed,3,4,1.68,2.38,15,Eng,69,53,69,53,0.768115942,3
b46r_sdp4_longestoverlap_ISI_4_test,b46r,p4,Span,mixed,4,9,2.08,4.33,15,Eng,69,53,69,53,0.768115942,3
b46r_sdp4_longestoverlap_ISI_5_test,b46r,p4,Span,mixed,5,3,1.48,2.03,15,Eng,69,53,69,53,0.768115942,3
b46r_sdp4_longestoverlap_ISI_6_test,b46r,p4,Span,mixed,6,7,1.9,3.68,15,Eng,69,53,69,53,0.768115942,3
b46r_sdp4_longestoverlap_ISI_7_test,b46r,p4,Span,mixed,7,5,1.22,4.1,15,Eng,69,53,69,53,0.768115942,3
b46r_sdp4_longestoverlap_ISI_8_test,b46r,p4,Span,mixed,8,3,1.44,2.08,15,Eng,69,53,69,53,0.768115942,3
b46r_sdp4_longestoverlap_ISI_9_test,b46r,p4,Span,mixed,9,5,1.7,2.94,15,Eng,69,53,69,53,0.768115942,3
b46r_sdp4_longestoverlap_ISI_10_test,b46r,p4,Span,mixed,10,4,1,4,15,Eng,69,53,69,53,0.768115942,3
b46r_sop4_longestoverlap_ISI_0_test,b46r,p4,Span,single,0,5,1.92,2.6,15,Eng,69,53,69,53,0.768115942,3
b46r_sop4_longestoverlap_ISI_1_test,b46r,p4,Span,single,1,5,1.48,3.38,15,Eng,69,53,69,53,0.768115942,3
b46r_sop4_longestoverlap_ISI_2_test,b46r,p4,Span,single,2,10,2.96,3.38,15,Eng,69,53,69,53,0.768115942,3
b46r_sop4_longestoverlap_ISI_3_test,b46r,p4,Span,single,3,4,1.24,3.23,15,Eng,69,53,69,53,0.768115942,3
b46r_sop4_longestoverlap_ISI_4_test,b46r,p4,Span,single,4,10,2.68,3.73,15,Eng,69,53,69,53,0.768115942,3
b46r_sop4_longestoverlap_ISI_5_test,b46r,p4,Span,single,5,4,1.44,2.78,15,Eng,69,53,69,53,0.768115942,3
b46r_sop4_longestoverlap_ISI_6_test,b46r,p4,Span,single,6,6,1.7,3.53,15,Eng,69,53,69,53,0.768115942,3
b46r_sop4_longestoverlap_ISI_7_test,b46r,p4,Span,single,7,5,1.28,3.91,15,Eng,69,53,69,53,0.768115942,3
b46r_sop4_longestoverlap_ISI_8_test,b46r,p4,Span,single,8,3,1.48,2.03,15,Eng,69,53,69,53,0.768115942,3
b46r_sop4_longestoverlap_ISI_9_test,b46r,p4,Span,single,9,9,3.1,2.9,15,Eng,69,53,69,53,0.768115942,3
b46r_sop4_longestoverlap_ISI_10_test,b46r,p4,Span,single,10,5,1.14,4.39,15,Eng,69,53,69,53,0.768115942,3
b47r_sdp3_longestoverlap_ISI_0_test,b47r,p3,Span,mixed,0,17,4.18,4.07,16,Eng,62,48,62,48,0.774193548,5
b47r_sdp3_longestoverlap_ISI_1_test,b47r,p3,Span,mixed,1,12,2.98,4.03,16,Eng,62,48,62,48,0.774193548,5
b47r_sdp3_longestoverlap_ISI_2_test,b47r,p3,Span,mixed,2,6,1.68,3.57,16,Eng,62,48,62,48,0.774193548,5
b47r_sdp3_longestoverlap_ISI_4_test,b47r,p3,Span,mixed,4,4,1.36,2.94,16,Eng,62,48,62,48,0.774193548,5
b47r_sdp3_longestoverlap_ISI_5_test,b47r,p3,Span,mixed,5,6,1.36,4.41,16,Eng,62,48,62,48,0.774193548,5
b47r_sdp3_longestoverlap_ISI_6_test,b47r,p3,Span,mixed,6,7,2,3.5,16,Eng,62,48,62,48,0.774193548,5
b47r_sdp3_longestoverlap_ISI_7_test,b47r,p3,Span,mixed,7,6,1.48,4.05,16,Eng,62,48,62,48,0.774193548,5
b47r_sdp3_longestoverlap_ISI_8_test,b47r,p3,Span,mixed,8,17,4.12,4.13,16,Eng,62,48,62,48,0.774193548,5
b47r_sdp3_longestoverlap_ISI_9_test,b47r,p3,Span,mixed,9,6,1.68,3.57,16,Eng,62,48,62,48,0.774193548,5
b47r_sdp3_longestoverlap_ISI_10_test,b47r,p3,Span,mixed,10,5,1.32,3.79,16,Eng,62,48,62,48,0.774193548,5
b47r_sop3_longestoverlap_ISI_0_test,b47r,p3,Span,single,0,16,4.28,3.74,16,Eng,62,48,62,48,0.774193548,5
b47r_sop3_longestoverlap_ISI_1_test,b47r,p3,Span,single,1,12,2.84,4.22,16,Eng,62,48,62,48,0.774193548,5
b47r_sop3_longestoverlap_ISI_2_test,b47r,p3,Span,single,2,6,1.7,3.53,16,Eng,62,48,62,48,0.774193548,5
b47r_sop3_longestoverlap_ISI_4_test,b47r,p3,Span,single,4,4,1.5,2.67,16,Eng,62,48,62,48,0.774193548,5
b47r_sop3_longestoverlap_ISI_5_test,b47r,p3,Span,single,5,6,1.4,4.28,16,Eng,62,48,62,48,0.774193548,5
b47r_sop3_longestoverlap_ISI_6_test,b47r,p3,Span,single,6,6,2.1,2.86,16,Eng,62,48,62,48,0.774193548,5
b47r_sop3_longestoverlap_ISI_7_test,b47r,p3,Span,single,7,6,1.58,3.8,16,Eng,62,48,62,48,0.774193548,5
b47r_sop3_longestoverlap_ISI_8_test,b47r,p3,Span,single,8,17,4.62,3.68,16,Eng,62,48,62,48,0.774193548,5
b47r_sop3_longestoverlap_ISI_9_test,b47r,p3,Span,single,9,7,1.86,3.76,16,Eng,62,48,62,48,0.774193548,5
b47r_sop3_longestoverlap_ISI_10_test,b47r,p3,Span,single,10,3,1.06,2.83,16,Eng,62,48,62,48,0.774193548,5
b47r_sdp4_longestoverlap_ISI_0_test,b47r,p4,Span,mixed,0,7,1.7,4.12,16,Eng,62,48,62,48,0.774193548,5
b47r_sdp4_longestoverlap_ISI_1_test,b47r,p4,Span,mixed,1,6,1.28,4.69,16,Eng,62,48,62,48,0.774193548,5
b47r_sdp4_longestoverlap_ISI_2_test,b47r,p4,Span,mixed,2,7,2.04,3.43,16,Eng,62,48,62,48,0.774193548,5
b47r_sdp4_longestoverlap_ISI_3_test,b47r,p4,Span,mixed,3,14,3.5,4,16,Eng,62,48,62,48,0.774193548,5
b47r_sdp4_longestoverlap_ISI_4_test,b47r,p4,Span,mixed,4,9,2.38,3.78,16,Eng,62,48,62,48,0.774193548,5
b47r_sdp4_longestoverlap_ISI_5_test,b47r,p4,Span,mixed,5,4,1.04,3.85,16,Eng,62,48,62,48,0.774193548,5
b47r_sdp4_longestoverlap_ISI_6_test,b47r,p4,Span,mixed,6,7,2.32,3.02,16,Eng,62,48,62,48,0.774193548,5
b47r_sdp4_longestoverlap_ISI_8_test,b47r,p4,Span,mixed,8,2,0.62,3.23,16,Eng,62,48,62,48,0.774193548,5
b47r_sdp4_longestoverlap_ISI_9_test,b47r,p4,Span,mixed,9,3,1.76,1.7,16,Eng,62,48,62,48,0.774193548,5
b47r_sdp4_longestoverlap_ISI_10_test,b47r,p4,Span,mixed,10,5,1.18,4.24,16,Eng,62,48,62,48,0.774193548,5
b47r_sop4_longestoverlap_ISI_0_test,b47r,p4,Span,single,0,6,2.16,2.78,16,Eng,62,48,62,48,0.774193548,5
b47r_sop4_longestoverlap_ISI_1_test,b47r,p4,Span,single,1,5,1.5,3.33,16,Eng,62,48,62,48,0.774193548,5
b47r_sop4_longestoverlap_ISI_2_test,b47r,p4,Span,single,2,7,2.26,3.1,16,Eng,62,48,62,48,0.774193548,5
b47r_sop4_longestoverlap_ISI_3_test,b47r,p4,Span,single,3,12,3.08,3.9,16,Eng,62,48,62,48,0.774193548,5
b47r_sop4_longestoverlap_ISI_4_test,b47r,p4,Span,single,4,10,2.92,3.42,16,Eng,62,48,62,48,0.774193548,5
b47r_sop4_longestoverlap_ISI_5_test,b47r,p4,Span,single,5,4,1.08,3.7,16,Eng,62,48,62,48,0.774193548,5
b47r_sop4_longestoverlap_ISI_6_test,b47r,p4,Span,single,6,9,3.04,2.96,16,Eng,62,48,62,48,0.774193548,5
b47r_sop4_longestoverlap_ISI_8_test,b47r,p4,Span,single,8,2,0.8,2.5,16,Eng,62,48,62,48,0.774193548,5
b47r_sop4_longestoverlap_ISI_9_test,b47r,p4,Span,single,9,4,2.26,1.77,16,Eng,62,48,62,48,0.774193548,5
b47r_sop4_longestoverlap_ISI_10_test,b47r,p4,Span,single,10,4,1.38,2.9,16,Eng,62,48,62,48,0.774193548,5
b48_sdp3_longestoverlap_ISI_0_test,b48,p3,Span,mixed,0,6,1.24,4.84,17,Eng,75,37,75,37,0.493333333,0
b48_sdp3_longestoverlap_ISI_1_test,b48,p3,Span,mixed,1,5,1.38,3.62,17,Eng,75,37,75,37,0.493333333,0
b48_sdp3_longestoverlap_ISI_2_test,b48,p3,Span,mixed,2,6,1.24,4.84,17,Eng,75,37,75,37,0.493333333,0
b48_sdp3_longestoverlap_ISI_4_test,b48,p3,Span,mixed,4,5,1.32,3.79,17,Eng,75,37,75,37,0.493333333,0
b48_sdp3_longestoverlap_ISI_5_test,b48,p3,Span,mixed,5,4,1.32,3.03,17,Eng,75,37,75,37,0.493333333,0
b48_sdp3_longestoverlap_ISI_6_test,b48,p3,Span,mixed,6,8,2.28,3.51,17,Eng,75,37,75,37,0.493333333,0
b48_sdp3_longestoverlap_ISI_7_test,b48,p3,Span,mixed,7,6,1.4,4.28,17,Eng,75,37,75,37,0.493333333,0
b48_sdp3_longestoverlap_ISI_8_test,b48,p3,Span,mixed,8,11,2.54,4.33,17,Eng,75,37,75,37,0.493333333,0
b48_sdp3_longestoverlap_ISI_9_test,b48,p3,Span,mixed,9,14,2.8,5,17,Eng,75,37,75,37,0.493333333,0
b48_sdp3_longestoverlap_ISI_10_test,b48,p3,Span,mixed,10,9,2.32,3.88,17,Eng,75,37,75,37,0.493333333,0
b48_sop3_longestoverlap_ISI_0_test,b48,p3,Span,single,0,7,1.42,4.93,17,Eng,75,37,75,37,0.493333333,0
b48_sop3_longestoverlap_ISI_1_test,b48,p3,Span,single,1,6,1.52,3.95,17,Eng,75,37,75,37,0.493333333,0
b48_sop3_longestoverlap_ISI_2_test,b48,p3,Span,single,2,7,1.62,4.32,17,Eng,75,37,75,37,0.493333333,0
b48_sop3_longestoverlap_ISI_4_test,b48,p3,Span,single,4,7,1.26,5.56,17,Eng,75,37,75,37,0.493333333,0
b48_sop3_longestoverlap_ISI_5_test,b48,p3,Span,single,5,4,1.26,3.17,17,Eng,75,37,75,37,0.493333333,0
b48_sop3_longestoverlap_ISI_6_test,b48,p3,Span,single,6,7,2.16,3.24,17,Eng,75,37,75,37,0.493333333,0
b48_sop3_longestoverlap_ISI_7_test,b48,p3,Span,single,7,5,1.4,3.57,17,Eng,75,37,75,37,0.493333333,0
b48_sop3_longestoverlap_ISI_8_test,b48,p3,Span,single,8,10,2.64,3.79,17,Eng,75,37,75,37,0.493333333,0
b48_sop3_longestoverlap_ISI_9_test,b48,p3,Span,single,9,16,3.42,4.68,17,Eng,75,37,75,37,0.493333333,0
b48_sop3_longestoverlap_ISI_10_test,b48,p3,Span,single,10,9,2.38,3.78,17,Eng,75,37,75,37,0.493333333,0
b48_sdp4_longestoverlap_ISI_0_test,b48,p4,Span,mixed,0,5,1.46,3.42,17,Eng,75,37,75,37,0.493333333,0
b48_sdp4_longestoverlap_ISI_1_test,b48,p4,Span,mixed,1,2,0.56,3.57,17,Eng,75,37,75,37,0.493333333,0
b48_sdp4_longestoverlap_ISI_2_test,b48,p4,Span,mixed,2,5,1.06,4.72,17,Eng,75,37,75,37,0.493333333,0
b48_sdp4_longestoverlap_ISI_3_test,b48,p4,Span,mixed,3,15,3.34,4.49,17,Eng,75,37,75,37,0.493333333,0
b48_sdp4_longestoverlap_ISI_4_test,b48,p4,Span,mixed,4,10,1.98,5.05,17,Eng,75,37,75,37,0.493333333,0
b48_sdp4_longestoverlap_ISI_5_test,b48,p4,Span,mixed,5,7,1.42,4.93,17,Eng,75,37,75,37,0.493333333,0
b48_sdp4_longestoverlap_ISI_6_test,b48,p4,Span,mixed,6,7,1.54,4.54,17,Eng,75,37,75,37,0.493333333,0
b48_sdp4_longestoverlap_ISI_7_test,b48,p4,Span,mixed,7,6,1.78,3.37,17,Eng,75,37,75,37,0.493333333,0
b48_sdp4_longestoverlap_ISI_8_test,b48,p4,Span,mixed,8,9,1.9,4.74,17,Eng,75,37,75,37,0.493333333,0
b48_sdp4_longestoverlap_ISI_9_test,b48,p4,Span,mixed,9,6,1.32,4.54,17,Eng,75,37,75,37,0.493333333,0
b48_sdp4_longestoverlap_ISI_10_test,b48,p4,Span,mixed,10,7,1.66,4.22,17,Eng,75,37,75,37,0.493333333,0
b48_sop4_longestoverlap_ISI_0_test,b48,p4,Span,single,0,5,1.48,3.38,17,Eng,75,37,75,37,0.493333333,0
b48_sop4_longestoverlap_ISI_1_test,b48,p4,Span,single,1,2,0.54,3.7,17,Eng,75,37,75,37,0.493333333,0
b48_sop4_longestoverlap_ISI_2_test,b48,p4,Span,single,2,4,1.26,3.17,17,Eng,75,37,75,37,0.493333333,0
b48_sop4_longestoverlap_ISI_3_test,b48,p4,Span,single,3,13,3.7,3.51,17,Eng,75,37,75,37,0.493333333,0
b48_sop4_longestoverlap_ISI_4_test,b48,p4,Span,single,4,12,2.16,5.55,17,Eng,75,37,75,37,0.493333333,0
b48_sop4_longestoverlap_ISI_5_test,b48,p4,Span,single,5,6,1.46,4.11,17,Eng,75,37,75,37,0.493333333,0
b48_sop4_longestoverlap_ISI_6_test,b48,p4,Span,single,6,9,1.56,5.77,17,Eng,75,37,75,37,0.493333333,0
b48_sop4_longestoverlap_ISI_7_test,b48,p4,Span,single,7,7,1.46,4.79,17,Eng,75,37,75,37,0.493333333,0
b48_sop4_longestoverlap_ISI_8_test,b48,p4,Span,single,8,7,2.14,3.27,17,Eng,75,37,75,37,0.493333333,0
b48_sop4_longestoverlap_ISI_9_test,b48,p4,Span,single,9,6,1.46,4.11,17,Eng,75,37,75,37,0.493333333,0
b48_sop4_longestoverlap_ISI_10_test,b48,p4,Span,single,10,9,2.06,4.37,17,Eng,75,37,75,37,0.493333333,0
b4rr_sdp3_longestoverlap_ISI_0_test,b4rr,p3,Span,mixed,0,8,1.76,4.54,5,Eng,64,58,64,58,0.90625,0
b4rr_sdp3_longestoverlap_ISI_1_test,b4rr,p3,Span,mixed,1,12,2.84,4.22,5,Eng,64,58,64,58,0.90625,0
b4rr_sdp3_longestoverlap_ISI_2_test,b4rr,p3,Span,mixed,2,7,2.12,3.3,5,Eng,64,58,64,58,0.90625,0
b4rr_sdp3_longestoverlap_ISI_4_test,b4rr,p3,Span,mixed,4,7,2.14,3.27,5,Eng,64,58,64,58,0.90625,0
b4rr_sdp3_longestoverlap_ISI_5_test,b4rr,p3,Span,mixed,5,3,1,3,5,Eng,64,58,64,58,0.90625,0
b4rr_sdp3_longestoverlap_ISI_6_test,b4rr,p3,Span,mixed,6,8,2.2,3.64,5,Eng,64,58,64,58,0.90625,0
b4rr_sdp3_longestoverlap_ISI_7_test,b4rr,p3,Span,mixed,7,8,2.5,3.2,5,Eng,64,58,64,58,0.90625,0
b4rr_sdp3_longestoverlap_ISI_8_test,b4rr,p3,Span,mixed,8,14,3.52,3.98,5,Eng,64,58,64,58,0.90625,0
b4rr_sdp3_longestoverlap_ISI_9_test,b4rr,p3,Span,mixed,9,7,1.9,3.68,5,Eng,64,58,64,58,0.90625,0
b4rr_sdp3_longestoverlap_ISI_10_test,b4rr,p3,Span,mixed,10,4,1,4,5,Eng,64,58,64,58,0.90625,0
b4rr_sop3_longestoverlap_ISI_0_test,b4rr,p3,Span,single,0,8,1.74,4.6,5,Eng,64,58,64,58,0.90625,0
b4rr_sop3_longestoverlap_ISI_1_test,b4rr,p3,Span,single,1,11,2.68,4.1,5,Eng,64,58,64,58,0.90625,0
b4rr_sop3_longestoverlap_ISI_2_test,b4rr,p3,Span,single,2,8,2,4,5,Eng,64,58,64,58,0.90625,0
b4rr_sop3_longestoverlap_ISI_4_test,b4rr,p3,Span,single,4,6,1.58,3.8,5,Eng,64,58,64,58,0.90625,0
b4rr_sop3_longestoverlap_ISI_5_test,b4rr,p3,Span,single,5,4,0.86,4.65,5,Eng,64,58,64,58,0.90625,0
b4rr_sop3_longestoverlap_ISI_6_test,b4rr,p3,Span,single,6,8,1.78,4.49,5,Eng,64,58,64,58,0.90625,0
b4rr_sop3_longestoverlap_ISI_7_test,b4rr,p3,Span,single,7,9,2.06,4.37,5,Eng,64,58,64,58,0.90625,0
b4rr_sop3_longestoverlap_ISI_8_test,b4rr,p3,Span,single,8,15,3.26,4.6,5,Eng,64,58,64,58,0.90625,0
b4rr_sop3_longestoverlap_ISI_9_test,b4rr,p3,Span,single,9,10,2.1,4.76,5,Eng,64,58,64,58,0.90625,0
b4rr_sop3_longestoverlap_ISI_10_test,b4rr,p3,Span,single,10,3,1.02,2.94,5,Eng,64,58,64,58,0.90625,0
b4rr_sdp4_longestoverlap_ISI_0_test,b4rr,p4,Span,mixed,0,2,0.72,2.78,5,Eng,64,58,64,58,0.90625,0
b4rr_sdp4_longestoverlap_ISI_1_test,b4rr,p4,Span,mixed,1,5,1.24,4.03,5,Eng,64,58,64,58,0.90625,0
b4rr_sdp4_longestoverlap_ISI_2_test,b4rr,p4,Span,mixed,2,14,2.9,4.83,5,Eng,64,58,64,58,0.90625,0
b4rr_sdp4_longestoverlap_ISI_3_test,b4rr,p4,Span,mixed,3,13,2.54,5.12,5,Eng,64,58,64,58,0.90625,0
b4rr_sdp4_longestoverlap_ISI_4_test,b4rr,p4,Span,mixed,4,17,4.16,4.09,5,Eng,64,58,64,58,0.90625,0
b4rr_sdp4_longestoverlap_ISI_5_test,b4rr,p4,Span,mixed,5,5,1.24,4.03,5,Eng,64,58,64,58,0.90625,0
b4rr_sdp4_longestoverlap_ISI_6_test,b4rr,p4,Span,mixed,6,15,3.46,4.33,5,Eng,64,58,64,58,0.90625,0
b4rr_sdp4_longestoverlap_ISI_7_test,b4rr,p4,Span,mixed,7,6,1.4,4.28,5,Eng,64,58,64,58,0.90625,0
b4rr_sdp4_longestoverlap_ISI_8_test,b4rr,p4,Span,mixed,8,5,1.64,3.05,5,Eng,64,58,64,58,0.90625,0
b4rr_sdp4_longestoverlap_ISI_9_test,b4rr,p4,Span,mixed,9,6,1.48,4.05,5,Eng,64,58,64,58,0.90625,0
b4rr_sdp4_longestoverlap_ISI_10_test,b4rr,p4,Span,mixed,10,3,0.92,3.26,5,Eng,64,58,64,58,0.90625,0
b4rr_sop4_longestoverlap_ISI_0_test,b4rr,p4,Span,single,0,3,0.84,3.57,5,Eng,64,58,64,58,0.90625,0
b4rr_sop4_longestoverlap_ISI_1_test,b4rr,p4,Span,single,1,4,1.18,3.39,5,Eng,64,58,64,58,0.90625,0
b4rr_sop4_longestoverlap_ISI_2_test,b4rr,p4,Span,single,2,13,2.56,5.08,5,Eng,64,58,64,58,0.90625,0
b4rr_sop4_longestoverlap_ISI_3_test,b4rr,p4,Span,single,3,11,2.62,4.2,5,Eng,64,58,64,58,0.90625,0
b4rr_sop4_longestoverlap_ISI_4_test,b4rr,p4,Span,single,4,17,3.88,4.38,5,Eng,64,58,64,58,0.90625,0
b4rr_sop4_longestoverlap_ISI_5_test,b4rr,p4,Span,single,5,5,1.32,3.79,5,Eng,64,58,64,58,0.90625,0
b4rr_sop4_longestoverlap_ISI_6_test,b4rr,p4,Span,single,6,16,3.32,4.82,5,Eng,64,58,64,58,0.90625,0
b4rr_sop4_longestoverlap_ISI_7_test,b4rr,p4,Span,single,7,7,1.3,5.38,5,Eng,64,58,64,58,0.90625,0
b4rr_sop4_longestoverlap_ISI_8_test,b4rr,p4,Span,single,8,6,1.78,3.37,5,Eng,64,58,64,58,0.90625,0
b4rr_sop4_longestoverlap_ISI_9_test,b4rr,p4,Span,single,9,8,1.62,4.94,5,Eng,64,58,64,58,0.90625,0
b4rr_sop4_longestoverlap_ISI_10_test,b4rr,p4,Span,single,10,2,0.58,3.45,5,Eng,64,58,64,58,0.90625,0
b5_sdp3_longestoverlap_ISI_0_test,b5,p3,Span,mixed,0,10,1.8,5.55,6,Eng,60,55,60,55,0.916666667,4
b5_sdp3_longestoverlap_ISI_1_test,b5,p3,Span,mixed,1,7,2.04,3.43,6,Eng,60,55,60,55,0.916666667,4
b5_sdp3_longestoverlap_ISI_2_test,b5,p3,Span,mixed,2,2,1.02,1.96,6,Eng,60,55,60,55,0.916666667,4
b5_sdp3_longestoverlap_ISI_4_test,b5,p3,Span,mixed,4,6,1.68,3.57,6,Eng,60,55,60,55,0.916666667,4
b5_sdp3_longestoverlap_ISI_5_test,b5,p3,Span,mixed,5,5,1.76,2.84,6,Eng,60,55,60,55,0.916666667,4
b5_sdp3_longestoverlap_ISI_6_test,b5,p3,Span,mixed,6,7,2.18,3.21,6,Eng,60,55,60,55,0.916666667,4
b5_sdp3_longestoverlap_ISI_7_test,b5,p3,Span,mixed,7,4,1.44,2.78,6,Eng,60,55,60,55,0.916666667,4
b5_sdp3_longestoverlap_ISI_8_test,b5,p3,Span,mixed,8,19,3.84,4.95,6,Eng,60,55,60,55,0.916666667,4
b5_sdp3_longestoverlap_ISI_9_test,b5,p3,Span,mixed,9,5,1.46,3.42,6,Eng,60,55,60,55,0.916666667,4
b5_sdp3_longestoverlap_ISI_10_test,b5,p3,Span,mixed,10,5,1.74,2.87,6,Eng,60,55,60,55,0.916666667,4
b5_sop3_longestoverlap_ISI_0_test,b5,p3,Span,single,0,7,1.9,3.68,6,Eng,60,55,60,55,0.916666667,4
b5_sop3_longestoverlap_ISI_1_test,b5,p3,Span,single,1,8,2.04,3.92,6,Eng,60,55,60,55,0.916666667,4
b5_sop3_longestoverlap_ISI_2_test,b5,p3,Span,single,2,2,0.98,2.04,6,Eng,60,55,60,55,0.916666667,4
b5_sop3_longestoverlap_ISI_4_test,b5,p3,Span,single,4,7,1.62,4.32,6,Eng,60,55,60,55,0.916666667,4
b5_sop3_longestoverlap_ISI_5_test,b5,p3,Span,single,5,6,1.52,3.95,6,Eng,60,55,60,55,0.916666667,4
b5_sop3_longestoverlap_ISI_6_test,b5,p3,Span,single,6,6,2.18,2.75,6,Eng,60,55,60,55,0.916666667,4
b5_sop3_longestoverlap_ISI_7_test,b5,p3,Span,single,7,4,1.44,2.78,6,Eng,60,55,60,55,0.916666667,4
b5_sop3_longestoverlap_ISI_8_test,b5,p3,Span,single,8,18,4.42,4.07,6,Eng,60,55,60,55,0.916666667,4
b5_sop3_longestoverlap_ISI_9_test,b5,p3,Span,single,9,6,1.7,3.53,6,Eng,60,55,60,55,0.916666667,4
b5_sop3_longestoverlap_ISI_10_test,b5,p3,Span,single,10,6,1.9,3.16,6,Eng,60,55,60,55,0.916666667,4
b5_sdp4_longestoverlap_ISI_0_test,b5,p4,Span,mixed,0,4,1.4,2.86,6,Eng,60,55,60,55,0.916666667,4
b5_sdp4_longestoverlap_ISI_1_test,b5,p4,Span,mixed,1,5,1.24,4.03,6,Eng,60,55,60,55,0.916666667,4
b5_sdp4_longestoverlap_ISI_2_test,b5,p4,Span,mixed,2,5,1.94,2.58,6,Eng,60,55,60,55,0.916666667,4
b5_sdp4_longestoverlap_ISI_3_test,b5,p4,Span,mixed,3,14,3.28,4.27,6,Eng,60,55,60,55,0.916666667,4
b5_sdp4_longestoverlap_ISI_4_test,b5,p4,Span,mixed,4,17,4.42,3.85,6,Eng,60,55,60,55,0.916666667,4
b5_sdp4_longestoverlap_ISI_5_test,b5,p4,Span,mixed,5,12,2.58,4.65,6,Eng,60,55,60,55,0.916666667,4
b5_sdp4_longestoverlap_ISI_6_test,b5,p4,Span,mixed,6,12,3.46,3.47,6,Eng,60,55,60,55,0.916666667,4
b5_sdp4_longestoverlap_ISI_7_test,b5,p4,Span,mixed,7,7,1.58,4.43,6,Eng,60,55,60,55,0.916666667,4
b5_sdp4_longestoverlap_ISI_8_test,b5,p4,Span,mixed,8,6,1.6,3.75,6,Eng,60,55,60,55,0.916666667,4
b5_sdp4_longestoverlap_ISI_9_test,b5,p4,Span,mixed,9,7,1.5,4.67,6,Eng,60,55,60,55,0.916666667,4
b5_sop4_longestoverlap_ISI_0_test,b5,p4,Span,single,0,6,1.48,4.05,6,Eng,60,55,60,55,0.916666667,4
b5_sop4_longestoverlap_ISI_1_test,b5,p4,Span,single,1,4,1.18,3.39,6,Eng,60,55,60,55,0.916666667,4
b5_sop4_longestoverlap_ISI_2_test,b5,p4,Span,single,2,5,1.92,2.6,6,Eng,60,55,60,55,0.916666667,4
b5_sop4_longestoverlap_ISI_3_test,b5,p4,Span,single,3,14,3.46,4.05,6,Eng,60,55,60,55,0.916666667,4
b5_sop4_longestoverlap_ISI_4_test,b5,p4,Span,single,4,21,4.5,4.67,6,Eng,60,55,60,55,0.916666667,4
b5_sop4_longestoverlap_ISI_5_test,b5,p4,Span,single,5,11,2.58,4.26,6,Eng,60,55,60,55,0.916666667,4
b5_sop4_longestoverlap_ISI_6_test,b5,p4,Span,single,6,16,3.6,4.44,6,Eng,60,55,60,55,0.916666667,4
b5_sop4_longestoverlap_ISI_7_test,b5,p4,Span,single,7,6,1.58,3.8,6,Eng,60,55,60,55,0.916666667,4
b5_sop4_longestoverlap_ISI_8_test,b5,p4,Span,single,8,5,1.72,2.91,6,Eng,60,55,60,55,0.916666667,4
b5_sop4_longestoverlap_ISI_9_test,b5,p4,Span,single,9,6,1.72,3.49,6,Eng,60,55,60,55,0.916666667,4
b6_sdp3_longestoverlap_ISI_0_test,b6,p3,Span,mixed,0,17,3.78,4.5,7,Eng,67,47,67,47,0.701492537,4
b6_sdp3_longestoverlap_ISI_1_test,b6,p3,Span,mixed,1,8,1.82,4.4,7,Eng,67,47,67,47,0.701492537,4
b6_sdp3_longestoverlap_ISI_2_test,b6,p3,Span,mixed,2,10,2.24,4.46,7,Eng,67,47,67,47,0.701492537,4
b6_sdp3_longestoverlap_ISI_4_test,b6,p3,Span,mixed,4,7,1.4,5,7,Eng,67,47,67,47,0.701492537,4
b6_sdp3_longestoverlap_ISI_5_test,b6,p3,Span,mixed,5,9,1.76,5.11,7,Eng,67,47,67,47,0.701492537,4
b6_sdp3_longestoverlap_ISI_6_test,b6,p3,Span,mixed,6,8,1.98,4.04,7,Eng,67,47,67,47,0.701492537,4
b6_sdp3_longestoverlap_ISI_7_test,b6,p3,Span,mixed,7,10,2.44,4.1,7,Eng,67,47,67,47,0.701492537,4
b6_sdp3_longestoverlap_ISI_8_test,b6,p3,Span,mixed,8,6,1.9,3.16,7,Eng,67,47,67,47,0.701492537,4
b6_sdp3_longestoverlap_ISI_9_test,b6,p3,Span,mixed,9,10,2.2,4.54,7,Eng,67,47,67,47,0.701492537,4
b6_sdp3_longestoverlap_ISI_10_test,b6,p3,Span,mixed,10,3,0.88,3.41,7,Eng,67,47,67,47,0.701492537,4
b6_sop3_longestoverlap_ISI_0_test,b6,p3,Span,single,0,17,3.74,4.54,7,Eng,67,47,67,47,0.701492537,4
b6_sop3_longestoverlap_ISI_1_test,b6,p3,Span,single,1,7,1.92,3.65,7,Eng,67,47,67,47,0.701492537,4
b6_sop3_longestoverlap_ISI_2_test,b6,p3,Span,single,2,9,2.12,4.24,7,Eng,67,47,67,47,0.701492537,4
b6_sop3_longestoverlap_ISI_4_test,b6,p3,Span,single,4,4,1.18,3.39,7,Eng,67,47,67,47,0.701492537,4
b6_sop3_longestoverlap_ISI_5_test,b6,p3,Span,single,5,8,1.58,5.06,7,Eng,67,47,67,47,0.701492537,4
b6_sop3_longestoverlap_ISI_6_test,b6,p3,Span,single,6,7,2.1,3.33,7,Eng,67,47,67,47,0.701492537,4
b6_sop3_longestoverlap_ISI_7_test,b6,p3,Span,single,7,7,2.24,3.12,7,Eng,67,47,67,47,0.701492537,4
b6_sop3_longestoverlap_ISI_8_test,b6,p3,Span,single,8,3,1.48,2.03,7,Eng,67,47,67,47,0.701492537,4
b6_sop3_longestoverlap_ISI_9_test,b6,p3,Span,single,9,9,2.24,4.02,7,Eng,67,47,67,47,0.701492537,4
b6_sop3_longestoverlap_ISI_10_test,b6,p3,Span,single,10,3,0.8,3.75,7,Eng,67,47,67,47,0.701492537,4
b6_sdp4_longestoverlap_ISI_0_test,b6,p4,Span,mixed,0,5,1.48,3.38,7,Eng,67,47,67,47,0.701492537,4
b6_sdp4_longestoverlap_ISI_2_test,b6,p4,Span,mixed,2,8,1.86,4.3,7,Eng,67,47,67,47,0.701492537,4
b6_sdp4_longestoverlap_ISI_3_test,b6,p4,Span,mixed,3,16,3.16,5.06,7,Eng,67,47,67,47,0.701492537,4
b6_sdp4_longestoverlap_ISI_4_test,b6,p4,Span,mixed,4,19,3.6,5.28,7,Eng,67,47,67,47,0.701492537,4
b6_sdp4_longestoverlap_ISI_5_test,b6,p4,Span,mixed,5,13,2.62,4.96,7,Eng,67,47,67,47,0.701492537,4
b6_sdp4_longestoverlap_ISI_6_test,b6,p4,Span,mixed,6,5,1.78,2.81,7,Eng,67,47,67,47,0.701492537,4
b6_sdp4_longestoverlap_ISI_7_test,b6,p4,Span,mixed,7,5,1.26,3.97,7,Eng,67,47,67,47,0.701492537,4
b6_sdp4_longestoverlap_ISI_8_test,b6,p4,Span,mixed,8,7,1.6,4.37,7,Eng,67,47,67,47,0.701492537,4
b6_sdp4_longestoverlap_ISI_9_test,b6,p4,Span,mixed,9,4,1.28,3.12,7,Eng,67,47,67,47,0.701492537,4
b6_sdp4_longestoverlap_ISI_10_test,b6,p4,Span,mixed,10,3,0.74,4.05,7,Eng,67,47,67,47,0.701492537,4
b6_sop4_longestoverlap_ISI_0_test,b6,p4,Span,single,0,7,1.68,4.17,7,Eng,67,47,67,47,0.701492537,4
b6_sop4_longestoverlap_ISI_2_test,b6,p4,Span,single,2,8,1.76,4.54,7,Eng,67,47,67,47,0.701492537,4
b6_sop4_longestoverlap_ISI_3_test,b6,p4,Span,single,3,14,3.1,4.52,7,Eng,67,47,67,47,0.701492537,4
b6_sop4_longestoverlap_ISI_4_test,b6,p4,Span,single,4,21,3.44,6.1,7,Eng,67,47,67,47,0.701492537,4
b6_sop4_longestoverlap_ISI_5_test,b6,p4,Span,single,5,11,2.42,4.54,7,Eng,67,47,67,47,0.701492537,4
b6_sop4_longestoverlap_ISI_6_test,b6,p4,Span,single,6,8,1.7,4.71,7,Eng,67,47,67,47,0.701492537,4
b6_sop4_longestoverlap_ISI_7_test,b6,p4,Span,single,7,5,1.34,3.73,7,Eng,67,47,67,47,0.701492537,4
b6_sop4_longestoverlap_ISI_8_test,b6,p4,Span,single,8,6,1.62,3.7,7,Eng,67,47,67,47,0.701492537,4
b6_sop4_longestoverlap_ISI_9_test,b6,p4,Span,single,9,6,1.5,4,7,Eng,67,47,67,47,0.701492537,4
b6_sop4_longestoverlap_ISI_10_test,b6,p4,Span,single,10,3,0.66,4.54,7,Eng,67,47,67,47,0.701492537,4
b7r_sdp3_longestoverlap_ISI_0_test,b7r,p3,Span,mixed,0,6,1.74,3.45,8,Eng,70,43,70,43,0.614285714,5
b7r_sdp3_longestoverlap_ISI_1_test,b7r,p3,Span,mixed,1,7,1.76,3.98,8,Eng,70,43,70,43,0.614285714,5
b7r_sdp3_longestoverlap_ISI_2_test,b7r,p3,Span,mixed,2,5,1.9,2.63,8,Eng,70,43,70,43,0.614285714,5
b7r_sdp3_longestoverlap_ISI_3_test,b7r,p3,Span,mixed,3,5,1.04,4.81,8,Eng,70,43,70,43,0.614285714,5
b7r_sdp3_longestoverlap_ISI_4_test,b7r,p3,Span,mixed,4,4,1.26,3.17,8,Eng,70,43,70,43,0.614285714,5
b7r_sdp3_longestoverlap_ISI_5_test,b7r,p3,Span,mixed,5,9,1.96,4.59,8,Eng,70,43,70,43,0.614285714,5
b7r_sdp3_longestoverlap_ISI_6_test,b7r,p3,Span,mixed,6,2,0.96,2.08,8,Eng,70,43,70,43,0.614285714,5
b7r_sdp3_longestoverlap_ISI_7_test,b7r,p3,Span,mixed,7,9,2.54,3.54,8,Eng,70,43,70,43,0.614285714,5
b7r_sdp3_longestoverlap_ISI_8_test,b7r,p3,Span,mixed,8,11,2.72,4.04,8,Eng,70,43,70,43,0.614285714,5
b7r_sdp3_longestoverlap_ISI_9_test,b7r,p3,Span,mixed,9,18,4.8,3.75,8,Eng,70,43,70,43,0.614285714,5
b7r_sdp3_longestoverlap_ISI_10_test,b7r,p3,Span,mixed,10,10,2.58,3.88,8,Eng,70,43,70,43,0.614285714,5
b7r_sop3_longestoverlap_ISI_0_test,b7r,p3,Span,single,0,8,1.92,4.17,8,Eng,70,43,70,43,0.614285714,5
b7r_sop3_longestoverlap_ISI_1_test,b7r,p3,Span,single,1,7,2.44,2.87,8,Eng,70,43,70,43,0.614285714,5
b7r_sop3_longestoverlap_ISI_2_test,b7r,p3,Span,single,2,4,1.38,2.9,8,Eng,70,43,70,43,0.614285714,5
b7r_sop3_longestoverlap_ISI_3_test,b7r,p3,Span,single,3,5,1.12,4.46,8,Eng,70,43,70,43,0.614285714,5
b7r_sop3_longestoverlap_ISI_4_test,b7r,p3,Span,single,4,4,1.24,3.22,8,Eng,70,43,70,43,0.614285714,5
b7r_sop3_longestoverlap_ISI_5_test,b7r,p3,Span,single,5,7,1.56,4.49,8,Eng,70,43,70,43,0.614285714,5
b7r_sop3_longestoverlap_ISI_6_test,b7r,p3,Span,single,6,4,0.9,4.44,8,Eng,70,43,70,43,0.614285714,5
b7r_sop3_longestoverlap_ISI_7_test,b7r,p3,Span,single,7,8,2.44,3.28,8,Eng,70,43,70,43,0.614285714,5
b7r_sop3_longestoverlap_ISI_8_test,b7r,p3,Span,single,8,11,2.86,3.85,8,Eng,70,43,70,43,0.614285714,5
b7r_sop3_longestoverlap_ISI_9_test,b7r,p3,Span,single,9,14,3.3,4.24,8,Eng,70,43,70,43,0.614285714,5
b7r_sop3_longestoverlap_ISI_10_test,b7r,p3,Span,single,10,12,2.88,4.17,8,Eng,70,43,70,43,0.614285714,5
b7r_sdp4_longestoverlap_ISI_0_test,b7r,p4,Span,mixed,0,6,1.5,4,8,Eng,70,43,70,43,0.614285714,5
b7r_sdp4_longestoverlap_ISI_2_test,b7r,p4,Span,mixed,2,13,2.64,4.92,8,Eng,70,43,70,43,0.614285714,5
b7r_sdp4_longestoverlap_ISI_3_test,b7r,p4,Span,mixed,3,7,1.66,4.22,8,Eng,70,43,70,43,0.614285714,5
b7r_sdp4_longestoverlap_ISI_4_test,b7r,p4,Span,mixed,4,7,2.56,2.73,8,Eng,70,43,70,43,0.614285714,5
b7r_sdp4_longestoverlap_ISI_5_test,b7r,p4,Span,mixed,5,5,1.3,3.85,8,Eng,70,43,70,43,0.614285714,5
b7r_sdp4_longestoverlap_ISI_6_test,b7r,p4,Span,mixed,6,13,3.32,3.91,8,Eng,70,43,70,43,0.614285714,5
b7r_sdp4_longestoverlap_ISI_7_test,b7r,p4,Span,mixed,7,7,2.64,2.65,8,Eng,70,43,70,43,0.614285714,5
b7r_sdp4_longestoverlap_ISI_8_test,b7r,p4,Span,mixed,8,3,1.6,1.87,8,Eng,70,43,70,43,0.614285714,5
b7r_sdp4_longestoverlap_ISI_9_test,b7r,p4,Span,mixed,9,5,1.56,3.2,8,Eng,70,43,70,43,0.614285714,5
b7r_sdp4_longestoverlap_ISI_10_test,b7r,p4,Span,mixed,10,5,1.28,3.91,8,Eng,70,43,70,43,0.614285714,5
b7r_sop4_longestoverlap_ISI_0_test,b7r,p4,Span,single,0,7,1.96,3.57,8,Eng,70,43,70,43,0.614285714,5
b7r_sop4_longestoverlap_ISI_2_test,b7r,p4,Span,single,2,14,3.9,3.59,8,Eng,70,43,70,43,0.614285714,5
b7r_sop4_longestoverlap_ISI_3_test,b7r,p4,Span,single,3,7,2.6,2.69,8,Eng,70,43,70,43,0.614285714,5
b7r_sop4_longestoverlap_ISI_4_test,b7r,p4,Span,single,4,9,2.58,3.49,8,Eng,70,43,70,43,0.614285714,5
b7r_sop4_longestoverlap_ISI_5_test,b7r,p4,Span,single,5,6,1.68,3.57,8,Eng,70,43,70,43,0.614285714,5
b7r_sop4_longestoverlap_ISI_6_test,b7r,p4,Span,single,6,12,3.3,3.64,8,Eng,70,43,70,43,0.614285714,5
b7r_sop4_longestoverlap_ISI_7_test,b7r,p4,Span,single,7,10,2.98,3.36,8,Eng,70,43,70,43,0.614285714,5
b7r_sop4_longestoverlap_ISI_8_test,b7r,p4,Span,single,8,3,0.84,3.57,8,Eng,70,43,70,43,0.614285714,5
b7r_sop4_longestoverlap_ISI_9_test,b7r,p4,Span,single,9,4,1.2,3.33,8,Eng,70,43,70,43,0.614285714,5
b7r_sop4_longestoverlap_ISI_10_test,b7r,p4,Span,single,10,4,1.28,3.12,8,Eng,70,43,70,43,0.614285714,5
b8r_sdp3_longestoverlap_ISI_0_test,b8r,p3,Span,mixed,0,14,3.08,4.54,9,Eng,75,39,75,39,0.52,3
b8r_sdp3_longestoverlap_ISI_1_test,b8r,p3,Span,mixed,1,7,1.54,4.54,9,Eng,75,39,75,39,0.52,3
b8r_sdp3_longestoverlap_ISI_2_test,b8r,p3,Span,mixed,2,11,2,5.5,9,Eng,75,39,75,39,0.52,3
b8r_sdp3_longestoverlap_ISI_4_test,b8r,p3,Span,mixed,4,4,1.16,3.45,9,Eng,75,39,75,39,0.52,3
b8r_sdp3_longestoverlap_ISI_5_test,b8r,p3,Span,mixed,5,14,2.46,5.69,9,Eng,75,39,75,39,0.52,3
b8r_sdp3_longestoverlap_ISI_6_test,b8r,p3,Span,mixed,6,6,1.34,4.48,9,Eng,75,39,75,39,0.52,3
b8r_sdp3_longestoverlap_ISI_7_test,b8r,p3,Span,mixed,7,7,2.16,3.24,9,Eng,75,39,75,39,0.52,3
b8r_sdp3_longestoverlap_ISI_8_test,b8r,p3,Span,mixed,8,19,3.6,5.28,9,Eng,75,39,75,39,0.52,3
b8r_sdp3_longestoverlap_ISI_9_test,b8r,p3,Span,mixed,9,12,3.06,3.92,9,Eng,75,39,75,39,0.52,3
b8r_sdp3_longestoverlap_ISI_10_test,b8r,p3,Span,mixed,10,10,2.48,4.03,9,Eng,75,39,75,39,0.52,3
b8r_sop3_longestoverlap_ISI_0_test,b8r,p3,Span,single,0,14,3.18,4.4,9,Eng,75,39,75,39,0.52,3
b8r_sop3_longestoverlap_ISI_1_test,b8r,p3,Span,single,1,7,1.8,3.89,9,Eng,75,39,75,39,0.52,3
b8r_sop3_longestoverlap_ISI_2_test,b8r,p3,Span,single,2,11,2.14,5.14,9,Eng,75,39,75,39,0.52,3
b8r_sop3_longestoverlap_ISI_4_test,b8r,p3,Span,single,4,6,1.3,4.61,9,Eng,75,39,75,39,0.52,3
b8r_sop3_longestoverlap_ISI_5_test,b8r,p3,Span,single,5,12,2.58,4.65,9,Eng,75,39,75,39,0.52,3
b8r_sop3_longestoverlap_ISI_6_test,b8r,p3,Span,single,6,4,1.36,2.94,9,Eng,75,39,75,39,0.52,3
b8r_sop3_longestoverlap_ISI_7_test,b8r,p3,Span,single,7,7,2.3,3.04,9,Eng,75,39,75,39,0.52,3
b8r_sop3_longestoverlap_ISI_8_test,b8r,p3,Span,single,8,16,3.42,4.68,9,Eng,75,39,75,39,0.52,3
b8r_sop3_longestoverlap_ISI_9_test,b8r,p3,Span,single,9,15,3.14,4.78,9,Eng,75,39,75,39,0.52,3
b8r_sop3_longestoverlap_ISI_10_test,b8r,p3,Span,single,10,11,2.14,5.14,9,Eng,75,39,75,39,0.52,3
b8r_sdp4_longestoverlap_ISI_0_test,b8r,p4,Span,mixed,0,3,0.8,3.75,9,Eng,75,39,75,39,0.52,3
b8r_sdp4_longestoverlap_ISI_1_test,b8r,p4,Span,mixed,1,4,1.04,3.85,9,Eng,75,39,75,39,0.52,3
b8r_sdp4_longestoverlap_ISI_2_test,b8r,p4,Span,mixed,2,14,2.58,5.43,9,Eng,75,39,75,39,0.52,3
b8r_sdp4_longestoverlap_ISI_3_test,b8r,p4,Span,mixed,3,12,2.4,5,9,Eng,75,39,75,39,0.52,3
b8r_sdp4_longestoverlap_ISI_4_test,b8r,p4,Span,mixed,4,20,3.4,5.88,9,Eng,75,39,75,39,0.52,3
b8r_sdp4_longestoverlap_ISI_5_test,b8r,p4,Span,mixed,5,12,2.6,4.61,9,Eng,75,39,75,39,0.52,3
b8r_sdp4_longestoverlap_ISI_6_test,b8r,p4,Span,mixed,6,7,1.74,4.02,9,Eng,75,39,75,39,0.52,3
b8r_sdp4_longestoverlap_ISI_7_test,b8r,p4,Span,mixed,7,14,3,4.67,9,Eng,75,39,75,39,0.52,3
b8r_sdp4_longestoverlap_ISI_8_test,b8r,p4,Span,mixed,8,2,0.94,2.13,9,Eng,75,39,75,39,0.52,3
b8r_sdp4_longestoverlap_ISI_9_test,b8r,p4,Span,mixed,9,6,1.6,3.75,9,Eng,75,39,75,39,0.52,3
b8r_sdp4_longestoverlap_ISI_10_test,b8r,p4,Span,mixed,10,7,1.62,4.32,9,Eng,75,39,75,39,0.52,3
b8r_sop4_longestoverlap_ISI_0_test,b8r,p4,Span,single,0,3,0.82,3.66,9,Eng,75,39,75,39,0.52,3
b8r_sop4_longestoverlap_ISI_1_test,b8r,p4,Span,single,1,4,1.06,3.77,9,Eng,75,39,75,39,0.52,3
b8r_sop4_longestoverlap_ISI_2_test,b8r,p4,Span,single,2,15,3.02,4.97,9,Eng,75,39,75,39,0.52,3
b8r_sop4_longestoverlap_ISI_3_test,b8r,p4,Span,single,3,12,2.52,4.76,9,Eng,75,39,75,39,0.52,3
b8r_sop4_longestoverlap_ISI_4_test,b8r,p4,Span,single,4,18,3.48,5.17,9,Eng,75,39,75,39,0.52,3
b8r_sop4_longestoverlap_ISI_5_test,b8r,p4,Span,single,5,12,2.66,4.51,9,Eng,75,39,75,39,0.52,3
b8r_sop4_longestoverlap_ISI_6_test,b8r,p4,Span,single,6,6,2,3,9,Eng,75,39,75,39,0.52,3
b8r_sop4_longestoverlap_ISI_7_test,b8r,p4,Span,single,7,15,3.34,4.49,9,Eng,75,39,75,39,0.52,3
b8r_sop4_longestoverlap_ISI_8_test,b8r,p4,Span,single,8,4,1,4,9,Eng,75,39,75,39,0.52,3
b8r_sop4_longestoverlap_ISI_9_test,b8r,p4,Span,single,9,7,1.58,4.43,9,Eng,75,39,75,39,0.52,3
b8r_sop4_longestoverlap_ISI_10_test,b8r,p4,Span,single,10,8,1.84,4.35,9,Eng,75,39,75,39,0.52,3
b9_sdp3_longestoverlap_ISI_0_test,b9,p3,Span,mixed,0,14,3.62,3.87,10,Eng,73,47,73,47,0.643835616,3.7
b9_sdp3_longestoverlap_ISI_1_test,b9,p3,Span,mixed,1,16,3.98,4.02,10,Eng,73,47,73,47,0.643835616,3.7
b9_sdp3_longestoverlap_ISI_2_test,b9,p3,Span,mixed,2,8,2.46,3.25,10,Eng,73,47,73,47,0.643835616,3.7
b9_sdp3_longestoverlap_ISI_3_test,b9,p3,Span,mixed,3,4,0.98,4.08,10,Eng,73,47,73,47,0.643835616,3.7
b9_sdp3_longestoverlap_ISI_4_test,b9,p3,Span,mixed,4,6,1.24,4.84,10,Eng,73,47,73,47,0.643835616,3.7
b9_sdp3_longestoverlap_ISI_5_test,b9,p3,Span,mixed,5,5,1.24,4.03,10,Eng,73,47,73,47,0.643835616,3.7
b9_sdp3_longestoverlap_ISI_7_test,b9,p3,Span,mixed,7,2,0.92,2.17,10,Eng,73,47,73,47,0.643835616,3.7
b9_sdp3_longestoverlap_ISI_8_test,b9,p3,Span,mixed,8,11,2.58,4.26,10,Eng,73,47,73,47,0.643835616,3.7
b9_sdp3_longestoverlap_ISI_9_test,b9,p3,Span,mixed,9,7,2.24,3.12,10,Eng,73,47,73,47,0.643835616,3.7
b9_sop3_longestoverlap_ISI_0_test,b9,p3,Span,single,0,12,3.6,3.33,10,Eng,73,47,73,47,0.643835616,3.7
b9_sop3_longestoverlap_ISI_1_test,b9,p3,Span,single,1,13,3.58,3.63,10,Eng,73,47,73,47,0.643835616,3.7
b9_sop3_longestoverlap_ISI_2_test,b9,p3,Span,single,2,5,2.2,2.27,10,Eng,73,47,73,47,0.643835616,3.7
b9_sop3_longestoverlap_ISI_3_test,b9,p3,Span,single,3,3,0.88,3.41,10,Eng,73,47,73,47,0.643835616,3.7
b9_sop3_longestoverlap_ISI_4_test,b9,p3,Span,single,4,5,1.16,4.31,10,Eng,73,47,73,47,0.643835616,3.7
b9_sop3_longestoverlap_ISI_5_test,b9,p3,Span,single,5,5,1.3,3.85,10,Eng,73,47,73,47,0.643835616,3.7
b9_sop3_longestoverlap_ISI_7_test,b9,p3,Span,single,7,3,0.9,3.33,10,Eng,73,47,73,47,0.643835616,3.7
b9_sop3_longestoverlap_ISI_8_test,b9,p3,Span,single,8,10,2.4,4.17,10,Eng,73,47,73,47,0.643835616,3.7
b9_sop3_longestoverlap_ISI_9_test,b9,p3,Span,single,9,6,1.74,3.45,10,Eng,73,47,73,47,0.643835616,3.7
b9_sdp4_longestoverlap_ISI_0_test,b9,p4,Span,mixed,0,3,0.82,3.66,10,Eng,73,47,73,47,0.643835616,3.7
b9_sdp4_longestoverlap_ISI_2_test,b9,p4,Span,mixed,2,9,2.9,3.1,10,Eng,73,47,73,47,0.643835616,3.7
b9_sdp4_longestoverlap_ISI_3_test,b9,p4,Span,mixed,3,7,1.74,4.02,10,Eng,73,47,73,47,0.643835616,3.7
b9_sdp4_longestoverlap_ISI_4_test,b9,p4,Span,mixed,4,10,3.66,2.73,10,Eng,73,47,73,47,0.643835616,3.7
b9_sdp4_longestoverlap_ISI_5_test,b9,p4,Span,mixed,5,5,1.52,3.29,10,Eng,73,47,73,47,0.643835616,3.7
b9_sdp4_longestoverlap_ISI_6_test,b9,p4,Span,mixed,6,3,0.8,3.75,10,Eng,73,47,73,47,0.643835616,3.7
b9_sdp4_longestoverlap_ISI_7_test,b9,p4,Span,mixed,7,5,1.38,3.62,10,Eng,73,47,73,47,0.643835616,3.7
b9_sdp4_longestoverlap_ISI_8_test,b9,p4,Span,mixed,8,2,1.1,1.82,10,Eng,73,47,73,47,0.643835616,3.7
b9_sdp4_longestoverlap_ISI_9_test,b9,p4,Span,mixed,9,4,1.26,3.17,10,Eng,73,47,73,47,0.643835616,3.7
b9_sdp4_longestoverlap_ISI_10_test,b9,p4,Span,mixed,10,8,2.14,3.74,10,Eng,73,47,73,47,0.643835616,3.7
b9_sop4_longestoverlap_ISI_0_test,b9,p4,Span,single,0,3,0.8,3.75,10,Eng,73,47,73,47,0.643835616,3.7
b9_sop4_longestoverlap_ISI_2_test,b9,p4,Span,single,2,8,2.08,3.85,10,Eng,73,47,73,47,0.643835616,3.7
b9_sop4_longestoverlap_ISI_3_test,b9,p4,Span,single,3,5,1.68,2.98,10,Eng,73,47,73,47,0.643835616,3.7
b9_sop4_longestoverlap_ISI_4_test,b9,p4,Span,single,4,14,3.36,4.17,10,Eng,73,47,73,47,0.643835616,3.7
b9_sop4_longestoverlap_ISI_5_test,b9,p4,Span,single,5,5,1.54,3.25,10,Eng,73,47,73,47,0.643835616,3.7
b9_sop4_longestoverlap_ISI_6_test,b9,p4,Span,single,6,3,0.86,3.49,10,Eng,73,47,73,47,0.643835616,3.7
b9_sop4_longestoverlap_ISI_7_test,b9,p4,Span,single,7,5,1.54,3.25,10,Eng,73,47,73,47,0.643835616,3.7
b9_sop4_longestoverlap_ISI_8_test,b9,p4,Span,single,8,2,1.14,1.75,10,Eng,73,47,73,47,0.643835616,3.7
b9_sop4_longestoverlap_ISI_9_test,b9,p4,Span,single,9,2,0.98,2.04,10,Eng,73,47,73,47,0.643835616,3.7
b9_sop4_longestoverlap_ISI_10_test,b9,p4,Span,single,10,7,2,3.5,10,Eng,73,47,73,47,0.643835616,3.7
