Filename,Particip_ID,Pgph,DefaultLang,CS_cond,Region,nsyll,duration,speechrate,Dom_lang,Eng_sprint,Span_sprint,Dom_Sprint,Nondom_Sprint,BLI_Score,Eng_AOA,Span_AOA,Dementia Rating Scale
B102R_DL_Switch_Pgph1_EngMatrix_longestoverlap_ISI_0_test,B102R,Pgph1,Eng,mixed,0,4,1.24,3.23,ENG,76,69,76,69,0.907894737,14,0,131
B102R_DL_Switch_Pgph1_EngMatrix_longestoverlap_ISI_1_test,B102R,Pgph1,Eng,mixed,1,14,3.88,3.61,ENG,76,69,76,69,0.907894737,14,0,131
B102R_DL_Switch_Pgph1_EngMatrix_longestoverlap_ISI_2_test,B102R,Pgph1,Eng,mixed,2,8,2.38,3.36,ENG,76,69,76,69,0.907894737,14,0,131
B102R_DL_Switch_Pgph1_EngMatrix_longestoverlap_ISI_3_test,B102R,Pgph1,Eng,mixed,3,7,1.7,4.12,ENG,76,69,76,69,0.907894737,14,0,131
B102R_DL_Switch_Pgph1_EngMatrix_longestoverlap_ISI_4_test,B102R,Pgph1,Eng,mixed,4,3,1.18,2.54,ENG,76,69,76,69,0.907894737,14,0,131
B102R_DL_Switch_Pgph1_EngMatrix_longestoverlap_ISI_5_test,B102R,Pgph1,Eng,mixed,5,11,3.06,3.59,ENG,76,69,76,69,0.907894737,14,0,131
B102R_DL_Switch_Pgph1_EngMatrix_longestoverlap_ISI_6_test,B102R,Pgph1,Eng,mixed,6,7,2.12,3.3,ENG,76,69,76,69,0.907894737,14,0,131
B102R_DL_Switch_Pgph1_EngMatrix_longestoverlap_ISI_7_test,B102R,Pgph1,Eng,mixed,7,5,1.38,3.62,ENG,76,69,76,69,0.907894737,14,0,131
B102R_DL_Switch_Pgph1_EngMatrix_longestoverlap_ISI_8_test,B102R,Pgph1,Eng,mixed,8,6,1.44,4.17,ENG,76,69,76,69,0.907894737,14,0,131
B102R_DL_Switch_Pgph1_EngMatrix_longestoverlap_ISI_9_test,B102R,Pgph1,Eng,mixed,9,5,1.34,3.73,ENG,76,69,76,69,0.907894737,14,0,131
B102R_DL_Switch_Pgph1_EngMatrix_longestoverlap_ISI_10_test,B102R,Pgph1,Eng,mixed,10,4,2.16,1.85,ENG,76,69,76,69,0.907894737,14,0,131
B102R_DL_Switch_Pgph1_EngOnly_longestoverlap_ISI_0_test,B102R,Pgph1,Eng,single,0,4,1.14,3.51,ENG,76,69,76,69,0.907894737,14,0,131
B102R_DL_Switch_Pgph1_EngOnly_longestoverlap_ISI_1_test,B102R,Pgph1,Eng,single,1,14,3.62,3.87,ENG,76,69,76,69,0.907894737,14,0,131
B102R_DL_Switch_Pgph1_EngOnly_longestoverlap_ISI_2_test,B102R,Pgph1,Eng,single,2,9,2.24,4.02,ENG,76,69,76,69,0.907894737,14,0,131
B102R_DL_Switch_Pgph1_EngOnly_longestoverlap_ISI_3_test,B102R,Pgph1,Eng,single,3,6,1.62,3.7,ENG,76,69,76,69,0.907894737,14,0,131
B102R_DL_Switch_Pgph1_EngOnly_longestoverlap_ISI_4_test,B102R,Pgph1,Eng,single,4,3,1.02,2.94,ENG,76,69,76,69,0.907894737,14,0,131
B102R_DL_Switch_Pgph1_EngOnly_longestoverlap_ISI_5_test,B102R,Pgph1,Eng,single,5,12,3.08,3.89,ENG,76,69,76,69,0.907894737,14,0,131
B102R_DL_Switch_Pgph1_EngOnly_longestoverlap_ISI_6_test,B102R,Pgph1,Eng,single,6,8,2.08,3.84,ENG,76,69,76,69,0.907894737,14,0,131
B102R_DL_Switch_Pgph1_EngOnly_longestoverlap_ISI_7_test,B102R,Pgph1,Eng,single,7,5,1.24,4.03,ENG,76,69,76,69,0.907894737,14,0,131
B102R_DL_Switch_Pgph1_EngOnly_longestoverlap_ISI_8_test,B102R,Pgph1,Eng,single,8,6,1.76,3.41,ENG,76,69,76,69,0.907894737,14,0,131
B102R_DL_Switch_Pgph1_EngOnly_longestoverlap_ISI_9_test,B102R,Pgph1,Eng,single,9,4,1.24,3.22,ENG,76,69,76,69,0.907894737,14,0,131
B102R_DL_Switch_Pgph1_EngOnly_longestoverlap_ISI_10_test,B102R,Pgph1,Eng,single,10,6,1.42,4.22,ENG,76,69,76,69,0.907894737,14,0,131
B102R_DL_Switch_Pgph2_EngMatrix_longestoverlap_ISI_0_test,B102R,Pgph2,Eng,mixed,0,10,2.44,4.1,ENG,76,69,76,69,0.907894737,14,0,131
B102R_DL_Switch_Pgph2_EngMatrix_longestoverlap_ISI_1_test,B102R,Pgph2,Eng,mixed,1,5,1.28,3.91,ENG,76,69,76,69,0.907894737,14,0,131
B102R_DL_Switch_Pgph2_EngMatrix_longestoverlap_ISI_2_test,B102R,Pgph2,Eng,mixed,2,3,1.44,2.08,ENG,76,69,76,69,0.907894737,14,0,131
B102R_DL_Switch_Pgph2_EngMatrix_longestoverlap_ISI_3_test,B102R,Pgph2,Eng,mixed,3,3,0.78,3.85,ENG,76,69,76,69,0.907894737,14,0,131
B102R_DL_Switch_Pgph2_EngMatrix_longestoverlap_ISI_4_test,B102R,Pgph2,Eng,mixed,4,5,1.4,3.57,ENG,76,69,76,69,0.907894737,14,0,131
B102R_DL_Switch_Pgph2_EngMatrix_longestoverlap_ISI_5_test,B102R,Pgph2,Eng,mixed,5,16,3.74,4.28,ENG,76,69,76,69,0.907894737,14,0,131
B102R_DL_Switch_Pgph2_EngMatrix_longestoverlap_ISI_6_test,B102R,Pgph2,Eng,mixed,6,13,3.82,3.4,ENG,76,69,76,69,0.907894737,14,0,131
B102R_DL_Switch_Pgph2_EngMatrix_longestoverlap_ISI_7_test,B102R,Pgph2,Eng,mixed,7,6,1.66,3.61,ENG,76,69,76,69,0.907894737,14,0,131
B102R_DL_Switch_Pgph2_EngMatrix_longestoverlap_ISI_8_test,B102R,Pgph2,Eng,mixed,8,4,1.32,3.03,ENG,76,69,76,69,0.907894737,14,0,131
B102R_DL_Switch_Pgph2_EngMatrix_longestoverlap_ISI_9_test,B102R,Pgph2,Eng,mixed,9,9,2.2,4.09,ENG,76,69,76,69,0.907894737,14,0,131
B102R_DL_Switch_Pgph2_EngMatrix_longestoverlap_ISI_10_test,B102R,Pgph2,Eng,mixed,10,6,1.9,3.16,ENG,76,69,76,69,0.907894737,14,0,131
B102R_DL_Switch_Pgph2_EngOnly_longestoverlap_ISI_0_test,B102R,Pgph2,Eng,single,0,10,2.54,3.94,ENG,76,69,76,69,0.907894737,14,0,131
B102R_DL_Switch_Pgph2_EngOnly_longestoverlap_ISI_1_test,B102R,Pgph2,Eng,single,1,4,1.08,3.7,ENG,76,69,76,69,0.907894737,14,0,131
B102R_DL_Switch_Pgph2_EngOnly_longestoverlap_ISI_2_test,B102R,Pgph2,Eng,single,2,4,1.22,3.28,ENG,76,69,76,69,0.907894737,14,0,131
B102R_DL_Switch_Pgph2_EngOnly_longestoverlap_ISI_3_test,B102R,Pgph2,Eng,single,3,3,0.76,3.95,ENG,76,69,76,69,0.907894737,14,0,131
B102R_DL_Switch_Pgph2_EngOnly_longestoverlap_ISI_4_test,B102R,Pgph2,Eng,single,4,4,1.3,3.08,ENG,76,69,76,69,0.907894737,14,0,131
B102R_DL_Switch_Pgph2_EngOnly_longestoverlap_ISI_5_test,B102R,Pgph2,Eng,single,5,14,3.78,3.7,ENG,76,69,76,69,0.907894737,14,0,131
B102R_DL_Switch_Pgph2_EngOnly_longestoverlap_ISI_6_test,B102R,Pgph2,Eng,single,6,14,3.12,4.49,ENG,76,69,76,69,0.907894737,14,0,131
B102R_DL_Switch_Pgph2_EngOnly_longestoverlap_ISI_7_test,B102R,Pgph2,Eng,single,7,6,1.82,3.3,ENG,76,69,76,69,0.907894737,14,0,131
B102R_DL_Switch_Pgph2_EngOnly_longestoverlap_ISI_8_test,B102R,Pgph2,Eng,single,8,4,1.26,3.17,ENG,76,69,76,69,0.907894737,14,0,131
B102R_DL_Switch_Pgph2_EngOnly_longestoverlap_ISI_9_test,B102R,Pgph2,Eng,single,9,9,2.1,4.28,ENG,76,69,76,69,0.907894737,14,0,131
B102R_DL_Switch_Pgph2_EngOnly_longestoverlap_ISI_10_test,B102R,Pgph2,Eng,single,10,6,1.88,3.19,ENG,76,69,76,69,0.907894737,14,0,131
B111_DL_Switch_Pgph1_EngMatrix_longestoverlap_ISI_0_test,B111,Pgph1,Eng,mixed,0,5,1.68,2.98,ENG,78,69,78,69,0.884615385,5,0,143
B111_DL_Switch_Pgph1_EngMatrix_longestoverlap_ISI_1_test,B111,Pgph1,Eng,mixed,1,12,3.28,3.66,ENG,78,69,78,69,0.884615385,5,0,143
B111_DL_Switch_Pgph1_EngMatrix_longestoverlap_ISI_2_test,B111,Pgph1,Eng,mixed,2,4,1.1,3.64,ENG,78,69,78,69,0.884615385,5,0,143
B111_DL_Switch_Pgph1_EngMatrix_longestoverlap_ISI_3_test,B111,Pgph1,Eng,mixed,3,9,2.34,3.85,ENG,78,69,78,69,0.884615385,5,0,143
B111_DL_Switch_Pgph1_EngMatrix_longestoverlap_ISI_4_test,B111,Pgph1,Eng,mixed,4,5,1.14,4.39,ENG,78,69,78,69,0.884615385,5,0,143
B111_DL_Switch_Pgph1_EngMatrix_longestoverlap_ISI_5_test,B111,Pgph1,Eng,mixed,5,18,4.48,4.02,ENG,78,69,78,69,0.884615385,5,0,143
B111_DL_Switch_Pgph1_EngMatrix_longestoverlap_ISI_6_test,B111,Pgph1,Eng,mixed,6,7,1.54,4.54,ENG,78,69,78,69,0.884615385,5,0,143
B111_DL_Switch_Pgph1_EngMatrix_longestoverlap_ISI_7_test,B111,Pgph1,Eng,mixed,7,5,1.4,3.57,ENG,78,69,78,69,0.884615385,5,0,143
B111_DL_Switch_Pgph1_EngMatrix_longestoverlap_ISI_8_test,B111,Pgph1,Eng,mixed,8,17,3.48,4.88,ENG,78,69,78,69,0.884615385,5,0,143
B111_DL_Switch_Pgph1_EngMatrix_longestoverlap_ISI_9_test,B111,Pgph1,Eng,mixed,9,12,2.82,4.25,ENG,78,69,78,69,0.884615385,5,0,143
B111_DL_Switch_Pgph1_EngMatrix_longestoverlap_ISI_10_test,B111,Pgph1,Eng,mixed,10,9,2.1,4.29,ENG,78,69,78,69,0.884615385,5,0,143
B111_DL_Switch_Pgph1_EngOnly_longestoverlap_ISI_0_test,B111,Pgph1,Eng,single,0,5,1.76,2.84,ENG,78,69,78,69,0.884615385,5,0,143
B111_DL_Switch_Pgph1_EngOnly_longestoverlap_ISI_1_test,B111,Pgph1,Eng,single,1,11,3.4,3.23,ENG,78,69,78,69,0.884615385,5,0,143
B111_DL_Switch_Pgph1_EngOnly_longestoverlap_ISI_2_test,B111,Pgph1,Eng,single,2,5,1.14,4.38,ENG,78,69,78,69,0.884615385,5,0,143
B111_DL_Switch_Pgph1_EngOnly_longestoverlap_ISI_3_test,B111,Pgph1,Eng,single,3,11,2.3,4.78,ENG,78,69,78,69,0.884615385,5,0,143
B111_DL_Switch_Pgph1_EngOnly_longestoverlap_ISI_4_test,B111,Pgph1,Eng,single,4,4,1,4,ENG,78,69,78,69,0.884615385,5,0,143
B111_DL_Switch_Pgph1_EngOnly_longestoverlap_ISI_5_test,B111,Pgph1,Eng,single,5,20,4.6,4.35,ENG,78,69,78,69,0.884615385,5,0,143
B111_DL_Switch_Pgph1_EngOnly_longestoverlap_ISI_6_test,B111,Pgph1,Eng,single,6,7,1.72,4.07,ENG,78,69,78,69,0.884615385,5,0,143
B111_DL_Switch_Pgph1_EngOnly_longestoverlap_ISI_7_test,B111,Pgph1,Eng,single,7,4,1.16,3.45,ENG,78,69,78,69,0.884615385,5,0,143
B111_DL_Switch_Pgph1_EngOnly_longestoverlap_ISI_8_test,B111,Pgph1,Eng,single,8,16,3.36,4.76,ENG,78,69,78,69,0.884615385,5,0,143
B111_DL_Switch_Pgph1_EngOnly_longestoverlap_ISI_9_test,B111,Pgph1,Eng,single,9,13,2.82,4.61,ENG,78,69,78,69,0.884615385,5,0,143
B111_DL_Switch_Pgph1_EngOnly_longestoverlap_ISI_10_test,B111,Pgph1,Eng,single,10,9,2.2,4.09,ENG,78,69,78,69,0.884615385,5,0,143
B111_DL_Switch_Pgph2_EngMatrix_longestoverlap_ISI_0_test,B111,Pgph2,Eng,mixed,0,8,2.28,3.51,ENG,78,69,78,69,0.884615385,5,0,143
B111_DL_Switch_Pgph2_EngMatrix_longestoverlap_ISI_1_test,B111,Pgph2,Eng,mixed,1,15,2.72,5.51,ENG,78,69,78,69,0.884615385,5,0,143
B111_DL_Switch_Pgph2_EngMatrix_longestoverlap_ISI_2_test,B111,Pgph2,Eng,mixed,2,5,1.2,4.16,ENG,78,69,78,69,0.884615385,5,0,143
B111_DL_Switch_Pgph2_EngMatrix_longestoverlap_ISI_3_test,B111,Pgph2,Eng,mixed,3,3,0.68,4.41,ENG,78,69,78,69,0.884615385,5,0,143
B111_DL_Switch_Pgph2_EngMatrix_longestoverlap_ISI_4_test,B111,Pgph2,Eng,mixed,4,8,1.68,4.76,ENG,78,69,78,69,0.884615385,5,0,143
B111_DL_Switch_Pgph2_EngMatrix_longestoverlap_ISI_5_test,B111,Pgph2,Eng,mixed,5,11,2.5,4.4,ENG,78,69,78,69,0.884615385,5,0,143
B111_DL_Switch_Pgph2_EngMatrix_longestoverlap_ISI_6_test,B111,Pgph2,Eng,mixed,6,4,0.84,4.76,ENG,78,69,78,69,0.884615385,5,0,143
B111_DL_Switch_Pgph2_EngMatrix_longestoverlap_ISI_7_test,B111,Pgph2,Eng,mixed,7,18,4.1,4.39,ENG,78,69,78,69,0.884615385,5,0,143
B111_DL_Switch_Pgph2_EngMatrix_longestoverlap_ISI_8_test,B111,Pgph2,Eng,mixed,8,3,1.04,2.88,ENG,78,69,78,69,0.884615385,5,0,143
B111_DL_Switch_Pgph2_EngMatrix_longestoverlap_ISI_9_test,B111,Pgph2,Eng,mixed,9,8,1.96,4.08,ENG,78,69,78,69,0.884615385,5,0,143
B111_DL_Switch_Pgph2_EngMatrix_longestoverlap_ISI_10_test,B111,Pgph2,Eng,mixed,10,15,3.32,4.52,ENG,78,69,78,69,0.884615385,5,0,143
B111_DL_Switch_Pgph2_EngOnly_longestoverlap_ISI_0_test,B111,Pgph2,Eng,single,0,10,2.34,4.27,ENG,78,69,78,69,0.884615385,5,0,143
B111_DL_Switch_Pgph2_EngOnly_longestoverlap_ISI_1_test,B111,Pgph2,Eng,single,1,13,2.68,4.85,ENG,78,69,78,69,0.884615385,5,0,143
B111_DL_Switch_Pgph2_EngOnly_longestoverlap_ISI_2_test,B111,Pgph2,Eng,single,2,5,1.14,4.39,ENG,78,69,78,69,0.884615385,5,0,143
B111_DL_Switch_Pgph2_EngOnly_longestoverlap_ISI_3_test,B111,Pgph2,Eng,single,3,2,0.68,2.94,ENG,78,69,78,69,0.884615385,5,0,143
B111_DL_Switch_Pgph2_EngOnly_longestoverlap_ISI_4_test,B111,Pgph2,Eng,single,4,8,1.8,4.44,ENG,78,69,78,69,0.884615385,5,0,143
B111_DL_Switch_Pgph2_EngOnly_longestoverlap_ISI_5_test,B111,Pgph2,Eng,single,5,10,2.42,4.13,ENG,78,69,78,69,0.884615385,5,0,143
B111_DL_Switch_Pgph2_EngOnly_longestoverlap_ISI_6_test,B111,Pgph2,Eng,single,6,4,0.86,4.65,ENG,78,69,78,69,0.884615385,5,0,143
B111_DL_Switch_Pgph2_EngOnly_longestoverlap_ISI_7_test,B111,Pgph2,Eng,single,7,19,4.1,4.63,ENG,78,69,78,69,0.884615385,5,0,143
B111_DL_Switch_Pgph2_EngOnly_longestoverlap_ISI_8_test,B111,Pgph2,Eng,single,8,3,1.04,2.88,ENG,78,69,78,69,0.884615385,5,0,143
B111_DL_Switch_Pgph2_EngOnly_longestoverlap_ISI_9_test,B111,Pgph2,Eng,single,9,8,2,4,ENG,78,69,78,69,0.884615385,5,0,143
B111_DL_Switch_Pgph2_EngOnly_longestoverlap_ISI_10_test,B111,Pgph2,Eng,single,10,14,3.08,4.54,ENG,78,69,78,69,0.884615385,5,0,143
B112_DL_Switch_Pgph1_EngMatrix_longestoverlap_ISI_0_test,B112,Pgph1,Eng,mixed,0,6,1.44,4.17,ENG,76,53,76,53,0.697368421,4,0,143
B112_DL_Switch_Pgph1_EngMatrix_longestoverlap_ISI_1_test,B112,Pgph1,Eng,mixed,1,10,3.04,3.29,ENG,76,53,76,53,0.697368421,4,0,143
B112_DL_Switch_Pgph1_EngMatrix_longestoverlap_ISI_2_test,B112,Pgph1,Eng,mixed,2,9,2.06,4.37,ENG,76,53,76,53,0.697368421,4,0,143
B112_DL_Switch_Pgph1_EngMatrix_longestoverlap_ISI_4_test,B112,Pgph1,Eng,mixed,4,5,1.14,4.38,ENG,76,53,76,53,0.697368421,4,0,143
B112_DL_Switch_Pgph1_EngMatrix_longestoverlap_ISI_5_test,B112,Pgph1,Eng,mixed,5,7,2.56,2.73,ENG,76,53,76,53,0.697368421,4,0,143
B112_DL_Switch_Pgph1_EngMatrix_longestoverlap_ISI_6_test,B112,Pgph1,Eng,mixed,6,8,2.02,3.96,ENG,76,53,76,53,0.697368421,4,0,143
B112_DL_Switch_Pgph1_EngMatrix_longestoverlap_ISI_7_test,B112,Pgph1,Eng,mixed,7,5,1.24,4.03,ENG,76,53,76,53,0.697368421,4,0,143
B112_DL_Switch_Pgph1_EngMatrix_longestoverlap_ISI_8_test,B112,Pgph1,Eng,mixed,8,3,1.32,2.27,ENG,76,53,76,53,0.697368421,4,0,143
B112_DL_Switch_Pgph1_EngMatrix_longestoverlap_ISI_9_test,B112,Pgph1,Eng,mixed,9,14,3.22,4.35,ENG,76,53,76,53,0.697368421,4,0,143
B112_DL_Switch_Pgph1_EngMatrix_longestoverlap_ISI_10_test,B112,Pgph1,Eng,mixed,10,5,1.52,3.29,ENG,76,53,76,53,0.697368421,4,0,143
B112_DL_Switch_Pgph1_EngOnly_longestoverlap_ISI_0_test,B112,Pgph1,Eng,single,0,4,1.14,3.51,ENG,76,53,76,53,0.697368421,4,0,143
B112_DL_Switch_Pgph1_EngOnly_longestoverlap_ISI_1_test,B112,Pgph1,Eng,single,1,8,2.8,2.86,ENG,76,53,76,53,0.697368421,4,0,143
B112_DL_Switch_Pgph1_EngOnly_longestoverlap_ISI_2_test,B112,Pgph1,Eng,single,2,8,1.88,4.25,ENG,76,53,76,53,0.697368421,4,0,143
B112_DL_Switch_Pgph1_EngOnly_longestoverlap_ISI_4_test,B112,Pgph1,Eng,single,4,6,1.1,5.45,ENG,76,53,76,53,0.697368421,4,0,143
B112_DL_Switch_Pgph1_EngOnly_longestoverlap_ISI_5_test,B112,Pgph1,Eng,single,5,9,2.52,3.57,ENG,76,53,76,53,0.697368421,4,0,143
B112_DL_Switch_Pgph1_EngOnly_longestoverlap_ISI_6_test,B112,Pgph1,Eng,single,6,9,2.12,4.24,ENG,76,53,76,53,0.697368421,4,0,143
B112_DL_Switch_Pgph1_EngOnly_longestoverlap_ISI_7_test,B112,Pgph1,Eng,single,7,5,1.36,3.68,ENG,76,53,76,53,0.697368421,4,0,143
B112_DL_Switch_Pgph1_EngOnly_longestoverlap_ISI_8_test,B112,Pgph1,Eng,single,8,4,1,4,ENG,76,53,76,53,0.697368421,4,0,143
B112_DL_Switch_Pgph1_EngOnly_longestoverlap_ISI_9_test,B112,Pgph1,Eng,single,9,12,2.8,4.29,ENG,76,53,76,53,0.697368421,4,0,143
B112_DL_Switch_Pgph1_EngOnly_longestoverlap_ISI_10_test,B112,Pgph1,Eng,single,10,5,1.66,3.01,ENG,76,53,76,53,0.697368421,4,0,143
B112_DL_Switch_Pgph2_EngMatrix_longestoverlap_ISI_0_test,B112,Pgph2,Eng,mixed,0,7,1.92,3.65,ENG,76,53,76,53,0.697368421,4,0,143
B112_DL_Switch_Pgph2_EngMatrix_longestoverlap_ISI_1_test,B112,Pgph2,Eng,mixed,1,6,2.1,2.86,ENG,76,53,76,53,0.697368421,4,0,143
B112_DL_Switch_Pgph2_EngMatrix_longestoverlap_ISI_3_test,B112,Pgph2,Eng,mixed,3,2,0.84,2.38,ENG,76,53,76,53,0.697368421,4,0,143
B112_DL_Switch_Pgph2_EngMatrix_longestoverlap_ISI_4_test,B112,Pgph2,Eng,mixed,4,5,1.14,4.39,ENG,76,53,76,53,0.697368421,4,0,143
B112_DL_Switch_Pgph2_EngMatrix_longestoverlap_ISI_5_test,B112,Pgph2,Eng,mixed,5,9,2.34,3.85,ENG,76,53,76,53,0.697368421,4,0,143
B112_DL_Switch_Pgph2_EngMatrix_longestoverlap_ISI_6_test,B112,Pgph2,Eng,mixed,6,3,1.38,2.17,ENG,76,53,76,53,0.697368421,4,0,143
B112_DL_Switch_Pgph2_EngMatrix_longestoverlap_ISI_7_test,B112,Pgph2,Eng,mixed,7,10,2.4,4.17,ENG,76,53,76,53,0.697368421,4,0,143
B112_DL_Switch_Pgph2_EngMatrix_longestoverlap_ISI_8_test,B112,Pgph2,Eng,mixed,8,5,1.12,4.46,ENG,76,53,76,53,0.697368421,4,0,143
B112_DL_Switch_Pgph2_EngMatrix_longestoverlap_ISI_9_test,B112,Pgph2,Eng,mixed,9,12,2.82,4.25,ENG,76,53,76,53,0.697368421,4,0,143
B112_DL_Switch_Pgph2_EngMatrix_longestoverlap_ISI_10_test,B112,Pgph2,Eng,mixed,10,6,1.66,3.61,ENG,76,53,76,53,0.697368421,4,0,143
B112_DL_Switch_Pgph2_EngOnly_longestoverlap_ISI_0_test,B112,Pgph2,Eng,single,0,8,2.3,3.48,ENG,76,53,76,53,0.697368421,4,0,143
B112_DL_Switch_Pgph2_EngOnly_longestoverlap_ISI_1_test,B112,Pgph2,Eng,single,1,4,1.2,3.33,ENG,76,53,76,53,0.697368421,4,0,143
B112_DL_Switch_Pgph2_EngOnly_longestoverlap_ISI_3_test,B112,Pgph2,Eng,single,3,2,0.78,2.56,ENG,76,53,76,53,0.697368421,4,0,143
B112_DL_Switch_Pgph2_EngOnly_longestoverlap_ISI_4_test,B112,Pgph2,Eng,single,4,4,1.12,3.57,ENG,76,53,76,53,0.697368421,4,0,143
B112_DL_Switch_Pgph2_EngOnly_longestoverlap_ISI_5_test,B112,Pgph2,Eng,single,5,7,2.3,3.04,ENG,76,53,76,53,0.697368421,4,0,143
B112_DL_Switch_Pgph2_EngOnly_longestoverlap_ISI_6_test,B112,Pgph2,Eng,single,6,3,1.44,2.08,ENG,76,53,76,53,0.697368421,4,0,143
B112_DL_Switch_Pgph2_EngOnly_longestoverlap_ISI_7_test,B112,Pgph2,Eng,single,7,12,3,4,ENG,76,53,76,53,0.697368421,4,0,143
B112_DL_Switch_Pgph2_EngOnly_longestoverlap_ISI_8_test,B112,Pgph2,Eng,single,8,4,1.1,3.64,ENG,76,53,76,53,0.697368421,4,0,143
B112_DL_Switch_Pgph2_EngOnly_longestoverlap_ISI_9_test,B112,Pgph2,Eng,single,9,12,3.1,3.87,ENG,76,53,76,53,0.697368421,4,0,143
B112_DL_Switch_Pgph2_EngOnly_longestoverlap_ISI_10_test,B112,Pgph2,Eng,single,10,6,1.54,3.9,ENG,76,53,76,53,0.697368421,4,0,143
B113_DL_Switch_Pgph1_EngMatrix_longestoverlap_ISI_0_test,B113,Pgph1,Eng,mixed,0,7,2.98,2.35,SPAN,66,73,73,66,0.904109589,10,10,138
B113_DL_Switch_Pgph1_EngMatrix_longestoverlap_ISI_1_test,B113,Pgph1,Eng,mixed,1,6,2.28,2.63,SPAN,66,73,73,66,0.904109589,10,10,138
B113_DL_Switch_Pgph1_EngMatrix_longestoverlap_ISI_2_test,B113,Pgph1,Eng,mixed,2,4,1.56,2.56,SPAN,66,73,73,66,0.904109589,10,10,138
B113_DL_Switch_Pgph1_EngMatrix_longestoverlap_ISI_3_test,B113,Pgph1,Eng,mixed,3,15,3.5,4.29,SPAN,66,73,73,66,0.904109589,10,10,138
B113_DL_Switch_Pgph1_EngMatrix_longestoverlap_ISI_4_test,B113,Pgph1,Eng,mixed,4,5,1.32,3.79,SPAN,66,73,73,66,0.904109589,10,10,138
B113_DL_Switch_Pgph1_EngMatrix_longestoverlap_ISI_5_test,B113,Pgph1,Eng,mixed,5,11,3.22,3.42,SPAN,66,73,73,66,0.904109589,10,10,138
B113_DL_Switch_Pgph1_EngMatrix_longestoverlap_ISI_6_test,B113,Pgph1,Eng,mixed,6,9,2.46,3.66,SPAN,66,73,73,66,0.904109589,10,10,138
B113_DL_Switch_Pgph1_EngMatrix_longestoverlap_ISI_7_test,B113,Pgph1,Eng,mixed,7,5,1.74,2.87,SPAN,66,73,73,66,0.904109589,10,10,138
B113_DL_Switch_Pgph1_EngMatrix_longestoverlap_ISI_8_test,B113,Pgph1,Eng,mixed,8,6,1.8,3.33,SPAN,66,73,73,66,0.904109589,10,10,138
B113_DL_Switch_Pgph1_EngMatrix_longestoverlap_ISI_9_test,B113,Pgph1,Eng,mixed,9,13,3.62,3.59,SPAN,66,73,73,66,0.904109589,10,10,138
B113_DL_Switch_Pgph1_EngMatrix_longestoverlap_ISI_10_test,B113,Pgph1,Eng,mixed,10,5,2.12,2.36,SPAN,66,73,73,66,0.904109589,10,10,138
B113_DL_Switch_Pgph1_EngOnly_longestoverlap_ISI_0_test,B113,Pgph1,Eng,single,0,8,1.92,4.17,SPAN,66,73,73,66,0.904109589,10,10,138
B113_DL_Switch_Pgph1_EngOnly_longestoverlap_ISI_1_test,B113,Pgph1,Eng,single,1,5,1.48,3.38,SPAN,66,73,73,66,0.904109589,10,10,138
B113_DL_Switch_Pgph1_EngOnly_longestoverlap_ISI_2_test,B113,Pgph1,Eng,single,2,4,1.06,3.77,SPAN,66,73,73,66,0.904109589,10,10,138
B113_DL_Switch_Pgph1_EngOnly_longestoverlap_ISI_3_test,B113,Pgph1,Eng,single,3,10,2.42,4.13,SPAN,66,73,73,66,0.904109589,10,10,138
B113_DL_Switch_Pgph1_EngOnly_longestoverlap_ISI_4_test,B113,Pgph1,Eng,single,4,4,0.8,5,SPAN,66,73,73,66,0.904109589,10,10,138
B113_DL_Switch_Pgph1_EngOnly_longestoverlap_ISI_5_test,B113,Pgph1,Eng,single,5,10,2.22,4.5,SPAN,66,73,73,66,0.904109589,10,10,138
B113_DL_Switch_Pgph1_EngOnly_longestoverlap_ISI_6_test,B113,Pgph1,Eng,single,6,6,1.84,3.26,SPAN,66,73,73,66,0.904109589,10,10,138
B113_DL_Switch_Pgph1_EngOnly_longestoverlap_ISI_7_test,B113,Pgph1,Eng,single,7,6,1.02,5.88,SPAN,66,73,73,66,0.904109589,10,10,138
B113_DL_Switch_Pgph1_EngOnly_longestoverlap_ISI_8_test,B113,Pgph1,Eng,single,8,3,1.04,2.88,SPAN,66,73,73,66,0.904109589,10,10,138
B113_DL_Switch_Pgph1_EngOnly_longestoverlap_ISI_9_test,B113,Pgph1,Eng,single,9,9,2.26,3.98,SPAN,66,73,73,66,0.904109589,10,10,138
B113_DL_Switch_Pgph1_EngOnly_longestoverlap_ISI_10_test,B113,Pgph1,Eng,single,10,3,1,3,SPAN,66,73,73,66,0.904109589,10,10,138
B113_DL_Switch_Pgph2_EngMatrix_longestoverlap_ISI_0_test,B113,Pgph2,Eng,mixed,0,19,4.68,4.06,SPAN,66,73,73,66,0.904109589,10,10,138
B113_DL_Switch_Pgph2_EngMatrix_longestoverlap_ISI_1_test,B113,Pgph2,Eng,mixed,1,12,2.8,4.28,SPAN,66,73,73,66,0.904109589,10,10,138
B113_DL_Switch_Pgph2_EngMatrix_longestoverlap_ISI_3_test,B113,Pgph2,Eng,mixed,3,4,1.54,2.6,SPAN,66,73,73,66,0.904109589,10,10,138
B113_DL_Switch_Pgph2_EngMatrix_longestoverlap_ISI_4_test,B113,Pgph2,Eng,mixed,4,6,2.42,2.48,SPAN,66,73,73,66,0.904109589,10,10,138
B113_DL_Switch_Pgph2_EngMatrix_longestoverlap_ISI_5_test,B113,Pgph2,Eng,mixed,5,13,3.08,4.22,SPAN,66,73,73,66,0.904109589,10,10,138
B113_DL_Switch_Pgph2_EngMatrix_longestoverlap_ISI_6_test,B113,Pgph2,Eng,mixed,6,7,1.6,4.37,SPAN,66,73,73,66,0.904109589,10,10,138
B113_DL_Switch_Pgph2_EngMatrix_longestoverlap_ISI_7_test,B113,Pgph2,Eng,mixed,7,13,4.14,3.14,SPAN,66,73,73,66,0.904109589,10,10,138
B113_DL_Switch_Pgph2_EngMatrix_longestoverlap_ISI_8_test,B113,Pgph2,Eng,mixed,8,2,0.74,2.7,SPAN,66,73,73,66,0.904109589,10,10,138
B113_DL_Switch_Pgph2_EngMatrix_longestoverlap_ISI_9_test,B113,Pgph2,Eng,mixed,9,3,2,1.5,SPAN,66,73,73,66,0.904109589,10,10,138
B113_DL_Switch_Pgph2_EngMatrix_longestoverlap_ISI_10_test,B113,Pgph2,Eng,mixed,10,5,1.54,3.25,SPAN,66,73,73,66,0.904109589,10,10,138
B113_DL_Switch_Pgph2_EngOnly_longestoverlap_ISI_0_test,B113,Pgph2,Eng,single,0,20,4.18,4.78,SPAN,66,73,73,66,0.904109589,10,10,138
B113_DL_Switch_Pgph2_EngOnly_longestoverlap_ISI_1_test,B113,Pgph2,Eng,single,1,10,2.4,4.17,SPAN,66,73,73,66,0.904109589,10,10,138
B113_DL_Switch_Pgph2_EngOnly_longestoverlap_ISI_3_test,B113,Pgph2,Eng,single,3,3,0.62,4.84,SPAN,66,73,73,66,0.904109589,10,10,138
B113_DL_Switch_Pgph2_EngOnly_longestoverlap_ISI_4_test,B113,Pgph2,Eng,single,4,6,1.54,3.89,SPAN,66,73,73,66,0.904109589,10,10,138
B113_DL_Switch_Pgph2_EngOnly_longestoverlap_ISI_5_test,B113,Pgph2,Eng,single,5,10,2.14,4.67,SPAN,66,73,73,66,0.904109589,10,10,138
B113_DL_Switch_Pgph2_EngOnly_longestoverlap_ISI_6_test,B113,Pgph2,Eng,single,6,5,1.1,4.54,SPAN,66,73,73,66,0.904109589,10,10,138
B113_DL_Switch_Pgph2_EngOnly_longestoverlap_ISI_7_test,B113,Pgph2,Eng,single,7,11,2.34,4.7,SPAN,66,73,73,66,0.904109589,10,10,138
B113_DL_Switch_Pgph2_EngOnly_longestoverlap_ISI_8_test,B113,Pgph2,Eng,single,8,2,0.7,2.86,SPAN,66,73,73,66,0.904109589,10,10,138
B113_DL_Switch_Pgph2_EngOnly_longestoverlap_ISI_9_test,B113,Pgph2,Eng,single,9,4,1,4,SPAN,66,73,73,66,0.904109589,10,10,138
B113_DL_Switch_Pgph2_EngOnly_longestoverlap_ISI_10_test,B113,Pgph2,Eng,single,10,3,0.76,3.95,SPAN,66,73,73,66,0.904109589,10,10,138
B115_DL_Switch_Pgph1_EngMatrix_longestoverlap_ISI_0_test,B115,Pgph1,Eng,mixed,0,7,2.8,2.5,ENG,78,50,78,50,0.641025641,5,0,143
B115_DL_Switch_Pgph1_EngMatrix_longestoverlap_ISI_1_test,B115,Pgph1,Eng,mixed,1,9,2.8,3.21,ENG,78,50,78,50,0.641025641,5,0,143
B115_DL_Switch_Pgph1_EngMatrix_longestoverlap_ISI_2_test,B115,Pgph1,Eng,mixed,2,5,1.44,3.47,ENG,78,50,78,50,0.641025641,5,0,143
B115_DL_Switch_Pgph1_EngMatrix_longestoverlap_ISI_3_test,B115,Pgph1,Eng,mixed,3,7,1.84,3.8,ENG,78,50,78,50,0.641025641,5,0,143
B115_DL_Switch_Pgph1_EngMatrix_longestoverlap_ISI_4_test,B115,Pgph1,Eng,mixed,4,5,1.4,3.57,ENG,78,50,78,50,0.641025641,5,0,143
B115_DL_Switch_Pgph1_EngMatrix_longestoverlap_ISI_5_test,B115,Pgph1,Eng,mixed,5,9,2.84,3.17,ENG,78,50,78,50,0.641025641,5,0,143
B115_DL_Switch_Pgph1_EngMatrix_longestoverlap_ISI_6_test,B115,Pgph1,Eng,mixed,6,6,1.42,4.22,ENG,78,50,78,50,0.641025641,5,0,143
B115_DL_Switch_Pgph1_EngMatrix_longestoverlap_ISI_7_test,B115,Pgph1,Eng,mixed,7,5,1.48,3.38,ENG,78,50,78,50,0.641025641,5,0,143
B115_DL_Switch_Pgph1_EngMatrix_longestoverlap_ISI_8_test,B115,Pgph1,Eng,mixed,8,5,1.36,3.68,ENG,78,50,78,50,0.641025641,5,0,143
B115_DL_Switch_Pgph1_EngMatrix_longestoverlap_ISI_9_test,B115,Pgph1,Eng,mixed,9,3,1.24,2.42,ENG,78,50,78,50,0.641025641,5,0,143
B115_DL_Switch_Pgph1_EngMatrix_longestoverlap_ISI_10_test,B115,Pgph1,Eng,mixed,10,4,1.18,3.39,ENG,78,50,78,50,0.641025641,5,0,143
B115_DL_Switch_Pgph1_EngOnly_longestoverlap_ISI_0_test,B115,Pgph1,Eng,single,0,4,1.14,3.51,ENG,78,50,78,50,0.641025641,5,0,143
B115_DL_Switch_Pgph1_EngOnly_longestoverlap_ISI_1_test,B115,Pgph1,Eng,single,1,9,2.38,3.78,ENG,78,50,78,50,0.641025641,5,0,143
B115_DL_Switch_Pgph1_EngOnly_longestoverlap_ISI_2_test,B115,Pgph1,Eng,single,2,7,1.76,3.98,ENG,78,50,78,50,0.641025641,5,0,143
B115_DL_Switch_Pgph1_EngOnly_longestoverlap_ISI_3_test,B115,Pgph1,Eng,single,3,7,1.9,3.68,ENG,78,50,78,50,0.641025641,5,0,143
B115_DL_Switch_Pgph1_EngOnly_longestoverlap_ISI_4_test,B115,Pgph1,Eng,single,4,4,1.98,2.02,ENG,78,50,78,50,0.641025641,5,0,143
B115_DL_Switch_Pgph1_EngOnly_longestoverlap_ISI_5_test,B115,Pgph1,Eng,single,5,10,2.76,3.62,ENG,78,50,78,50,0.641025641,5,0,143
B115_DL_Switch_Pgph1_EngOnly_longestoverlap_ISI_6_test,B115,Pgph1,Eng,single,6,6,1.32,4.55,ENG,78,50,78,50,0.641025641,5,0,143
B115_DL_Switch_Pgph1_EngOnly_longestoverlap_ISI_7_test,B115,Pgph1,Eng,single,7,6,1.38,4.35,ENG,78,50,78,50,0.641025641,5,0,143
B115_DL_Switch_Pgph1_EngOnly_longestoverlap_ISI_8_test,B115,Pgph1,Eng,single,8,4,1.18,3.39,ENG,78,50,78,50,0.641025641,5,0,143
B115_DL_Switch_Pgph1_EngOnly_longestoverlap_ISI_9_test,B115,Pgph1,Eng,single,9,3,0.86,3.49,ENG,78,50,78,50,0.641025641,5,0,143
B115_DL_Switch_Pgph1_EngOnly_longestoverlap_ISI_10_test,B115,Pgph1,Eng,single,10,4,1.32,3.03,ENG,78,50,78,50,0.641025641,5,0,143
B115_DL_Switch_Pgph2_EngMatrix_longestoverlap_ISI_0_test,B115,Pgph2,Eng,mixed,0,11,4.06,2.71,ENG,78,50,78,50,0.641025641,5,0,143
B115_DL_Switch_Pgph2_EngMatrix_longestoverlap_ISI_1_test,B115,Pgph2,Eng,mixed,1,8,1.52,5.26,ENG,78,50,78,50,0.641025641,5,0,143
B115_DL_Switch_Pgph2_EngMatrix_longestoverlap_ISI_3_test,B115,Pgph2,Eng,mixed,3,2,0.7,2.86,ENG,78,50,78,50,0.641025641,5,0,143
B115_DL_Switch_Pgph2_EngMatrix_longestoverlap_ISI_4_test,B115,Pgph2,Eng,mixed,4,5,1.44,3.47,ENG,78,50,78,50,0.641025641,5,0,143
B115_DL_Switch_Pgph2_EngMatrix_longestoverlap_ISI_5_test,B115,Pgph2,Eng,mixed,5,11,3.16,3.48,ENG,78,50,78,50,0.641025641,5,0,143
B115_DL_Switch_Pgph2_EngMatrix_longestoverlap_ISI_6_test,B115,Pgph2,Eng,mixed,6,3,0.92,3.26,ENG,78,50,78,50,0.641025641,5,0,143
B115_DL_Switch_Pgph2_EngMatrix_longestoverlap_ISI_7_test,B115,Pgph2,Eng,mixed,7,7,2.06,3.4,ENG,78,50,78,50,0.641025641,5,0,143
B115_DL_Switch_Pgph2_EngMatrix_longestoverlap_ISI_8_test,B115,Pgph2,Eng,mixed,8,2,0.76,2.63,ENG,78,50,78,50,0.641025641,5,0,143
B115_DL_Switch_Pgph2_EngMatrix_longestoverlap_ISI_9_test,B115,Pgph2,Eng,mixed,9,14,3.86,3.63,ENG,78,50,78,50,0.641025641,5,0,143
B115_DL_Switch_Pgph2_EngOnly_longestoverlap_ISI_0_test,B115,Pgph2,Eng,single,0,10,2.9,3.45,ENG,78,50,78,50,0.641025641,5,0,143
B115_DL_Switch_Pgph2_EngOnly_longestoverlap_ISI_1_test,B115,Pgph2,Eng,single,1,6,1.22,4.92,ENG,78,50,78,50,0.641025641,5,0,143
B115_DL_Switch_Pgph2_EngOnly_longestoverlap_ISI_3_test,B115,Pgph2,Eng,single,3,3,0.52,5.77,ENG,78,50,78,50,0.641025641,5,0,143
B115_DL_Switch_Pgph2_EngOnly_longestoverlap_ISI_4_test,B115,Pgph2,Eng,single,4,4,0.86,4.65,ENG,78,50,78,50,0.641025641,5,0,143
B115_DL_Switch_Pgph2_EngOnly_longestoverlap_ISI_5_test,B115,Pgph2,Eng,single,5,10,2.82,3.55,ENG,78,50,78,50,0.641025641,5,0,143
B115_DL_Switch_Pgph2_EngOnly_longestoverlap_ISI_6_test,B115,Pgph2,Eng,single,6,2,0.56,3.57,ENG,78,50,78,50,0.641025641,5,0,143
B115_DL_Switch_Pgph2_EngOnly_longestoverlap_ISI_7_test,B115,Pgph2,Eng,single,7,8,2,4,ENG,78,50,78,50,0.641025641,5,0,143
B115_DL_Switch_Pgph2_EngOnly_longestoverlap_ISI_8_test,B115,Pgph2,Eng,single,8,2,0.7,2.86,ENG,78,50,78,50,0.641025641,5,0,143
B115_DL_Switch_Pgph2_EngOnly_longestoverlap_ISI_9_test,B115,Pgph2,Eng,single,9,9,2.54,3.54,ENG,78,50,78,50,0.641025641,5,0,143
B117_DL_Switch_Pgph1_EngMatrix_longestoverlap_ISI_0_test,B117,Pgph1,Eng,mixed,0,12,3,4,ENG,79,53,79,53,0.670886076,0,0,134
B117_DL_Switch_Pgph1_EngMatrix_longestoverlap_ISI_1_test,B117,Pgph1,Eng,mixed,1,9,3.32,2.71,ENG,79,53,79,53,0.670886076,0,0,134
B117_DL_Switch_Pgph1_EngMatrix_longestoverlap_ISI_2_test,B117,Pgph1,Eng,mixed,2,4,1.14,3.51,ENG,79,53,79,53,0.670886076,0,0,134
B117_DL_Switch_Pgph1_EngMatrix_longestoverlap_ISI_3_test,B117,Pgph1,Eng,mixed,3,8,1.88,4.25,ENG,79,53,79,53,0.670886076,0,0,134
B117_DL_Switch_Pgph1_EngMatrix_longestoverlap_ISI_4_test,B117,Pgph1,Eng,mixed,4,3,1.18,2.54,ENG,79,53,79,53,0.670886076,0,0,134
B117_DL_Switch_Pgph1_EngMatrix_longestoverlap_ISI_5_test,B117,Pgph1,Eng,mixed,5,12,4.66,2.57,ENG,79,53,79,53,0.670886076,0,0,134
B117_DL_Switch_Pgph1_EngMatrix_longestoverlap_ISI_6_test,B117,Pgph1,Eng,mixed,6,6,1.86,3.23,ENG,79,53,79,53,0.670886076,0,0,134
B117_DL_Switch_Pgph1_EngMatrix_longestoverlap_ISI_7_test,B117,Pgph1,Eng,mixed,7,3,0.64,4.69,ENG,79,53,79,53,0.670886076,0,0,134
B117_DL_Switch_Pgph1_EngMatrix_longestoverlap_ISI_8_test,B117,Pgph1,Eng,mixed,8,5,1.44,3.47,ENG,79,53,79,53,0.670886076,0,0,134
B117_DL_Switch_Pgph1_EngMatrix_longestoverlap_ISI_9_test,B117,Pgph1,Eng,mixed,9,8,1.68,4.76,ENG,79,53,79,53,0.670886076,0,0,134
B117_DL_Switch_Pgph1_EngMatrix_longestoverlap_ISI_10_test,B117,Pgph1,Eng,mixed,10,4,1.56,2.56,ENG,79,53,79,53,0.670886076,0,0,134
B117_DL_Switch_Pgph1_EngOnly_longestoverlap_ISI_0_test,B117,Pgph1,Eng,single,0,9,2.54,3.54,ENG,79,53,79,53,0.670886076,0,0,134
B117_DL_Switch_Pgph1_EngOnly_longestoverlap_ISI_1_test,B117,Pgph1,Eng,single,1,10,2.94,3.4,ENG,79,53,79,53,0.670886076,0,0,134
B117_DL_Switch_Pgph1_EngOnly_longestoverlap_ISI_2_test,B117,Pgph1,Eng,single,2,3,1.08,2.78,ENG,79,53,79,53,0.670886076,0,0,134
B117_DL_Switch_Pgph1_EngOnly_longestoverlap_ISI_3_test,B117,Pgph1,Eng,single,3,7,1.8,3.89,ENG,79,53,79,53,0.670886076,0,0,134
B117_DL_Switch_Pgph1_EngOnly_longestoverlap_ISI_4_test,B117,Pgph1,Eng,single,4,4,0.94,4.25,ENG,79,53,79,53,0.670886076,0,0,134
B117_DL_Switch_Pgph1_EngOnly_longestoverlap_ISI_5_test,B117,Pgph1,Eng,single,5,16,4.42,3.62,ENG,79,53,79,53,0.670886076,0,0,134
B117_DL_Switch_Pgph1_EngOnly_longestoverlap_ISI_6_test,B117,Pgph1,Eng,single,6,6,1.8,3.33,ENG,79,53,79,53,0.670886076,0,0,134
B117_DL_Switch_Pgph1_EngOnly_longestoverlap_ISI_7_test,B117,Pgph1,Eng,single,7,2,0.6,3.33,ENG,79,53,79,53,0.670886076,0,0,134
B117_DL_Switch_Pgph1_EngOnly_longestoverlap_ISI_8_test,B117,Pgph1,Eng,single,8,7,1.38,5.07,ENG,79,53,79,53,0.670886076,0,0,134
B117_DL_Switch_Pgph1_EngOnly_longestoverlap_ISI_9_test,B117,Pgph1,Eng,single,9,8,1.76,4.55,ENG,79,53,79,53,0.670886076,0,0,134
B117_DL_Switch_Pgph1_EngOnly_longestoverlap_ISI_10_test,B117,Pgph1,Eng,single,10,3,1.84,1.63,ENG,79,53,79,53,0.670886076,0,0,134
B117_DL_Switch_Pgph2_EngMatrix_longestoverlap_ISI_0_test,B117,Pgph2,Eng,mixed,0,10,3.4,2.94,ENG,79,53,79,53,0.670886076,0,0,134
B117_DL_Switch_Pgph2_EngMatrix_longestoverlap_ISI_1_test,B117,Pgph2,Eng,mixed,1,13,2.56,5.08,ENG,79,53,79,53,0.670886076,0,0,134
B117_DL_Switch_Pgph2_EngMatrix_longestoverlap_ISI_3_test,B117,Pgph2,Eng,mixed,3,3,0.74,4.05,ENG,79,53,79,53,0.670886076,0,0,134
B117_DL_Switch_Pgph2_EngMatrix_longestoverlap_ISI_4_test,B117,Pgph2,Eng,mixed,4,5,1.76,2.84,ENG,79,53,79,53,0.670886076,0,0,134
B117_DL_Switch_Pgph2_EngMatrix_longestoverlap_ISI_5_test,B117,Pgph2,Eng,mixed,5,16,3.72,4.3,ENG,79,53,79,53,0.670886076,0,0,134
B117_DL_Switch_Pgph2_EngMatrix_longestoverlap_ISI_6_test,B117,Pgph2,Eng,mixed,6,12,2.48,4.84,ENG,79,53,79,53,0.670886076,0,0,134
B117_DL_Switch_Pgph2_EngMatrix_longestoverlap_ISI_7_test,B117,Pgph2,Eng,mixed,7,7,1.48,4.73,ENG,79,53,79,53,0.670886076,0,0,134
B117_DL_Switch_Pgph2_EngMatrix_longestoverlap_ISI_8_test,B117,Pgph2,Eng,mixed,8,3,1.12,2.68,ENG,79,53,79,53,0.670886076,0,0,134
B117_DL_Switch_Pgph2_EngMatrix_longestoverlap_ISI_9_test,B117,Pgph2,Eng,mixed,9,13,2.72,4.78,ENG,79,53,79,53,0.670886076,0,0,134
B117_DL_Switch_Pgph2_EngMatrix_longestoverlap_ISI_10_test,B117,Pgph2,Eng,mixed,10,6,1.14,5.26,ENG,79,53,79,53,0.670886076,0,0,134
B117_DL_Switch_Pgph2_EngOnly_longestoverlap_ISI_0_test,B117,Pgph2,Eng,single,0,13,3.2,4.06,ENG,79,53,79,53,0.670886076,0,0,134
B117_DL_Switch_Pgph2_EngOnly_longestoverlap_ISI_1_test,B117,Pgph2,Eng,single,1,11,2.62,4.2,ENG,79,53,79,53,0.670886076,0,0,134
B117_DL_Switch_Pgph2_EngOnly_longestoverlap_ISI_3_test,B117,Pgph2,Eng,single,3,2,0.84,2.38,ENG,79,53,79,53,0.670886076,0,0,134
B117_DL_Switch_Pgph2_EngOnly_longestoverlap_ISI_4_test,B117,Pgph2,Eng,single,4,8,2,4,ENG,79,53,79,53,0.670886076,0,0,134
B117_DL_Switch_Pgph2_EngOnly_longestoverlap_ISI_5_test,B117,Pgph2,Eng,single,5,15,3.44,4.36,ENG,79,53,79,53,0.670886076,0,0,134
B117_DL_Switch_Pgph2_EngOnly_longestoverlap_ISI_6_test,B117,Pgph2,Eng,single,6,11,2.66,4.13,ENG,79,53,79,53,0.670886076,0,0,134
B117_DL_Switch_Pgph2_EngOnly_longestoverlap_ISI_7_test,B117,Pgph2,Eng,single,7,9,1.76,5.11,ENG,79,53,79,53,0.670886076,0,0,134
B117_DL_Switch_Pgph2_EngOnly_longestoverlap_ISI_8_test,B117,Pgph2,Eng,single,8,4,1.1,3.64,ENG,79,53,79,53,0.670886076,0,0,134
B117_DL_Switch_Pgph2_EngOnly_longestoverlap_ISI_9_test,B117,Pgph2,Eng,single,9,14,2.76,5.07,ENG,79,53,79,53,0.670886076,0,0,134
B117_DL_Switch_Pgph2_EngOnly_longestoverlap_ISI_10_test,B117,Pgph2,Eng,single,10,5,1.14,4.39,ENG,79,53,79,53,0.670886076,0,0,134
B118_DL_Switch_Pgph1_EngMatrix_longestoverlap_ISI_0_test,B118,Pgph1,Eng,mixed,0,9,2.94,3.06,SPAN,55,72,72,55,0.763888889,5,5,141
B118_DL_Switch_Pgph1_EngMatrix_longestoverlap_ISI_1_test,B118,Pgph1,Eng,mixed,1,15,3.84,3.91,SPAN,55,72,72,55,0.763888889,5,5,141
B118_DL_Switch_Pgph1_EngMatrix_longestoverlap_ISI_2_test,B118,Pgph1,Eng,mixed,2,5,1.38,3.62,SPAN,55,72,72,55,0.763888889,5,5,141
B118_DL_Switch_Pgph1_EngMatrix_longestoverlap_ISI_3_test,B118,Pgph1,Eng,mixed,3,13,3.48,3.73,SPAN,55,72,72,55,0.763888889,5,5,141
B118_DL_Switch_Pgph1_EngMatrix_longestoverlap_ISI_4_test,B118,Pgph1,Eng,mixed,4,5,1.22,4.1,SPAN,55,72,72,55,0.763888889,5,5,141
B118_DL_Switch_Pgph1_EngMatrix_longestoverlap_ISI_5_test,B118,Pgph1,Eng,mixed,5,11,2.74,4.01,SPAN,55,72,72,55,0.763888889,5,5,141
B118_DL_Switch_Pgph1_EngMatrix_longestoverlap_ISI_6_test,B118,Pgph1,Eng,mixed,6,8,2.34,3.42,SPAN,55,72,72,55,0.763888889,5,5,141
B118_DL_Switch_Pgph1_EngMatrix_longestoverlap_ISI_7_test,B118,Pgph1,Eng,mixed,7,4,1.04,3.85,SPAN,55,72,72,55,0.763888889,5,5,141
B118_DL_Switch_Pgph1_EngMatrix_longestoverlap_ISI_8_test,B118,Pgph1,Eng,mixed,8,14,2.96,4.73,SPAN,55,72,72,55,0.763888889,5,5,141
B118_DL_Switch_Pgph1_EngMatrix_longestoverlap_ISI_9_test,B118,Pgph1,Eng,mixed,9,13,3.02,4.3,SPAN,55,72,72,55,0.763888889,5,5,141
B118_DL_Switch_Pgph1_EngMatrix_longestoverlap_ISI_10_test,B118,Pgph1,Eng,mixed,10,8,1.54,5.19,SPAN,55,72,72,55,0.763888889,5,5,141
B118_DL_Switch_Pgph1_EngOnly_longestoverlap_ISI_0_test,B118,Pgph1,Eng,single,0,9,2.52,3.57,SPAN,55,72,72,55,0.763888889,5,5,141
B118_DL_Switch_Pgph1_EngOnly_longestoverlap_ISI_1_test,B118,Pgph1,Eng,single,1,15,3.8,3.95,SPAN,55,72,72,55,0.763888889,5,5,141
B118_DL_Switch_Pgph1_EngOnly_longestoverlap_ISI_2_test,B118,Pgph1,Eng,single,2,5,1.36,3.68,SPAN,55,72,72,55,0.763888889,5,5,141
B118_DL_Switch_Pgph1_EngOnly_longestoverlap_ISI_3_test,B118,Pgph1,Eng,single,3,14,3.68,3.8,SPAN,55,72,72,55,0.763888889,5,5,141
B118_DL_Switch_Pgph1_EngOnly_longestoverlap_ISI_4_test,B118,Pgph1,Eng,single,4,5,1.22,4.1,SPAN,55,72,72,55,0.763888889,5,5,141
B118_DL_Switch_Pgph1_EngOnly_longestoverlap_ISI_5_test,B118,Pgph1,Eng,single,5,10,2.76,3.62,SPAN,55,72,72,55,0.763888889,5,5,141
B118_DL_Switch_Pgph1_EngOnly_longestoverlap_ISI_6_test,B118,Pgph1,Eng,single,6,9,2.38,3.78,SPAN,55,72,72,55,0.763888889,5,5,141
B118_DL_Switch_Pgph1_EngOnly_longestoverlap_ISI_7_test,B118,Pgph1,Eng,single,7,4,0.98,4.08,SPAN,55,72,72,55,0.763888889,5,5,141
B118_DL_Switch_Pgph1_EngOnly_longestoverlap_ISI_8_test,B118,Pgph1,Eng,single,8,12,3.08,3.9,SPAN,55,72,72,55,0.763888889,5,5,141
B118_DL_Switch_Pgph1_EngOnly_longestoverlap_ISI_9_test,B118,Pgph1,Eng,single,9,13,2.98,4.36,SPAN,55,72,72,55,0.763888889,5,5,141
B118_DL_Switch_Pgph1_EngOnly_longestoverlap_ISI_10_test,B118,Pgph1,Eng,single,10,5,1.52,3.29,SPAN,55,72,72,55,0.763888889,5,5,141
B118_DL_Switch_Pgph2_EngMatrix_longestoverlap_ISI_0_test,B118,Pgph2,Eng,mixed,0,17,4.24,4.01,SPAN,55,72,72,55,0.763888889,5,5,141
B118_DL_Switch_Pgph2_EngMatrix_longestoverlap_ISI_1_test,B118,Pgph2,Eng,mixed,1,7,1.78,3.93,SPAN,55,72,72,55,0.763888889,5,5,141
B118_DL_Switch_Pgph2_EngMatrix_longestoverlap_ISI_2_test,B118,Pgph2,Eng,mixed,2,2,0.62,3.23,SPAN,55,72,72,55,0.763888889,5,5,141
B118_DL_Switch_Pgph2_EngMatrix_longestoverlap_ISI_3_test,B118,Pgph2,Eng,mixed,3,3,1.08,2.78,SPAN,55,72,72,55,0.763888889,5,5,141
B118_DL_Switch_Pgph2_EngMatrix_longestoverlap_ISI_4_test,B118,Pgph2,Eng,mixed,4,8,2.42,3.3,SPAN,55,72,72,55,0.763888889,5,5,141
B118_DL_Switch_Pgph2_EngMatrix_longestoverlap_ISI_5_test,B118,Pgph2,Eng,mixed,5,19,4.7,4.04,SPAN,55,72,72,55,0.763888889,5,5,141
B118_DL_Switch_Pgph2_EngMatrix_longestoverlap_ISI_6_test,B118,Pgph2,Eng,mixed,6,8,2.12,3.77,SPAN,55,72,72,55,0.763888889,5,5,141
B118_DL_Switch_Pgph2_EngMatrix_longestoverlap_ISI_7_test,B118,Pgph2,Eng,mixed,7,13,3.66,3.55,SPAN,55,72,72,55,0.763888889,5,5,141
B118_DL_Switch_Pgph2_EngMatrix_longestoverlap_ISI_9_test,B118,Pgph2,Eng,mixed,9,12,2.76,4.35,SPAN,55,72,72,55,0.763888889,5,5,141
B118_DL_Switch_Pgph2_EngMatrix_longestoverlap_ISI_10_test,B118,Pgph2,Eng,mixed,10,9,2.14,4.2,SPAN,55,72,72,55,0.763888889,5,5,141
B118_DL_Switch_Pgph2_EngOnly_longestoverlap_ISI_0_test,B118,Pgph2,Eng,single,0,18,4.02,4.48,SPAN,55,72,72,55,0.763888889,5,5,141
B118_DL_Switch_Pgph2_EngOnly_longestoverlap_ISI_1_test,B118,Pgph2,Eng,single,1,6,1.52,3.95,SPAN,55,72,72,55,0.763888889,5,5,141
B118_DL_Switch_Pgph2_EngOnly_longestoverlap_ISI_2_test,B118,Pgph2,Eng,single,2,2,0.62,3.22,SPAN,55,72,72,55,0.763888889,5,5,141
B118_DL_Switch_Pgph2_EngOnly_longestoverlap_ISI_3_test,B118,Pgph2,Eng,single,3,3,0.88,3.41,SPAN,55,72,72,55,0.763888889,5,5,141
B118_DL_Switch_Pgph2_EngOnly_longestoverlap_ISI_4_test,B118,Pgph2,Eng,single,4,8,1.98,4.04,SPAN,55,72,72,55,0.763888889,5,5,141
B118_DL_Switch_Pgph2_EngOnly_longestoverlap_ISI_5_test,B118,Pgph2,Eng,single,5,18,3.94,4.57,SPAN,55,72,72,55,0.763888889,5,5,141
B118_DL_Switch_Pgph2_EngOnly_longestoverlap_ISI_6_test,B118,Pgph2,Eng,single,6,9,1.94,4.64,SPAN,55,72,72,55,0.763888889,5,5,141
B118_DL_Switch_Pgph2_EngOnly_longestoverlap_ISI_7_test,B118,Pgph2,Eng,single,7,12,3.58,3.35,SPAN,55,72,72,55,0.763888889,5,5,141
B118_DL_Switch_Pgph2_EngOnly_longestoverlap_ISI_9_test,B118,Pgph2,Eng,single,9,11,2.5,4.4,SPAN,55,72,72,55,0.763888889,5,5,141
B118_DL_Switch_Pgph2_EngOnly_longestoverlap_ISI_10_test,B118,Pgph2,Eng,single,10,8,1.7,4.7,SPAN,55,72,72,55,0.763888889,5,5,141
B120_DL_Switch_Pgph1_EngMatrix_longestoverlap_ISI_0_test,B120,Pgph1,Eng,mixed,0,13,3.72,3.49,SPAN,56,65,65,56,0.861538462,11,11,131
B120_DL_Switch_Pgph1_EngMatrix_longestoverlap_ISI_1_test,B120,Pgph1,Eng,mixed,1,14,4.32,3.24,SPAN,56,65,65,56,0.861538462,11,11,131
B120_DL_Switch_Pgph1_EngMatrix_longestoverlap_ISI_2_test,B120,Pgph1,Eng,mixed,2,5,1.28,3.91,SPAN,56,65,65,56,0.861538462,11,11,131
B120_DL_Switch_Pgph1_EngMatrix_longestoverlap_ISI_4_test,B120,Pgph1,Eng,mixed,4,5,1.28,3.91,SPAN,56,65,65,56,0.861538462,11,11,131
B120_DL_Switch_Pgph1_EngMatrix_longestoverlap_ISI_5_test,B120,Pgph1,Eng,mixed,5,9,2.24,4.02,SPAN,56,65,65,56,0.861538462,11,11,131
B120_DL_Switch_Pgph1_EngMatrix_longestoverlap_ISI_6_test,B120,Pgph1,Eng,mixed,6,9,2.56,3.51,SPAN,56,65,65,56,0.861538462,11,11,131
B120_DL_Switch_Pgph1_EngMatrix_longestoverlap_ISI_7_test,B120,Pgph1,Eng,mixed,7,6,2.2,2.73,SPAN,56,65,65,56,0.861538462,11,11,131
B120_DL_Switch_Pgph1_EngMatrix_longestoverlap_ISI_8_test,B120,Pgph1,Eng,mixed,8,11,2.9,3.79,SPAN,56,65,65,56,0.861538462,11,11,131
B120_DL_Switch_Pgph1_EngMatrix_longestoverlap_ISI_9_test,B120,Pgph1,Eng,mixed,9,7,1.72,4.07,SPAN,56,65,65,56,0.861538462,11,11,131
B120_DL_Switch_Pgph1_EngMatrix_longestoverlap_ISI_10_test,B120,Pgph1,Eng,mixed,10,5,2.06,2.43,SPAN,56,65,65,56,0.861538462,11,11,131
B120_DL_Switch_Pgph1_EngOnly_longestoverlap_ISI_0_test,B120,Pgph1,Eng,single,0,14,3.18,4.4,SPAN,56,65,65,56,0.861538462,11,11,131
B120_DL_Switch_Pgph1_EngOnly_longestoverlap_ISI_1_test,B120,Pgph1,Eng,single,1,13,3.84,3.38,SPAN,56,65,65,56,0.861538462,11,11,131
B120_DL_Switch_Pgph1_EngOnly_longestoverlap_ISI_2_test,B120,Pgph1,Eng,single,2,5,1.24,4.03,SPAN,56,65,65,56,0.861538462,11,11,131
B120_DL_Switch_Pgph1_EngOnly_longestoverlap_ISI_4_test,B120,Pgph1,Eng,single,4,4,1.06,3.77,SPAN,56,65,65,56,0.861538462,11,11,131
B120_DL_Switch_Pgph1_EngOnly_longestoverlap_ISI_5_test,B120,Pgph1,Eng,single,5,6,2.1,2.86,SPAN,56,65,65,56,0.861538462,11,11,131
B120_DL_Switch_Pgph1_EngOnly_longestoverlap_ISI_6_test,B120,Pgph1,Eng,single,6,8,2.5,3.2,SPAN,56,65,65,56,0.861538462,11,11,131
B120_DL_Switch_Pgph1_EngOnly_longestoverlap_ISI_7_test,B120,Pgph1,Eng,single,7,5,1.68,2.98,SPAN,56,65,65,56,0.861538462,11,11,131
B120_DL_Switch_Pgph1_EngOnly_longestoverlap_ISI_8_test,B120,Pgph1,Eng,single,8,11,2.56,4.3,SPAN,56,65,65,56,0.861538462,11,11,131
B120_DL_Switch_Pgph1_EngOnly_longestoverlap_ISI_9_test,B120,Pgph1,Eng,single,9,7,1.68,4.17,SPAN,56,65,65,56,0.861538462,11,11,131
B120_DL_Switch_Pgph1_EngOnly_longestoverlap_ISI_10_test,B120,Pgph1,Eng,single,10,3,1.18,2.54,SPAN,56,65,65,56,0.861538462,11,11,131
B120_DL_Switch_Pgph2_EngMatrix_longestoverlap_ISI_0_test,B120,Pgph2,Eng,mixed,0,13,3.2,4.06,SPAN,56,65,65,56,0.861538462,11,11,131
B120_DL_Switch_Pgph2_EngMatrix_longestoverlap_ISI_1_test,B120,Pgph2,Eng,mixed,1,15,3.78,3.97,SPAN,56,65,65,56,0.861538462,11,11,131
B120_DL_Switch_Pgph2_EngMatrix_longestoverlap_ISI_3_test,B120,Pgph2,Eng,mixed,3,3,0.88,3.41,SPAN,56,65,65,56,0.861538462,11,11,131
B120_DL_Switch_Pgph2_EngMatrix_longestoverlap_ISI_4_test,B120,Pgph2,Eng,mixed,4,8,2.32,3.45,SPAN,56,65,65,56,0.861538462,11,11,131
B120_DL_Switch_Pgph2_EngMatrix_longestoverlap_ISI_5_test,B120,Pgph2,Eng,mixed,5,9,2.52,3.57,SPAN,56,65,65,56,0.861538462,11,11,131
B120_DL_Switch_Pgph2_EngMatrix_longestoverlap_ISI_6_test,B120,Pgph2,Eng,mixed,6,6,1.68,3.57,SPAN,56,65,65,56,0.861538462,11,11,131
B120_DL_Switch_Pgph2_EngMatrix_longestoverlap_ISI_7_test,B120,Pgph2,Eng,mixed,7,10,2.42,4.13,SPAN,56,65,65,56,0.861538462,11,11,131
B120_DL_Switch_Pgph2_EngMatrix_longestoverlap_ISI_8_test,B120,Pgph2,Eng,mixed,8,2,0.8,2.5,SPAN,56,65,65,56,0.861538462,11,11,131
B120_DL_Switch_Pgph2_EngMatrix_longestoverlap_ISI_9_test,B120,Pgph2,Eng,mixed,9,8,2.14,3.74,SPAN,56,65,65,56,0.861538462,11,11,131
B120_DL_Switch_Pgph2_EngMatrix_longestoverlap_ISI_10_test,B120,Pgph2,Eng,mixed,10,6,1.52,3.95,SPAN,56,65,65,56,0.861538462,11,11,131
B120_DL_Switch_Pgph2_EngOnly_longestoverlap_ISI_0_test,B120,Pgph2,Eng,single,0,10,3.22,3.1,SPAN,56,65,65,56,0.861538462,11,11,131
B120_DL_Switch_Pgph2_EngOnly_longestoverlap_ISI_1_test,B120,Pgph2,Eng,single,1,15,3.34,4.49,SPAN,56,65,65,56,0.861538462,11,11,131
B120_DL_Switch_Pgph2_EngOnly_longestoverlap_ISI_3_test,B120,Pgph2,Eng,single,3,3,0.72,4.17,SPAN,56,65,65,56,0.861538462,11,11,131
B120_DL_Switch_Pgph2_EngOnly_longestoverlap_ISI_4_test,B120,Pgph2,Eng,single,4,9,2.42,3.72,SPAN,56,65,65,56,0.861538462,11,11,131
B120_DL_Switch_Pgph2_EngOnly_longestoverlap_ISI_5_test,B120,Pgph2,Eng,single,5,9,2.3,3.91,SPAN,56,65,65,56,0.861538462,11,11,131
B120_DL_Switch_Pgph2_EngOnly_longestoverlap_ISI_6_test,B120,Pgph2,Eng,single,6,7,1.64,4.27,SPAN,56,65,65,56,0.861538462,11,11,131
B120_DL_Switch_Pgph2_EngOnly_longestoverlap_ISI_7_test,B120,Pgph2,Eng,single,7,11,2.48,4.43,SPAN,56,65,65,56,0.861538462,11,11,131
B120_DL_Switch_Pgph2_EngOnly_longestoverlap_ISI_8_test,B120,Pgph2,Eng,single,8,2,0.68,2.94,SPAN,56,65,65,56,0.861538462,11,11,131
B120_DL_Switch_Pgph2_EngOnly_longestoverlap_ISI_9_test,B120,Pgph2,Eng,single,9,9,2.04,4.41,SPAN,56,65,65,56,0.861538462,11,11,131
B120_DL_Switch_Pgph2_EngOnly_longestoverlap_ISI_10_test,B120,Pgph2,Eng,single,10,5,1.4,3.57,SPAN,56,65,65,56,0.861538462,11,11,131
B121_DL_Switch_Pgph1_EngMatrix_longestoverlap_ISI_0_test,B121,Pgph1,Eng,mixed,0,6,1.72,3.49,SPAN,60,70,70,60,0.857142857,18,18,134
B121_DL_Switch_Pgph1_EngMatrix_longestoverlap_ISI_1_test,B121,Pgph1,Eng,mixed,1,11,2.72,4.04,SPAN,60,70,70,60,0.857142857,18,18,134
B121_DL_Switch_Pgph1_EngMatrix_longestoverlap_ISI_2_test,B121,Pgph1,Eng,mixed,2,6,1.44,4.17,SPAN,60,70,70,60,0.857142857,18,18,134
B121_DL_Switch_Pgph1_EngMatrix_longestoverlap_ISI_3_test,B121,Pgph1,Eng,mixed,3,8,2.16,3.7,SPAN,60,70,70,60,0.857142857,18,18,134
B121_DL_Switch_Pgph1_EngMatrix_longestoverlap_ISI_4_test,B121,Pgph1,Eng,mixed,4,3,0.92,3.26,SPAN,60,70,70,60,0.857142857,18,18,134
B121_DL_Switch_Pgph1_EngMatrix_longestoverlap_ISI_5_test,B121,Pgph1,Eng,mixed,5,8,2.3,3.48,SPAN,60,70,70,60,0.857142857,18,18,134
B121_DL_Switch_Pgph1_EngMatrix_longestoverlap_ISI_6_test,B121,Pgph1,Eng,mixed,6,8,2.66,3.01,SPAN,60,70,70,60,0.857142857,18,18,134
B121_DL_Switch_Pgph1_EngMatrix_longestoverlap_ISI_7_test,B121,Pgph1,Eng,mixed,7,3,1.02,2.94,SPAN,60,70,70,60,0.857142857,18,18,134
B121_DL_Switch_Pgph1_EngMatrix_longestoverlap_ISI_8_test,B121,Pgph1,Eng,mixed,8,11,2.98,3.69,SPAN,60,70,70,60,0.857142857,18,18,134
B121_DL_Switch_Pgph1_EngMatrix_longestoverlap_ISI_9_test,B121,Pgph1,Eng,mixed,9,6,1.64,3.66,SPAN,60,70,70,60,0.857142857,18,18,134
B121_DL_Switch_Pgph1_EngMatrix_longestoverlap_ISI_10_test,B121,Pgph1,Eng,mixed,10,7,1.44,4.86,SPAN,60,70,70,60,0.857142857,18,18,134
B121_DL_Switch_Pgph1_EngOnly_longestoverlap_ISI_0_test,B121,Pgph1,Eng,single,0,5,1.36,3.68,SPAN,60,70,70,60,0.857142857,18,18,134
B121_DL_Switch_Pgph1_EngOnly_longestoverlap_ISI_1_test,B121,Pgph1,Eng,single,1,7,1.62,4.32,SPAN,60,70,70,60,0.857142857,18,18,134
B121_DL_Switch_Pgph1_EngOnly_longestoverlap_ISI_2_test,B121,Pgph1,Eng,single,2,6,1.76,3.41,SPAN,60,70,70,60,0.857142857,18,18,134
B121_DL_Switch_Pgph1_EngOnly_longestoverlap_ISI_3_test,B121,Pgph1,Eng,single,3,7,1.96,3.57,SPAN,60,70,70,60,0.857142857,18,18,134
B121_DL_Switch_Pgph1_EngOnly_longestoverlap_ISI_4_test,B121,Pgph1,Eng,single,4,4,0.88,4.54,SPAN,60,70,70,60,0.857142857,18,18,134
B121_DL_Switch_Pgph1_EngOnly_longestoverlap_ISI_5_test,B121,Pgph1,Eng,single,5,9,2.04,4.41,SPAN,60,70,70,60,0.857142857,18,18,134
B121_DL_Switch_Pgph1_EngOnly_longestoverlap_ISI_6_test,B121,Pgph1,Eng,single,6,10,2.3,4.35,SPAN,60,70,70,60,0.857142857,18,18,134
B121_DL_Switch_Pgph1_EngOnly_longestoverlap_ISI_7_test,B121,Pgph1,Eng,single,7,3,1.02,2.94,SPAN,60,70,70,60,0.857142857,18,18,134
B121_DL_Switch_Pgph1_EngOnly_longestoverlap_ISI_8_test,B121,Pgph1,Eng,single,8,10,2.56,3.91,SPAN,60,70,70,60,0.857142857,18,18,134
B121_DL_Switch_Pgph1_EngOnly_longestoverlap_ISI_9_test,B121,Pgph1,Eng,single,9,6,1.22,4.92,SPAN,60,70,70,60,0.857142857,18,18,134
B121_DL_Switch_Pgph1_EngOnly_longestoverlap_ISI_10_test,B121,Pgph1,Eng,single,10,5,1.54,3.25,SPAN,60,70,70,60,0.857142857,18,18,134
B121_DL_Switch_Pgph2_EngMatrix_longestoverlap_ISI_0_test,B121,Pgph2,Eng,mixed,0,12,2.66,4.51,SPAN,60,70,70,60,0.857142857,18,18,134
B121_DL_Switch_Pgph2_EngMatrix_longestoverlap_ISI_1_test,B121,Pgph2,Eng,mixed,1,14,3.34,4.19,SPAN,60,70,70,60,0.857142857,18,18,134
B121_DL_Switch_Pgph2_EngMatrix_longestoverlap_ISI_2_test,B121,Pgph2,Eng,mixed,2,2,1.3,1.54,SPAN,60,70,70,60,0.857142857,18,18,134
B121_DL_Switch_Pgph2_EngMatrix_longestoverlap_ISI_3_test,B121,Pgph2,Eng,mixed,3,3,1.02,2.94,SPAN,60,70,70,60,0.857142857,18,18,134
B121_DL_Switch_Pgph2_EngMatrix_longestoverlap_ISI_5_test,B121,Pgph2,Eng,mixed,5,8,1.5,5.33,SPAN,60,70,70,60,0.857142857,18,18,134
B121_DL_Switch_Pgph2_EngMatrix_longestoverlap_ISI_6_test,B121,Pgph2,Eng,mixed,6,8,1.94,4.12,SPAN,60,70,70,60,0.857142857,18,18,134
B121_DL_Switch_Pgph2_EngMatrix_longestoverlap_ISI_7_test,B121,Pgph2,Eng,mixed,7,5,1.24,4.03,SPAN,60,70,70,60,0.857142857,18,18,134
B121_DL_Switch_Pgph2_EngMatrix_longestoverlap_ISI_9_test,B121,Pgph2,Eng,mixed,9,11,3.18,3.46,SPAN,60,70,70,60,0.857142857,18,18,134
B121_DL_Switch_Pgph2_EngMatrix_longestoverlap_ISI_10_test,B121,Pgph2,Eng,mixed,10,6,1.1,5.45,SPAN,60,70,70,60,0.857142857,18,18,134
B121_DL_Switch_Pgph2_EngOnly_longestoverlap_ISI_0_test,B121,Pgph2,Eng,single,0,14,3,4.67,SPAN,60,70,70,60,0.857142857,18,18,134
B121_DL_Switch_Pgph2_EngOnly_longestoverlap_ISI_1_test,B121,Pgph2,Eng,single,1,17,3.44,4.94,SPAN,60,70,70,60,0.857142857,18,18,134
B121_DL_Switch_Pgph2_EngOnly_longestoverlap_ISI_2_test,B121,Pgph2,Eng,single,2,2,1.04,1.92,SPAN,60,70,70,60,0.857142857,18,18,134
B121_DL_Switch_Pgph2_EngOnly_longestoverlap_ISI_3_test,B121,Pgph2,Eng,single,3,3,0.88,3.41,SPAN,60,70,70,60,0.857142857,18,18,134
B121_DL_Switch_Pgph2_EngOnly_longestoverlap_ISI_5_test,B121,Pgph2,Eng,single,5,10,1.98,5.05,SPAN,60,70,70,60,0.857142857,18,18,134
B121_DL_Switch_Pgph2_EngOnly_longestoverlap_ISI_6_test,B121,Pgph2,Eng,single,6,8,2.2,3.64,SPAN,60,70,70,60,0.857142857,18,18,134
B121_DL_Switch_Pgph2_EngOnly_longestoverlap_ISI_7_test,B121,Pgph2,Eng,single,7,5,1.28,3.91,SPAN,60,70,70,60,0.857142857,18,18,134
B121_DL_Switch_Pgph2_EngOnly_longestoverlap_ISI_9_test,B121,Pgph2,Eng,single,9,10,2.98,3.35,SPAN,60,70,70,60,0.857142857,18,18,134
B121_DL_Switch_Pgph2_EngOnly_longestoverlap_ISI_10_test,B121,Pgph2,Eng,single,10,3,1.12,2.68,SPAN,60,70,70,60,0.857142857,18,18,134
B122_DL_Switch_Pgph1_EngMatrix_longestoverlap_ISI_0_test,B122,Pgph1,Eng,mixed,0,5,1.22,4.1,SPAN,61,69,69,61,0.884057971,21,21,131
B122_DL_Switch_Pgph1_EngMatrix_longestoverlap_ISI_1_test,B122,Pgph1,Eng,mixed,1,6,1.54,3.9,SPAN,61,69,69,61,0.884057971,21,21,131
B122_DL_Switch_Pgph1_EngMatrix_longestoverlap_ISI_2_test,B122,Pgph1,Eng,mixed,2,6,1.66,3.61,SPAN,61,69,69,61,0.884057971,21,21,131
B122_DL_Switch_Pgph1_EngMatrix_longestoverlap_ISI_3_test,B122,Pgph1,Eng,mixed,3,6,2.6,2.31,SPAN,61,69,69,61,0.884057971,21,21,131
B122_DL_Switch_Pgph1_EngMatrix_longestoverlap_ISI_4_test,B122,Pgph1,Eng,mixed,4,5,1.32,3.79,SPAN,61,69,69,61,0.884057971,21,21,131
B122_DL_Switch_Pgph1_EngMatrix_longestoverlap_ISI_5_test,B122,Pgph1,Eng,mixed,5,16,3.7,4.32,SPAN,61,69,69,61,0.884057971,21,21,131
B122_DL_Switch_Pgph1_EngMatrix_longestoverlap_ISI_6_test,B122,Pgph1,Eng,mixed,6,9,2.02,4.45,SPAN,61,69,69,61,0.884057971,21,21,131
B122_DL_Switch_Pgph1_EngMatrix_longestoverlap_ISI_7_test,B122,Pgph1,Eng,mixed,7,8,1.82,4.39,SPAN,61,69,69,61,0.884057971,21,21,131
B122_DL_Switch_Pgph1_EngMatrix_longestoverlap_ISI_8_test,B122,Pgph1,Eng,mixed,8,10,2.56,3.91,SPAN,61,69,69,61,0.884057971,21,21,131
B122_DL_Switch_Pgph1_EngMatrix_longestoverlap_ISI_9_test,B122,Pgph1,Eng,mixed,9,11,2.38,4.62,SPAN,61,69,69,61,0.884057971,21,21,131
B122_DL_Switch_Pgph1_EngMatrix_longestoverlap_ISI_10_test,B122,Pgph1,Eng,mixed,10,4,1.46,2.74,SPAN,61,69,69,61,0.884057971,21,21,131
B122_DL_Switch_Pgph1_EngOnly_longestoverlap_ISI_0_test,B122,Pgph1,Eng,single,0,6,1.26,4.76,SPAN,61,69,69,61,0.884057971,21,21,131
B122_DL_Switch_Pgph1_EngOnly_longestoverlap_ISI_1_test,B122,Pgph1,Eng,single,1,4,1.22,3.28,SPAN,61,69,69,61,0.884057971,21,21,131
B122_DL_Switch_Pgph1_EngOnly_longestoverlap_ISI_2_test,B122,Pgph1,Eng,single,2,6,1.46,4.11,SPAN,61,69,69,61,0.884057971,21,21,131
B122_DL_Switch_Pgph1_EngOnly_longestoverlap_ISI_3_test,B122,Pgph1,Eng,single,3,7,2.26,3.1,SPAN,61,69,69,61,0.884057971,21,21,131
B122_DL_Switch_Pgph1_EngOnly_longestoverlap_ISI_4_test,B122,Pgph1,Eng,single,4,5,1.4,3.57,SPAN,61,69,69,61,0.884057971,21,21,131
B122_DL_Switch_Pgph1_EngOnly_longestoverlap_ISI_5_test,B122,Pgph1,Eng,single,5,12,3.4,3.53,SPAN,61,69,69,61,0.884057971,21,21,131
B122_DL_Switch_Pgph1_EngOnly_longestoverlap_ISI_6_test,B122,Pgph1,Eng,single,6,8,3.14,2.55,SPAN,61,69,69,61,0.884057971,21,21,131
B122_DL_Switch_Pgph1_EngOnly_longestoverlap_ISI_7_test,B122,Pgph1,Eng,single,7,4,1.58,2.53,SPAN,61,69,69,61,0.884057971,21,21,131
B122_DL_Switch_Pgph1_EngOnly_longestoverlap_ISI_8_test,B122,Pgph1,Eng,single,8,10,2.64,3.79,SPAN,61,69,69,61,0.884057971,21,21,131
B122_DL_Switch_Pgph1_EngOnly_longestoverlap_ISI_9_test,B122,Pgph1,Eng,single,9,10,2.42,4.13,SPAN,61,69,69,61,0.884057971,21,21,131
B122_DL_Switch_Pgph1_EngOnly_longestoverlap_ISI_10_test,B122,Pgph1,Eng,single,10,6,1.82,3.3,SPAN,61,69,69,61,0.884057971,21,21,131
B122_DL_Switch_Pgph2_EngMatrix_longestoverlap_ISI_0_test,B122,Pgph2,Eng,mixed,0,8,2.52,3.17,SPAN,61,69,69,61,0.884057971,21,21,131
B122_DL_Switch_Pgph2_EngMatrix_longestoverlap_ISI_1_test,B122,Pgph2,Eng,mixed,1,6,1.56,3.85,SPAN,61,69,69,61,0.884057971,21,21,131
B122_DL_Switch_Pgph2_EngMatrix_longestoverlap_ISI_3_test,B122,Pgph2,Eng,mixed,3,3,1.02,2.94,SPAN,61,69,69,61,0.884057971,21,21,131
B122_DL_Switch_Pgph2_EngMatrix_longestoverlap_ISI_4_test,B122,Pgph2,Eng,mixed,4,3,1.06,2.83,SPAN,61,69,69,61,0.884057971,21,21,131
B122_DL_Switch_Pgph2_EngMatrix_longestoverlap_ISI_5_test,B122,Pgph2,Eng,mixed,5,16,4.7,3.4,SPAN,61,69,69,61,0.884057971,21,21,131
B122_DL_Switch_Pgph2_EngMatrix_longestoverlap_ISI_6_test,B122,Pgph2,Eng,mixed,6,7,2.56,2.73,SPAN,61,69,69,61,0.884057971,21,21,131
B122_DL_Switch_Pgph2_EngMatrix_longestoverlap_ISI_7_test,B122,Pgph2,Eng,mixed,7,13,3.12,4.17,SPAN,61,69,69,61,0.884057971,21,21,131
B122_DL_Switch_Pgph2_EngMatrix_longestoverlap_ISI_8_test,B122,Pgph2,Eng,mixed,8,3,1.22,2.46,SPAN,61,69,69,61,0.884057971,21,21,131
B122_DL_Switch_Pgph2_EngMatrix_longestoverlap_ISI_9_test,B122,Pgph2,Eng,mixed,9,16,3.94,4.06,SPAN,61,69,69,61,0.884057971,21,21,131
B122_DL_Switch_Pgph2_EngMatrix_longestoverlap_ISI_10_test,B122,Pgph2,Eng,mixed,10,4,1.2,3.33,SPAN,61,69,69,61,0.884057971,21,21,131
B122_DL_Switch_Pgph2_EngOnly_longestoverlap_ISI_0_test,B122,Pgph2,Eng,single,0,11,2.58,4.26,SPAN,61,69,69,61,0.884057971,21,21,131
B122_DL_Switch_Pgph2_EngOnly_longestoverlap_ISI_1_test,B122,Pgph2,Eng,single,1,6,1.36,4.41,SPAN,61,69,69,61,0.884057971,21,21,131
B122_DL_Switch_Pgph2_EngOnly_longestoverlap_ISI_3_test,B122,Pgph2,Eng,single,3,3,1.26,2.38,SPAN,61,69,69,61,0.884057971,21,21,131
B122_DL_Switch_Pgph2_EngOnly_longestoverlap_ISI_4_test,B122,Pgph2,Eng,single,4,2,1.04,1.92,SPAN,61,69,69,61,0.884057971,21,21,131
B122_DL_Switch_Pgph2_EngOnly_longestoverlap_ISI_5_test,B122,Pgph2,Eng,single,5,15,3.74,4.01,SPAN,61,69,69,61,0.884057971,21,21,131
B122_DL_Switch_Pgph2_EngOnly_longestoverlap_ISI_6_test,B122,Pgph2,Eng,single,6,7,2.78,2.52,SPAN,61,69,69,61,0.884057971,21,21,131
B122_DL_Switch_Pgph2_EngOnly_longestoverlap_ISI_7_test,B122,Pgph2,Eng,single,7,13,3.2,4.06,SPAN,61,69,69,61,0.884057971,21,21,131
B122_DL_Switch_Pgph2_EngOnly_longestoverlap_ISI_8_test,B122,Pgph2,Eng,single,8,3,1.52,1.97,SPAN,61,69,69,61,0.884057971,21,21,131
B122_DL_Switch_Pgph2_EngOnly_longestoverlap_ISI_9_test,B122,Pgph2,Eng,single,9,17,3.92,4.34,SPAN,61,69,69,61,0.884057971,21,21,131
B122_DL_Switch_Pgph2_EngOnly_longestoverlap_ISI_10_test,B122,Pgph2,Eng,single,10,4,1,4,SPAN,61,69,69,61,0.884057971,21,21,131
B123_DL_Switch_Pgph1_EngMatrix_longestoverlap_ISI_0_test,B123,Pgph1,Eng,mixed,0,6,1.34,4.48,ENG,69,57,69,57,0.826086957,11,0,136
B123_DL_Switch_Pgph1_EngMatrix_longestoverlap_ISI_1_test,B123,Pgph1,Eng,mixed,1,10,2.56,3.91,ENG,69,57,69,57,0.826086957,11,0,136
B123_DL_Switch_Pgph1_EngMatrix_longestoverlap_ISI_2_test,B123,Pgph1,Eng,mixed,2,5,1.32,3.79,ENG,69,57,69,57,0.826086957,11,0,136
B123_DL_Switch_Pgph1_EngMatrix_longestoverlap_ISI_3_test,B123,Pgph1,Eng,mixed,3,4,1.28,3.12,ENG,69,57,69,57,0.826086957,11,0,136
B123_DL_Switch_Pgph1_EngMatrix_longestoverlap_ISI_4_test,B123,Pgph1,Eng,mixed,4,5,1.12,4.46,ENG,69,57,69,57,0.826086957,11,0,136
B123_DL_Switch_Pgph1_EngMatrix_longestoverlap_ISI_5_test,B123,Pgph1,Eng,mixed,5,6,1.78,3.37,ENG,69,57,69,57,0.826086957,11,0,136
B123_DL_Switch_Pgph1_EngMatrix_longestoverlap_ISI_6_test,B123,Pgph1,Eng,mixed,6,9,1.7,5.29,ENG,69,57,69,57,0.826086957,11,0,136
B123_DL_Switch_Pgph1_EngMatrix_longestoverlap_ISI_7_test,B123,Pgph1,Eng,mixed,7,5,1.36,3.68,ENG,69,57,69,57,0.826086957,11,0,136
B123_DL_Switch_Pgph1_EngMatrix_longestoverlap_ISI_8_test,B123,Pgph1,Eng,mixed,8,12,2.86,4.2,ENG,69,57,69,57,0.826086957,11,0,136
B123_DL_Switch_Pgph1_EngMatrix_longestoverlap_ISI_9_test,B123,Pgph1,Eng,mixed,9,9,2.1,4.29,ENG,69,57,69,57,0.826086957,11,0,136
B123_DL_Switch_Pgph1_EngMatrix_longestoverlap_ISI_10_test,B123,Pgph1,Eng,mixed,10,4,1.92,2.08,ENG,69,57,69,57,0.826086957,11,0,136
B123_DL_Switch_Pgph1_EngOnly_longestoverlap_ISI_0_test,B123,Pgph1,Eng,single,0,5,1.2,4.17,ENG,69,57,69,57,0.826086957,11,0,136
B123_DL_Switch_Pgph1_EngOnly_longestoverlap_ISI_1_test,B123,Pgph1,Eng,single,1,9,2.12,4.24,ENG,69,57,69,57,0.826086957,11,0,136
B123_DL_Switch_Pgph1_EngOnly_longestoverlap_ISI_2_test,B123,Pgph1,Eng,single,2,5,1.26,3.97,ENG,69,57,69,57,0.826086957,11,0,136
B123_DL_Switch_Pgph1_EngOnly_longestoverlap_ISI_3_test,B123,Pgph1,Eng,single,3,4,1.02,3.92,ENG,69,57,69,57,0.826086957,11,0,136
B123_DL_Switch_Pgph1_EngOnly_longestoverlap_ISI_4_test,B123,Pgph1,Eng,single,4,5,1.08,4.63,ENG,69,57,69,57,0.826086957,11,0,136
B123_DL_Switch_Pgph1_EngOnly_longestoverlap_ISI_5_test,B123,Pgph1,Eng,single,5,6,1.6,3.75,ENG,69,57,69,57,0.826086957,11,0,136
B123_DL_Switch_Pgph1_EngOnly_longestoverlap_ISI_6_test,B123,Pgph1,Eng,single,6,8,1.66,4.82,ENG,69,57,69,57,0.826086957,11,0,136
B123_DL_Switch_Pgph1_EngOnly_longestoverlap_ISI_7_test,B123,Pgph1,Eng,single,7,6,1.28,4.69,ENG,69,57,69,57,0.826086957,11,0,136
B123_DL_Switch_Pgph1_EngOnly_longestoverlap_ISI_8_test,B123,Pgph1,Eng,single,8,14,2.76,5.07,ENG,69,57,69,57,0.826086957,11,0,136
B123_DL_Switch_Pgph1_EngOnly_longestoverlap_ISI_9_test,B123,Pgph1,Eng,single,9,10,1.94,5.15,ENG,69,57,69,57,0.826086957,11,0,136
B123_DL_Switch_Pgph1_EngOnly_longestoverlap_ISI_10_test,B123,Pgph1,Eng,single,10,5,1.26,3.97,ENG,69,57,69,57,0.826086957,11,0,136
B123_DL_Switch_Pgph2_EngMatrix_longestoverlap_ISI_0_test,B123,Pgph2,Eng,mixed,0,12,3,4,ENG,69,57,69,57,0.826086957,11,0,136
B123_DL_Switch_Pgph2_EngMatrix_longestoverlap_ISI_1_test,B123,Pgph2,Eng,mixed,1,6,1.34,4.48,ENG,69,57,69,57,0.826086957,11,0,136
B123_DL_Switch_Pgph2_EngMatrix_longestoverlap_ISI_2_test,B123,Pgph2,Eng,mixed,2,4,1.12,3.57,ENG,69,57,69,57,0.826086957,11,0,136
B123_DL_Switch_Pgph2_EngMatrix_longestoverlap_ISI_3_test,B123,Pgph2,Eng,mixed,3,4,0.94,4.25,ENG,69,57,69,57,0.826086957,11,0,136
B123_DL_Switch_Pgph2_EngMatrix_longestoverlap_ISI_4_test,B123,Pgph2,Eng,mixed,4,10,1.88,5.32,ENG,69,57,69,57,0.826086957,11,0,136
B123_DL_Switch_Pgph2_EngMatrix_longestoverlap_ISI_5_test,B123,Pgph2,Eng,mixed,5,12,3.62,3.31,ENG,69,57,69,57,0.826086957,11,0,136
B123_DL_Switch_Pgph2_EngMatrix_longestoverlap_ISI_6_test,B123,Pgph2,Eng,mixed,6,6,1.42,4.22,ENG,69,57,69,57,0.826086957,11,0,136
B123_DL_Switch_Pgph2_EngMatrix_longestoverlap_ISI_7_test,B123,Pgph2,Eng,mixed,7,9,2.14,4.2,ENG,69,57,69,57,0.826086957,11,0,136
B123_DL_Switch_Pgph2_EngMatrix_longestoverlap_ISI_8_test,B123,Pgph2,Eng,mixed,8,3,1.1,2.73,ENG,69,57,69,57,0.826086957,11,0,136
B123_DL_Switch_Pgph2_EngMatrix_longestoverlap_ISI_9_test,B123,Pgph2,Eng,mixed,9,10,2.32,4.31,ENG,69,57,69,57,0.826086957,11,0,136
B123_DL_Switch_Pgph2_EngMatrix_longestoverlap_ISI_10_test,B123,Pgph2,Eng,mixed,10,8,1.96,4.08,ENG,69,57,69,57,0.826086957,11,0,136
B123_DL_Switch_Pgph2_EngOnly_longestoverlap_ISI_0_test,B123,Pgph2,Eng,single,0,12,2.9,4.14,ENG,69,57,69,57,0.826086957,11,0,136
B123_DL_Switch_Pgph2_EngOnly_longestoverlap_ISI_1_test,B123,Pgph2,Eng,single,1,5,1.32,3.79,ENG,69,57,69,57,0.826086957,11,0,136
B123_DL_Switch_Pgph2_EngOnly_longestoverlap_ISI_2_test,B123,Pgph2,Eng,single,2,2,0.6,3.33,ENG,69,57,69,57,0.826086957,11,0,136
B123_DL_Switch_Pgph2_EngOnly_longestoverlap_ISI_3_test,B123,Pgph2,Eng,single,3,3,1.06,2.83,ENG,69,57,69,57,0.826086957,11,0,136
B123_DL_Switch_Pgph2_EngOnly_longestoverlap_ISI_4_test,B123,Pgph2,Eng,single,4,9,1.8,5,ENG,69,57,69,57,0.826086957,11,0,136
B123_DL_Switch_Pgph2_EngOnly_longestoverlap_ISI_5_test,B123,Pgph2,Eng,single,5,16,3.8,4.21,ENG,69,57,69,57,0.826086957,11,0,136
B123_DL_Switch_Pgph2_EngOnly_longestoverlap_ISI_6_test,B123,Pgph2,Eng,single,6,7,1.5,4.67,ENG,69,57,69,57,0.826086957,11,0,136
B123_DL_Switch_Pgph2_EngOnly_longestoverlap_ISI_7_test,B123,Pgph2,Eng,single,7,12,2.28,5.26,ENG,69,57,69,57,0.826086957,11,0,136
B123_DL_Switch_Pgph2_EngOnly_longestoverlap_ISI_8_test,B123,Pgph2,Eng,single,8,3,1.16,2.59,ENG,69,57,69,57,0.826086957,11,0,136
B123_DL_Switch_Pgph2_EngOnly_longestoverlap_ISI_9_test,B123,Pgph2,Eng,single,9,10,2.02,4.95,ENG,69,57,69,57,0.826086957,11,0,136
B123_DL_Switch_Pgph2_EngOnly_longestoverlap_ISI_10_test,B123,Pgph2,Eng,single,10,8,1.74,4.6,ENG,69,57,69,57,0.826086957,11,0,136
B124_DL_Switch_Pgph1_EngMatrix_longestoverlap_ISI_0_test,B124,Pgph1,Eng,mixed,0,5,1.44,3.47,SPAN,61,65,65,61,0.938461538,18,18,136
B124_DL_Switch_Pgph1_EngMatrix_longestoverlap_ISI_1_test,B124,Pgph1,Eng,mixed,1,7,1.4,5,SPAN,61,65,65,61,0.938461538,18,18,136
B124_DL_Switch_Pgph1_EngMatrix_longestoverlap_ISI_2_test,B124,Pgph1,Eng,mixed,2,3,0.68,4.41,SPAN,61,65,65,61,0.938461538,18,18,136
B124_DL_Switch_Pgph1_EngMatrix_longestoverlap_ISI_3_test,B124,Pgph1,Eng,mixed,3,4,1.72,2.33,SPAN,61,65,65,61,0.938461538,18,18,136
B124_DL_Switch_Pgph1_EngMatrix_longestoverlap_ISI_4_test,B124,Pgph1,Eng,mixed,4,6,1.7,3.53,SPAN,61,65,65,61,0.938461538,18,18,136
B124_DL_Switch_Pgph1_EngMatrix_longestoverlap_ISI_5_test,B124,Pgph1,Eng,mixed,5,7,2.94,2.38,SPAN,61,65,65,61,0.938461538,18,18,136
B124_DL_Switch_Pgph1_EngMatrix_longestoverlap_ISI_6_test,B124,Pgph1,Eng,mixed,6,7,2.82,2.48,SPAN,61,65,65,61,0.938461538,18,18,136
B124_DL_Switch_Pgph1_EngMatrix_longestoverlap_ISI_7_test,B124,Pgph1,Eng,mixed,7,4,1.62,2.47,SPAN,61,65,65,61,0.938461538,18,18,136
B124_DL_Switch_Pgph1_EngMatrix_longestoverlap_ISI_8_test,B124,Pgph1,Eng,mixed,8,8,2.34,3.42,SPAN,61,65,65,61,0.938461538,18,18,136
B124_DL_Switch_Pgph1_EngMatrix_longestoverlap_ISI_9_test,B124,Pgph1,Eng,mixed,9,8,2.22,3.6,SPAN,61,65,65,61,0.938461538,18,18,136
B124_DL_Switch_Pgph1_EngMatrix_longestoverlap_ISI_10_test,B124,Pgph1,Eng,mixed,10,2,0.88,2.27,SPAN,61,65,65,61,0.938461538,18,18,136
B124_DL_Switch_Pgph1_EngOnly_longestoverlap_ISI_0_test,B124,Pgph1,Eng,single,0,4,1.34,2.98,SPAN,61,65,65,61,0.938461538,18,18,136
B124_DL_Switch_Pgph1_EngOnly_longestoverlap_ISI_1_test,B124,Pgph1,Eng,single,1,6,1.2,5,SPAN,61,65,65,61,0.938461538,18,18,136
B124_DL_Switch_Pgph1_EngOnly_longestoverlap_ISI_2_test,B124,Pgph1,Eng,single,2,2,0.62,3.23,SPAN,61,65,65,61,0.938461538,18,18,136
B124_DL_Switch_Pgph1_EngOnly_longestoverlap_ISI_3_test,B124,Pgph1,Eng,single,3,4,1.4,2.86,SPAN,61,65,65,61,0.938461538,18,18,136
B124_DL_Switch_Pgph1_EngOnly_longestoverlap_ISI_4_test,B124,Pgph1,Eng,single,4,5,1.36,3.68,SPAN,61,65,65,61,0.938461538,18,18,136
B124_DL_Switch_Pgph1_EngOnly_longestoverlap_ISI_5_test,B124,Pgph1,Eng,single,5,9,1.98,4.54,SPAN,61,65,65,61,0.938461538,18,18,136
B124_DL_Switch_Pgph1_EngOnly_longestoverlap_ISI_6_test,B124,Pgph1,Eng,single,6,6,1.9,3.16,SPAN,61,65,65,61,0.938461538,18,18,136
B124_DL_Switch_Pgph1_EngOnly_longestoverlap_ISI_7_test,B124,Pgph1,Eng,single,7,3,1.24,2.42,SPAN,61,65,65,61,0.938461538,18,18,136
B124_DL_Switch_Pgph1_EngOnly_longestoverlap_ISI_8_test,B124,Pgph1,Eng,single,8,7,1.92,3.64,SPAN,61,65,65,61,0.938461538,18,18,136
B124_DL_Switch_Pgph1_EngOnly_longestoverlap_ISI_9_test,B124,Pgph1,Eng,single,9,8,1.94,4.12,SPAN,61,65,65,61,0.938461538,18,18,136
B124_DL_Switch_Pgph1_EngOnly_longestoverlap_ISI_10_test,B124,Pgph1,Eng,single,10,3,1.72,1.74,SPAN,61,65,65,61,0.938461538,18,18,136
B124_DL_Switch_Pgph2_EngMatrix_longestoverlap_ISI_0_test,B124,Pgph2,Eng,mixed,0,7,2.52,2.78,SPAN,61,65,65,61,0.938461538,18,18,136
B124_DL_Switch_Pgph2_EngMatrix_longestoverlap_ISI_1_test,B124,Pgph2,Eng,mixed,1,6,1.46,4.11,SPAN,61,65,65,61,0.938461538,18,18,136
B124_DL_Switch_Pgph2_EngMatrix_longestoverlap_ISI_2_test,B124,Pgph2,Eng,mixed,2,2,1.06,1.89,SPAN,61,65,65,61,0.938461538,18,18,136
B124_DL_Switch_Pgph2_EngMatrix_longestoverlap_ISI_3_test,B124,Pgph2,Eng,mixed,3,3,1.46,2.05,SPAN,61,65,65,61,0.938461538,18,18,136
B124_DL_Switch_Pgph2_EngMatrix_longestoverlap_ISI_4_test,B124,Pgph2,Eng,mixed,4,2,1.24,1.61,SPAN,61,65,65,61,0.938461538,18,18,136
B124_DL_Switch_Pgph2_EngMatrix_longestoverlap_ISI_5_test,B124,Pgph2,Eng,mixed,5,5,2.42,2.07,SPAN,61,65,65,61,0.938461538,18,18,136
B124_DL_Switch_Pgph2_EngMatrix_longestoverlap_ISI_6_test,B124,Pgph2,Eng,mixed,6,8,2.34,3.42,SPAN,61,65,65,61,0.938461538,18,18,136
B124_DL_Switch_Pgph2_EngMatrix_longestoverlap_ISI_7_test,B124,Pgph2,Eng,mixed,7,11,3.16,3.48,SPAN,61,65,65,61,0.938461538,18,18,136
B124_DL_Switch_Pgph2_EngMatrix_longestoverlap_ISI_8_test,B124,Pgph2,Eng,mixed,8,5,1.8,2.78,SPAN,61,65,65,61,0.938461538,18,18,136
B124_DL_Switch_Pgph2_EngMatrix_longestoverlap_ISI_9_test,B124,Pgph2,Eng,mixed,9,6,2.04,2.94,SPAN,61,65,65,61,0.938461538,18,18,136
B124_DL_Switch_Pgph2_EngMatrix_longestoverlap_ISI_10_test,B124,Pgph2,Eng,mixed,10,6,1.66,3.61,SPAN,61,65,65,61,0.938461538,18,18,136
B124_DL_Switch_Pgph2_EngOnly_longestoverlap_ISI_0_test,B124,Pgph2,Eng,single,0,9,2.22,4.05,SPAN,61,65,65,61,0.938461538,18,18,136
B124_DL_Switch_Pgph2_EngOnly_longestoverlap_ISI_1_test,B124,Pgph2,Eng,single,1,4,1.36,2.94,SPAN,61,65,65,61,0.938461538,18,18,136
B124_DL_Switch_Pgph2_EngOnly_longestoverlap_ISI_2_test,B124,Pgph2,Eng,single,2,3,0.76,3.95,SPAN,61,65,65,61,0.938461538,18,18,136
B124_DL_Switch_Pgph2_EngOnly_longestoverlap_ISI_3_test,B124,Pgph2,Eng,single,3,3,0.86,3.49,SPAN,61,65,65,61,0.938461538,18,18,136
B124_DL_Switch_Pgph2_EngOnly_longestoverlap_ISI_4_test,B124,Pgph2,Eng,single,4,2,1.22,1.64,SPAN,61,65,65,61,0.938461538,18,18,136
B124_DL_Switch_Pgph2_EngOnly_longestoverlap_ISI_5_test,B124,Pgph2,Eng,single,5,7,2.42,2.89,SPAN,61,65,65,61,0.938461538,18,18,136
B124_DL_Switch_Pgph2_EngOnly_longestoverlap_ISI_6_test,B124,Pgph2,Eng,single,6,8,2.38,3.36,SPAN,61,65,65,61,0.938461538,18,18,136
B124_DL_Switch_Pgph2_EngOnly_longestoverlap_ISI_7_test,B124,Pgph2,Eng,single,7,12,3.14,3.82,SPAN,61,65,65,61,0.938461538,18,18,136
B124_DL_Switch_Pgph2_EngOnly_longestoverlap_ISI_8_test,B124,Pgph2,Eng,single,8,5,1.78,2.81,SPAN,61,65,65,61,0.938461538,18,18,136
B124_DL_Switch_Pgph2_EngOnly_longestoverlap_ISI_9_test,B124,Pgph2,Eng,single,9,6,1.96,3.06,SPAN,61,65,65,61,0.938461538,18,18,136
B124_DL_Switch_Pgph2_EngOnly_longestoverlap_ISI_10_test,B124,Pgph2,Eng,single,10,5,1.46,3.42,SPAN,61,65,65,61,0.938461538,18,18,136
B125_DL_Switch_Pgph1_EngMatrix_longestoverlap_ISI_0_test,B125,Pgph1,Eng,mixed,0,3,1.22,2.46,ENG,68,55,68,55,0.808823529,14,0,141
B125_DL_Switch_Pgph1_EngMatrix_longestoverlap_ISI_1_test,B125,Pgph1,Eng,mixed,1,3,1.16,2.59,ENG,68,55,68,55,0.808823529,14,0,141
B125_DL_Switch_Pgph1_EngMatrix_longestoverlap_ISI_2_test,B125,Pgph1,Eng,mixed,2,4,1.14,3.51,ENG,68,55,68,55,0.808823529,14,0,141
B125_DL_Switch_Pgph1_EngMatrix_longestoverlap_ISI_3_test,B125,Pgph1,Eng,mixed,3,4,1.26,3.17,ENG,68,55,68,55,0.808823529,14,0,141
B125_DL_Switch_Pgph1_EngMatrix_longestoverlap_ISI_4_test,B125,Pgph1,Eng,mixed,4,3,1.36,2.21,ENG,68,55,68,55,0.808823529,14,0,141
B125_DL_Switch_Pgph1_EngMatrix_longestoverlap_ISI_5_test,B125,Pgph1,Eng,mixed,5,8,2.8,2.86,ENG,68,55,68,55,0.808823529,14,0,141
B125_DL_Switch_Pgph1_EngMatrix_longestoverlap_ISI_6_test,B125,Pgph1,Eng,mixed,6,7,2.3,3.04,ENG,68,55,68,55,0.808823529,14,0,141
B125_DL_Switch_Pgph1_EngMatrix_longestoverlap_ISI_7_test,B125,Pgph1,Eng,mixed,7,3,1.28,2.34,ENG,68,55,68,55,0.808823529,14,0,141
B125_DL_Switch_Pgph1_EngMatrix_longestoverlap_ISI_8_test,B125,Pgph1,Eng,mixed,8,5,1.48,3.38,ENG,68,55,68,55,0.808823529,14,0,141
B125_DL_Switch_Pgph1_EngMatrix_longestoverlap_ISI_9_test,B125,Pgph1,Eng,mixed,9,7,1.7,4.12,ENG,68,55,68,55,0.808823529,14,0,141
B125_DL_Switch_Pgph1_EngMatrix_longestoverlap_ISI_10_test,B125,Pgph1,Eng,mixed,10,3,0.92,3.26,ENG,68,55,68,55,0.808823529,14,0,141
B125_DL_Switch_Pgph1_EngOnly_longestoverlap_ISI_0_test,B125,Pgph1,Eng,single,0,3,1.26,2.38,ENG,68,55,68,55,0.808823529,14,0,141
B125_DL_Switch_Pgph1_EngOnly_longestoverlap_ISI_1_test,B125,Pgph1,Eng,single,1,4,1.02,3.92,ENG,68,55,68,55,0.808823529,14,0,141
B125_DL_Switch_Pgph1_EngOnly_longestoverlap_ISI_2_test,B125,Pgph1,Eng,single,2,7,1.94,3.61,ENG,68,55,68,55,0.808823529,14,0,141
B125_DL_Switch_Pgph1_EngOnly_longestoverlap_ISI_3_test,B125,Pgph1,Eng,single,3,4,1.32,3.03,ENG,68,55,68,55,0.808823529,14,0,141
B125_DL_Switch_Pgph1_EngOnly_longestoverlap_ISI_4_test,B125,Pgph1,Eng,single,4,3,1.04,2.88,ENG,68,55,68,55,0.808823529,14,0,141
B125_DL_Switch_Pgph1_EngOnly_longestoverlap_ISI_5_test,B125,Pgph1,Eng,single,5,8,2.66,3.01,ENG,68,55,68,55,0.808823529,14,0,141
B125_DL_Switch_Pgph1_EngOnly_longestoverlap_ISI_6_test,B125,Pgph1,Eng,single,6,8,2.4,3.33,ENG,68,55,68,55,0.808823529,14,0,141
B125_DL_Switch_Pgph1_EngOnly_longestoverlap_ISI_7_test,B125,Pgph1,Eng,single,7,4,1.34,2.98,ENG,68,55,68,55,0.808823529,14,0,141
B125_DL_Switch_Pgph1_EngOnly_longestoverlap_ISI_8_test,B125,Pgph1,Eng,single,8,5,1.54,3.25,ENG,68,55,68,55,0.808823529,14,0,141
B125_DL_Switch_Pgph1_EngOnly_longestoverlap_ISI_9_test,B125,Pgph1,Eng,single,9,6,1.76,3.41,ENG,68,55,68,55,0.808823529,14,0,141
B125_DL_Switch_Pgph1_EngOnly_longestoverlap_ISI_10_test,B125,Pgph1,Eng,single,10,3,1.22,2.46,ENG,68,55,68,55,0.808823529,14,0,141
B125_DL_Switch_Pgph2_EngMatrix_longestoverlap_ISI_0_test,B125,Pgph2,Eng,mixed,0,18,4.64,3.88,ENG,68,55,68,55,0.808823529,14,0,141
B125_DL_Switch_Pgph2_EngMatrix_longestoverlap_ISI_1_test,B125,Pgph2,Eng,mixed,1,3,1.48,2.03,ENG,68,55,68,55,0.808823529,14,0,141
B125_DL_Switch_Pgph2_EngMatrix_longestoverlap_ISI_3_test,B125,Pgph2,Eng,mixed,3,3,1.68,1.79,ENG,68,55,68,55,0.808823529,14,0,141
B125_DL_Switch_Pgph2_EngMatrix_longestoverlap_ISI_4_test,B125,Pgph2,Eng,mixed,4,5,1.42,3.52,ENG,68,55,68,55,0.808823529,14,0,141
B125_DL_Switch_Pgph2_EngMatrix_longestoverlap_ISI_5_test,B125,Pgph2,Eng,mixed,5,7,2.38,2.94,ENG,68,55,68,55,0.808823529,14,0,141
B125_DL_Switch_Pgph2_EngMatrix_longestoverlap_ISI_6_test,B125,Pgph2,Eng,mixed,6,6,1.48,4.05,ENG,68,55,68,55,0.808823529,14,0,141
B125_DL_Switch_Pgph2_EngMatrix_longestoverlap_ISI_7_test,B125,Pgph2,Eng,mixed,7,3,1.04,2.88,ENG,68,55,68,55,0.808823529,14,0,141
B125_DL_Switch_Pgph2_EngMatrix_longestoverlap_ISI_9_test,B125,Pgph2,Eng,mixed,9,9,3.58,2.51,ENG,68,55,68,55,0.808823529,14,0,141
B125_DL_Switch_Pgph2_EngMatrix_longestoverlap_ISI_10_test,B125,Pgph2,Eng,mixed,10,3,1.22,2.46,ENG,68,55,68,55,0.808823529,14,0,141
B125_DL_Switch_Pgph2_EngOnly_longestoverlap_ISI_0_test,B125,Pgph2,Eng,single,0,16,3.88,4.12,ENG,68,55,68,55,0.808823529,14,0,141
B125_DL_Switch_Pgph2_EngOnly_longestoverlap_ISI_1_test,B125,Pgph2,Eng,single,1,3,1.2,2.5,ENG,68,55,68,55,0.808823529,14,0,141
B125_DL_Switch_Pgph2_EngOnly_longestoverlap_ISI_3_test,B125,Pgph2,Eng,single,3,2,0.72,2.78,ENG,68,55,68,55,0.808823529,14,0,141
B125_DL_Switch_Pgph2_EngOnly_longestoverlap_ISI_4_test,B125,Pgph2,Eng,single,4,3,1.2,2.5,ENG,68,55,68,55,0.808823529,14,0,141
B125_DL_Switch_Pgph2_EngOnly_longestoverlap_ISI_5_test,B125,Pgph2,Eng,single,5,7,1.88,3.72,ENG,68,55,68,55,0.808823529,14,0,141
B125_DL_Switch_Pgph2_EngOnly_longestoverlap_ISI_6_test,B125,Pgph2,Eng,single,6,4,1.44,2.78,ENG,68,55,68,55,0.808823529,14,0,141
B125_DL_Switch_Pgph2_EngOnly_longestoverlap_ISI_7_test,B125,Pgph2,Eng,single,7,3,1.3,2.31,ENG,68,55,68,55,0.808823529,14,0,141
B125_DL_Switch_Pgph2_EngOnly_longestoverlap_ISI_9_test,B125,Pgph2,Eng,single,9,9,2.68,3.36,ENG,68,55,68,55,0.808823529,14,0,141
B125_DL_Switch_Pgph2_EngOnly_longestoverlap_ISI_10_test,B125,Pgph2,Eng,single,10,4,1.14,3.51,ENG,68,55,68,55,0.808823529,14,0,141
B126_DL_Switch_Pgph1_EngMatrix_longestoverlap_ISI_0_test,B126,Pgph1,Eng,mixed,0,10,2.24,4.46,SPAN,62,70,70,62,0.885714286,6,6,137
B126_DL_Switch_Pgph1_EngMatrix_longestoverlap_ISI_1_test,B126,Pgph1,Eng,mixed,1,6,1.46,4.11,SPAN,62,70,70,62,0.885714286,6,6,137
B126_DL_Switch_Pgph1_EngMatrix_longestoverlap_ISI_2_test,B126,Pgph1,Eng,mixed,2,6,1.34,4.48,SPAN,62,70,70,62,0.885714286,6,6,137
B126_DL_Switch_Pgph1_EngMatrix_longestoverlap_ISI_3_test,B126,Pgph1,Eng,mixed,3,7,1.74,4.02,SPAN,62,70,70,62,0.885714286,6,6,137
B126_DL_Switch_Pgph1_EngMatrix_longestoverlap_ISI_4_test,B126,Pgph1,Eng,mixed,4,5,1.2,4.17,SPAN,62,70,70,62,0.885714286,6,6,137
B126_DL_Switch_Pgph1_EngMatrix_longestoverlap_ISI_5_test,B126,Pgph1,Eng,mixed,5,11,3.16,3.48,SPAN,62,70,70,62,0.885714286,6,6,137
B126_DL_Switch_Pgph1_EngMatrix_longestoverlap_ISI_6_test,B126,Pgph1,Eng,mixed,6,9,2.22,4.05,SPAN,62,70,70,62,0.885714286,6,6,137
B126_DL_Switch_Pgph1_EngMatrix_longestoverlap_ISI_7_test,B126,Pgph1,Eng,mixed,7,6,1.42,4.22,SPAN,62,70,70,62,0.885714286,6,6,137
B126_DL_Switch_Pgph1_EngMatrix_longestoverlap_ISI_8_test,B126,Pgph1,Eng,mixed,8,8,1.84,4.35,SPAN,62,70,70,62,0.885714286,6,6,137
B126_DL_Switch_Pgph1_EngMatrix_longestoverlap_ISI_9_test,B126,Pgph1,Eng,mixed,9,5,1.4,3.57,SPAN,62,70,70,62,0.885714286,6,6,137
B126_DL_Switch_Pgph1_EngMatrix_longestoverlap_ISI_10_test,B126,Pgph1,Eng,mixed,10,5,1.94,2.58,SPAN,62,70,70,62,0.885714286,6,6,137
B126_DL_Switch_Pgph1_EngOnly_longestoverlap_ISI_0_test,B126,Pgph1,Eng,single,0,10,2.08,4.81,SPAN,62,70,70,62,0.885714286,6,6,137
B126_DL_Switch_Pgph1_EngOnly_longestoverlap_ISI_1_test,B126,Pgph1,Eng,single,1,7,1.4,5,SPAN,62,70,70,62,0.885714286,6,6,137
B126_DL_Switch_Pgph1_EngOnly_longestoverlap_ISI_2_test,B126,Pgph1,Eng,single,2,4,1.2,3.33,SPAN,62,70,70,62,0.885714286,6,6,137
B126_DL_Switch_Pgph1_EngOnly_longestoverlap_ISI_3_test,B126,Pgph1,Eng,single,3,6,1.6,3.75,SPAN,62,70,70,62,0.885714286,6,6,137
B126_DL_Switch_Pgph1_EngOnly_longestoverlap_ISI_4_test,B126,Pgph1,Eng,single,4,5,1.12,4.46,SPAN,62,70,70,62,0.885714286,6,6,137
B126_DL_Switch_Pgph1_EngOnly_longestoverlap_ISI_5_test,B126,Pgph1,Eng,single,5,12,2.66,4.51,SPAN,62,70,70,62,0.885714286,6,6,137
B126_DL_Switch_Pgph1_EngOnly_longestoverlap_ISI_6_test,B126,Pgph1,Eng,single,6,10,2.2,4.54,SPAN,62,70,70,62,0.885714286,6,6,137
B126_DL_Switch_Pgph1_EngOnly_longestoverlap_ISI_7_test,B126,Pgph1,Eng,single,7,5,1.34,3.73,SPAN,62,70,70,62,0.885714286,6,6,137
B126_DL_Switch_Pgph1_EngOnly_longestoverlap_ISI_8_test,B126,Pgph1,Eng,single,8,7,1.4,5,SPAN,62,70,70,62,0.885714286,6,6,137
B126_DL_Switch_Pgph1_EngOnly_longestoverlap_ISI_9_test,B126,Pgph1,Eng,single,9,5,0.98,5.1,SPAN,62,70,70,62,0.885714286,6,6,137
B126_DL_Switch_Pgph1_EngOnly_longestoverlap_ISI_10_test,B126,Pgph1,Eng,single,10,3,1.34,2.24,SPAN,62,70,70,62,0.885714286,6,6,137
B126_DL_Switch_Pgph2_EngMatrix_longestoverlap_ISI_0_test,B126,Pgph2,Eng,mixed,0,10,2.68,3.73,SPAN,62,70,70,62,0.885714286,6,6,137
B126_DL_Switch_Pgph2_EngMatrix_longestoverlap_ISI_1_test,B126,Pgph2,Eng,mixed,1,16,3.06,5.23,SPAN,62,70,70,62,0.885714286,6,6,137
B126_DL_Switch_Pgph2_EngMatrix_longestoverlap_ISI_3_test,B126,Pgph2,Eng,mixed,3,2,0.8,2.5,SPAN,62,70,70,62,0.885714286,6,6,137
B126_DL_Switch_Pgph2_EngMatrix_longestoverlap_ISI_4_test,B126,Pgph2,Eng,mixed,4,5,1.4,3.57,SPAN,62,70,70,62,0.885714286,6,6,137
B126_DL_Switch_Pgph2_EngMatrix_longestoverlap_ISI_5_test,B126,Pgph2,Eng,mixed,5,8,2.32,3.45,SPAN,62,70,70,62,0.885714286,6,6,137
B126_DL_Switch_Pgph2_EngMatrix_longestoverlap_ISI_6_test,B126,Pgph2,Eng,mixed,6,14,3.22,4.35,SPAN,62,70,70,62,0.885714286,6,6,137
B126_DL_Switch_Pgph2_EngMatrix_longestoverlap_ISI_7_test,B126,Pgph2,Eng,mixed,7,7,1.82,3.85,SPAN,62,70,70,62,0.885714286,6,6,137
B126_DL_Switch_Pgph2_EngMatrix_longestoverlap_ISI_8_test,B126,Pgph2,Eng,mixed,8,2,0.82,2.44,SPAN,62,70,70,62,0.885714286,6,6,137
B126_DL_Switch_Pgph2_EngMatrix_longestoverlap_ISI_9_test,B126,Pgph2,Eng,mixed,9,12,2.88,4.17,SPAN,62,70,70,62,0.885714286,6,6,137
B126_DL_Switch_Pgph2_EngMatrix_longestoverlap_ISI_10_test,B126,Pgph2,Eng,mixed,10,8,1.98,4.04,SPAN,62,70,70,62,0.885714286,6,6,137
B126_DL_Switch_Pgph2_EngOnly_longestoverlap_ISI_0_test,B126,Pgph2,Eng,single,0,10,2.2,4.54,SPAN,62,70,70,62,0.885714286,6,6,137
B126_DL_Switch_Pgph2_EngOnly_longestoverlap_ISI_1_test,B126,Pgph2,Eng,single,1,13,2.84,4.58,SPAN,62,70,70,62,0.885714286,6,6,137
B126_DL_Switch_Pgph2_EngOnly_longestoverlap_ISI_3_test,B126,Pgph2,Eng,single,3,3,0.7,4.28,SPAN,62,70,70,62,0.885714286,6,6,137
B126_DL_Switch_Pgph2_EngOnly_longestoverlap_ISI_4_test,B126,Pgph2,Eng,single,4,4,1.18,3.39,SPAN,62,70,70,62,0.885714286,6,6,137
B126_DL_Switch_Pgph2_EngOnly_longestoverlap_ISI_5_test,B126,Pgph2,Eng,single,5,8,2.1,3.81,SPAN,62,70,70,62,0.885714286,6,6,137
B126_DL_Switch_Pgph2_EngOnly_longestoverlap_ISI_6_test,B126,Pgph2,Eng,single,6,15,3.3,4.54,SPAN,62,70,70,62,0.885714286,6,6,137
B126_DL_Switch_Pgph2_EngOnly_longestoverlap_ISI_7_test,B126,Pgph2,Eng,single,7,8,1.82,4.39,SPAN,62,70,70,62,0.885714286,6,6,137
B126_DL_Switch_Pgph2_EngOnly_longestoverlap_ISI_8_test,B126,Pgph2,Eng,single,8,2,0.98,2.04,SPAN,62,70,70,62,0.885714286,6,6,137
B126_DL_Switch_Pgph2_EngOnly_longestoverlap_ISI_9_test,B126,Pgph2,Eng,single,9,12,2.84,4.22,SPAN,62,70,70,62,0.885714286,6,6,137
B126_DL_Switch_Pgph2_EngOnly_longestoverlap_ISI_10_test,B126,Pgph2,Eng,single,10,9,2.04,4.41,SPAN,62,70,70,62,0.885714286,6,6,137
B127_DL_Switch_Pgph1_EngMatrix_longestoverlap_ISI_0_test,B127,Pgph1,Eng,mixed,0,5,1.5,3.33,ENG,77,37,77,37,0.480519481,6,0,139
B127_DL_Switch_Pgph1_EngMatrix_longestoverlap_ISI_1_test,B127,Pgph1,Eng,mixed,1,9,2.36,3.81,ENG,77,37,77,37,0.480519481,6,0,139
B127_DL_Switch_Pgph1_EngMatrix_longestoverlap_ISI_2_test,B127,Pgph1,Eng,mixed,2,7,1.68,4.17,ENG,77,37,77,37,0.480519481,6,0,139
B127_DL_Switch_Pgph1_EngMatrix_longestoverlap_ISI_3_test,B127,Pgph1,Eng,mixed,3,9,1.8,5,ENG,77,37,77,37,0.480519481,6,0,139
B127_DL_Switch_Pgph1_EngMatrix_longestoverlap_ISI_4_test,B127,Pgph1,Eng,mixed,4,3,1,3,ENG,77,37,77,37,0.480519481,6,0,139
B127_DL_Switch_Pgph1_EngMatrix_longestoverlap_ISI_5_test,B127,Pgph1,Eng,mixed,5,17,5.06,3.36,ENG,77,37,77,37,0.480519481,6,0,139
B127_DL_Switch_Pgph1_EngMatrix_longestoverlap_ISI_6_test,B127,Pgph1,Eng,mixed,6,8,1.74,4.6,ENG,77,37,77,37,0.480519481,6,0,139
B127_DL_Switch_Pgph1_EngMatrix_longestoverlap_ISI_7_test,B127,Pgph1,Eng,mixed,7,3,0.8,3.75,ENG,77,37,77,37,0.480519481,6,0,139
B127_DL_Switch_Pgph1_EngMatrix_longestoverlap_ISI_8_test,B127,Pgph1,Eng,mixed,8,5,1.34,3.73,ENG,77,37,77,37,0.480519481,6,0,139
B127_DL_Switch_Pgph1_EngMatrix_longestoverlap_ISI_9_test,B127,Pgph1,Eng,mixed,9,7,2.06,3.4,ENG,77,37,77,37,0.480519481,6,0,139
B127_DL_Switch_Pgph1_EngMatrix_longestoverlap_ISI_10_test,B127,Pgph1,Eng,mixed,10,5,1.42,3.52,ENG,77,37,77,37,0.480519481,6,0,139
B127_DL_Switch_Pgph1_EngOnly_longestoverlap_ISI_0_test,B127,Pgph1,Eng,single,0,6,1.92,3.12,ENG,77,37,77,37,0.480519481,6,0,139
B127_DL_Switch_Pgph1_EngOnly_longestoverlap_ISI_1_test,B127,Pgph1,Eng,single,1,7,1.98,3.53,ENG,77,37,77,37,0.480519481,6,0,139
B127_DL_Switch_Pgph1_EngOnly_longestoverlap_ISI_2_test,B127,Pgph1,Eng,single,2,6,1.7,3.53,ENG,77,37,77,37,0.480519481,6,0,139
B127_DL_Switch_Pgph1_EngOnly_longestoverlap_ISI_3_test,B127,Pgph1,Eng,single,3,8,1.68,4.76,ENG,77,37,77,37,0.480519481,6,0,139
B127_DL_Switch_Pgph1_EngOnly_longestoverlap_ISI_4_test,B127,Pgph1,Eng,single,4,4,0.88,4.54,ENG,77,37,77,37,0.480519481,6,0,139
B127_DL_Switch_Pgph1_EngOnly_longestoverlap_ISI_5_test,B127,Pgph1,Eng,single,5,16,4.26,3.75,ENG,77,37,77,37,0.480519481,6,0,139
B127_DL_Switch_Pgph1_EngOnly_longestoverlap_ISI_6_test,B127,Pgph1,Eng,single,6,6,1.82,3.3,ENG,77,37,77,37,0.480519481,6,0,139
B127_DL_Switch_Pgph1_EngOnly_longestoverlap_ISI_7_test,B127,Pgph1,Eng,single,7,3,0.76,3.95,ENG,77,37,77,37,0.480519481,6,0,139
B127_DL_Switch_Pgph1_EngOnly_longestoverlap_ISI_8_test,B127,Pgph1,Eng,single,8,6,1.38,4.35,ENG,77,37,77,37,0.480519481,6,0,139
B127_DL_Switch_Pgph1_EngOnly_longestoverlap_ISI_9_test,B127,Pgph1,Eng,single,9,7,1.78,3.93,ENG,77,37,77,37,0.480519481,6,0,139
B127_DL_Switch_Pgph1_EngOnly_longestoverlap_ISI_10_test,B127,Pgph1,Eng,single,10,4,1.2,3.33,ENG,77,37,77,37,0.480519481,6,0,139
B127_DL_Switch_Pgph2_EngMatrix_longestoverlap_ISI_0_test,B127,Pgph2,Eng,mixed,0,16,3.38,4.73,ENG,77,37,77,37,0.480519481,6,0,139
B127_DL_Switch_Pgph2_EngMatrix_longestoverlap_ISI_1_test,B127,Pgph2,Eng,mixed,1,13,2.9,4.48,ENG,77,37,77,37,0.480519481,6,0,139
B127_DL_Switch_Pgph2_EngMatrix_longestoverlap_ISI_2_test,B127,Pgph2,Eng,mixed,2,3,0.9,3.33,ENG,77,37,77,37,0.480519481,6,0,139
B127_DL_Switch_Pgph2_EngMatrix_longestoverlap_ISI_3_test,B127,Pgph2,Eng,mixed,3,3,1.34,2.24,ENG,77,37,77,37,0.480519481,6,0,139
B127_DL_Switch_Pgph2_EngMatrix_longestoverlap_ISI_4_test,B127,Pgph2,Eng,mixed,4,8,1.78,4.49,ENG,77,37,77,37,0.480519481,6,0,139
B127_DL_Switch_Pgph2_EngMatrix_longestoverlap_ISI_5_test,B127,Pgph2,Eng,mixed,5,12,3.52,3.41,ENG,77,37,77,37,0.480519481,6,0,139
B127_DL_Switch_Pgph2_EngMatrix_longestoverlap_ISI_6_test,B127,Pgph2,Eng,mixed,6,11,2.94,3.74,ENG,77,37,77,37,0.480519481,6,0,139
B127_DL_Switch_Pgph2_EngMatrix_longestoverlap_ISI_7_test,B127,Pgph2,Eng,mixed,7,18,4,4.5,ENG,77,37,77,37,0.480519481,6,0,139
B127_DL_Switch_Pgph2_EngMatrix_longestoverlap_ISI_8_test,B127,Pgph2,Eng,mixed,8,4,1.5,2.67,ENG,77,37,77,37,0.480519481,6,0,139
B127_DL_Switch_Pgph2_EngMatrix_longestoverlap_ISI_9_test,B127,Pgph2,Eng,mixed,9,8,1.92,4.17,ENG,77,37,77,37,0.480519481,6,0,139
B127_DL_Switch_Pgph2_EngMatrix_longestoverlap_ISI_10_test,B127,Pgph2,Eng,mixed,10,4,1.18,3.39,ENG,77,37,77,37,0.480519481,6,0,139
B127_DL_Switch_Pgph2_EngOnly_longestoverlap_ISI_0_test,B127,Pgph2,Eng,single,0,13,3.28,3.96,ENG,77,37,77,37,0.480519481,6,0,139
B127_DL_Switch_Pgph2_EngOnly_longestoverlap_ISI_1_test,B127,Pgph2,Eng,single,1,11,2.66,4.13,ENG,77,37,77,37,0.480519481,6,0,139
B127_DL_Switch_Pgph2_EngOnly_longestoverlap_ISI_2_test,B127,Pgph2,Eng,single,2,3,0.66,4.54,ENG,77,37,77,37,0.480519481,6,0,139
B127_DL_Switch_Pgph2_EngOnly_longestoverlap_ISI_3_test,B127,Pgph2,Eng,single,3,2,0.6,3.33,ENG,77,37,77,37,0.480519481,6,0,139
B127_DL_Switch_Pgph2_EngOnly_longestoverlap_ISI_4_test,B127,Pgph2,Eng,single,4,6,1.66,3.61,ENG,77,37,77,37,0.480519481,6,0,139
B127_DL_Switch_Pgph2_EngOnly_longestoverlap_ISI_5_test,B127,Pgph2,Eng,single,5,11,2.34,4.7,ENG,77,37,77,37,0.480519481,6,0,139
B127_DL_Switch_Pgph2_EngOnly_longestoverlap_ISI_6_test,B127,Pgph2,Eng,single,6,9,2.3,3.91,ENG,77,37,77,37,0.480519481,6,0,139
B127_DL_Switch_Pgph2_EngOnly_longestoverlap_ISI_7_test,B127,Pgph2,Eng,single,7,17,3.64,4.67,ENG,77,37,77,37,0.480519481,6,0,139
B127_DL_Switch_Pgph2_EngOnly_longestoverlap_ISI_8_test,B127,Pgph2,Eng,single,8,4,1.2,3.33,ENG,77,37,77,37,0.480519481,6,0,139
B127_DL_Switch_Pgph2_EngOnly_longestoverlap_ISI_9_test,B127,Pgph2,Eng,single,9,7,2.22,3.15,ENG,77,37,77,37,0.480519481,6,0,139
B127_DL_Switch_Pgph2_EngOnly_longestoverlap_ISI_10_test,B127,Pgph2,Eng,single,10,6,1.64,3.66,ENG,77,37,77,37,0.480519481,6,0,139
B128_DL_Switch_Pgph1_EngMatrix_longestoverlap_ISI_0_test,B128,Pgph1,Eng,mixed,0,2,1.12,1.79,ENG,77,44,77,44,0.571428571,6,0,138
B128_DL_Switch_Pgph1_EngMatrix_longestoverlap_ISI_1_test,B128,Pgph1,Eng,mixed,1,8,2.5,3.2,ENG,77,44,77,44,0.571428571,6,0,138
B128_DL_Switch_Pgph1_EngMatrix_longestoverlap_ISI_2_test,B128,Pgph1,Eng,mixed,2,5,1.1,4.54,ENG,77,44,77,44,0.571428571,6,0,138
B128_DL_Switch_Pgph1_EngMatrix_longestoverlap_ISI_3_test,B128,Pgph1,Eng,mixed,3,6,1.42,4.22,ENG,77,44,77,44,0.571428571,6,0,138
B128_DL_Switch_Pgph1_EngMatrix_longestoverlap_ISI_4_test,B128,Pgph1,Eng,mixed,4,5,1.18,4.24,ENG,77,44,77,44,0.571428571,6,0,138
B128_DL_Switch_Pgph1_EngMatrix_longestoverlap_ISI_5_test,B128,Pgph1,Eng,mixed,5,8,2.12,3.77,ENG,77,44,77,44,0.571428571,6,0,138
B128_DL_Switch_Pgph1_EngMatrix_longestoverlap_ISI_6_test,B128,Pgph1,Eng,mixed,6,3,1.34,2.24,ENG,77,44,77,44,0.571428571,6,0,138
B128_DL_Switch_Pgph1_EngMatrix_longestoverlap_ISI_7_test,B128,Pgph1,Eng,mixed,7,2,0.56,3.57,ENG,77,44,77,44,0.571428571,6,0,138
B128_DL_Switch_Pgph1_EngMatrix_longestoverlap_ISI_8_test,B128,Pgph1,Eng,mixed,8,11,2.12,5.19,ENG,77,44,77,44,0.571428571,6,0,138
B128_DL_Switch_Pgph1_EngMatrix_longestoverlap_ISI_9_test,B128,Pgph1,Eng,mixed,9,7,1.64,4.27,ENG,77,44,77,44,0.571428571,6,0,138
B128_DL_Switch_Pgph1_EngMatrix_longestoverlap_ISI_10_test,B128,Pgph1,Eng,mixed,10,3,1.06,2.83,ENG,77,44,77,44,0.571428571,6,0,138
B128_DL_Switch_Pgph1_EngOnly_longestoverlap_ISI_0_test,B128,Pgph1,Eng,single,0,3,1.1,2.73,ENG,77,44,77,44,0.571428571,6,0,138
B128_DL_Switch_Pgph1_EngOnly_longestoverlap_ISI_1_test,B128,Pgph1,Eng,single,1,8,2.14,3.74,ENG,77,44,77,44,0.571428571,6,0,138
B128_DL_Switch_Pgph1_EngOnly_longestoverlap_ISI_2_test,B128,Pgph1,Eng,single,2,4,0.98,4.08,ENG,77,44,77,44,0.571428571,6,0,138
B128_DL_Switch_Pgph1_EngOnly_longestoverlap_ISI_3_test,B128,Pgph1,Eng,single,3,6,1.4,4.29,ENG,77,44,77,44,0.571428571,6,0,138
B128_DL_Switch_Pgph1_EngOnly_longestoverlap_ISI_4_test,B128,Pgph1,Eng,single,4,5,0.98,5.1,ENG,77,44,77,44,0.571428571,6,0,138
B128_DL_Switch_Pgph1_EngOnly_longestoverlap_ISI_5_test,B128,Pgph1,Eng,single,5,7,2.2,3.18,ENG,77,44,77,44,0.571428571,6,0,138
B128_DL_Switch_Pgph1_EngOnly_longestoverlap_ISI_6_test,B128,Pgph1,Eng,single,6,6,1.5,4,ENG,77,44,77,44,0.571428571,6,0,138
B128_DL_Switch_Pgph1_EngOnly_longestoverlap_ISI_7_test,B128,Pgph1,Eng,single,7,2,0.56,3.57,ENG,77,44,77,44,0.571428571,6,0,138
B128_DL_Switch_Pgph1_EngOnly_longestoverlap_ISI_8_test,B128,Pgph1,Eng,single,8,8,1.98,4.04,ENG,77,44,77,44,0.571428571,6,0,138
B128_DL_Switch_Pgph1_EngOnly_longestoverlap_ISI_9_test,B128,Pgph1,Eng,single,9,4,1.22,3.28,ENG,77,44,77,44,0.571428571,6,0,138
B128_DL_Switch_Pgph1_EngOnly_longestoverlap_ISI_10_test,B128,Pgph1,Eng,single,10,3,1.3,2.31,ENG,77,44,77,44,0.571428571,6,0,138
B128_DL_Switch_Pgph2_EngMatrix_longestoverlap_ISI_0_test,B128,Pgph2,Eng,mixed,0,6,1.52,3.95,ENG,77,44,77,44,0.571428571,6,0,138
B128_DL_Switch_Pgph2_EngMatrix_longestoverlap_ISI_1_test,B128,Pgph2,Eng,mixed,1,8,1.72,4.65,ENG,77,44,77,44,0.571428571,6,0,138
B128_DL_Switch_Pgph2_EngMatrix_longestoverlap_ISI_2_test,B128,Pgph2,Eng,mixed,2,7,1.74,4.02,ENG,77,44,77,44,0.571428571,6,0,138
B128_DL_Switch_Pgph2_EngMatrix_longestoverlap_ISI_3_test,B128,Pgph2,Eng,mixed,3,2,0.56,3.57,ENG,77,44,77,44,0.571428571,6,0,138
B128_DL_Switch_Pgph2_EngMatrix_longestoverlap_ISI_4_test,B128,Pgph2,Eng,mixed,4,6,1.44,4.17,ENG,77,44,77,44,0.571428571,6,0,138
B128_DL_Switch_Pgph2_EngMatrix_longestoverlap_ISI_5_test,B128,Pgph2,Eng,mixed,5,5,1.26,3.97,ENG,77,44,77,44,0.571428571,6,0,138
B128_DL_Switch_Pgph2_EngMatrix_longestoverlap_ISI_6_test,B128,Pgph2,Eng,mixed,6,13,3.1,4.19,ENG,77,44,77,44,0.571428571,6,0,138
B128_DL_Switch_Pgph2_EngMatrix_longestoverlap_ISI_7_test,B128,Pgph2,Eng,mixed,7,6,1.6,3.75,ENG,77,44,77,44,0.571428571,6,0,138
B128_DL_Switch_Pgph2_EngMatrix_longestoverlap_ISI_8_test,B128,Pgph2,Eng,mixed,8,2,1.04,1.92,ENG,77,44,77,44,0.571428571,6,0,138
B128_DL_Switch_Pgph2_EngMatrix_longestoverlap_ISI_9_test,B128,Pgph2,Eng,mixed,9,7,1.6,4.37,ENG,77,44,77,44,0.571428571,6,0,138
B128_DL_Switch_Pgph2_EngMatrix_longestoverlap_ISI_10_test,B128,Pgph2,Eng,mixed,10,2,0.94,2.13,ENG,77,44,77,44,0.571428571,6,0,138
B128_DL_Switch_Pgph2_EngOnly_longestoverlap_ISI_0_test,B128,Pgph2,Eng,single,0,4,1.42,2.82,ENG,77,44,77,44,0.571428571,6,0,138
B128_DL_Switch_Pgph2_EngOnly_longestoverlap_ISI_1_test,B128,Pgph2,Eng,single,1,7,1.52,4.6,ENG,77,44,77,44,0.571428571,6,0,138
B128_DL_Switch_Pgph2_EngOnly_longestoverlap_ISI_2_test,B128,Pgph2,Eng,single,2,5,1.32,3.79,ENG,77,44,77,44,0.571428571,6,0,138
B128_DL_Switch_Pgph2_EngOnly_longestoverlap_ISI_3_test,B128,Pgph2,Eng,single,3,3,0.7,4.28,ENG,77,44,77,44,0.571428571,6,0,138
B128_DL_Switch_Pgph2_EngOnly_longestoverlap_ISI_4_test,B128,Pgph2,Eng,single,4,6,1.28,4.69,ENG,77,44,77,44,0.571428571,6,0,138
B128_DL_Switch_Pgph2_EngOnly_longestoverlap_ISI_5_test,B128,Pgph2,Eng,single,5,4,1.08,3.7,ENG,77,44,77,44,0.571428571,6,0,138
B128_DL_Switch_Pgph2_EngOnly_longestoverlap_ISI_6_test,B128,Pgph2,Eng,single,6,13,3.2,4.06,ENG,77,44,77,44,0.571428571,6,0,138
B128_DL_Switch_Pgph2_EngOnly_longestoverlap_ISI_7_test,B128,Pgph2,Eng,single,7,6,1.42,4.22,ENG,77,44,77,44,0.571428571,6,0,138
B128_DL_Switch_Pgph2_EngOnly_longestoverlap_ISI_8_test,B128,Pgph2,Eng,single,8,3,1.04,2.88,ENG,77,44,77,44,0.571428571,6,0,138
B128_DL_Switch_Pgph2_EngOnly_longestoverlap_ISI_9_test,B128,Pgph2,Eng,single,9,5,1.54,3.25,ENG,77,44,77,44,0.571428571,6,0,138
B128_DL_Switch_Pgph2_EngOnly_longestoverlap_ISI_10_test,B128,Pgph2,Eng,single,10,3,0.86,3.49,ENG,77,44,77,44,0.571428571,6,0,138
B129_DL_Switch_Pgph1_EngMatrix_longestoverlap_ISI_0_test,B129,Pgph1,Eng,mixed,0,6,2.16,2.78,ENG,73,34,73,34,0.465753425,5,0,134
B129_DL_Switch_Pgph1_EngMatrix_longestoverlap_ISI_1_test,B129,Pgph1,Eng,mixed,1,12,3.6,3.33,ENG,73,34,73,34,0.465753425,5,0,134
B129_DL_Switch_Pgph1_EngMatrix_longestoverlap_ISI_2_test,B129,Pgph1,Eng,mixed,2,4,1.08,3.7,ENG,73,34,73,34,0.465753425,5,0,134
B129_DL_Switch_Pgph1_EngMatrix_longestoverlap_ISI_3_test,B129,Pgph1,Eng,mixed,3,6,1.7,3.53,ENG,73,34,73,34,0.465753425,5,0,134
B129_DL_Switch_Pgph1_EngMatrix_longestoverlap_ISI_4_test,B129,Pgph1,Eng,mixed,4,4,1.42,2.82,ENG,73,34,73,34,0.465753425,5,0,134
B129_DL_Switch_Pgph1_EngMatrix_longestoverlap_ISI_5_test,B129,Pgph1,Eng,mixed,5,9,2.32,3.88,ENG,73,34,73,34,0.465753425,5,0,134
B129_DL_Switch_Pgph1_EngMatrix_longestoverlap_ISI_6_test,B129,Pgph1,Eng,mixed,6,8,2.32,3.45,ENG,73,34,73,34,0.465753425,5,0,134
B129_DL_Switch_Pgph1_EngMatrix_longestoverlap_ISI_7_test,B129,Pgph1,Eng,mixed,7,3,1,3,ENG,73,34,73,34,0.465753425,5,0,134
B129_DL_Switch_Pgph1_EngMatrix_longestoverlap_ISI_8_test,B129,Pgph1,Eng,mixed,8,4,1.12,3.57,ENG,73,34,73,34,0.465753425,5,0,134
B129_DL_Switch_Pgph1_EngMatrix_longestoverlap_ISI_9_test,B129,Pgph1,Eng,mixed,9,8,2.16,3.7,ENG,73,34,73,34,0.465753425,5,0,134
B129_DL_Switch_Pgph1_EngMatrix_longestoverlap_ISI_10_test,B129,Pgph1,Eng,mixed,10,5,1.44,3.47,ENG,73,34,73,34,0.465753425,5,0,134
B129_DL_Switch_Pgph1_EngOnly_longestoverlap_ISI_0_test,B129,Pgph1,Eng,single,0,6,2.02,2.97,ENG,73,34,73,34,0.465753425,5,0,134
B129_DL_Switch_Pgph1_EngOnly_longestoverlap_ISI_1_test,B129,Pgph1,Eng,single,1,14,3.52,3.98,ENG,73,34,73,34,0.465753425,5,0,134
B129_DL_Switch_Pgph1_EngOnly_longestoverlap_ISI_2_test,B129,Pgph1,Eng,single,2,4,1.2,3.33,ENG,73,34,73,34,0.465753425,5,0,134
B129_DL_Switch_Pgph1_EngOnly_longestoverlap_ISI_3_test,B129,Pgph1,Eng,single,3,4,1.24,3.23,ENG,73,34,73,34,0.465753425,5,0,134
B129_DL_Switch_Pgph1_EngOnly_longestoverlap_ISI_4_test,B129,Pgph1,Eng,single,4,3,1.18,2.54,ENG,73,34,73,34,0.465753425,5,0,134
B129_DL_Switch_Pgph1_EngOnly_longestoverlap_ISI_5_test,B129,Pgph1,Eng,single,5,12,2.4,5,ENG,73,34,73,34,0.465753425,5,0,134
B129_DL_Switch_Pgph1_EngOnly_longestoverlap_ISI_6_test,B129,Pgph1,Eng,single,6,8,2.16,3.7,ENG,73,34,73,34,0.465753425,5,0,134
B129_DL_Switch_Pgph1_EngOnly_longestoverlap_ISI_7_test,B129,Pgph1,Eng,single,7,4,0.92,4.35,ENG,73,34,73,34,0.465753425,5,0,134
B129_DL_Switch_Pgph1_EngOnly_longestoverlap_ISI_8_test,B129,Pgph1,Eng,single,8,4,1.1,3.64,ENG,73,34,73,34,0.465753425,5,0,134
B129_DL_Switch_Pgph1_EngOnly_longestoverlap_ISI_9_test,B129,Pgph1,Eng,single,9,7,1.86,3.76,ENG,73,34,73,34,0.465753425,5,0,134
B129_DL_Switch_Pgph1_EngOnly_longestoverlap_ISI_10_test,B129,Pgph1,Eng,single,10,4,1.86,2.15,ENG,73,34,73,34,0.465753425,5,0,134
B129_DL_Switch_Pgph2_EngMatrix_longestoverlap_ISI_0_test,B129,Pgph2,Eng,mixed,0,14,3.92,3.57,ENG,73,34,73,34,0.465753425,5,0,134
B129_DL_Switch_Pgph2_EngMatrix_longestoverlap_ISI_1_test,B129,Pgph2,Eng,mixed,1,6,1.96,3.06,ENG,73,34,73,34,0.465753425,5,0,134
B129_DL_Switch_Pgph2_EngMatrix_longestoverlap_ISI_3_test,B129,Pgph2,Eng,mixed,3,3,0.92,3.26,ENG,73,34,73,34,0.465753425,5,0,134
B129_DL_Switch_Pgph2_EngMatrix_longestoverlap_ISI_4_test,B129,Pgph2,Eng,mixed,4,5,1.92,2.6,ENG,73,34,73,34,0.465753425,5,0,134
B129_DL_Switch_Pgph2_EngMatrix_longestoverlap_ISI_5_test,B129,Pgph2,Eng,mixed,5,9,2.42,3.72,ENG,73,34,73,34,0.465753425,5,0,134
B129_DL_Switch_Pgph2_EngMatrix_longestoverlap_ISI_6_test,B129,Pgph2,Eng,mixed,6,7,2.02,3.46,ENG,73,34,73,34,0.465753425,5,0,134
B129_DL_Switch_Pgph2_EngMatrix_longestoverlap_ISI_7_test,B129,Pgph2,Eng,mixed,7,11,2.68,4.1,ENG,73,34,73,34,0.465753425,5,0,134
B129_DL_Switch_Pgph2_EngMatrix_longestoverlap_ISI_8_test,B129,Pgph2,Eng,mixed,8,5,1.46,3.42,ENG,73,34,73,34,0.465753425,5,0,134
B129_DL_Switch_Pgph2_EngMatrix_longestoverlap_ISI_9_test,B129,Pgph2,Eng,mixed,9,6,1.66,3.61,ENG,73,34,73,34,0.465753425,5,0,134
B129_DL_Switch_Pgph2_EngMatrix_longestoverlap_ISI_10_test,B129,Pgph2,Eng,mixed,10,4,1.12,3.57,ENG,73,34,73,34,0.465753425,5,0,134
B129_DL_Switch_Pgph2_EngOnly_longestoverlap_ISI_0_test,B129,Pgph2,Eng,single,0,16,3.94,4.06,ENG,73,34,73,34,0.465753425,5,0,134
B129_DL_Switch_Pgph2_EngOnly_longestoverlap_ISI_1_test,B129,Pgph2,Eng,single,1,5,1.38,3.62,ENG,73,34,73,34,0.465753425,5,0,134
B129_DL_Switch_Pgph2_EngOnly_longestoverlap_ISI_3_test,B129,Pgph2,Eng,single,3,3,0.9,3.33,ENG,73,34,73,34,0.465753425,5,0,134
B129_DL_Switch_Pgph2_EngOnly_longestoverlap_ISI_4_test,B129,Pgph2,Eng,single,4,8,2.06,3.88,ENG,73,34,73,34,0.465753425,5,0,134
B129_DL_Switch_Pgph2_EngOnly_longestoverlap_ISI_5_test,B129,Pgph2,Eng,single,5,10,2.52,3.97,ENG,73,34,73,34,0.465753425,5,0,134
B129_DL_Switch_Pgph2_EngOnly_longestoverlap_ISI_6_test,B129,Pgph2,Eng,single,6,7,2.12,3.3,ENG,73,34,73,34,0.465753425,5,0,134
B129_DL_Switch_Pgph2_EngOnly_longestoverlap_ISI_7_test,B129,Pgph2,Eng,single,7,10,2.62,3.82,ENG,73,34,73,34,0.465753425,5,0,134
B129_DL_Switch_Pgph2_EngOnly_longestoverlap_ISI_8_test,B129,Pgph2,Eng,single,8,5,1.2,4.17,ENG,73,34,73,34,0.465753425,5,0,134
B129_DL_Switch_Pgph2_EngOnly_longestoverlap_ISI_9_test,B129,Pgph2,Eng,single,9,6,1.58,3.8,ENG,73,34,73,34,0.465753425,5,0,134
B129_DL_Switch_Pgph2_EngOnly_longestoverlap_ISI_10_test,B129,Pgph2,Eng,single,10,6,1.18,5.08,ENG,73,34,73,34,0.465753425,5,0,134
B130R_DL_Switch_Pgph1_EngMatrix_longestoverlap_ISI_0_test,B130R,Pgph1,Eng,mixed,0,3,1.8,1.67,SPAN,51,64,64,51,0.796875,12,12,134
B130R_DL_Switch_Pgph1_EngMatrix_longestoverlap_ISI_1_test,B130R,Pgph1,Eng,mixed,1,13,4.72,2.75,SPAN,51,64,64,51,0.796875,12,12,134
B130R_DL_Switch_Pgph1_EngMatrix_longestoverlap_ISI_2_test,B130R,Pgph1,Eng,mixed,2,6,3.74,1.6,SPAN,51,64,64,51,0.796875,12,12,134
B130R_DL_Switch_Pgph1_EngMatrix_longestoverlap_ISI_3_test,B130R,Pgph1,Eng,mixed,3,7,2.38,2.94,SPAN,51,64,64,51,0.796875,12,12,134
B130R_DL_Switch_Pgph1_EngMatrix_longestoverlap_ISI_4_test,B130R,Pgph1,Eng,mixed,4,5,1.42,3.52,SPAN,51,64,64,51,0.796875,12,12,134
B130R_DL_Switch_Pgph1_EngMatrix_longestoverlap_ISI_5_test,B130R,Pgph1,Eng,mixed,5,11,4.06,2.71,SPAN,51,64,64,51,0.796875,12,12,134
B130R_DL_Switch_Pgph1_EngMatrix_longestoverlap_ISI_6_test,B130R,Pgph1,Eng,mixed,6,9,2.8,3.21,SPAN,51,64,64,51,0.796875,12,12,134
B130R_DL_Switch_Pgph1_EngMatrix_longestoverlap_ISI_7_test,B130R,Pgph1,Eng,mixed,7,6,2.3,2.61,SPAN,51,64,64,51,0.796875,12,12,134
B130R_DL_Switch_Pgph1_EngMatrix_longestoverlap_ISI_8_test,B130R,Pgph1,Eng,mixed,8,5,1.76,2.84,SPAN,51,64,64,51,0.796875,12,12,134
B130R_DL_Switch_Pgph1_EngMatrix_longestoverlap_ISI_9_test,B130R,Pgph1,Eng,mixed,9,5,2,2.5,SPAN,51,64,64,51,0.796875,12,12,134
B130R_DL_Switch_Pgph1_EngMatrix_longestoverlap_ISI_10_test,B130R,Pgph1,Eng,mixed,10,5,1.34,3.73,SPAN,51,64,64,51,0.796875,12,12,134
B130R_DL_Switch_Pgph1_EngOnly_longestoverlap_ISI_0_test,B130R,Pgph1,Eng,single,0,3,2.08,1.44,SPAN,51,64,64,51,0.796875,12,12,134
B130R_DL_Switch_Pgph1_EngOnly_longestoverlap_ISI_1_test,B130R,Pgph1,Eng,single,1,14,4.02,3.48,SPAN,51,64,64,51,0.796875,12,12,134
B130R_DL_Switch_Pgph1_EngOnly_longestoverlap_ISI_2_test,B130R,Pgph1,Eng,single,2,6,2.68,2.24,SPAN,51,64,64,51,0.796875,12,12,134
B130R_DL_Switch_Pgph1_EngOnly_longestoverlap_ISI_3_test,B130R,Pgph1,Eng,single,3,5,1.72,2.91,SPAN,51,64,64,51,0.796875,12,12,134
B130R_DL_Switch_Pgph1_EngOnly_longestoverlap_ISI_4_test,B130R,Pgph1,Eng,single,4,5,1.26,3.97,SPAN,51,64,64,51,0.796875,12,12,134
B130R_DL_Switch_Pgph1_EngOnly_longestoverlap_ISI_5_test,B130R,Pgph1,Eng,single,5,12,4.46,2.69,SPAN,51,64,64,51,0.796875,12,12,134
B130R_DL_Switch_Pgph1_EngOnly_longestoverlap_ISI_6_test,B130R,Pgph1,Eng,single,6,9,2.7,3.33,SPAN,51,64,64,51,0.796875,12,12,134
B130R_DL_Switch_Pgph1_EngOnly_longestoverlap_ISI_7_test,B130R,Pgph1,Eng,single,7,5,1.6,3.12,SPAN,51,64,64,51,0.796875,12,12,134
B130R_DL_Switch_Pgph1_EngOnly_longestoverlap_ISI_8_test,B130R,Pgph1,Eng,single,8,6,1.76,3.41,SPAN,51,64,64,51,0.796875,12,12,134
B130R_DL_Switch_Pgph1_EngOnly_longestoverlap_ISI_9_test,B130R,Pgph1,Eng,single,9,6,1.52,3.95,SPAN,51,64,64,51,0.796875,12,12,134
B130R_DL_Switch_Pgph1_EngOnly_longestoverlap_ISI_10_test,B130R,Pgph1,Eng,single,10,5,1.38,3.62,SPAN,51,64,64,51,0.796875,12,12,134
B130R_DL_Switch_Pgph2_EngMatrix_longestoverlap_ISI_0_test,B130R,Pgph2,Eng,mixed,0,11,2.98,3.69,SPAN,51,64,64,51,0.796875,12,12,134
B130R_DL_Switch_Pgph2_EngMatrix_longestoverlap_ISI_1_test,B130R,Pgph2,Eng,mixed,1,13,4.6,2.83,SPAN,51,64,64,51,0.796875,12,12,134
B130R_DL_Switch_Pgph2_EngMatrix_longestoverlap_ISI_2_test,B130R,Pgph2,Eng,mixed,2,2,0.78,2.56,SPAN,51,64,64,51,0.796875,12,12,134
B130R_DL_Switch_Pgph2_EngMatrix_longestoverlap_ISI_3_test,B130R,Pgph2,Eng,mixed,3,3,1.08,2.78,SPAN,51,64,64,51,0.796875,12,12,134
B130R_DL_Switch_Pgph2_EngMatrix_longestoverlap_ISI_4_test,B130R,Pgph2,Eng,mixed,4,7,3.18,2.2,SPAN,51,64,64,51,0.796875,12,12,134
B130R_DL_Switch_Pgph2_EngMatrix_longestoverlap_ISI_5_test,B130R,Pgph2,Eng,mixed,5,11,3.32,3.31,SPAN,51,64,64,51,0.796875,12,12,134
B130R_DL_Switch_Pgph2_EngMatrix_longestoverlap_ISI_6_test,B130R,Pgph2,Eng,mixed,6,5,1.82,2.75,SPAN,51,64,64,51,0.796875,12,12,134
B130R_DL_Switch_Pgph2_EngMatrix_longestoverlap_ISI_7_test,B130R,Pgph2,Eng,mixed,7,14,4.46,3.14,SPAN,51,64,64,51,0.796875,12,12,134
B130R_DL_Switch_Pgph2_EngMatrix_longestoverlap_ISI_8_test,B130R,Pgph2,Eng,mixed,8,4,1.64,2.44,SPAN,51,64,64,51,0.796875,12,12,134
B130R_DL_Switch_Pgph2_EngMatrix_longestoverlap_ISI_9_test,B130R,Pgph2,Eng,mixed,9,7,2.4,2.92,SPAN,51,64,64,51,0.796875,12,12,134
B130R_DL_Switch_Pgph2_EngMatrix_longestoverlap_ISI_10_test,B130R,Pgph2,Eng,mixed,10,7,2.18,3.21,SPAN,51,64,64,51,0.796875,12,12,134
B130R_DL_Switch_Pgph2_EngOnly_longestoverlap_ISI_0_test,B130R,Pgph2,Eng,single,0,14,2.9,4.83,SPAN,51,64,64,51,0.796875,12,12,134
B130R_DL_Switch_Pgph2_EngOnly_longestoverlap_ISI_1_test,B130R,Pgph2,Eng,single,1,15,3.52,4.26,SPAN,51,64,64,51,0.796875,12,12,134
B130R_DL_Switch_Pgph2_EngOnly_longestoverlap_ISI_2_test,B130R,Pgph2,Eng,single,2,2,0.78,2.56,SPAN,51,64,64,51,0.796875,12,12,134
B130R_DL_Switch_Pgph2_EngOnly_longestoverlap_ISI_3_test,B130R,Pgph2,Eng,single,3,3,1.3,2.31,SPAN,51,64,64,51,0.796875,12,12,134
B130R_DL_Switch_Pgph2_EngOnly_longestoverlap_ISI_4_test,B130R,Pgph2,Eng,single,4,7,2.34,2.99,SPAN,51,64,64,51,0.796875,12,12,134
B130R_DL_Switch_Pgph2_EngOnly_longestoverlap_ISI_5_test,B130R,Pgph2,Eng,single,5,10,3.32,3.01,SPAN,51,64,64,51,0.796875,12,12,134
B130R_DL_Switch_Pgph2_EngOnly_longestoverlap_ISI_6_test,B130R,Pgph2,Eng,single,6,6,1.52,3.95,SPAN,51,64,64,51,0.796875,12,12,134
B130R_DL_Switch_Pgph2_EngOnly_longestoverlap_ISI_7_test,B130R,Pgph2,Eng,single,7,14,4.54,3.08,SPAN,51,64,64,51,0.796875,12,12,134
B130R_DL_Switch_Pgph2_EngOnly_longestoverlap_ISI_8_test,B130R,Pgph2,Eng,single,8,4,1.66,2.41,SPAN,51,64,64,51,0.796875,12,12,134
B130R_DL_Switch_Pgph2_EngOnly_longestoverlap_ISI_9_test,B130R,Pgph2,Eng,single,9,9,2.32,3.88,SPAN,51,64,64,51,0.796875,12,12,134
B130R_DL_Switch_Pgph2_EngOnly_longestoverlap_ISI_10_test,B130R,Pgph2,Eng,single,10,7,2.14,3.27,SPAN,51,64,64,51,0.796875,12,12,134
B131_DL_Switch_Pgph1_EngMatrix_longestoverlap_ISI_0_test,B131,Pgph1,Eng,mixed,0,7,1.82,3.85,SPAN,66,79,79,66,0.835443038,15,15,138
B131_DL_Switch_Pgph1_EngMatrix_longestoverlap_ISI_1_test,B131,Pgph1,Eng,mixed,1,7,2.04,3.43,SPAN,66,79,79,66,0.835443038,15,15,138
B131_DL_Switch_Pgph1_EngMatrix_longestoverlap_ISI_2_test,B131,Pgph1,Eng,mixed,2,9,2.42,3.72,SPAN,66,79,79,66,0.835443038,15,15,138
B131_DL_Switch_Pgph1_EngMatrix_longestoverlap_ISI_3_test,B131,Pgph1,Eng,mixed,3,8,2.04,3.92,SPAN,66,79,79,66,0.835443038,15,15,138
B131_DL_Switch_Pgph1_EngMatrix_longestoverlap_ISI_4_test,B131,Pgph1,Eng,mixed,4,5,1.24,4.03,SPAN,66,79,79,66,0.835443038,15,15,138
B131_DL_Switch_Pgph1_EngMatrix_longestoverlap_ISI_5_test,B131,Pgph1,Eng,mixed,5,14,3.66,3.82,SPAN,66,79,79,66,0.835443038,15,15,138
B131_DL_Switch_Pgph1_EngMatrix_longestoverlap_ISI_6_test,B131,Pgph1,Eng,mixed,6,8,1.98,4.04,SPAN,66,79,79,66,0.835443038,15,15,138
B131_DL_Switch_Pgph1_EngMatrix_longestoverlap_ISI_7_test,B131,Pgph1,Eng,mixed,7,5,1.46,3.42,SPAN,66,79,79,66,0.835443038,15,15,138
B131_DL_Switch_Pgph1_EngMatrix_longestoverlap_ISI_8_test,B131,Pgph1,Eng,mixed,8,12,2.7,4.44,SPAN,66,79,79,66,0.835443038,15,15,138
B131_DL_Switch_Pgph1_EngMatrix_longestoverlap_ISI_9_test,B131,Pgph1,Eng,mixed,9,12,2.78,4.32,SPAN,66,79,79,66,0.835443038,15,15,138
B131_DL_Switch_Pgph1_EngMatrix_longestoverlap_ISI_10_test,B131,Pgph1,Eng,mixed,10,5,1.42,3.52,SPAN,66,79,79,66,0.835443038,15,15,138
B131_DL_Switch_Pgph1_EngOnly_longestoverlap_ISI_0_test,B131,Pgph1,Eng,single,0,7,1.64,4.27,SPAN,66,79,79,66,0.835443038,15,15,138
B131_DL_Switch_Pgph1_EngOnly_longestoverlap_ISI_1_test,B131,Pgph1,Eng,single,1,6,1.54,3.89,SPAN,66,79,79,66,0.835443038,15,15,138
B131_DL_Switch_Pgph1_EngOnly_longestoverlap_ISI_2_test,B131,Pgph1,Eng,single,2,6,1.74,3.45,SPAN,66,79,79,66,0.835443038,15,15,138
B131_DL_Switch_Pgph1_EngOnly_longestoverlap_ISI_3_test,B131,Pgph1,Eng,single,3,7,1.92,3.64,SPAN,66,79,79,66,0.835443038,15,15,138
B131_DL_Switch_Pgph1_EngOnly_longestoverlap_ISI_4_test,B131,Pgph1,Eng,single,4,5,1.08,4.63,SPAN,66,79,79,66,0.835443038,15,15,138
B131_DL_Switch_Pgph1_EngOnly_longestoverlap_ISI_5_test,B131,Pgph1,Eng,single,5,15,3.26,4.6,SPAN,66,79,79,66,0.835443038,15,15,138
B131_DL_Switch_Pgph1_EngOnly_longestoverlap_ISI_6_test,B131,Pgph1,Eng,single,6,10,2.24,4.46,SPAN,66,79,79,66,0.835443038,15,15,138
B131_DL_Switch_Pgph1_EngOnly_longestoverlap_ISI_7_test,B131,Pgph1,Eng,single,7,5,1.28,3.9,SPAN,66,79,79,66,0.835443038,15,15,138
B131_DL_Switch_Pgph1_EngOnly_longestoverlap_ISI_8_test,B131,Pgph1,Eng,single,8,11,2.22,4.95,SPAN,66,79,79,66,0.835443038,15,15,138
B131_DL_Switch_Pgph1_EngOnly_longestoverlap_ISI_9_test,B131,Pgph1,Eng,single,9,12,2.42,4.96,SPAN,66,79,79,66,0.835443038,15,15,138
B131_DL_Switch_Pgph1_EngOnly_longestoverlap_ISI_10_test,B131,Pgph1,Eng,single,10,5,1.3,3.84,SPAN,66,79,79,66,0.835443038,15,15,138
B131_DL_Switch_Pgph2_EngMatrix_longestoverlap_ISI_0_test,B131,Pgph2,Eng,mixed,0,12,2.48,4.84,SPAN,66,79,79,66,0.835443038,15,15,138
B131_DL_Switch_Pgph2_EngMatrix_longestoverlap_ISI_1_test,B131,Pgph2,Eng,mixed,1,15,3.04,4.93,SPAN,66,79,79,66,0.835443038,15,15,138
B131_DL_Switch_Pgph2_EngMatrix_longestoverlap_ISI_3_test,B131,Pgph2,Eng,mixed,3,3,0.7,4.29,SPAN,66,79,79,66,0.835443038,15,15,138
B131_DL_Switch_Pgph2_EngMatrix_longestoverlap_ISI_4_test,B131,Pgph2,Eng,mixed,4,4,1.38,2.9,SPAN,66,79,79,66,0.835443038,15,15,138
B131_DL_Switch_Pgph2_EngMatrix_longestoverlap_ISI_5_test,B131,Pgph2,Eng,mixed,5,12,2.7,4.44,SPAN,66,79,79,66,0.835443038,15,15,138
B131_DL_Switch_Pgph2_EngMatrix_longestoverlap_ISI_6_test,B131,Pgph2,Eng,mixed,6,6,1.48,4.05,SPAN,66,79,79,66,0.835443038,15,15,138
B131_DL_Switch_Pgph2_EngMatrix_longestoverlap_ISI_7_test,B131,Pgph2,Eng,mixed,7,19,4.02,4.73,SPAN,66,79,79,66,0.835443038,15,15,138
B131_DL_Switch_Pgph2_EngMatrix_longestoverlap_ISI_8_test,B131,Pgph2,Eng,mixed,8,4,1.18,3.39,SPAN,66,79,79,66,0.835443038,15,15,138
B131_DL_Switch_Pgph2_EngMatrix_longestoverlap_ISI_9_test,B131,Pgph2,Eng,mixed,9,10,2.44,4.1,SPAN,66,79,79,66,0.835443038,15,15,138
B131_DL_Switch_Pgph2_EngMatrix_longestoverlap_ISI_10_test,B131,Pgph2,Eng,mixed,10,5,1.14,4.39,SPAN,66,79,79,66,0.835443038,15,15,138
B131_DL_Switch_Pgph2_EngOnly_longestoverlap_ISI_0_test,B131,Pgph2,Eng,single,0,11,2.66,4.13,SPAN,66,79,79,66,0.835443038,15,15,138
B131_DL_Switch_Pgph2_EngOnly_longestoverlap_ISI_1_test,B131,Pgph2,Eng,single,1,14,3.2,4.37,SPAN,66,79,79,66,0.835443038,15,15,138
B131_DL_Switch_Pgph2_EngOnly_longestoverlap_ISI_3_test,B131,Pgph2,Eng,single,3,3,0.68,4.41,SPAN,66,79,79,66,0.835443038,15,15,138
B131_DL_Switch_Pgph2_EngOnly_longestoverlap_ISI_4_test,B131,Pgph2,Eng,single,4,4,1.34,2.98,SPAN,66,79,79,66,0.835443038,15,15,138
B131_DL_Switch_Pgph2_EngOnly_longestoverlap_ISI_5_test,B131,Pgph2,Eng,single,5,11,2.84,3.87,SPAN,66,79,79,66,0.835443038,15,15,138
B131_DL_Switch_Pgph2_EngOnly_longestoverlap_ISI_6_test,B131,Pgph2,Eng,single,6,6,1.36,4.41,SPAN,66,79,79,66,0.835443038,15,15,138
B131_DL_Switch_Pgph2_EngOnly_longestoverlap_ISI_7_test,B131,Pgph2,Eng,single,7,17,4.06,4.19,SPAN,66,79,79,66,0.835443038,15,15,138
B131_DL_Switch_Pgph2_EngOnly_longestoverlap_ISI_8_test,B131,Pgph2,Eng,single,8,3,1.16,2.59,SPAN,66,79,79,66,0.835443038,15,15,138
B131_DL_Switch_Pgph2_EngOnly_longestoverlap_ISI_9_test,B131,Pgph2,Eng,single,9,10,2.22,4.5,SPAN,66,79,79,66,0.835443038,15,15,138
B131_DL_Switch_Pgph2_EngOnly_longestoverlap_ISI_10_test,B131,Pgph2,Eng,single,10,5,1.3,3.85,SPAN,66,79,79,66,0.835443038,15,15,138
B132_DL_Switch_Pgph1_EngMatrix_longestoverlap_ISI_0_test,B132,Pgph1,Eng,mixed,0,7,2.26,3.1,ENG,79,45,79,45,0.569620253,6,0,141
B132_DL_Switch_Pgph1_EngMatrix_longestoverlap_ISI_1_test,B132,Pgph1,Eng,mixed,1,8,1.84,4.35,ENG,79,45,79,45,0.569620253,6,0,141
B132_DL_Switch_Pgph1_EngMatrix_longestoverlap_ISI_2_test,B132,Pgph1,Eng,mixed,2,4,0.82,4.88,ENG,79,45,79,45,0.569620253,6,0,141
B132_DL_Switch_Pgph1_EngMatrix_longestoverlap_ISI_3_test,B132,Pgph1,Eng,mixed,3,5,1.1,4.54,ENG,79,45,79,45,0.569620253,6,0,141
B132_DL_Switch_Pgph1_EngMatrix_longestoverlap_ISI_4_test,B132,Pgph1,Eng,mixed,4,3,0.88,3.41,ENG,79,45,79,45,0.569620253,6,0,141
B132_DL_Switch_Pgph1_EngMatrix_longestoverlap_ISI_5_test,B132,Pgph1,Eng,mixed,5,10,3.28,3.05,ENG,79,45,79,45,0.569620253,6,0,141
B132_DL_Switch_Pgph1_EngMatrix_longestoverlap_ISI_6_test,B132,Pgph1,Eng,mixed,6,7,1.8,3.89,ENG,79,45,79,45,0.569620253,6,0,141
B132_DL_Switch_Pgph1_EngMatrix_longestoverlap_ISI_7_test,B132,Pgph1,Eng,mixed,7,4,1.12,3.57,ENG,79,45,79,45,0.569620253,6,0,141
B132_DL_Switch_Pgph1_EngMatrix_longestoverlap_ISI_8_test,B132,Pgph1,Eng,mixed,8,5,1.7,2.94,ENG,79,45,79,45,0.569620253,6,0,141
B132_DL_Switch_Pgph1_EngMatrix_longestoverlap_ISI_9_test,B132,Pgph1,Eng,mixed,9,7,1.26,5.55,ENG,79,45,79,45,0.569620253,6,0,141
B132_DL_Switch_Pgph1_EngMatrix_longestoverlap_ISI_10_test,B132,Pgph1,Eng,mixed,10,5,1.54,3.25,ENG,79,45,79,45,0.569620253,6,0,141
B132_DL_Switch_Pgph1_EngOnly_longestoverlap_ISI_0_test,B132,Pgph1,Eng,single,0,9,1.86,4.84,ENG,79,45,79,45,0.569620253,6,0,141
B132_DL_Switch_Pgph1_EngOnly_longestoverlap_ISI_1_test,B132,Pgph1,Eng,single,1,7,1.84,3.8,ENG,79,45,79,45,0.569620253,6,0,141
B132_DL_Switch_Pgph1_EngOnly_longestoverlap_ISI_2_test,B132,Pgph1,Eng,single,2,3,0.88,3.41,ENG,79,45,79,45,0.569620253,6,0,141
B132_DL_Switch_Pgph1_EngOnly_longestoverlap_ISI_3_test,B132,Pgph1,Eng,single,3,3,0.98,3.06,ENG,79,45,79,45,0.569620253,6,0,141
B132_DL_Switch_Pgph1_EngOnly_longestoverlap_ISI_4_test,B132,Pgph1,Eng,single,4,4,0.9,4.44,ENG,79,45,79,45,0.569620253,6,0,141
B132_DL_Switch_Pgph1_EngOnly_longestoverlap_ISI_5_test,B132,Pgph1,Eng,single,5,12,3.24,3.7,ENG,79,45,79,45,0.569620253,6,0,141
B132_DL_Switch_Pgph1_EngOnly_longestoverlap_ISI_6_test,B132,Pgph1,Eng,single,6,6,1.56,3.84,ENG,79,45,79,45,0.569620253,6,0,141
B132_DL_Switch_Pgph1_EngOnly_longestoverlap_ISI_7_test,B132,Pgph1,Eng,single,7,4,1.02,3.92,ENG,79,45,79,45,0.569620253,6,0,141
B132_DL_Switch_Pgph1_EngOnly_longestoverlap_ISI_8_test,B132,Pgph1,Eng,single,8,6,1.9,3.16,ENG,79,45,79,45,0.569620253,6,0,141
B132_DL_Switch_Pgph1_EngOnly_longestoverlap_ISI_9_test,B132,Pgph1,Eng,single,9,6,1.16,5.17,ENG,79,45,79,45,0.569620253,6,0,141
B132_DL_Switch_Pgph1_EngOnly_longestoverlap_ISI_10_test,B132,Pgph1,Eng,single,10,2,0.94,2.13,ENG,79,45,79,45,0.569620253,6,0,141
B132_DL_Switch_Pgph2_EngMatrix_longestoverlap_ISI_0_test,B132,Pgph2,Eng,mixed,0,12,3.04,3.95,ENG,79,45,79,45,0.569620253,6,0,141
B132_DL_Switch_Pgph2_EngMatrix_longestoverlap_ISI_1_test,B132,Pgph2,Eng,mixed,1,11,2.22,4.95,ENG,79,45,79,45,0.569620253,6,0,141
B132_DL_Switch_Pgph2_EngMatrix_longestoverlap_ISI_3_test,B132,Pgph2,Eng,mixed,3,2,0.54,3.7,ENG,79,45,79,45,0.569620253,6,0,141
B132_DL_Switch_Pgph2_EngMatrix_longestoverlap_ISI_4_test,B132,Pgph2,Eng,mixed,4,6,1.6,3.75,ENG,79,45,79,45,0.569620253,6,0,141
B132_DL_Switch_Pgph2_EngMatrix_longestoverlap_ISI_5_test,B132,Pgph2,Eng,mixed,5,9,2.1,4.28,ENG,79,45,79,45,0.569620253,6,0,141
B132_DL_Switch_Pgph2_EngMatrix_longestoverlap_ISI_6_test,B132,Pgph2,Eng,mixed,6,4,1.22,3.28,ENG,79,45,79,45,0.569620253,6,0,141
B132_DL_Switch_Pgph2_EngMatrix_longestoverlap_ISI_7_test,B132,Pgph2,Eng,mixed,7,4,1.26,3.17,ENG,79,45,79,45,0.569620253,6,0,141
B132_DL_Switch_Pgph2_EngMatrix_longestoverlap_ISI_8_test,B132,Pgph2,Eng,mixed,8,4,0.88,4.54,ENG,79,45,79,45,0.569620253,6,0,141
B132_DL_Switch_Pgph2_EngMatrix_longestoverlap_ISI_9_test,B132,Pgph2,Eng,mixed,9,7,1.86,3.76,ENG,79,45,79,45,0.569620253,6,0,141
B132_DL_Switch_Pgph2_EngMatrix_longestoverlap_ISI_10_test,B132,Pgph2,Eng,mixed,10,2,0.68,2.94,ENG,79,45,79,45,0.569620253,6,0,141
B132_DL_Switch_Pgph2_EngOnly_longestoverlap_ISI_0_test,B132,Pgph2,Eng,single,0,13,2.82,4.61,ENG,79,45,79,45,0.569620253,6,0,141
B132_DL_Switch_Pgph2_EngOnly_longestoverlap_ISI_1_test,B132,Pgph2,Eng,single,1,10,2.14,4.67,ENG,79,45,79,45,0.569620253,6,0,141
B132_DL_Switch_Pgph2_EngOnly_longestoverlap_ISI_3_test,B132,Pgph2,Eng,single,3,2,0.76,2.63,ENG,79,45,79,45,0.569620253,6,0,141
B132_DL_Switch_Pgph2_EngOnly_longestoverlap_ISI_4_test,B132,Pgph2,Eng,single,4,5,1.4,3.57,ENG,79,45,79,45,0.569620253,6,0,141
B132_DL_Switch_Pgph2_EngOnly_longestoverlap_ISI_5_test,B132,Pgph2,Eng,single,5,9,2,4.5,ENG,79,45,79,45,0.569620253,6,0,141
B132_DL_Switch_Pgph2_EngOnly_longestoverlap_ISI_6_test,B132,Pgph2,Eng,single,6,4,1,4,ENG,79,45,79,45,0.569620253,6,0,141
B132_DL_Switch_Pgph2_EngOnly_longestoverlap_ISI_7_test,B132,Pgph2,Eng,single,7,5,1.2,4.17,ENG,79,45,79,45,0.569620253,6,0,141
B132_DL_Switch_Pgph2_EngOnly_longestoverlap_ISI_8_test,B132,Pgph2,Eng,single,8,2,0.92,2.17,ENG,79,45,79,45,0.569620253,6,0,141
B132_DL_Switch_Pgph2_EngOnly_longestoverlap_ISI_9_test,B132,Pgph2,Eng,single,9,8,1.58,5.06,ENG,79,45,79,45,0.569620253,6,0,141
B132_DL_Switch_Pgph2_EngOnly_longestoverlap_ISI_10_test,B132,Pgph2,Eng,single,10,4,1.16,3.45,ENG,79,45,79,45,0.569620253,6,0,141
B133_DL_Switch_Pgph1_EngMatrix_longestoverlap_ISI_0_test,B133,Pgph1,Eng,mixed,0,9,2.44,3.69,SPAN,61,77,77,61,0.792207792,40,40,138
B133_DL_Switch_Pgph1_EngMatrix_longestoverlap_ISI_1_test,B133,Pgph1,Eng,mixed,1,8,1.84,4.35,SPAN,61,77,77,61,0.792207792,40,40,138
B133_DL_Switch_Pgph1_EngMatrix_longestoverlap_ISI_2_test,B133,Pgph1,Eng,mixed,2,9,2.36,3.81,SPAN,61,77,77,61,0.792207792,40,40,138
B133_DL_Switch_Pgph1_EngMatrix_longestoverlap_ISI_3_test,B133,Pgph1,Eng,mixed,3,16,3.48,4.6,SPAN,61,77,77,61,0.792207792,40,40,138
B133_DL_Switch_Pgph1_EngMatrix_longestoverlap_ISI_4_test,B133,Pgph1,Eng,mixed,4,6,1.44,4.17,SPAN,61,77,77,61,0.792207792,40,40,138
B133_DL_Switch_Pgph1_EngMatrix_longestoverlap_ISI_5_test,B133,Pgph1,Eng,mixed,5,8,1.9,4.21,SPAN,61,77,77,61,0.792207792,40,40,138
B133_DL_Switch_Pgph1_EngMatrix_longestoverlap_ISI_6_test,B133,Pgph1,Eng,mixed,6,10,2.66,3.76,SPAN,61,77,77,61,0.792207792,40,40,138
B133_DL_Switch_Pgph1_EngMatrix_longestoverlap_ISI_7_test,B133,Pgph1,Eng,mixed,7,3,1.64,1.83,SPAN,61,77,77,61,0.792207792,40,40,138
B133_DL_Switch_Pgph1_EngMatrix_longestoverlap_ISI_8_test,B133,Pgph1,Eng,mixed,8,5,1.7,2.94,SPAN,61,77,77,61,0.792207792,40,40,138
B133_DL_Switch_Pgph1_EngMatrix_longestoverlap_ISI_9_test,B133,Pgph1,Eng,mixed,9,9,2.36,3.81,SPAN,61,77,77,61,0.792207792,40,40,138
B133_DL_Switch_Pgph1_EngMatrix_longestoverlap_ISI_10_test,B133,Pgph1,Eng,mixed,10,6,1.9,3.16,SPAN,61,77,77,61,0.792207792,40,40,138
B133_DL_Switch_Pgph1_EngOnly_longestoverlap_ISI_0_test,B133,Pgph1,Eng,single,0,8,2.12,3.77,SPAN,61,77,77,61,0.792207792,40,40,138
B133_DL_Switch_Pgph1_EngOnly_longestoverlap_ISI_1_test,B133,Pgph1,Eng,single,1,7,1.72,4.07,SPAN,61,77,77,61,0.792207792,40,40,138
B133_DL_Switch_Pgph1_EngOnly_longestoverlap_ISI_2_test,B133,Pgph1,Eng,single,2,8,2.48,3.22,SPAN,61,77,77,61,0.792207792,40,40,138
B133_DL_Switch_Pgph1_EngOnly_longestoverlap_ISI_3_test,B133,Pgph1,Eng,single,3,12,3.16,3.8,SPAN,61,77,77,61,0.792207792,40,40,138
B133_DL_Switch_Pgph1_EngOnly_longestoverlap_ISI_4_test,B133,Pgph1,Eng,single,4,5,1.3,3.85,SPAN,61,77,77,61,0.792207792,40,40,138
B133_DL_Switch_Pgph1_EngOnly_longestoverlap_ISI_5_test,B133,Pgph1,Eng,single,5,7,1.64,4.27,SPAN,61,77,77,61,0.792207792,40,40,138
B133_DL_Switch_Pgph1_EngOnly_longestoverlap_ISI_6_test,B133,Pgph1,Eng,single,6,9,2.64,3.41,SPAN,61,77,77,61,0.792207792,40,40,138
B133_DL_Switch_Pgph1_EngOnly_longestoverlap_ISI_7_test,B133,Pgph1,Eng,single,7,6,1.28,4.69,SPAN,61,77,77,61,0.792207792,40,40,138
B133_DL_Switch_Pgph1_EngOnly_longestoverlap_ISI_8_test,B133,Pgph1,Eng,single,8,5,2.14,2.34,SPAN,61,77,77,61,0.792207792,40,40,138
B133_DL_Switch_Pgph1_EngOnly_longestoverlap_ISI_9_test,B133,Pgph1,Eng,single,9,9,2.24,4.02,SPAN,61,77,77,61,0.792207792,40,40,138
B133_DL_Switch_Pgph1_EngOnly_longestoverlap_ISI_10_test,B133,Pgph1,Eng,single,10,7,1.26,5.55,SPAN,61,77,77,61,0.792207792,40,40,138
B133_DL_Switch_Pgph2_EngMatrix_longestoverlap_ISI_0_test,B133,Pgph2,Eng,mixed,0,8,2.32,3.45,SPAN,61,77,77,61,0.792207792,40,40,138
B133_DL_Switch_Pgph2_EngMatrix_longestoverlap_ISI_1_test,B133,Pgph2,Eng,mixed,1,6,2.16,2.78,SPAN,61,77,77,61,0.792207792,40,40,138
B133_DL_Switch_Pgph2_EngMatrix_longestoverlap_ISI_2_test,B133,Pgph2,Eng,mixed,2,7,1.66,4.22,SPAN,61,77,77,61,0.792207792,40,40,138
B133_DL_Switch_Pgph2_EngMatrix_longestoverlap_ISI_3_test,B133,Pgph2,Eng,mixed,3,3,0.86,3.49,SPAN,61,77,77,61,0.792207792,40,40,138
B133_DL_Switch_Pgph2_EngMatrix_longestoverlap_ISI_4_test,B133,Pgph2,Eng,mixed,4,10,3.98,2.51,SPAN,61,77,77,61,0.792207792,40,40,138
B133_DL_Switch_Pgph2_EngMatrix_longestoverlap_ISI_5_test,B133,Pgph2,Eng,mixed,5,11,3.42,3.22,SPAN,61,77,77,61,0.792207792,40,40,138
B133_DL_Switch_Pgph2_EngMatrix_longestoverlap_ISI_6_test,B133,Pgph2,Eng,mixed,6,3,1.06,2.83,SPAN,61,77,77,61,0.792207792,40,40,138
B133_DL_Switch_Pgph2_EngMatrix_longestoverlap_ISI_7_test,B133,Pgph2,Eng,mixed,7,11,2.8,3.93,SPAN,61,77,77,61,0.792207792,40,40,138
B133_DL_Switch_Pgph2_EngMatrix_longestoverlap_ISI_8_test,B133,Pgph2,Eng,mixed,8,7,1.88,3.72,SPAN,61,77,77,61,0.792207792,40,40,138
B133_DL_Switch_Pgph2_EngMatrix_longestoverlap_ISI_9_test,B133,Pgph2,Eng,mixed,9,8,2.34,3.42,SPAN,61,77,77,61,0.792207792,40,40,138
B133_DL_Switch_Pgph2_EngMatrix_longestoverlap_ISI_10_test,B133,Pgph2,Eng,mixed,10,8,3.04,2.63,SPAN,61,77,77,61,0.792207792,40,40,138
B133_DL_Switch_Pgph2_EngOnly_longestoverlap_ISI_0_test,B133,Pgph2,Eng,single,0,7,1.84,3.8,SPAN,61,77,77,61,0.792207792,40,40,138
B133_DL_Switch_Pgph2_EngOnly_longestoverlap_ISI_1_test,B133,Pgph2,Eng,single,1,6,2.2,2.73,SPAN,61,77,77,61,0.792207792,40,40,138
B133_DL_Switch_Pgph2_EngOnly_longestoverlap_ISI_2_test,B133,Pgph2,Eng,single,2,6,1.58,3.8,SPAN,61,77,77,61,0.792207792,40,40,138
B133_DL_Switch_Pgph2_EngOnly_longestoverlap_ISI_3_test,B133,Pgph2,Eng,single,3,5,0.86,5.81,SPAN,61,77,77,61,0.792207792,40,40,138
B133_DL_Switch_Pgph2_EngOnly_longestoverlap_ISI_4_test,B133,Pgph2,Eng,single,4,3,1.16,2.59,SPAN,61,77,77,61,0.792207792,40,40,138
B133_DL_Switch_Pgph2_EngOnly_longestoverlap_ISI_5_test,B133,Pgph2,Eng,single,5,12,2.68,4.48,SPAN,61,77,77,61,0.792207792,40,40,138
B133_DL_Switch_Pgph2_EngOnly_longestoverlap_ISI_6_test,B133,Pgph2,Eng,single,6,4,1.08,3.7,SPAN,61,77,77,61,0.792207792,40,40,138
B133_DL_Switch_Pgph2_EngOnly_longestoverlap_ISI_7_test,B133,Pgph2,Eng,single,7,9,2.38,3.78,SPAN,61,77,77,61,0.792207792,40,40,138
B133_DL_Switch_Pgph2_EngOnly_longestoverlap_ISI_8_test,B133,Pgph2,Eng,single,8,5,1.56,3.2,SPAN,61,77,77,61,0.792207792,40,40,138
B133_DL_Switch_Pgph2_EngOnly_longestoverlap_ISI_9_test,B133,Pgph2,Eng,single,9,7,1.94,3.61,SPAN,61,77,77,61,0.792207792,40,40,138
B133_DL_Switch_Pgph2_EngOnly_longestoverlap_ISI_10_test,B133,Pgph2,Eng,single,10,8,2.94,2.72,SPAN,61,77,77,61,0.792207792,40,40,138
B135_DL_Switch_Pgph1_EngMatrix_longestoverlap_ISI_0_test,B135,Pgph1,Eng,mixed,0,12,3.24,3.7,SPAN,53,76,76,53,0.697368421,13,13,128
B135_DL_Switch_Pgph1_EngMatrix_longestoverlap_ISI_1_test,B135,Pgph1,Eng,mixed,1,10,2.9,3.45,SPAN,53,76,76,53,0.697368421,13,13,128
B135_DL_Switch_Pgph1_EngMatrix_longestoverlap_ISI_2_test,B135,Pgph1,Eng,mixed,2,2,0.54,3.7,SPAN,53,76,76,53,0.697368421,13,13,128
B135_DL_Switch_Pgph1_EngMatrix_longestoverlap_ISI_3_test,B135,Pgph1,Eng,mixed,3,7,2.08,3.36,SPAN,53,76,76,53,0.697368421,13,13,128
B135_DL_Switch_Pgph1_EngMatrix_longestoverlap_ISI_4_test,B135,Pgph1,Eng,mixed,4,5,1.26,3.97,SPAN,53,76,76,53,0.697368421,13,13,128
B135_DL_Switch_Pgph1_EngMatrix_longestoverlap_ISI_5_test,B135,Pgph1,Eng,mixed,5,7,2.78,2.52,SPAN,53,76,76,53,0.697368421,13,13,128
B135_DL_Switch_Pgph1_EngMatrix_longestoverlap_ISI_6_test,B135,Pgph1,Eng,mixed,6,8,2.74,2.92,SPAN,53,76,76,53,0.697368421,13,13,128
B135_DL_Switch_Pgph1_EngMatrix_longestoverlap_ISI_7_test,B135,Pgph1,Eng,mixed,7,4,1.46,2.74,SPAN,53,76,76,53,0.697368421,13,13,128
B135_DL_Switch_Pgph1_EngMatrix_longestoverlap_ISI_8_test,B135,Pgph1,Eng,mixed,8,4,2.04,1.96,SPAN,53,76,76,53,0.697368421,13,13,128
B135_DL_Switch_Pgph1_EngMatrix_longestoverlap_ISI_9_test,B135,Pgph1,Eng,mixed,9,2,0.9,2.22,SPAN,53,76,76,53,0.697368421,13,13,128
B135_DL_Switch_Pgph1_EngMatrix_longestoverlap_ISI_10_test,B135,Pgph1,Eng,mixed,10,6,1.54,3.9,SPAN,53,76,76,53,0.697368421,13,13,128
B135_DL_Switch_Pgph1_EngOnly_longestoverlap_ISI_0_test,B135,Pgph1,Eng,single,0,8,2.34,3.42,SPAN,53,76,76,53,0.697368421,13,13,128
B135_DL_Switch_Pgph1_EngOnly_longestoverlap_ISI_1_test,B135,Pgph1,Eng,single,1,12,2.36,5.08,SPAN,53,76,76,53,0.697368421,13,13,128
B135_DL_Switch_Pgph1_EngOnly_longestoverlap_ISI_2_test,B135,Pgph1,Eng,single,2,2,0.7,2.86,SPAN,53,76,76,53,0.697368421,13,13,128
B135_DL_Switch_Pgph1_EngOnly_longestoverlap_ISI_3_test,B135,Pgph1,Eng,single,3,7,1.98,3.53,SPAN,53,76,76,53,0.697368421,13,13,128
B135_DL_Switch_Pgph1_EngOnly_longestoverlap_ISI_4_test,B135,Pgph1,Eng,single,4,4,1.12,3.57,SPAN,53,76,76,53,0.697368421,13,13,128
B135_DL_Switch_Pgph1_EngOnly_longestoverlap_ISI_5_test,B135,Pgph1,Eng,single,5,8,1.84,4.35,SPAN,53,76,76,53,0.697368421,13,13,128
B135_DL_Switch_Pgph1_EngOnly_longestoverlap_ISI_6_test,B135,Pgph1,Eng,single,6,7,2.3,3.04,SPAN,53,76,76,53,0.697368421,13,13,128
B135_DL_Switch_Pgph1_EngOnly_longestoverlap_ISI_7_test,B135,Pgph1,Eng,single,7,6,2.34,2.56,SPAN,53,76,76,53,0.697368421,13,13,128
B135_DL_Switch_Pgph1_EngOnly_longestoverlap_ISI_8_test,B135,Pgph1,Eng,single,8,4,1.12,3.57,SPAN,53,76,76,53,0.697368421,13,13,128
B135_DL_Switch_Pgph1_EngOnly_longestoverlap_ISI_9_test,B135,Pgph1,Eng,single,9,3,1.04,2.88,SPAN,53,76,76,53,0.697368421,13,13,128
B135_DL_Switch_Pgph1_EngOnly_longestoverlap_ISI_10_test,B135,Pgph1,Eng,single,10,5,1.24,4.03,SPAN,53,76,76,53,0.697368421,13,13,128
B135_DL_Switch_Pgph2_EngMatrix_longestoverlap_ISI_0_test,B135,Pgph2,Eng,mixed,0,10,2.88,3.47,SPAN,53,76,76,53,0.697368421,13,13,128
B135_DL_Switch_Pgph2_EngMatrix_longestoverlap_ISI_1_test,B135,Pgph2,Eng,mixed,1,4,1.12,3.57,SPAN,53,76,76,53,0.697368421,13,13,128
B135_DL_Switch_Pgph2_EngMatrix_longestoverlap_ISI_3_test,B135,Pgph2,Eng,mixed,3,4,1.1,3.64,SPAN,53,76,76,53,0.697368421,13,13,128
B135_DL_Switch_Pgph2_EngMatrix_longestoverlap_ISI_4_test,B135,Pgph2,Eng,mixed,4,9,1.9,4.74,SPAN,53,76,76,53,0.697368421,13,13,128
B135_DL_Switch_Pgph2_EngMatrix_longestoverlap_ISI_5_test,B135,Pgph2,Eng,mixed,5,8,1.86,4.3,SPAN,53,76,76,53,0.697368421,13,13,128
B135_DL_Switch_Pgph2_EngMatrix_longestoverlap_ISI_6_test,B135,Pgph2,Eng,mixed,6,5,1.44,3.47,SPAN,53,76,76,53,0.697368421,13,13,128
B135_DL_Switch_Pgph2_EngMatrix_longestoverlap_ISI_7_test,B135,Pgph2,Eng,mixed,7,3,1.18,2.54,SPAN,53,76,76,53,0.697368421,13,13,128
B135_DL_Switch_Pgph2_EngMatrix_longestoverlap_ISI_8_test,B135,Pgph2,Eng,mixed,8,4,1.34,2.98,SPAN,53,76,76,53,0.697368421,13,13,128
B135_DL_Switch_Pgph2_EngMatrix_longestoverlap_ISI_9_test,B135,Pgph2,Eng,mixed,9,6,1.46,4.11,SPAN,53,76,76,53,0.697368421,13,13,128
B135_DL_Switch_Pgph2_EngMatrix_longestoverlap_ISI_10_test,B135,Pgph2,Eng,mixed,10,4,1.32,3.03,SPAN,53,76,76,53,0.697368421,13,13,128
B135_DL_Switch_Pgph2_EngOnly_longestoverlap_ISI_0_test,B135,Pgph2,Eng,single,0,11,2.64,4.17,SPAN,53,76,76,53,0.697368421,13,13,128
B135_DL_Switch_Pgph2_EngOnly_longestoverlap_ISI_1_test,B135,Pgph2,Eng,single,1,5,1.96,2.55,SPAN,53,76,76,53,0.697368421,13,13,128
B135_DL_Switch_Pgph2_EngOnly_longestoverlap_ISI_3_test,B135,Pgph2,Eng,single,3,3,0.8,3.75,SPAN,53,76,76,53,0.697368421,13,13,128
B135_DL_Switch_Pgph2_EngOnly_longestoverlap_ISI_4_test,B135,Pgph2,Eng,single,4,8,1.7,4.71,SPAN,53,76,76,53,0.697368421,13,13,128
B135_DL_Switch_Pgph2_EngOnly_longestoverlap_ISI_5_test,B135,Pgph2,Eng,single,5,9,1.98,4.55,SPAN,53,76,76,53,0.697368421,13,13,128
B135_DL_Switch_Pgph2_EngOnly_longestoverlap_ISI_6_test,B135,Pgph2,Eng,single,6,6,1.54,3.9,SPAN,53,76,76,53,0.697368421,13,13,128
B135_DL_Switch_Pgph2_EngOnly_longestoverlap_ISI_7_test,B135,Pgph2,Eng,single,7,3,1.2,2.5,SPAN,53,76,76,53,0.697368421,13,13,128
B135_DL_Switch_Pgph2_EngOnly_longestoverlap_ISI_8_test,B135,Pgph2,Eng,single,8,5,1.22,4.1,SPAN,53,76,76,53,0.697368421,13,13,128
B135_DL_Switch_Pgph2_EngOnly_longestoverlap_ISI_9_test,B135,Pgph2,Eng,single,9,7,1.68,4.17,SPAN,53,76,76,53,0.697368421,13,13,128
B135_DL_Switch_Pgph2_EngOnly_longestoverlap_ISI_10_test,B135,Pgph2,Eng,single,10,5,1.34,3.73,SPAN,53,76,76,53,0.697368421,13,13,128
B136_DL_Switch_Pgph1_EngMatrix_longestoverlap_ISI_0_test,B136,Pgph1,Eng,mixed,0,6,2.28,2.63,SPAN,46,71,71,46,0.647887324,11,11,133
B136_DL_Switch_Pgph1_EngMatrix_longestoverlap_ISI_1_test,B136,Pgph1,Eng,mixed,1,8,2.26,3.54,SPAN,46,71,71,46,0.647887324,11,11,133
B136_DL_Switch_Pgph1_EngMatrix_longestoverlap_ISI_2_test,B136,Pgph1,Eng,mixed,2,7,1.82,3.85,SPAN,46,71,71,46,0.647887324,11,11,133
B136_DL_Switch_Pgph1_EngMatrix_longestoverlap_ISI_3_test,B136,Pgph1,Eng,mixed,3,4,1.3,3.08,SPAN,46,71,71,46,0.647887324,11,11,133
B136_DL_Switch_Pgph1_EngMatrix_longestoverlap_ISI_4_test,B136,Pgph1,Eng,mixed,4,4,1.46,2.74,SPAN,46,71,71,46,0.647887324,11,11,133
B136_DL_Switch_Pgph1_EngMatrix_longestoverlap_ISI_5_test,B136,Pgph1,Eng,mixed,5,10,3.12,3.2,SPAN,46,71,71,46,0.647887324,11,11,133
B136_DL_Switch_Pgph1_EngMatrix_longestoverlap_ISI_6_test,B136,Pgph1,Eng,mixed,6,5,2.66,1.88,SPAN,46,71,71,46,0.647887324,11,11,133
B136_DL_Switch_Pgph1_EngMatrix_longestoverlap_ISI_7_test,B136,Pgph1,Eng,mixed,7,4,1.82,2.2,SPAN,46,71,71,46,0.647887324,11,11,133
B136_DL_Switch_Pgph1_EngMatrix_longestoverlap_ISI_8_test,B136,Pgph1,Eng,mixed,8,5,2.06,2.43,SPAN,46,71,71,46,0.647887324,11,11,133
B136_DL_Switch_Pgph1_EngMatrix_longestoverlap_ISI_9_test,B136,Pgph1,Eng,mixed,9,7,2.14,3.27,SPAN,46,71,71,46,0.647887324,11,11,133
B136_DL_Switch_Pgph1_EngMatrix_longestoverlap_ISI_10_test,B136,Pgph1,Eng,mixed,10,4,1.58,2.53,SPAN,46,71,71,46,0.647887324,11,11,133
B136_DL_Switch_Pgph1_EngOnly_longestoverlap_ISI_0_test,B136,Pgph1,Eng,single,0,7,2.6,2.69,SPAN,46,71,71,46,0.647887324,11,11,133
B136_DL_Switch_Pgph1_EngOnly_longestoverlap_ISI_1_test,B136,Pgph1,Eng,single,1,7,2.02,3.46,SPAN,46,71,71,46,0.647887324,11,11,133
B136_DL_Switch_Pgph1_EngOnly_longestoverlap_ISI_2_test,B136,Pgph1,Eng,single,2,5,1.46,3.42,SPAN,46,71,71,46,0.647887324,11,11,133
B136_DL_Switch_Pgph1_EngOnly_longestoverlap_ISI_3_test,B136,Pgph1,Eng,single,3,4,1.16,3.45,SPAN,46,71,71,46,0.647887324,11,11,133
B136_DL_Switch_Pgph1_EngOnly_longestoverlap_ISI_4_test,B136,Pgph1,Eng,single,4,4,1.52,2.63,SPAN,46,71,71,46,0.647887324,11,11,133
B136_DL_Switch_Pgph1_EngOnly_longestoverlap_ISI_5_test,B136,Pgph1,Eng,single,5,8,1.96,4.08,SPAN,46,71,71,46,0.647887324,11,11,133
B136_DL_Switch_Pgph1_EngOnly_longestoverlap_ISI_6_test,B136,Pgph1,Eng,single,6,9,3.34,2.69,SPAN,46,71,71,46,0.647887324,11,11,133
B136_DL_Switch_Pgph1_EngOnly_longestoverlap_ISI_7_test,B136,Pgph1,Eng,single,7,6,1.58,3.8,SPAN,46,71,71,46,0.647887324,11,11,133
B136_DL_Switch_Pgph1_EngOnly_longestoverlap_ISI_8_test,B136,Pgph1,Eng,single,8,4,1.12,3.57,SPAN,46,71,71,46,0.647887324,11,11,133
B136_DL_Switch_Pgph1_EngOnly_longestoverlap_ISI_9_test,B136,Pgph1,Eng,single,9,9,2.78,3.24,SPAN,46,71,71,46,0.647887324,11,11,133
B136_DL_Switch_Pgph1_EngOnly_longestoverlap_ISI_10_test,B136,Pgph1,Eng,single,10,6,1.64,3.66,SPAN,46,71,71,46,0.647887324,11,11,133
B136_DL_Switch_Pgph2_EngMatrix_longestoverlap_ISI_0_test,B136,Pgph2,Eng,mixed,0,9,2.58,3.49,SPAN,46,71,71,46,0.647887324,11,11,133
B136_DL_Switch_Pgph2_EngMatrix_longestoverlap_ISI_1_test,B136,Pgph2,Eng,mixed,1,3,1.2,2.5,SPAN,46,71,71,46,0.647887324,11,11,133
B136_DL_Switch_Pgph2_EngMatrix_longestoverlap_ISI_2_test,B136,Pgph2,Eng,mixed,2,2,1.04,1.92,SPAN,46,71,71,46,0.647887324,11,11,133
B136_DL_Switch_Pgph2_EngMatrix_longestoverlap_ISI_3_test,B136,Pgph2,Eng,mixed,3,3,0.86,3.49,SPAN,46,71,71,46,0.647887324,11,11,133
B136_DL_Switch_Pgph2_EngMatrix_longestoverlap_ISI_4_test,B136,Pgph2,Eng,mixed,4,6,1.08,5.55,SPAN,46,71,71,46,0.647887324,11,11,133
B136_DL_Switch_Pgph2_EngMatrix_longestoverlap_ISI_5_test,B136,Pgph2,Eng,mixed,5,11,2.72,4.04,SPAN,46,71,71,46,0.647887324,11,11,133
B136_DL_Switch_Pgph2_EngMatrix_longestoverlap_ISI_6_test,B136,Pgph2,Eng,mixed,6,2,0.96,2.08,SPAN,46,71,71,46,0.647887324,11,11,133
B136_DL_Switch_Pgph2_EngMatrix_longestoverlap_ISI_7_test,B136,Pgph2,Eng,mixed,7,10,2.58,3.88,SPAN,46,71,71,46,0.647887324,11,11,133
B136_DL_Switch_Pgph2_EngMatrix_longestoverlap_ISI_8_test,B136,Pgph2,Eng,mixed,8,2,1,2,SPAN,46,71,71,46,0.647887324,11,11,133
B136_DL_Switch_Pgph2_EngMatrix_longestoverlap_ISI_9_test,B136,Pgph2,Eng,mixed,9,4,1.4,2.86,SPAN,46,71,71,46,0.647887324,11,11,133
B136_DL_Switch_Pgph2_EngMatrix_longestoverlap_ISI_10_test,B136,Pgph2,Eng,mixed,10,6,1.6,3.75,SPAN,46,71,71,46,0.647887324,11,11,133
B136_DL_Switch_Pgph2_EngOnly_longestoverlap_ISI_0_test,B136,Pgph2,Eng,single,0,9,2.26,3.98,SPAN,46,71,71,46,0.647887324,11,11,133
B136_DL_Switch_Pgph2_EngOnly_longestoverlap_ISI_1_test,B136,Pgph2,Eng,single,1,3,1.24,2.42,SPAN,46,71,71,46,0.647887324,11,11,133
B136_DL_Switch_Pgph2_EngOnly_longestoverlap_ISI_2_test,B136,Pgph2,Eng,single,2,2,1.1,1.82,SPAN,46,71,71,46,0.647887324,11,11,133
B136_DL_Switch_Pgph2_EngOnly_longestoverlap_ISI_3_test,B136,Pgph2,Eng,single,3,3,1.2,2.5,SPAN,46,71,71,46,0.647887324,11,11,133
B136_DL_Switch_Pgph2_EngOnly_longestoverlap_ISI_4_test,B136,Pgph2,Eng,single,4,5,1.1,4.54,SPAN,46,71,71,46,0.647887324,11,11,133
B136_DL_Switch_Pgph2_EngOnly_longestoverlap_ISI_5_test,B136,Pgph2,Eng,single,5,10,2.82,3.55,SPAN,46,71,71,46,0.647887324,11,11,133
B136_DL_Switch_Pgph2_EngOnly_longestoverlap_ISI_6_test,B136,Pgph2,Eng,single,6,3,0.8,3.75,SPAN,46,71,71,46,0.647887324,11,11,133
B136_DL_Switch_Pgph2_EngOnly_longestoverlap_ISI_7_test,B136,Pgph2,Eng,single,7,9,2.7,3.33,SPAN,46,71,71,46,0.647887324,11,11,133
B136_DL_Switch_Pgph2_EngOnly_longestoverlap_ISI_8_test,B136,Pgph2,Eng,single,8,2,0.78,2.56,SPAN,46,71,71,46,0.647887324,11,11,133
B136_DL_Switch_Pgph2_EngOnly_longestoverlap_ISI_9_test,B136,Pgph2,Eng,single,9,4,1.44,2.78,SPAN,46,71,71,46,0.647887324,11,11,133
B136_DL_Switch_Pgph2_EngOnly_longestoverlap_ISI_10_test,B136,Pgph2,Eng,single,10,5,1.46,3.42,SPAN,46,71,71,46,0.647887324,11,11,133
B137_DL_Switch_Pgph1_EngMatrix_longestoverlap_ISI_0_test,B137,Pgph1,Eng,mixed,0,4,1.52,2.63,SPAN,53,78,78,53,0.679487179,8,8,137
B137_DL_Switch_Pgph1_EngMatrix_longestoverlap_ISI_1_test,B137,Pgph1,Eng,mixed,1,6,1.92,3.12,SPAN,53,78,78,53,0.679487179,8,8,137
B137_DL_Switch_Pgph1_EngMatrix_longestoverlap_ISI_2_test,B137,Pgph1,Eng,mixed,2,5,1.32,3.79,SPAN,53,78,78,53,0.679487179,8,8,137
B137_DL_Switch_Pgph1_EngMatrix_longestoverlap_ISI_3_test,B137,Pgph1,Eng,mixed,3,8,2.44,3.28,SPAN,53,78,78,53,0.679487179,8,8,137
B137_DL_Switch_Pgph1_EngMatrix_longestoverlap_ISI_4_test,B137,Pgph1,Eng,mixed,4,8,1.42,5.63,SPAN,53,78,78,53,0.679487179,8,8,137
B137_DL_Switch_Pgph1_EngMatrix_longestoverlap_ISI_5_test,B137,Pgph1,Eng,mixed,5,9,2.18,4.13,SPAN,53,78,78,53,0.679487179,8,8,137
B137_DL_Switch_Pgph1_EngMatrix_longestoverlap_ISI_6_test,B137,Pgph1,Eng,mixed,6,10,2.38,4.2,SPAN,53,78,78,53,0.679487179,8,8,137
B137_DL_Switch_Pgph1_EngMatrix_longestoverlap_ISI_7_test,B137,Pgph1,Eng,mixed,7,6,1.84,3.26,SPAN,53,78,78,53,0.679487179,8,8,137
B137_DL_Switch_Pgph1_EngMatrix_longestoverlap_ISI_8_test,B137,Pgph1,Eng,mixed,8,9,2.62,3.43,SPAN,53,78,78,53,0.679487179,8,8,137
B137_DL_Switch_Pgph1_EngMatrix_longestoverlap_ISI_9_test,B137,Pgph1,Eng,mixed,9,12,3,4,SPAN,53,78,78,53,0.679487179,8,8,137
B137_DL_Switch_Pgph1_EngMatrix_longestoverlap_ISI_10_test,B137,Pgph1,Eng,mixed,10,7,1.48,4.73,SPAN,53,78,78,53,0.679487179,8,8,137
B137_DL_Switch_Pgph1_EngOnly_longestoverlap_ISI_0_test,B137,Pgph1,Eng,single,0,5,1.28,3.91,SPAN,53,78,78,53,0.679487179,8,8,137
B137_DL_Switch_Pgph1_EngOnly_longestoverlap_ISI_1_test,B137,Pgph1,Eng,single,1,7,1.68,4.17,SPAN,53,78,78,53,0.679487179,8,8,137
B137_DL_Switch_Pgph1_EngOnly_longestoverlap_ISI_2_test,B137,Pgph1,Eng,single,2,7,1.44,4.86,SPAN,53,78,78,53,0.679487179,8,8,137
B137_DL_Switch_Pgph1_EngOnly_longestoverlap_ISI_3_test,B137,Pgph1,Eng,single,3,8,2.02,3.96,SPAN,53,78,78,53,0.679487179,8,8,137
B137_DL_Switch_Pgph1_EngOnly_longestoverlap_ISI_4_test,B137,Pgph1,Eng,single,4,5,1.32,3.79,SPAN,53,78,78,53,0.679487179,8,8,137
B137_DL_Switch_Pgph1_EngOnly_longestoverlap_ISI_5_test,B137,Pgph1,Eng,single,5,8,1.9,4.21,SPAN,53,78,78,53,0.679487179,8,8,137
B137_DL_Switch_Pgph1_EngOnly_longestoverlap_ISI_6_test,B137,Pgph1,Eng,single,6,8,2.42,3.31,SPAN,53,78,78,53,0.679487179,8,8,137
B137_DL_Switch_Pgph1_EngOnly_longestoverlap_ISI_7_test,B137,Pgph1,Eng,single,7,6,1.5,4,SPAN,53,78,78,53,0.679487179,8,8,137
B137_DL_Switch_Pgph1_EngOnly_longestoverlap_ISI_8_test,B137,Pgph1,Eng,single,8,12,2.46,4.88,SPAN,53,78,78,53,0.679487179,8,8,137
B137_DL_Switch_Pgph1_EngOnly_longestoverlap_ISI_9_test,B137,Pgph1,Eng,single,9,15,3.1,4.84,SPAN,53,78,78,53,0.679487179,8,8,137
B137_DL_Switch_Pgph1_EngOnly_longestoverlap_ISI_10_test,B137,Pgph1,Eng,single,10,7,1.48,4.73,SPAN,53,78,78,53,0.679487179,8,8,137
B137_DL_Switch_Pgph2_EngMatrix_longestoverlap_ISI_0_test,B137,Pgph2,Eng,mixed,0,16,4.5,3.55,SPAN,53,78,78,53,0.679487179,8,8,137
B137_DL_Switch_Pgph2_EngMatrix_longestoverlap_ISI_1_test,B137,Pgph2,Eng,mixed,1,9,2.06,4.37,SPAN,53,78,78,53,0.679487179,8,8,137
B137_DL_Switch_Pgph2_EngMatrix_longestoverlap_ISI_2_test,B137,Pgph2,Eng,mixed,2,2,1.1,1.82,SPAN,53,78,78,53,0.679487179,8,8,137
B137_DL_Switch_Pgph2_EngMatrix_longestoverlap_ISI_3_test,B137,Pgph2,Eng,mixed,3,3,0.88,3.41,SPAN,53,78,78,53,0.679487179,8,8,137
B137_DL_Switch_Pgph2_EngMatrix_longestoverlap_ISI_4_test,B137,Pgph2,Eng,mixed,4,6,1.4,4.28,SPAN,53,78,78,53,0.679487179,8,8,137
B137_DL_Switch_Pgph2_EngMatrix_longestoverlap_ISI_5_test,B137,Pgph2,Eng,mixed,5,15,3.74,4.01,SPAN,53,78,78,53,0.679487179,8,8,137
B137_DL_Switch_Pgph2_EngMatrix_longestoverlap_ISI_6_test,B137,Pgph2,Eng,mixed,6,3,0.92,3.26,SPAN,53,78,78,53,0.679487179,8,8,137
B137_DL_Switch_Pgph2_EngMatrix_longestoverlap_ISI_7_test,B137,Pgph2,Eng,mixed,7,13,2.96,4.39,SPAN,53,78,78,53,0.679487179,8,8,137
B137_DL_Switch_Pgph2_EngMatrix_longestoverlap_ISI_8_test,B137,Pgph2,Eng,mixed,8,2,0.72,2.78,SPAN,53,78,78,53,0.679487179,8,8,137
B137_DL_Switch_Pgph2_EngMatrix_longestoverlap_ISI_9_test,B137,Pgph2,Eng,mixed,9,16,4.44,3.6,SPAN,53,78,78,53,0.679487179,8,8,137
B137_DL_Switch_Pgph2_EngMatrix_longestoverlap_ISI_10_test,B137,Pgph2,Eng,mixed,10,8,1.86,4.3,SPAN,53,78,78,53,0.679487179,8,8,137
B137_DL_Switch_Pgph2_EngOnly_longestoverlap_ISI_0_test,B137,Pgph2,Eng,single,0,18,4.04,4.45,SPAN,53,78,78,53,0.679487179,8,8,137
B137_DL_Switch_Pgph2_EngOnly_longestoverlap_ISI_1_test,B137,Pgph2,Eng,single,1,9,1.98,4.54,SPAN,53,78,78,53,0.679487179,8,8,137
B137_DL_Switch_Pgph2_EngOnly_longestoverlap_ISI_2_test,B137,Pgph2,Eng,single,2,2,0.68,2.94,SPAN,53,78,78,53,0.679487179,8,8,137
B137_DL_Switch_Pgph2_EngOnly_longestoverlap_ISI_3_test,B137,Pgph2,Eng,single,3,3,0.76,3.95,SPAN,53,78,78,53,0.679487179,8,8,137
B137_DL_Switch_Pgph2_EngOnly_longestoverlap_ISI_4_test,B137,Pgph2,Eng,single,4,6,1.3,4.61,SPAN,53,78,78,53,0.679487179,8,8,137
B137_DL_Switch_Pgph2_EngOnly_longestoverlap_ISI_5_test,B137,Pgph2,Eng,single,5,11,3.42,3.22,SPAN,53,78,78,53,0.679487179,8,8,137
B137_DL_Switch_Pgph2_EngOnly_longestoverlap_ISI_6_test,B137,Pgph2,Eng,single,6,2,0.8,2.5,SPAN,53,78,78,53,0.679487179,8,8,137
B137_DL_Switch_Pgph2_EngOnly_longestoverlap_ISI_7_test,B137,Pgph2,Eng,single,7,11,2.48,4.43,SPAN,53,78,78,53,0.679487179,8,8,137
B137_DL_Switch_Pgph2_EngOnly_longestoverlap_ISI_8_test,B137,Pgph2,Eng,single,8,2,0.6,3.33,SPAN,53,78,78,53,0.679487179,8,8,137
B137_DL_Switch_Pgph2_EngOnly_longestoverlap_ISI_9_test,B137,Pgph2,Eng,single,9,14,3.82,3.66,SPAN,53,78,78,53,0.679487179,8,8,137
B137_DL_Switch_Pgph2_EngOnly_longestoverlap_ISI_10_test,B137,Pgph2,Eng,single,10,7,1.6,4.37,SPAN,53,78,78,53,0.679487179,8,8,137
B138_DL_Switch_Pgph1_EngMatrix_longestoverlap_ISI_0_test,B138,Pgph1,Eng,mixed,0,12,5.3,2.26,ENG,78,71,78,71,0.91025641,5,0,136
B138_DL_Switch_Pgph1_EngMatrix_longestoverlap_ISI_1_test,B138,Pgph1,Eng,mixed,1,8,1.9,4.21,ENG,78,71,78,71,0.91025641,5,0,136
B138_DL_Switch_Pgph1_EngMatrix_longestoverlap_ISI_2_test,B138,Pgph1,Eng,mixed,2,9,2.32,3.88,ENG,78,71,78,71,0.91025641,5,0,136
B138_DL_Switch_Pgph1_EngMatrix_longestoverlap_ISI_3_test,B138,Pgph1,Eng,mixed,3,6,1.84,3.26,ENG,78,71,78,71,0.91025641,5,0,136
B138_DL_Switch_Pgph1_EngMatrix_longestoverlap_ISI_4_test,B138,Pgph1,Eng,mixed,4,4,1.18,3.39,ENG,78,71,78,71,0.91025641,5,0,136
B138_DL_Switch_Pgph1_EngMatrix_longestoverlap_ISI_5_test,B138,Pgph1,Eng,mixed,5,11,3.62,3.04,ENG,78,71,78,71,0.91025641,5,0,136
B138_DL_Switch_Pgph1_EngMatrix_longestoverlap_ISI_6_test,B138,Pgph1,Eng,mixed,6,7,1.76,3.98,ENG,78,71,78,71,0.91025641,5,0,136
B138_DL_Switch_Pgph1_EngMatrix_longestoverlap_ISI_7_test,B138,Pgph1,Eng,mixed,7,4,1.3,3.08,ENG,78,71,78,71,0.91025641,5,0,136
B138_DL_Switch_Pgph1_EngMatrix_longestoverlap_ISI_8_test,B138,Pgph1,Eng,mixed,8,14,3.48,4.02,ENG,78,71,78,71,0.91025641,5,0,136
B138_DL_Switch_Pgph1_EngMatrix_longestoverlap_ISI_9_test,B138,Pgph1,Eng,mixed,9,9,2.48,3.63,ENG,78,71,78,71,0.91025641,5,0,136
B138_DL_Switch_Pgph1_EngMatrix_longestoverlap_ISI_10_test,B138,Pgph1,Eng,mixed,10,5,1.3,3.85,ENG,78,71,78,71,0.91025641,5,0,136
B138_DL_Switch_Pgph1_EngOnly_longestoverlap_ISI_0_test,B138,Pgph1,Eng,single,0,9,2.14,4.2,ENG,78,71,78,71,0.91025641,5,0,136
B138_DL_Switch_Pgph1_EngOnly_longestoverlap_ISI_1_test,B138,Pgph1,Eng,single,1,4,1.26,3.17,ENG,78,71,78,71,0.91025641,5,0,136
B138_DL_Switch_Pgph1_EngOnly_longestoverlap_ISI_2_test,B138,Pgph1,Eng,single,2,9,2.04,4.41,ENG,78,71,78,71,0.91025641,5,0,136
B138_DL_Switch_Pgph1_EngOnly_longestoverlap_ISI_3_test,B138,Pgph1,Eng,single,3,5,1.46,3.42,ENG,78,71,78,71,0.91025641,5,0,136
B138_DL_Switch_Pgph1_EngOnly_longestoverlap_ISI_4_test,B138,Pgph1,Eng,single,4,4,1.1,3.64,ENG,78,71,78,71,0.91025641,5,0,136
B138_DL_Switch_Pgph1_EngOnly_longestoverlap_ISI_5_test,B138,Pgph1,Eng,single,5,12,3.02,3.97,ENG,78,71,78,71,0.91025641,5,0,136
B138_DL_Switch_Pgph1_EngOnly_longestoverlap_ISI_6_test,B138,Pgph1,Eng,single,6,5,1.7,2.94,ENG,78,71,78,71,0.91025641,5,0,136
B138_DL_Switch_Pgph1_EngOnly_longestoverlap_ISI_7_test,B138,Pgph1,Eng,single,7,5,1.26,3.97,ENG,78,71,78,71,0.91025641,5,0,136
B138_DL_Switch_Pgph1_EngOnly_longestoverlap_ISI_8_test,B138,Pgph1,Eng,single,8,14,3.3,4.24,ENG,78,71,78,71,0.91025641,5,0,136
B138_DL_Switch_Pgph1_EngOnly_longestoverlap_ISI_9_test,B138,Pgph1,Eng,single,9,7,1.52,4.6,ENG,78,71,78,71,0.91025641,5,0,136
B138_DL_Switch_Pgph1_EngOnly_longestoverlap_ISI_10_test,B138,Pgph1,Eng,single,10,3,0.76,3.95,ENG,78,71,78,71,0.91025641,5,0,136
B138_DL_Switch_Pgph2_EngMatrix_longestoverlap_ISI_0_test,B138,Pgph2,Eng,mixed,0,11,2.86,3.85,ENG,78,71,78,71,0.91025641,5,0,136
B138_DL_Switch_Pgph2_EngMatrix_longestoverlap_ISI_1_test,B138,Pgph2,Eng,mixed,1,2,1.1,1.82,ENG,78,71,78,71,0.91025641,5,0,136
B138_DL_Switch_Pgph2_EngMatrix_longestoverlap_ISI_3_test,B138,Pgph2,Eng,mixed,3,3,0.72,4.17,ENG,78,71,78,71,0.91025641,5,0,136
B138_DL_Switch_Pgph2_EngMatrix_longestoverlap_ISI_4_test,B138,Pgph2,Eng,mixed,4,8,1.64,4.88,ENG,78,71,78,71,0.91025641,5,0,136
B138_DL_Switch_Pgph2_EngMatrix_longestoverlap_ISI_5_test,B138,Pgph2,Eng,mixed,5,7,1.82,3.85,ENG,78,71,78,71,0.91025641,5,0,136
B138_DL_Switch_Pgph2_EngMatrix_longestoverlap_ISI_6_test,B138,Pgph2,Eng,mixed,6,6,1.54,3.89,ENG,78,71,78,71,0.91025641,5,0,136
B138_DL_Switch_Pgph2_EngMatrix_longestoverlap_ISI_7_test,B138,Pgph2,Eng,mixed,7,7,1.62,4.32,ENG,78,71,78,71,0.91025641,5,0,136
B138_DL_Switch_Pgph2_EngMatrix_longestoverlap_ISI_8_test,B138,Pgph2,Eng,mixed,8,4,1.24,3.22,ENG,78,71,78,71,0.91025641,5,0,136
B138_DL_Switch_Pgph2_EngMatrix_longestoverlap_ISI_9_test,B138,Pgph2,Eng,mixed,9,8,2.74,2.92,ENG,78,71,78,71,0.91025641,5,0,136
B138_DL_Switch_Pgph2_EngMatrix_longestoverlap_ISI_10_test,B138,Pgph2,Eng,mixed,10,3,0.98,3.06,ENG,78,71,78,71,0.91025641,5,0,136
B138_DL_Switch_Pgph2_EngOnly_longestoverlap_ISI_0_test,B138,Pgph2,Eng,single,0,10,2.72,3.68,ENG,78,71,78,71,0.91025641,5,0,136
B138_DL_Switch_Pgph2_EngOnly_longestoverlap_ISI_1_test,B138,Pgph2,Eng,single,1,4,1.12,3.57,ENG,78,71,78,71,0.91025641,5,0,136
B138_DL_Switch_Pgph2_EngOnly_longestoverlap_ISI_3_test,B138,Pgph2,Eng,single,3,3,0.68,4.41,ENG,78,71,78,71,0.91025641,5,0,136
B138_DL_Switch_Pgph2_EngOnly_longestoverlap_ISI_4_test,B138,Pgph2,Eng,single,4,6,1.7,3.53,ENG,78,71,78,71,0.91025641,5,0,136
B138_DL_Switch_Pgph2_EngOnly_longestoverlap_ISI_5_test,B138,Pgph2,Eng,single,5,8,2.06,3.88,ENG,78,71,78,71,0.91025641,5,0,136
B138_DL_Switch_Pgph2_EngOnly_longestoverlap_ISI_6_test,B138,Pgph2,Eng,single,6,7,1.66,4.22,ENG,78,71,78,71,0.91025641,5,0,136
B138_DL_Switch_Pgph2_EngOnly_longestoverlap_ISI_7_test,B138,Pgph2,Eng,single,7,9,1.52,5.92,ENG,78,71,78,71,0.91025641,5,0,136
B138_DL_Switch_Pgph2_EngOnly_longestoverlap_ISI_8_test,B138,Pgph2,Eng,single,8,4,1.18,3.39,ENG,78,71,78,71,0.91025641,5,0,136
B138_DL_Switch_Pgph2_EngOnly_longestoverlap_ISI_9_test,B138,Pgph2,Eng,single,9,8,2.82,2.84,ENG,78,71,78,71,0.91025641,5,0,136
B138_DL_Switch_Pgph2_EngOnly_longestoverlap_ISI_10_test,B138,Pgph2,Eng,single,10,4,0.96,4.17,ENG,78,71,78,71,0.91025641,5,0,136
B139_DL_Switch_Pgph1_EngMatrix_longestoverlap_ISI_0_test,B139,Pgph1,Eng,mixed,0,4,1.48,2.7,ENG,73,58,73,58,0.794520548,5,0,136
B139_DL_Switch_Pgph1_EngMatrix_longestoverlap_ISI_1_test,B139,Pgph1,Eng,mixed,1,10,2.9,3.45,ENG,73,58,73,58,0.794520548,5,0,136
B139_DL_Switch_Pgph1_EngMatrix_longestoverlap_ISI_2_test,B139,Pgph1,Eng,mixed,2,6,1.44,4.17,ENG,73,58,73,58,0.794520548,5,0,136
B139_DL_Switch_Pgph1_EngMatrix_longestoverlap_ISI_3_test,B139,Pgph1,Eng,mixed,3,7,2.34,2.99,ENG,73,58,73,58,0.794520548,5,0,136
B139_DL_Switch_Pgph1_EngMatrix_longestoverlap_ISI_4_test,B139,Pgph1,Eng,mixed,4,6,1.34,4.48,ENG,73,58,73,58,0.794520548,5,0,136
B139_DL_Switch_Pgph1_EngMatrix_longestoverlap_ISI_5_test,B139,Pgph1,Eng,mixed,5,7,2.08,3.36,ENG,73,58,73,58,0.794520548,5,0,136
B139_DL_Switch_Pgph1_EngMatrix_longestoverlap_ISI_6_test,B139,Pgph1,Eng,mixed,6,9,2.44,3.69,ENG,73,58,73,58,0.794520548,5,0,136
B139_DL_Switch_Pgph1_EngMatrix_longestoverlap_ISI_7_test,B139,Pgph1,Eng,mixed,7,4,1.54,2.6,ENG,73,58,73,58,0.794520548,5,0,136
B139_DL_Switch_Pgph1_EngMatrix_longestoverlap_ISI_8_test,B139,Pgph1,Eng,mixed,8,4,1.22,3.28,ENG,73,58,73,58,0.794520548,5,0,136
B139_DL_Switch_Pgph1_EngMatrix_longestoverlap_ISI_9_test,B139,Pgph1,Eng,mixed,9,7,2.26,3.1,ENG,73,58,73,58,0.794520548,5,0,136
B139_DL_Switch_Pgph1_EngMatrix_longestoverlap_ISI_10_test,B139,Pgph1,Eng,mixed,10,6,1.6,3.75,ENG,73,58,73,58,0.794520548,5,0,136
B139_DL_Switch_Pgph1_EngOnly_longestoverlap_ISI_0_test,B139,Pgph1,Eng,single,0,4,1.26,3.17,ENG,73,58,73,58,0.794520548,5,0,136
B139_DL_Switch_Pgph1_EngOnly_longestoverlap_ISI_1_test,B139,Pgph1,Eng,single,1,10,2.76,3.62,ENG,73,58,73,58,0.794520548,5,0,136
B139_DL_Switch_Pgph1_EngOnly_longestoverlap_ISI_2_test,B139,Pgph1,Eng,single,2,5,1.24,4.03,ENG,73,58,73,58,0.794520548,5,0,136
B139_DL_Switch_Pgph1_EngOnly_longestoverlap_ISI_3_test,B139,Pgph1,Eng,single,3,7,1.94,3.61,ENG,73,58,73,58,0.794520548,5,0,136
B139_DL_Switch_Pgph1_EngOnly_longestoverlap_ISI_4_test,B139,Pgph1,Eng,single,4,6,1.34,4.48,ENG,73,58,73,58,0.794520548,5,0,136
B139_DL_Switch_Pgph1_EngOnly_longestoverlap_ISI_5_test,B139,Pgph1,Eng,single,5,9,2.06,4.37,ENG,73,58,73,58,0.794520548,5,0,136
B139_DL_Switch_Pgph1_EngOnly_longestoverlap_ISI_6_test,B139,Pgph1,Eng,single,6,9,2.3,3.91,ENG,73,58,73,58,0.794520548,5,0,136
B139_DL_Switch_Pgph1_EngOnly_longestoverlap_ISI_7_test,B139,Pgph1,Eng,single,7,5,1.5,3.33,ENG,73,58,73,58,0.794520548,5,0,136
B139_DL_Switch_Pgph1_EngOnly_longestoverlap_ISI_8_test,B139,Pgph1,Eng,single,8,5,1.12,4.46,ENG,73,58,73,58,0.794520548,5,0,136
B139_DL_Switch_Pgph1_EngOnly_longestoverlap_ISI_9_test,B139,Pgph1,Eng,single,9,8,1.88,4.25,ENG,73,58,73,58,0.794520548,5,0,136
B139_DL_Switch_Pgph1_EngOnly_longestoverlap_ISI_10_test,B139,Pgph1,Eng,single,10,6,1.58,3.8,ENG,73,58,73,58,0.794520548,5,0,136
B139_DL_Switch_Pgph2_EngMatrix_longestoverlap_ISI_0_test,B139,Pgph2,Eng,mixed,0,14,4.06,3.45,ENG,73,58,73,58,0.794520548,5,0,136
B139_DL_Switch_Pgph2_EngMatrix_longestoverlap_ISI_1_test,B139,Pgph2,Eng,mixed,1,15,3.3,4.54,ENG,73,58,73,58,0.794520548,5,0,136
B139_DL_Switch_Pgph2_EngMatrix_longestoverlap_ISI_2_test,B139,Pgph2,Eng,mixed,2,3,0.94,3.19,ENG,73,58,73,58,0.794520548,5,0,136
B139_DL_Switch_Pgph2_EngMatrix_longestoverlap_ISI_3_test,B139,Pgph2,Eng,mixed,3,3,0.86,3.49,ENG,73,58,73,58,0.794520548,5,0,136
B139_DL_Switch_Pgph2_EngMatrix_longestoverlap_ISI_4_test,B139,Pgph2,Eng,mixed,4,8,2.2,3.64,ENG,73,58,73,58,0.794520548,5,0,136
B139_DL_Switch_Pgph2_EngMatrix_longestoverlap_ISI_5_test,B139,Pgph2,Eng,mixed,5,10,2.62,3.82,ENG,73,58,73,58,0.794520548,5,0,136
B139_DL_Switch_Pgph2_EngMatrix_longestoverlap_ISI_6_test,B139,Pgph2,Eng,mixed,6,9,2.52,3.57,ENG,73,58,73,58,0.794520548,5,0,136
B139_DL_Switch_Pgph2_EngMatrix_longestoverlap_ISI_7_test,B139,Pgph2,Eng,mixed,7,15,3.72,4.03,ENG,73,58,73,58,0.794520548,5,0,136
B139_DL_Switch_Pgph2_EngMatrix_longestoverlap_ISI_8_test,B139,Pgph2,Eng,mixed,8,4,1.34,2.98,ENG,73,58,73,58,0.794520548,5,0,136
B139_DL_Switch_Pgph2_EngMatrix_longestoverlap_ISI_9_test,B139,Pgph2,Eng,mixed,9,9,3.42,2.63,ENG,73,58,73,58,0.794520548,5,0,136
B139_DL_Switch_Pgph2_EngMatrix_longestoverlap_ISI_10_test,B139,Pgph2,Eng,mixed,10,3,0.84,3.57,ENG,73,58,73,58,0.794520548,5,0,136
B139_DL_Switch_Pgph2_EngOnly_longestoverlap_ISI_0_test,B139,Pgph2,Eng,single,0,17,3.7,4.59,ENG,73,58,73,58,0.794520548,5,0,136
B139_DL_Switch_Pgph2_EngOnly_longestoverlap_ISI_1_test,B139,Pgph2,Eng,single,1,15,3.12,4.81,ENG,73,58,73,58,0.794520548,5,0,136
B139_DL_Switch_Pgph2_EngOnly_longestoverlap_ISI_2_test,B139,Pgph2,Eng,single,2,2,0.74,2.7,ENG,73,58,73,58,0.794520548,5,0,136
B139_DL_Switch_Pgph2_EngOnly_longestoverlap_ISI_3_test,B139,Pgph2,Eng,single,3,3,1.1,2.73,ENG,73,58,73,58,0.794520548,5,0,136
B139_DL_Switch_Pgph2_EngOnly_longestoverlap_ISI_4_test,B139,Pgph2,Eng,single,4,8,1.94,4.12,ENG,73,58,73,58,0.794520548,5,0,136
B139_DL_Switch_Pgph2_EngOnly_longestoverlap_ISI_5_test,B139,Pgph2,Eng,single,5,11,2.5,4.4,ENG,73,58,73,58,0.794520548,5,0,136
B139_DL_Switch_Pgph2_EngOnly_longestoverlap_ISI_6_test,B139,Pgph2,Eng,single,6,10,2.62,3.82,ENG,73,58,73,58,0.794520548,5,0,136
B139_DL_Switch_Pgph2_EngOnly_longestoverlap_ISI_7_test,B139,Pgph2,Eng,single,7,15,3.82,3.93,ENG,73,58,73,58,0.794520548,5,0,136
B139_DL_Switch_Pgph2_EngOnly_longestoverlap_ISI_8_test,B139,Pgph2,Eng,single,8,4,1.4,2.86,ENG,73,58,73,58,0.794520548,5,0,136
B139_DL_Switch_Pgph2_EngOnly_longestoverlap_ISI_9_test,B139,Pgph2,Eng,single,9,9,2.48,3.63,ENG,73,58,73,58,0.794520548,5,0,136
B139_DL_Switch_Pgph2_EngOnly_longestoverlap_ISI_10_test,B139,Pgph2,Eng,single,10,3,0.8,3.75,ENG,73,58,73,58,0.794520548,5,0,136
B140_DL_Switch_Pgph1_EngMatrix_longestoverlap_ISI_0_test,B140,Pgph1,Eng,mixed,0,10,2.1,4.76,ENG,70,35,70,35,0.5,0,5,141
B140_DL_Switch_Pgph1_EngMatrix_longestoverlap_ISI_1_test,B140,Pgph1,Eng,mixed,1,16,2.78,5.75,ENG,70,35,70,35,0.5,0,5,141
B140_DL_Switch_Pgph1_EngMatrix_longestoverlap_ISI_2_test,B140,Pgph1,Eng,mixed,2,8,1.48,5.4,ENG,70,35,70,35,0.5,0,5,141
B140_DL_Switch_Pgph1_EngMatrix_longestoverlap_ISI_3_test,B140,Pgph1,Eng,mixed,3,8,1.44,5.56,ENG,70,35,70,35,0.5,0,5,141
B140_DL_Switch_Pgph1_EngMatrix_longestoverlap_ISI_4_test,B140,Pgph1,Eng,mixed,4,5,1.1,4.55,ENG,70,35,70,35,0.5,0,5,141
B140_DL_Switch_Pgph1_EngMatrix_longestoverlap_ISI_5_test,B140,Pgph1,Eng,mixed,5,13,2.8,4.64,ENG,70,35,70,35,0.5,0,5,141
B140_DL_Switch_Pgph1_EngMatrix_longestoverlap_ISI_6_test,B140,Pgph1,Eng,mixed,6,9,2,4.5,ENG,70,35,70,35,0.5,0,5,141
B140_DL_Switch_Pgph1_EngMatrix_longestoverlap_ISI_7_test,B140,Pgph1,Eng,mixed,7,5,1.4,3.57,ENG,70,35,70,35,0.5,0,5,141
B140_DL_Switch_Pgph1_EngMatrix_longestoverlap_ISI_8_test,B140,Pgph1,Eng,mixed,8,5,1.32,3.79,ENG,70,35,70,35,0.5,0,5,141
B140_DL_Switch_Pgph1_EngMatrix_longestoverlap_ISI_9_test,B140,Pgph1,Eng,mixed,9,7,1.14,6.14,ENG,70,35,70,35,0.5,0,5,141
B140_DL_Switch_Pgph1_EngMatrix_longestoverlap_ISI_10_test,B140,Pgph1,Eng,mixed,10,4,1.1,3.64,ENG,70,35,70,35,0.5,0,5,141
B140_DL_Switch_Pgph1_EngOnly_longestoverlap_ISI_0_test,B140,Pgph1,Eng,single,0,9,2.26,3.98,ENG,70,35,70,35,0.5,0,5,141
B140_DL_Switch_Pgph1_EngOnly_longestoverlap_ISI_1_test,B140,Pgph1,Eng,single,1,14,2.7,5.18,ENG,70,35,70,35,0.5,0,5,141
B140_DL_Switch_Pgph1_EngOnly_longestoverlap_ISI_2_test,B140,Pgph1,Eng,single,2,7,1.36,5.15,ENG,70,35,70,35,0.5,0,5,141
B140_DL_Switch_Pgph1_EngOnly_longestoverlap_ISI_3_test,B140,Pgph1,Eng,single,3,7,1.4,5,ENG,70,35,70,35,0.5,0,5,141
B140_DL_Switch_Pgph1_EngOnly_longestoverlap_ISI_4_test,B140,Pgph1,Eng,single,4,4,1.12,3.57,ENG,70,35,70,35,0.5,0,5,141
B140_DL_Switch_Pgph1_EngOnly_longestoverlap_ISI_5_test,B140,Pgph1,Eng,single,5,9,2.56,3.52,ENG,70,35,70,35,0.5,0,5,141
B140_DL_Switch_Pgph1_EngOnly_longestoverlap_ISI_6_test,B140,Pgph1,Eng,single,6,8,2.12,3.77,ENG,70,35,70,35,0.5,0,5,141
B140_DL_Switch_Pgph1_EngOnly_longestoverlap_ISI_7_test,B140,Pgph1,Eng,single,7,4,1.32,3.03,ENG,70,35,70,35,0.5,0,5,141
B140_DL_Switch_Pgph1_EngOnly_longestoverlap_ISI_8_test,B140,Pgph1,Eng,single,8,8,1.5,5.33,ENG,70,35,70,35,0.5,0,5,141
B140_DL_Switch_Pgph1_EngOnly_longestoverlap_ISI_9_test,B140,Pgph1,Eng,single,9,7,1.28,5.47,ENG,70,35,70,35,0.5,0,5,141
B140_DL_Switch_Pgph1_EngOnly_longestoverlap_ISI_10_test,B140,Pgph1,Eng,single,10,5,1.56,3.2,ENG,70,35,70,35,0.5,0,5,141
B140_DL_Switch_Pgph2_EngMatrix_longestoverlap_ISI_0_test,B140,Pgph2,Eng,mixed,0,13,3.44,3.78,ENG,70,35,70,35,0.5,0,5,141
B140_DL_Switch_Pgph2_EngMatrix_longestoverlap_ISI_1_test,B140,Pgph2,Eng,mixed,1,13,2.76,4.71,ENG,70,35,70,35,0.5,0,5,141
B140_DL_Switch_Pgph2_EngMatrix_longestoverlap_ISI_2_test,B140,Pgph2,Eng,mixed,2,5,1.22,4.1,ENG,70,35,70,35,0.5,0,5,141
B140_DL_Switch_Pgph2_EngMatrix_longestoverlap_ISI_3_test,B140,Pgph2,Eng,mixed,3,3,0.62,4.84,ENG,70,35,70,35,0.5,0,5,141
B140_DL_Switch_Pgph2_EngMatrix_longestoverlap_ISI_4_test,B140,Pgph2,Eng,mixed,4,6,1.66,3.61,ENG,70,35,70,35,0.5,0,5,141
B140_DL_Switch_Pgph2_EngMatrix_longestoverlap_ISI_5_test,B140,Pgph2,Eng,mixed,5,10,2.3,4.35,ENG,70,35,70,35,0.5,0,5,141
B140_DL_Switch_Pgph2_EngMatrix_longestoverlap_ISI_6_test,B140,Pgph2,Eng,mixed,6,16,2.92,5.48,ENG,70,35,70,35,0.5,0,5,141
B140_DL_Switch_Pgph2_EngMatrix_longestoverlap_ISI_7_test,B140,Pgph2,Eng,mixed,7,8,1.7,4.7,ENG,70,35,70,35,0.5,0,5,141
B140_DL_Switch_Pgph2_EngMatrix_longestoverlap_ISI_9_test,B140,Pgph2,Eng,mixed,9,15,2.62,5.72,ENG,70,35,70,35,0.5,0,5,141
B140_DL_Switch_Pgph2_EngMatrix_longestoverlap_ISI_10_test,B140,Pgph2,Eng,mixed,10,7,1.6,4.37,ENG,70,35,70,35,0.5,0,5,141
B140_DL_Switch_Pgph2_EngOnly_longestoverlap_ISI_0_test,B140,Pgph2,Eng,single,0,13,2.98,4.36,ENG,70,35,70,35,0.5,0,5,141
B140_DL_Switch_Pgph2_EngOnly_longestoverlap_ISI_1_test,B140,Pgph2,Eng,single,1,12,2.4,5,ENG,70,35,70,35,0.5,0,5,141
B140_DL_Switch_Pgph2_EngOnly_longestoverlap_ISI_2_test,B140,Pgph2,Eng,single,2,5,1.18,4.24,ENG,70,35,70,35,0.5,0,5,141
B140_DL_Switch_Pgph2_EngOnly_longestoverlap_ISI_3_test,B140,Pgph2,Eng,single,3,2,0.64,3.12,ENG,70,35,70,35,0.5,0,5,141
B140_DL_Switch_Pgph2_EngOnly_longestoverlap_ISI_4_test,B140,Pgph2,Eng,single,4,10,2.02,4.95,ENG,70,35,70,35,0.5,0,5,141
B140_DL_Switch_Pgph2_EngOnly_longestoverlap_ISI_5_test,B140,Pgph2,Eng,single,5,11,2.42,4.54,ENG,70,35,70,35,0.5,0,5,141
B140_DL_Switch_Pgph2_EngOnly_longestoverlap_ISI_6_test,B140,Pgph2,Eng,single,6,14,2.94,4.76,ENG,70,35,70,35,0.5,0,5,141
B140_DL_Switch_Pgph2_EngOnly_longestoverlap_ISI_7_test,B140,Pgph2,Eng,single,7,8,1.4,5.71,ENG,70,35,70,35,0.5,0,5,141
B140_DL_Switch_Pgph2_EngOnly_longestoverlap_ISI_9_test,B140,Pgph2,Eng,single,9,13,2.74,4.74,ENG,70,35,70,35,0.5,0,5,141
B140_DL_Switch_Pgph2_EngOnly_longestoverlap_ISI_10_test,B140,Pgph2,Eng,single,10,7,1.62,4.32,ENG,70,35,70,35,0.5,0,5,141
B102R_DL_Switch_Pgph1_SpanMatrix_longestoverlap_ISI_0_test,B102R,Pgph1,Span,mixed,0,19,4.14,4.59,ENG,76,69,76,69,0.907894737,14,0,131
B102R_DL_Switch_Pgph1_SpanMatrix_longestoverlap_ISI_1_test,B102R,Pgph1,Span,mixed,1,16,3.54,4.52,ENG,76,69,76,69,0.907894737,14,0,131
B102R_DL_Switch_Pgph1_SpanMatrix_longestoverlap_ISI_2_test,B102R,Pgph1,Span,mixed,2,11,2.74,4.01,ENG,76,69,76,69,0.907894737,14,0,131
B102R_DL_Switch_Pgph1_SpanMatrix_longestoverlap_ISI_3_test,B102R,Pgph1,Span,mixed,3,9,2.14,4.2,ENG,76,69,76,69,0.907894737,14,0,131
B102R_DL_Switch_Pgph1_SpanMatrix_longestoverlap_ISI_4_test,B102R,Pgph1,Span,mixed,4,8,1.58,5.06,ENG,76,69,76,69,0.907894737,14,0,131
B102R_DL_Switch_Pgph1_SpanMatrix_longestoverlap_ISI_5_test,B102R,Pgph1,Span,mixed,5,13,3.1,4.19,ENG,76,69,76,69,0.907894737,14,0,131
B102R_DL_Switch_Pgph1_SpanMatrix_longestoverlap_ISI_6_test,B102R,Pgph1,Span,mixed,6,5,1.04,4.81,ENG,76,69,76,69,0.907894737,14,0,131
B102R_DL_Switch_Pgph1_SpanMatrix_longestoverlap_ISI_7_test,B102R,Pgph1,Span,mixed,7,2,0.82,2.44,ENG,76,69,76,69,0.907894737,14,0,131
B102R_DL_Switch_Pgph1_SpanMatrix_longestoverlap_ISI_8_test,B102R,Pgph1,Span,mixed,8,13,2.62,4.96,ENG,76,69,76,69,0.907894737,14,0,131
B102R_DL_Switch_Pgph1_SpanMatrix_longestoverlap_ISI_9_test,B102R,Pgph1,Span,mixed,9,18,4.16,4.33,ENG,76,69,76,69,0.907894737,14,0,131
B102R_DL_Switch_Pgph1_SpanMatrix_longestoverlap_ISI_10_test,B102R,Pgph1,Span,mixed,10,9,1.52,5.92,ENG,76,69,76,69,0.907894737,14,0,131
B102R_DL_Switch_Pgph1_SpanOnly_longestoverlap_ISI_0_test,B102R,Pgph1,Span,single,0,17,3.44,4.94,ENG,76,69,76,69,0.907894737,14,0,131
B102R_DL_Switch_Pgph1_SpanOnly_longestoverlap_ISI_1_test,B102R,Pgph1,Span,single,1,17,3.54,4.8,ENG,76,69,76,69,0.907894737,14,0,131
B102R_DL_Switch_Pgph1_SpanOnly_longestoverlap_ISI_2_test,B102R,Pgph1,Span,single,2,9,2.16,4.17,ENG,76,69,76,69,0.907894737,14,0,131
B102R_DL_Switch_Pgph1_SpanOnly_longestoverlap_ISI_3_test,B102R,Pgph1,Span,single,3,11,2.22,4.95,ENG,76,69,76,69,0.907894737,14,0,131
B102R_DL_Switch_Pgph1_SpanOnly_longestoverlap_ISI_4_test,B102R,Pgph1,Span,single,4,7,1.44,4.86,ENG,76,69,76,69,0.907894737,14,0,131
B102R_DL_Switch_Pgph1_SpanOnly_longestoverlap_ISI_5_test,B102R,Pgph1,Span,single,5,13,2.68,4.85,ENG,76,69,76,69,0.907894737,14,0,131
B102R_DL_Switch_Pgph1_SpanOnly_longestoverlap_ISI_6_test,B102R,Pgph1,Span,single,6,5,0.9,5.55,ENG,76,69,76,69,0.907894737,14,0,131
B102R_DL_Switch_Pgph1_SpanOnly_longestoverlap_ISI_7_test,B102R,Pgph1,Span,single,7,2,0.62,3.22,ENG,76,69,76,69,0.907894737,14,0,131
B102R_DL_Switch_Pgph1_SpanOnly_longestoverlap_ISI_8_test,B102R,Pgph1,Span,single,8,13,2.5,5.2,ENG,76,69,76,69,0.907894737,14,0,131
B102R_DL_Switch_Pgph1_SpanOnly_longestoverlap_ISI_9_test,B102R,Pgph1,Span,single,9,18,3.94,4.57,ENG,76,69,76,69,0.907894737,14,0,131
B102R_DL_Switch_Pgph1_SpanOnly_longestoverlap_ISI_10_test,B102R,Pgph1,Span,single,10,7,1.62,4.32,ENG,76,69,76,69,0.907894737,14,0,131
B102R_DL_Switch_Pgph2_SpanMatrix_longestoverlap_ISI_0_test,B102R,Pgph2,Span,mixed,0,11,3.02,3.64,ENG,76,69,76,69,0.907894737,14,0,131
B102R_DL_Switch_Pgph2_SpanMatrix_longestoverlap_ISI_1_test,B102R,Pgph2,Span,mixed,1,13,3.16,4.11,ENG,76,69,76,69,0.907894737,14,0,131
B102R_DL_Switch_Pgph2_SpanMatrix_longestoverlap_ISI_4_test,B102R,Pgph2,Span,mixed,4,3,1.28,2.34,ENG,76,69,76,69,0.907894737,14,0,131
B102R_DL_Switch_Pgph2_SpanMatrix_longestoverlap_ISI_5_test,B102R,Pgph2,Span,mixed,5,19,4.1,4.63,ENG,76,69,76,69,0.907894737,14,0,131
B102R_DL_Switch_Pgph2_SpanMatrix_longestoverlap_ISI_6_test,B102R,Pgph2,Span,mixed,6,19,3.84,4.95,ENG,76,69,76,69,0.907894737,14,0,131
B102R_DL_Switch_Pgph2_SpanMatrix_longestoverlap_ISI_7_test,B102R,Pgph2,Span,mixed,7,9,2.02,4.45,ENG,76,69,76,69,0.907894737,14,0,131
B102R_DL_Switch_Pgph2_SpanMatrix_longestoverlap_ISI_8_test,B102R,Pgph2,Span,mixed,8,4,1.42,2.82,ENG,76,69,76,69,0.907894737,14,0,131
B102R_DL_Switch_Pgph2_SpanMatrix_longestoverlap_ISI_9_test,B102R,Pgph2,Span,mixed,9,6,1.52,3.95,ENG,76,69,76,69,0.907894737,14,0,131
B102R_DL_Switch_Pgph2_SpanMatrix_longestoverlap_ISI_10_test,B102R,Pgph2,Span,mixed,10,10,2.04,4.9,ENG,76,69,76,69,0.907894737,14,0,131
B102R_DL_Switch_Pgph2_SpanOnly_longestoverlap_ISI_0_test,B102R,Pgph2,Span,single,0,13,2.98,4.36,ENG,76,69,76,69,0.907894737,14,0,131
B102R_DL_Switch_Pgph2_SpanOnly_longestoverlap_ISI_1_test,B102R,Pgph2,Span,single,1,13,3.4,3.82,ENG,76,69,76,69,0.907894737,14,0,131
B102R_DL_Switch_Pgph2_SpanOnly_longestoverlap_ISI_4_test,B102R,Pgph2,Span,single,4,2,1.06,1.89,ENG,76,69,76,69,0.907894737,14,0,131
B102R_DL_Switch_Pgph2_SpanOnly_longestoverlap_ISI_5_test,B102R,Pgph2,Span,single,5,19,3.82,4.97,ENG,76,69,76,69,0.907894737,14,0,131
B102R_DL_Switch_Pgph2_SpanOnly_longestoverlap_ISI_6_test,B102R,Pgph2,Span,single,6,15,3.26,4.6,ENG,76,69,76,69,0.907894737,14,0,131
B102R_DL_Switch_Pgph2_SpanOnly_longestoverlap_ISI_7_test,B102R,Pgph2,Span,single,7,7,1.92,3.64,ENG,76,69,76,69,0.907894737,14,0,131
B102R_DL_Switch_Pgph2_SpanOnly_longestoverlap_ISI_8_test,B102R,Pgph2,Span,single,8,3,0.96,3.12,ENG,76,69,76,69,0.907894737,14,0,131
B102R_DL_Switch_Pgph2_SpanOnly_longestoverlap_ISI_9_test,B102R,Pgph2,Span,single,9,4,1.02,3.92,ENG,76,69,76,69,0.907894737,14,0,131
B102R_DL_Switch_Pgph2_SpanOnly_longestoverlap_ISI_10_test,B102R,Pgph2,Span,single,10,9,1.94,4.64,ENG,76,69,76,69,0.907894737,14,0,131
B111_DL_Switch_Pgph1_SpanMatrix_longestoverlap_ISI_0_test,B111,Pgph1,Span,mixed,0,17,4.28,3.97,ENG,78,69,78,69,0.884615385,5,0,143
B111_DL_Switch_Pgph1_SpanMatrix_longestoverlap_ISI_1_test,B111,Pgph1,Span,mixed,1,17,3.98,4.27,ENG,78,69,78,69,0.884615385,5,0,143
B111_DL_Switch_Pgph1_SpanMatrix_longestoverlap_ISI_2_test,B111,Pgph1,Span,mixed,2,21,4.84,4.34,ENG,78,69,78,69,0.884615385,5,0,143
B111_DL_Switch_Pgph1_SpanMatrix_longestoverlap_ISI_3_test,B111,Pgph1,Span,mixed,3,8,2.26,3.54,ENG,78,69,78,69,0.884615385,5,0,143
B111_DL_Switch_Pgph1_SpanMatrix_longestoverlap_ISI_5_test,B111,Pgph1,Span,mixed,5,12,2.82,4.25,ENG,78,69,78,69,0.884615385,5,0,143
B111_DL_Switch_Pgph1_SpanMatrix_longestoverlap_ISI_6_test,B111,Pgph1,Span,mixed,6,8,2.06,3.88,ENG,78,69,78,69,0.884615385,5,0,143
B111_DL_Switch_Pgph1_SpanMatrix_longestoverlap_ISI_7_test,B111,Pgph1,Span,mixed,7,6,1.6,3.75,ENG,78,69,78,69,0.884615385,5,0,143
B111_DL_Switch_Pgph1_SpanMatrix_longestoverlap_ISI_8_test,B111,Pgph1,Span,mixed,8,20,4.36,4.59,ENG,78,69,78,69,0.884615385,5,0,143
B111_DL_Switch_Pgph1_SpanMatrix_longestoverlap_ISI_9_test,B111,Pgph1,Span,mixed,9,8,2.04,3.92,ENG,78,69,78,69,0.884615385,5,0,143
B111_DL_Switch_Pgph1_SpanMatrix_longestoverlap_ISI_10_test,B111,Pgph1,Span,mixed,10,5,1.4,3.57,ENG,78,69,78,69,0.884615385,5,0,143
B111_DL_Switch_Pgph1_SpanOnly_longestoverlap_ISI_0_test,B111,Pgph1,Span,single,0,14,3.52,3.98,ENG,78,69,78,69,0.884615385,5,0,143
B111_DL_Switch_Pgph1_SpanOnly_longestoverlap_ISI_1_test,B111,Pgph1,Span,single,1,15,3.2,4.69,ENG,78,69,78,69,0.884615385,5,0,143
B111_DL_Switch_Pgph1_SpanOnly_longestoverlap_ISI_2_test,B111,Pgph1,Span,single,2,15,4,3.75,ENG,78,69,78,69,0.884615385,5,0,143
B111_DL_Switch_Pgph1_SpanOnly_longestoverlap_ISI_3_test,B111,Pgph1,Span,single,3,7,2,3.5,ENG,78,69,78,69,0.884615385,5,0,143
B111_DL_Switch_Pgph1_SpanOnly_longestoverlap_ISI_5_test,B111,Pgph1,Span,single,5,12,2.82,4.25,ENG,78,69,78,69,0.884615385,5,0,143
B111_DL_Switch_Pgph1_SpanOnly_longestoverlap_ISI_6_test,B111,Pgph1,Span,single,6,7,1.86,3.76,ENG,78,69,78,69,0.884615385,5,0,143
B111_DL_Switch_Pgph1_SpanOnly_longestoverlap_ISI_7_test,B111,Pgph1,Span,single,7,6,1.5,4,ENG,78,69,78,69,0.884615385,5,0,143
B111_DL_Switch_Pgph1_SpanOnly_longestoverlap_ISI_8_test,B111,Pgph1,Span,single,8,20,3.88,5.15,ENG,78,69,78,69,0.884615385,5,0,143
B111_DL_Switch_Pgph1_SpanOnly_longestoverlap_ISI_9_test,B111,Pgph1,Span,single,9,9,1.98,4.54,ENG,78,69,78,69,0.884615385,5,0,143
B111_DL_Switch_Pgph1_SpanOnly_longestoverlap_ISI_10_test,B111,Pgph1,Span,single,10,5,1.34,3.73,ENG,78,69,78,69,0.884615385,5,0,143
B111_DL_Switch_Pgph2_SpanMatrix_longestoverlap_ISI_0_test,B111,Pgph2,Span,mixed,0,4,1.68,2.38,ENG,78,69,78,69,0.884615385,5,0,143
B111_DL_Switch_Pgph2_SpanMatrix_longestoverlap_ISI_1_test,B111,Pgph2,Span,mixed,1,17,3.62,4.7,ENG,78,69,78,69,0.884615385,5,0,143
B111_DL_Switch_Pgph2_SpanMatrix_longestoverlap_ISI_3_test,B111,Pgph2,Span,mixed,3,3,0.96,3.12,ENG,78,69,78,69,0.884615385,5,0,143
B111_DL_Switch_Pgph2_SpanMatrix_longestoverlap_ISI_5_test,B111,Pgph2,Span,mixed,5,17,3.52,4.83,ENG,78,69,78,69,0.884615385,5,0,143
B111_DL_Switch_Pgph2_SpanMatrix_longestoverlap_ISI_7_test,B111,Pgph2,Span,mixed,7,12,2.64,4.54,ENG,78,69,78,69,0.884615385,5,0,143
B111_DL_Switch_Pgph2_SpanMatrix_longestoverlap_ISI_8_test,B111,Pgph2,Span,mixed,8,2,0.6,3.33,ENG,78,69,78,69,0.884615385,5,0,143
B111_DL_Switch_Pgph2_SpanMatrix_longestoverlap_ISI_9_test,B111,Pgph2,Span,mixed,9,12,3.04,3.95,ENG,78,69,78,69,0.884615385,5,0,143
B111_DL_Switch_Pgph2_SpanMatrix_longestoverlap_ISI_10_test,B111,Pgph2,Span,mixed,10,8,2.04,3.92,ENG,78,69,78,69,0.884615385,5,0,143
B111_DL_Switch_Pgph2_SpanOnly_longestoverlap_ISI_0_test,B111,Pgph2,Span,single,0,7,1.82,3.85,ENG,78,69,78,69,0.884615385,5,0,143
B111_DL_Switch_Pgph2_SpanOnly_longestoverlap_ISI_1_test,B111,Pgph2,Span,single,1,19,4.32,4.4,ENG,78,69,78,69,0.884615385,5,0,143
B111_DL_Switch_Pgph2_SpanOnly_longestoverlap_ISI_3_test,B111,Pgph2,Span,single,3,3,0.98,3.06,ENG,78,69,78,69,0.884615385,5,0,143
B111_DL_Switch_Pgph2_SpanOnly_longestoverlap_ISI_5_test,B111,Pgph2,Span,single,5,17,3.76,4.52,ENG,78,69,78,69,0.884615385,5,0,143
B111_DL_Switch_Pgph2_SpanOnly_longestoverlap_ISI_7_test,B111,Pgph2,Span,single,7,14,2.92,4.79,ENG,78,69,78,69,0.884615385,5,0,143
B111_DL_Switch_Pgph2_SpanOnly_longestoverlap_ISI_8_test,B111,Pgph2,Span,single,8,2,0.84,2.38,ENG,78,69,78,69,0.884615385,5,0,143
B111_DL_Switch_Pgph2_SpanOnly_longestoverlap_ISI_9_test,B111,Pgph2,Span,single,9,15,3.48,4.31,ENG,78,69,78,69,0.884615385,5,0,143
B111_DL_Switch_Pgph2_SpanOnly_longestoverlap_ISI_10_test,B111,Pgph2,Span,single,10,8,2.14,3.74,ENG,78,69,78,69,0.884615385,5,0,143
B112_DL_Switch_Pgph1_SpanMatrix_longestoverlap_ISI_0_test,B112,Pgph1,Span,mixed,0,6,1.76,3.41,ENG,76,53,76,53,0.697368421,4,0,143
B112_DL_Switch_Pgph1_SpanMatrix_longestoverlap_ISI_1_test,B112,Pgph1,Span,mixed,1,13,2.64,4.92,ENG,76,53,76,53,0.697368421,4,0,143
B112_DL_Switch_Pgph1_SpanMatrix_longestoverlap_ISI_2_test,B112,Pgph1,Span,mixed,2,9,2.32,3.88,ENG,76,53,76,53,0.697368421,4,0,143
B112_DL_Switch_Pgph1_SpanMatrix_longestoverlap_ISI_3_test,B112,Pgph1,Span,mixed,3,4,0.82,4.88,ENG,76,53,76,53,0.697368421,4,0,143
B112_DL_Switch_Pgph1_SpanMatrix_longestoverlap_ISI_4_test,B112,Pgph1,Span,mixed,4,5,1.36,3.68,ENG,76,53,76,53,0.697368421,4,0,143
B112_DL_Switch_Pgph1_SpanMatrix_longestoverlap_ISI_5_test,B112,Pgph1,Span,mixed,5,15,4.14,3.62,ENG,76,53,76,53,0.697368421,4,0,143
B112_DL_Switch_Pgph1_SpanMatrix_longestoverlap_ISI_6_test,B112,Pgph1,Span,mixed,6,10,2.44,4.1,ENG,76,53,76,53,0.697368421,4,0,143
B112_DL_Switch_Pgph1_SpanMatrix_longestoverlap_ISI_7_test,B112,Pgph1,Span,mixed,7,5,1.5,3.33,ENG,76,53,76,53,0.697368421,4,0,143
B112_DL_Switch_Pgph1_SpanMatrix_longestoverlap_ISI_8_test,B112,Pgph1,Span,mixed,8,14,2.84,4.93,ENG,76,53,76,53,0.697368421,4,0,143
B112_DL_Switch_Pgph1_SpanMatrix_longestoverlap_ISI_9_test,B112,Pgph1,Span,mixed,9,10,2.5,4,ENG,76,53,76,53,0.697368421,4,0,143
B112_DL_Switch_Pgph1_SpanMatrix_longestoverlap_ISI_10_test,B112,Pgph1,Span,mixed,10,4,1.48,2.7,ENG,76,53,76,53,0.697368421,4,0,143
B112_DL_Switch_Pgph1_SpanOnly_longestoverlap_ISI_0_test,B112,Pgph1,Span,single,0,6,1.94,3.09,ENG,76,53,76,53,0.697368421,4,0,143
B112_DL_Switch_Pgph1_SpanOnly_longestoverlap_ISI_1_test,B112,Pgph1,Span,single,1,13,2.86,4.55,ENG,76,53,76,53,0.697368421,4,0,143
B112_DL_Switch_Pgph1_SpanOnly_longestoverlap_ISI_2_test,B112,Pgph1,Span,single,2,13,2.68,4.85,ENG,76,53,76,53,0.697368421,4,0,143
B112_DL_Switch_Pgph1_SpanOnly_longestoverlap_ISI_3_test,B112,Pgph1,Span,single,3,2,0.9,2.22,ENG,76,53,76,53,0.697368421,4,0,143
B112_DL_Switch_Pgph1_SpanOnly_longestoverlap_ISI_4_test,B112,Pgph1,Span,single,4,6,1.42,4.22,ENG,76,53,76,53,0.697368421,4,0,143
B112_DL_Switch_Pgph1_SpanOnly_longestoverlap_ISI_5_test,B112,Pgph1,Span,single,5,14,3.68,3.8,ENG,76,53,76,53,0.697368421,4,0,143
B112_DL_Switch_Pgph1_SpanOnly_longestoverlap_ISI_6_test,B112,Pgph1,Span,single,6,8,2.64,3.03,ENG,76,53,76,53,0.697368421,4,0,143
B112_DL_Switch_Pgph1_SpanOnly_longestoverlap_ISI_7_test,B112,Pgph1,Span,single,7,6,1.78,3.37,ENG,76,53,76,53,0.697368421,4,0,143
B112_DL_Switch_Pgph1_SpanOnly_longestoverlap_ISI_8_test,B112,Pgph1,Span,single,8,12,2.68,4.48,ENG,76,53,76,53,0.697368421,4,0,143
B112_DL_Switch_Pgph1_SpanOnly_longestoverlap_ISI_9_test,B112,Pgph1,Span,single,9,8,2.5,3.2,ENG,76,53,76,53,0.697368421,4,0,143
B112_DL_Switch_Pgph1_SpanOnly_longestoverlap_ISI_10_test,B112,Pgph1,Span,single,10,4,1.12,3.57,ENG,76,53,76,53,0.697368421,4,0,143
B112_DL_Switch_Pgph2_SpanMatrix_longestoverlap_ISI_0_test,B112,Pgph2,Span,mixed,0,13,3.7,3.51,ENG,76,53,76,53,0.697368421,4,0,143
B112_DL_Switch_Pgph2_SpanMatrix_longestoverlap_ISI_1_test,B112,Pgph2,Span,mixed,1,4,2,2,ENG,76,53,76,53,0.697368421,4,0,143
B112_DL_Switch_Pgph2_SpanMatrix_longestoverlap_ISI_3_test,B112,Pgph2,Span,mixed,3,4,1.3,3.08,ENG,76,53,76,53,0.697368421,4,0,143
B112_DL_Switch_Pgph2_SpanMatrix_longestoverlap_ISI_4_test,B112,Pgph2,Span,mixed,4,10,2.42,4.13,ENG,76,53,76,53,0.697368421,4,0,143
B112_DL_Switch_Pgph2_SpanMatrix_longestoverlap_ISI_5_test,B112,Pgph2,Span,mixed,5,24,5.48,4.38,ENG,76,53,76,53,0.697368421,4,0,143
B112_DL_Switch_Pgph2_SpanMatrix_longestoverlap_ISI_6_test,B112,Pgph2,Span,mixed,6,7,1.48,4.73,ENG,76,53,76,53,0.697368421,4,0,143
B112_DL_Switch_Pgph2_SpanMatrix_longestoverlap_ISI_7_test,B112,Pgph2,Span,mixed,7,21,5.2,4.04,ENG,76,53,76,53,0.697368421,4,0,143
B112_DL_Switch_Pgph2_SpanMatrix_longestoverlap_ISI_8_test,B112,Pgph2,Span,mixed,8,2,1.06,1.89,ENG,76,53,76,53,0.697368421,4,0,143
B112_DL_Switch_Pgph2_SpanMatrix_longestoverlap_ISI_9_test,B112,Pgph2,Span,mixed,9,9,2.64,3.41,ENG,76,53,76,53,0.697368421,4,0,143
B112_DL_Switch_Pgph2_SpanMatrix_longestoverlap_ISI_10_test,B112,Pgph2,Span,mixed,10,6,1.7,3.53,ENG,76,53,76,53,0.697368421,4,0,143
B112_DL_Switch_Pgph2_SpanOnly_longestoverlap_ISI_0_test,B112,Pgph2,Span,single,0,14,3.78,3.7,ENG,76,53,76,53,0.697368421,4,0,143
B112_DL_Switch_Pgph2_SpanOnly_longestoverlap_ISI_1_test,B112,Pgph2,Span,single,1,7,1.32,5.3,ENG,76,53,76,53,0.697368421,4,0,143
B112_DL_Switch_Pgph2_SpanOnly_longestoverlap_ISI_3_test,B112,Pgph2,Span,single,3,4,1.26,3.17,ENG,76,53,76,53,0.697368421,4,0,143
B112_DL_Switch_Pgph2_SpanOnly_longestoverlap_ISI_4_test,B112,Pgph2,Span,single,4,11,3.58,3.07,ENG,76,53,76,53,0.697368421,4,0,143
B112_DL_Switch_Pgph2_SpanOnly_longestoverlap_ISI_5_test,B112,Pgph2,Span,single,5,20,4.76,4.2,ENG,76,53,76,53,0.697368421,4,0,143
B112_DL_Switch_Pgph2_SpanOnly_longestoverlap_ISI_6_test,B112,Pgph2,Span,single,6,4,1.58,2.53,ENG,76,53,76,53,0.697368421,4,0,143
B112_DL_Switch_Pgph2_SpanOnly_longestoverlap_ISI_7_test,B112,Pgph2,Span,single,7,20,5.22,3.83,ENG,76,53,76,53,0.697368421,4,0,143
B112_DL_Switch_Pgph2_SpanOnly_longestoverlap_ISI_8_test,B112,Pgph2,Span,single,8,2,1,2,ENG,76,53,76,53,0.697368421,4,0,143
B112_DL_Switch_Pgph2_SpanOnly_longestoverlap_ISI_9_test,B112,Pgph2,Span,single,9,8,2.34,3.42,ENG,76,53,76,53,0.697368421,4,0,143
B112_DL_Switch_Pgph2_SpanOnly_longestoverlap_ISI_10_test,B112,Pgph2,Span,single,10,6,2.06,2.91,ENG,76,53,76,53,0.697368421,4,0,143
B113_DL_Switch_Pgph1_SpanMatrix_longestoverlap_ISI_0_test,B113,Pgph1,Span,mixed,0,12,2.96,4.05,SPAN,66,73,73,66,0.904109589,10,10,138
B113_DL_Switch_Pgph1_SpanMatrix_longestoverlap_ISI_1_test,B113,Pgph1,Span,mixed,1,16,4.08,3.92,SPAN,66,73,73,66,0.904109589,10,10,138
B113_DL_Switch_Pgph1_SpanMatrix_longestoverlap_ISI_2_test,B113,Pgph1,Span,mixed,2,14,3.66,3.82,SPAN,66,73,73,66,0.904109589,10,10,138
B113_DL_Switch_Pgph1_SpanMatrix_longestoverlap_ISI_3_test,B113,Pgph1,Span,mixed,3,20,4.44,4.5,SPAN,66,73,73,66,0.904109589,10,10,138
B113_DL_Switch_Pgph1_SpanMatrix_longestoverlap_ISI_4_test,B113,Pgph1,Span,mixed,4,6,2.08,2.88,SPAN,66,73,73,66,0.904109589,10,10,138
B113_DL_Switch_Pgph1_SpanMatrix_longestoverlap_ISI_5_test,B113,Pgph1,Span,mixed,5,26,6.98,3.72,SPAN,66,73,73,66,0.904109589,10,10,138
B113_DL_Switch_Pgph1_SpanMatrix_longestoverlap_ISI_6_test,B113,Pgph1,Span,mixed,6,3,1.06,2.83,SPAN,66,73,73,66,0.904109589,10,10,138
B113_DL_Switch_Pgph1_SpanMatrix_longestoverlap_ISI_7_test,B113,Pgph1,Span,mixed,7,9,2.72,3.31,SPAN,66,73,73,66,0.904109589,10,10,138
B113_DL_Switch_Pgph1_SpanMatrix_longestoverlap_ISI_8_test,B113,Pgph1,Span,mixed,8,10,2.66,3.76,SPAN,66,73,73,66,0.904109589,10,10,138
B113_DL_Switch_Pgph1_SpanMatrix_longestoverlap_ISI_9_test,B113,Pgph1,Span,mixed,9,13,3.48,3.73,SPAN,66,73,73,66,0.904109589,10,10,138
B113_DL_Switch_Pgph1_SpanMatrix_longestoverlap_ISI_10_test,B113,Pgph1,Span,mixed,10,7,2.1,3.33,SPAN,66,73,73,66,0.904109589,10,10,138
B113_DL_Switch_Pgph1_SpanOnly_longestoverlap_ISI_0_test,B113,Pgph1,Span,single,0,12,2.48,4.84,SPAN,66,73,73,66,0.904109589,10,10,138
B113_DL_Switch_Pgph1_SpanOnly_longestoverlap_ISI_1_test,B113,Pgph1,Span,single,1,14,4.34,3.22,SPAN,66,73,73,66,0.904109589,10,10,138
B113_DL_Switch_Pgph1_SpanOnly_longestoverlap_ISI_2_test,B113,Pgph1,Span,single,2,13,3.36,3.87,SPAN,66,73,73,66,0.904109589,10,10,138
B113_DL_Switch_Pgph1_SpanOnly_longestoverlap_ISI_3_test,B113,Pgph1,Span,single,3,17,3.98,4.27,SPAN,66,73,73,66,0.904109589,10,10,138
B113_DL_Switch_Pgph1_SpanOnly_longestoverlap_ISI_4_test,B113,Pgph1,Span,single,4,7,1.56,4.49,SPAN,66,73,73,66,0.904109589,10,10,138
B113_DL_Switch_Pgph1_SpanOnly_longestoverlap_ISI_5_test,B113,Pgph1,Span,single,5,21,4.92,4.27,SPAN,66,73,73,66,0.904109589,10,10,138
B113_DL_Switch_Pgph1_SpanOnly_longestoverlap_ISI_6_test,B113,Pgph1,Span,single,6,2,0.68,2.94,SPAN,66,73,73,66,0.904109589,10,10,138
B113_DL_Switch_Pgph1_SpanOnly_longestoverlap_ISI_7_test,B113,Pgph1,Span,single,7,7,1.68,4.17,SPAN,66,73,73,66,0.904109589,10,10,138
B113_DL_Switch_Pgph1_SpanOnly_longestoverlap_ISI_8_test,B113,Pgph1,Span,single,8,10,2.18,4.59,SPAN,66,73,73,66,0.904109589,10,10,138
B113_DL_Switch_Pgph1_SpanOnly_longestoverlap_ISI_9_test,B113,Pgph1,Span,single,9,14,2.66,5.26,SPAN,66,73,73,66,0.904109589,10,10,138
B113_DL_Switch_Pgph1_SpanOnly_longestoverlap_ISI_10_test,B113,Pgph1,Span,single,10,4,1.12,3.57,SPAN,66,73,73,66,0.904109589,10,10,138
B113_DL_Switch_Pgph2_SpanMatrix_longestoverlap_ISI_0_test,B113,Pgph2,Span,mixed,0,11,2.86,3.85,SPAN,66,73,73,66,0.904109589,10,10,138
B113_DL_Switch_Pgph2_SpanMatrix_longestoverlap_ISI_1_test,B113,Pgph2,Span,mixed,1,15,3.78,3.97,SPAN,66,73,73,66,0.904109589,10,10,138
B113_DL_Switch_Pgph2_SpanMatrix_longestoverlap_ISI_2_test,B113,Pgph2,Span,mixed,2,3,0.72,4.17,SPAN,66,73,73,66,0.904109589,10,10,138
B113_DL_Switch_Pgph2_SpanMatrix_longestoverlap_ISI_3_test,B113,Pgph2,Span,mixed,3,4,1.04,3.85,SPAN,66,73,73,66,0.904109589,10,10,138
B113_DL_Switch_Pgph2_SpanMatrix_longestoverlap_ISI_4_test,B113,Pgph2,Span,mixed,4,4,1.12,3.57,SPAN,66,73,73,66,0.904109589,10,10,138
B113_DL_Switch_Pgph2_SpanMatrix_longestoverlap_ISI_5_test,B113,Pgph2,Span,mixed,5,15,3.98,3.77,SPAN,66,73,73,66,0.904109589,10,10,138
B113_DL_Switch_Pgph2_SpanMatrix_longestoverlap_ISI_6_test,B113,Pgph2,Span,mixed,6,9,2.1,4.28,SPAN,66,73,73,66,0.904109589,10,10,138
B113_DL_Switch_Pgph2_SpanMatrix_longestoverlap_ISI_7_test,B113,Pgph2,Span,mixed,7,10,2.44,4.1,SPAN,66,73,73,66,0.904109589,10,10,138
B113_DL_Switch_Pgph2_SpanMatrix_longestoverlap_ISI_8_test,B113,Pgph2,Span,mixed,8,2,0.68,2.94,SPAN,66,73,73,66,0.904109589,10,10,138
B113_DL_Switch_Pgph2_SpanMatrix_longestoverlap_ISI_9_test,B113,Pgph2,Span,mixed,9,6,1.9,3.16,SPAN,66,73,73,66,0.904109589,10,10,138
B113_DL_Switch_Pgph2_SpanOnly_longestoverlap_ISI_0_test,B113,Pgph2,Span,single,0,13,2.54,5.12,SPAN,66,73,73,66,0.904109589,10,10,138
B113_DL_Switch_Pgph2_SpanOnly_longestoverlap_ISI_1_test,B113,Pgph2,Span,single,1,14,2.58,5.42,SPAN,66,73,73,66,0.904109589,10,10,138
B113_DL_Switch_Pgph2_SpanOnly_longestoverlap_ISI_2_test,B113,Pgph2,Span,single,2,3,0.62,4.84,SPAN,66,73,73,66,0.904109589,10,10,138
B113_DL_Switch_Pgph2_SpanOnly_longestoverlap_ISI_3_test,B113,Pgph2,Span,single,3,2,0.82,2.44,SPAN,66,73,73,66,0.904109589,10,10,138
B113_DL_Switch_Pgph2_SpanOnly_longestoverlap_ISI_4_test,B113,Pgph2,Span,single,4,3,0.94,3.19,SPAN,66,73,73,66,0.904109589,10,10,138
B113_DL_Switch_Pgph2_SpanOnly_longestoverlap_ISI_5_test,B113,Pgph2,Span,single,5,14,3.38,4.14,SPAN,66,73,73,66,0.904109589,10,10,138
B113_DL_Switch_Pgph2_SpanOnly_longestoverlap_ISI_6_test,B113,Pgph2,Span,single,6,8,1.72,4.65,SPAN,66,73,73,66,0.904109589,10,10,138
B113_DL_Switch_Pgph2_SpanOnly_longestoverlap_ISI_7_test,B113,Pgph2,Span,single,7,12,2.14,5.61,SPAN,66,73,73,66,0.904109589,10,10,138
B113_DL_Switch_Pgph2_SpanOnly_longestoverlap_ISI_8_test,B113,Pgph2,Span,single,8,2,0.62,3.22,SPAN,66,73,73,66,0.904109589,10,10,138
B113_DL_Switch_Pgph2_SpanOnly_longestoverlap_ISI_9_test,B113,Pgph2,Span,single,9,6,1.62,3.7,SPAN,66,73,73,66,0.904109589,10,10,138
B115_DL_Switch_Pgph1_SpanMatrix_longestoverlap_ISI_0_test,B115,Pgph1,Span,mixed,0,5,1.2,4.17,ENG,78,50,78,50,0.641025641,5,0,143
B115_DL_Switch_Pgph1_SpanMatrix_longestoverlap_ISI_1_test,B115,Pgph1,Span,mixed,1,19,5.88,3.23,ENG,78,50,78,50,0.641025641,5,0,143
B115_DL_Switch_Pgph1_SpanMatrix_longestoverlap_ISI_2_test,B115,Pgph1,Span,mixed,2,12,4.62,2.6,ENG,78,50,78,50,0.641025641,5,0,143
B115_DL_Switch_Pgph1_SpanMatrix_longestoverlap_ISI_3_test,B115,Pgph1,Span,mixed,3,6,2.36,2.54,ENG,78,50,78,50,0.641025641,5,0,143
B115_DL_Switch_Pgph1_SpanMatrix_longestoverlap_ISI_4_test,B115,Pgph1,Span,mixed,4,9,2.6,3.46,ENG,78,50,78,50,0.641025641,5,0,143
B115_DL_Switch_Pgph1_SpanMatrix_longestoverlap_ISI_5_test,B115,Pgph1,Span,mixed,5,14,3.54,3.95,ENG,78,50,78,50,0.641025641,5,0,143
B115_DL_Switch_Pgph1_SpanMatrix_longestoverlap_ISI_6_test,B115,Pgph1,Span,mixed,6,6,1.62,3.7,ENG,78,50,78,50,0.641025641,5,0,143
B115_DL_Switch_Pgph1_SpanMatrix_longestoverlap_ISI_7_test,B115,Pgph1,Span,mixed,7,3,1.2,2.5,ENG,78,50,78,50,0.641025641,5,0,143
B115_DL_Switch_Pgph1_SpanMatrix_longestoverlap_ISI_8_test,B115,Pgph1,Span,mixed,8,2,1.68,1.19,ENG,78,50,78,50,0.641025641,5,0,143
B115_DL_Switch_Pgph1_SpanMatrix_longestoverlap_ISI_9_test,B115,Pgph1,Span,mixed,9,6,1.54,3.9,ENG,78,50,78,50,0.641025641,5,0,143
B115_DL_Switch_Pgph1_SpanMatrix_longestoverlap_ISI_10_test,B115,Pgph1,Span,mixed,10,9,2.92,3.08,ENG,78,50,78,50,0.641025641,5,0,143
B115_DL_Switch_Pgph1_SpanOnly_longestoverlap_ISI_0_test,B115,Pgph1,Span,single,0,6,1.54,3.9,ENG,78,50,78,50,0.641025641,5,0,143
B115_DL_Switch_Pgph1_SpanOnly_longestoverlap_ISI_1_test,B115,Pgph1,Span,single,1,18,5.12,3.52,ENG,78,50,78,50,0.641025641,5,0,143
B115_DL_Switch_Pgph1_SpanOnly_longestoverlap_ISI_2_test,B115,Pgph1,Span,single,2,14,3.18,4.4,ENG,78,50,78,50,0.641025641,5,0,143
B115_DL_Switch_Pgph1_SpanOnly_longestoverlap_ISI_3_test,B115,Pgph1,Span,single,3,7,2.52,2.78,ENG,78,50,78,50,0.641025641,5,0,143
B115_DL_Switch_Pgph1_SpanOnly_longestoverlap_ISI_4_test,B115,Pgph1,Span,single,4,8,2.2,3.64,ENG,78,50,78,50,0.641025641,5,0,143
B115_DL_Switch_Pgph1_SpanOnly_longestoverlap_ISI_5_test,B115,Pgph1,Span,single,5,14,3.22,4.35,ENG,78,50,78,50,0.641025641,5,0,143
B115_DL_Switch_Pgph1_SpanOnly_longestoverlap_ISI_6_test,B115,Pgph1,Span,single,6,6,1.84,3.26,ENG,78,50,78,50,0.641025641,5,0,143
B115_DL_Switch_Pgph1_SpanOnly_longestoverlap_ISI_7_test,B115,Pgph1,Span,single,7,4,1.22,3.28,ENG,78,50,78,50,0.641025641,5,0,143
B115_DL_Switch_Pgph1_SpanOnly_longestoverlap_ISI_8_test,B115,Pgph1,Span,single,8,2,1.12,1.79,ENG,78,50,78,50,0.641025641,5,0,143
B115_DL_Switch_Pgph1_SpanOnly_longestoverlap_ISI_9_test,B115,Pgph1,Span,single,9,6,1.64,3.66,ENG,78,50,78,50,0.641025641,5,0,143
B115_DL_Switch_Pgph1_SpanOnly_longestoverlap_ISI_10_test,B115,Pgph1,Span,single,10,8,2.42,3.31,ENG,78,50,78,50,0.641025641,5,0,143
B115_DL_Switch_Pgph2_SpanMatrix_longestoverlap_ISI_0_test,B115,Pgph2,Span,mixed,0,10,3.72,2.69,ENG,78,50,78,50,0.641025641,5,0,143
B115_DL_Switch_Pgph2_SpanMatrix_longestoverlap_ISI_1_test,B115,Pgph2,Span,mixed,1,12,3.2,3.75,ENG,78,50,78,50,0.641025641,5,0,143
B115_DL_Switch_Pgph2_SpanMatrix_longestoverlap_ISI_2_test,B115,Pgph2,Span,mixed,2,8,2.5,3.2,ENG,78,50,78,50,0.641025641,5,0,143
B115_DL_Switch_Pgph2_SpanMatrix_longestoverlap_ISI_3_test,B115,Pgph2,Span,mixed,3,4,1.76,2.27,ENG,78,50,78,50,0.641025641,5,0,143
B115_DL_Switch_Pgph2_SpanMatrix_longestoverlap_ISI_4_test,B115,Pgph2,Span,mixed,4,7,2.34,2.99,ENG,78,50,78,50,0.641025641,5,0,143
B115_DL_Switch_Pgph2_SpanMatrix_longestoverlap_ISI_5_test,B115,Pgph2,Span,mixed,5,15,5.36,2.8,ENG,78,50,78,50,0.641025641,5,0,143
B115_DL_Switch_Pgph2_SpanMatrix_longestoverlap_ISI_6_test,B115,Pgph2,Span,mixed,6,7,2.26,3.1,ENG,78,50,78,50,0.641025641,5,0,143
B115_DL_Switch_Pgph2_SpanMatrix_longestoverlap_ISI_7_test,B115,Pgph2,Span,mixed,7,11,2.92,3.77,ENG,78,50,78,50,0.641025641,5,0,143
B115_DL_Switch_Pgph2_SpanMatrix_longestoverlap_ISI_8_test,B115,Pgph2,Span,mixed,8,6,1.64,3.66,ENG,78,50,78,50,0.641025641,5,0,143
B115_DL_Switch_Pgph2_SpanMatrix_longestoverlap_ISI_9_test,B115,Pgph2,Span,mixed,9,15,4.86,3.09,ENG,78,50,78,50,0.641025641,5,0,143
B115_DL_Switch_Pgph2_SpanMatrix_longestoverlap_ISI_10_test,B115,Pgph2,Span,mixed,10,10,2.8,3.57,ENG,78,50,78,50,0.641025641,5,0,143
B115_DL_Switch_Pgph2_SpanOnly_longestoverlap_ISI_0_test,B115,Pgph2,Span,single,0,11,2.38,4.62,ENG,78,50,78,50,0.641025641,5,0,143
B115_DL_Switch_Pgph2_SpanOnly_longestoverlap_ISI_1_test,B115,Pgph2,Span,single,1,10,2.84,3.52,ENG,78,50,78,50,0.641025641,5,0,143
B115_DL_Switch_Pgph2_SpanOnly_longestoverlap_ISI_2_test,B115,Pgph2,Span,single,2,6,1.5,4,ENG,78,50,78,50,0.641025641,5,0,143
B115_DL_Switch_Pgph2_SpanOnly_longestoverlap_ISI_3_test,B115,Pgph2,Span,single,3,4,1.34,2.98,ENG,78,50,78,50,0.641025641,5,0,143
B115_DL_Switch_Pgph2_SpanOnly_longestoverlap_ISI_4_test,B115,Pgph2,Span,single,4,7,2.64,2.65,ENG,78,50,78,50,0.641025641,5,0,143
B115_DL_Switch_Pgph2_SpanOnly_longestoverlap_ISI_5_test,B115,Pgph2,Span,single,5,18,5.62,3.2,ENG,78,50,78,50,0.641025641,5,0,143
B115_DL_Switch_Pgph2_SpanOnly_longestoverlap_ISI_6_test,B115,Pgph2,Span,single,6,8,2.6,3.08,ENG,78,50,78,50,0.641025641,5,0,143
B115_DL_Switch_Pgph2_SpanOnly_longestoverlap_ISI_7_test,B115,Pgph2,Span,single,7,12,2.86,4.2,ENG,78,50,78,50,0.641025641,5,0,143
B115_DL_Switch_Pgph2_SpanOnly_longestoverlap_ISI_8_test,B115,Pgph2,Span,single,8,5,2.36,2.12,ENG,78,50,78,50,0.641025641,5,0,143
B115_DL_Switch_Pgph2_SpanOnly_longestoverlap_ISI_9_test,B115,Pgph2,Span,single,9,9,5.28,1.7,ENG,78,50,78,50,0.641025641,5,0,143
B115_DL_Switch_Pgph2_SpanOnly_longestoverlap_ISI_10_test,B115,Pgph2,Span,single,10,11,2.74,4.01,ENG,78,50,78,50,0.641025641,5,0,143
B117_DL_Switch_Pgph1_SpanMatrix_longestoverlap_ISI_0_test,B117,Pgph1,Span,mixed,0,13,4.14,3.14,ENG,79,53,79,53,0.670886076,0,0,134
B117_DL_Switch_Pgph1_SpanMatrix_longestoverlap_ISI_1_test,B117,Pgph1,Span,mixed,1,13,3.68,3.53,ENG,79,53,79,53,0.670886076,0,0,134
B117_DL_Switch_Pgph1_SpanMatrix_longestoverlap_ISI_2_test,B117,Pgph1,Span,mixed,2,8,2.96,2.7,ENG,79,53,79,53,0.670886076,0,0,134
B117_DL_Switch_Pgph1_SpanMatrix_longestoverlap_ISI_3_test,B117,Pgph1,Span,mixed,3,5,1.92,2.6,ENG,79,53,79,53,0.670886076,0,0,134
B117_DL_Switch_Pgph1_SpanMatrix_longestoverlap_ISI_4_test,B117,Pgph1,Span,mixed,4,8,1.58,5.06,ENG,79,53,79,53,0.670886076,0,0,134
B117_DL_Switch_Pgph1_SpanMatrix_longestoverlap_ISI_5_test,B117,Pgph1,Span,mixed,5,4,1.32,3.03,ENG,79,53,79,53,0.670886076,0,0,134
B117_DL_Switch_Pgph1_SpanMatrix_longestoverlap_ISI_6_test,B117,Pgph1,Span,mixed,6,4,1.5,2.67,ENG,79,53,79,53,0.670886076,0,0,134
B117_DL_Switch_Pgph1_SpanMatrix_longestoverlap_ISI_7_test,B117,Pgph1,Span,mixed,7,3,1.26,2.38,ENG,79,53,79,53,0.670886076,0,0,134
B117_DL_Switch_Pgph1_SpanMatrix_longestoverlap_ISI_8_test,B117,Pgph1,Span,mixed,8,12,2.74,4.38,ENG,79,53,79,53,0.670886076,0,0,134
B117_DL_Switch_Pgph1_SpanMatrix_longestoverlap_ISI_9_test,B117,Pgph1,Span,mixed,9,3,0.88,3.41,ENG,79,53,79,53,0.670886076,0,0,134
B117_DL_Switch_Pgph1_SpanMatrix_longestoverlap_ISI_10_test,B117,Pgph1,Span,mixed,10,6,1.58,3.8,ENG,79,53,79,53,0.670886076,0,0,134
B117_DL_Switch_Pgph1_SpanOnly_longestoverlap_ISI_0_test,B117,Pgph1,Span,single,0,13,3.42,3.8,ENG,79,53,79,53,0.670886076,0,0,134
B117_DL_Switch_Pgph1_SpanOnly_longestoverlap_ISI_1_test,B117,Pgph1,Span,single,1,13,3.48,3.73,ENG,79,53,79,53,0.670886076,0,0,134
B117_DL_Switch_Pgph1_SpanOnly_longestoverlap_ISI_2_test,B117,Pgph1,Span,single,2,8,2.3,3.48,ENG,79,53,79,53,0.670886076,0,0,134
B117_DL_Switch_Pgph1_SpanOnly_longestoverlap_ISI_3_test,B117,Pgph1,Span,single,3,4,1.78,2.25,ENG,79,53,79,53,0.670886076,0,0,134
B117_DL_Switch_Pgph1_SpanOnly_longestoverlap_ISI_4_test,B117,Pgph1,Span,single,4,6,2.12,2.83,ENG,79,53,79,53,0.670886076,0,0,134
B117_DL_Switch_Pgph1_SpanOnly_longestoverlap_ISI_5_test,B117,Pgph1,Span,single,5,5,1.22,4.1,ENG,79,53,79,53,0.670886076,0,0,134
B117_DL_Switch_Pgph1_SpanOnly_longestoverlap_ISI_6_test,B117,Pgph1,Span,single,6,5,1.68,2.98,ENG,79,53,79,53,0.670886076,0,0,134
B117_DL_Switch_Pgph1_SpanOnly_longestoverlap_ISI_7_test,B117,Pgph1,Span,single,7,4,0.98,4.08,ENG,79,53,79,53,0.670886076,0,0,134
B117_DL_Switch_Pgph1_SpanOnly_longestoverlap_ISI_8_test,B117,Pgph1,Span,single,8,12,2.78,4.32,ENG,79,53,79,53,0.670886076,0,0,134
B117_DL_Switch_Pgph1_SpanOnly_longestoverlap_ISI_9_test,B117,Pgph1,Span,single,9,3,0.9,3.33,ENG,79,53,79,53,0.670886076,0,0,134
B117_DL_Switch_Pgph1_SpanOnly_longestoverlap_ISI_10_test,B117,Pgph1,Span,single,10,5,1.46,3.42,ENG,79,53,79,53,0.670886076,0,0,134
B117_DL_Switch_Pgph2_SpanMatrix_longestoverlap_ISI_0_test,B117,Pgph2,Span,mixed,0,17,5.44,3.12,ENG,79,53,79,53,0.670886076,0,0,134
B117_DL_Switch_Pgph2_SpanMatrix_longestoverlap_ISI_1_test,B117,Pgph2,Span,mixed,1,14,3.56,3.93,ENG,79,53,79,53,0.670886076,0,0,134
B117_DL_Switch_Pgph2_SpanMatrix_longestoverlap_ISI_3_test,B117,Pgph2,Span,mixed,3,5,1.3,3.85,ENG,79,53,79,53,0.670886076,0,0,134
B117_DL_Switch_Pgph2_SpanMatrix_longestoverlap_ISI_4_test,B117,Pgph2,Span,mixed,4,5,1.86,2.69,ENG,79,53,79,53,0.670886076,0,0,134
B117_DL_Switch_Pgph2_SpanMatrix_longestoverlap_ISI_5_test,B117,Pgph2,Span,mixed,5,7,1.84,3.8,ENG,79,53,79,53,0.670886076,0,0,134
B117_DL_Switch_Pgph2_SpanMatrix_longestoverlap_ISI_6_test,B117,Pgph2,Span,mixed,6,9,2.58,3.49,ENG,79,53,79,53,0.670886076,0,0,134
B117_DL_Switch_Pgph2_SpanMatrix_longestoverlap_ISI_7_test,B117,Pgph2,Span,mixed,7,10,2.46,4.06,ENG,79,53,79,53,0.670886076,0,0,134
B117_DL_Switch_Pgph2_SpanMatrix_longestoverlap_ISI_8_test,B117,Pgph2,Span,mixed,8,4,1.66,2.41,ENG,79,53,79,53,0.670886076,0,0,134
B117_DL_Switch_Pgph2_SpanMatrix_longestoverlap_ISI_9_test,B117,Pgph2,Span,mixed,9,8,3.2,2.5,ENG,79,53,79,53,0.670886076,0,0,134
B117_DL_Switch_Pgph2_SpanMatrix_longestoverlap_ISI_10_test,B117,Pgph2,Span,mixed,10,4,2.08,1.92,ENG,79,53,79,53,0.670886076,0,0,134
B117_DL_Switch_Pgph2_SpanOnly_longestoverlap_ISI_0_test,B117,Pgph2,Span,single,0,13,4.68,2.78,ENG,79,53,79,53,0.670886076,0,0,134
B117_DL_Switch_Pgph2_SpanOnly_longestoverlap_ISI_1_test,B117,Pgph2,Span,single,1,12,3.94,3.05,ENG,79,53,79,53,0.670886076,0,0,134
B117_DL_Switch_Pgph2_SpanOnly_longestoverlap_ISI_3_test,B117,Pgph2,Span,single,3,5,1.32,3.79,ENG,79,53,79,53,0.670886076,0,0,134
B117_DL_Switch_Pgph2_SpanOnly_longestoverlap_ISI_4_test,B117,Pgph2,Span,single,4,6,1.86,3.23,ENG,79,53,79,53,0.670886076,0,0,134
B117_DL_Switch_Pgph2_SpanOnly_longestoverlap_ISI_5_test,B117,Pgph2,Span,single,5,8,2.14,3.74,ENG,79,53,79,53,0.670886076,0,0,134
B117_DL_Switch_Pgph2_SpanOnly_longestoverlap_ISI_6_test,B117,Pgph2,Span,single,6,10,1.9,5.26,ENG,79,53,79,53,0.670886076,0,0,134
B117_DL_Switch_Pgph2_SpanOnly_longestoverlap_ISI_7_test,B117,Pgph2,Span,single,7,9,2.28,3.95,ENG,79,53,79,53,0.670886076,0,0,134
B117_DL_Switch_Pgph2_SpanOnly_longestoverlap_ISI_8_test,B117,Pgph2,Span,single,8,4,1.46,2.74,ENG,79,53,79,53,0.670886076,0,0,134
B117_DL_Switch_Pgph2_SpanOnly_longestoverlap_ISI_9_test,B117,Pgph2,Span,single,9,10,3.64,2.75,ENG,79,53,79,53,0.670886076,0,0,134
B117_DL_Switch_Pgph2_SpanOnly_longestoverlap_ISI_10_test,B117,Pgph2,Span,single,10,7,1.98,3.54,ENG,79,53,79,53,0.670886076,0,0,134
B118_DL_Switch_Pgph1_SpanMatrix_longestoverlap_ISI_0_test,B118,Pgph1,Span,mixed,0,18,4.08,4.41,SPAN,55,72,72,55,0.763888889,5,5,141
B118_DL_Switch_Pgph1_SpanMatrix_longestoverlap_ISI_1_test,B118,Pgph1,Span,mixed,1,17,3.7,4.59,SPAN,55,72,72,55,0.763888889,5,5,141
B118_DL_Switch_Pgph1_SpanMatrix_longestoverlap_ISI_2_test,B118,Pgph1,Span,mixed,2,15,2.84,5.28,SPAN,55,72,72,55,0.763888889,5,5,141
B118_DL_Switch_Pgph1_SpanMatrix_longestoverlap_ISI_3_test,B118,Pgph1,Span,mixed,3,17,3.14,5.41,SPAN,55,72,72,55,0.763888889,5,5,141
B118_DL_Switch_Pgph1_SpanMatrix_longestoverlap_ISI_4_test,B118,Pgph1,Span,mixed,4,9,1.96,4.59,SPAN,55,72,72,55,0.763888889,5,5,141
B118_DL_Switch_Pgph1_SpanMatrix_longestoverlap_ISI_5_test,B118,Pgph1,Span,mixed,5,16,3.58,4.47,SPAN,55,72,72,55,0.763888889,5,5,141
B118_DL_Switch_Pgph1_SpanMatrix_longestoverlap_ISI_6_test,B118,Pgph1,Span,mixed,6,8,2.12,3.77,SPAN,55,72,72,55,0.763888889,5,5,141
B118_DL_Switch_Pgph1_SpanMatrix_longestoverlap_ISI_7_test,B118,Pgph1,Span,mixed,7,7,2,3.5,SPAN,55,72,72,55,0.763888889,5,5,141
B118_DL_Switch_Pgph1_SpanMatrix_longestoverlap_ISI_8_test,B118,Pgph1,Span,mixed,8,14,2.94,4.76,SPAN,55,72,72,55,0.763888889,5,5,141
B118_DL_Switch_Pgph1_SpanMatrix_longestoverlap_ISI_9_test,B118,Pgph1,Span,mixed,9,9,2.34,3.85,SPAN,55,72,72,55,0.763888889,5,5,141
B118_DL_Switch_Pgph1_SpanMatrix_longestoverlap_ISI_10_test,B118,Pgph1,Span,mixed,10,9,1.92,4.69,SPAN,55,72,72,55,0.763888889,5,5,141
B118_DL_Switch_Pgph1_SpanOnly_longestoverlap_ISI_0_test,B118,Pgph1,Span,single,0,18,4.26,4.22,SPAN,55,72,72,55,0.763888889,5,5,141
B118_DL_Switch_Pgph1_SpanOnly_longestoverlap_ISI_1_test,B118,Pgph1,Span,single,1,18,3.88,4.64,SPAN,55,72,72,55,0.763888889,5,5,141
B118_DL_Switch_Pgph1_SpanOnly_longestoverlap_ISI_2_test,B118,Pgph1,Span,single,2,15,2.86,5.24,SPAN,55,72,72,55,0.763888889,5,5,141
B118_DL_Switch_Pgph1_SpanOnly_longestoverlap_ISI_3_test,B118,Pgph1,Span,single,3,18,3.28,5.49,SPAN,55,72,72,55,0.763888889,5,5,141
B118_DL_Switch_Pgph1_SpanOnly_longestoverlap_ISI_4_test,B118,Pgph1,Span,single,4,8,1.74,4.6,SPAN,55,72,72,55,0.763888889,5,5,141
B118_DL_Switch_Pgph1_SpanOnly_longestoverlap_ISI_5_test,B118,Pgph1,Span,single,5,15,3.64,4.12,SPAN,55,72,72,55,0.763888889,5,5,141
B118_DL_Switch_Pgph1_SpanOnly_longestoverlap_ISI_6_test,B118,Pgph1,Span,single,6,9,2.06,4.37,SPAN,55,72,72,55,0.763888889,5,5,141
B118_DL_Switch_Pgph1_SpanOnly_longestoverlap_ISI_7_test,B118,Pgph1,Span,single,7,7,1.96,3.57,SPAN,55,72,72,55,0.763888889,5,5,141
B118_DL_Switch_Pgph1_SpanOnly_longestoverlap_ISI_8_test,B118,Pgph1,Span,single,8,15,2.9,5.17,SPAN,55,72,72,55,0.763888889,5,5,141
B118_DL_Switch_Pgph1_SpanOnly_longestoverlap_ISI_9_test,B118,Pgph1,Span,single,9,10,2.14,4.67,SPAN,55,72,72,55,0.763888889,5,5,141
B118_DL_Switch_Pgph1_SpanOnly_longestoverlap_ISI_10_test,B118,Pgph1,Span,single,10,7,1.62,4.32,SPAN,55,72,72,55,0.763888889,5,5,141
B118_DL_Switch_Pgph2_SpanMatrix_longestoverlap_ISI_0_test,B118,Pgph2,Span,mixed,0,12,2.6,4.62,SPAN,55,72,72,55,0.763888889,5,5,141
B118_DL_Switch_Pgph2_SpanMatrix_longestoverlap_ISI_1_test,B118,Pgph2,Span,mixed,1,6,1.5,4,SPAN,55,72,72,55,0.763888889,5,5,141
B118_DL_Switch_Pgph2_SpanMatrix_longestoverlap_ISI_2_test,B118,Pgph2,Span,mixed,2,3,0.92,3.26,SPAN,55,72,72,55,0.763888889,5,5,141
B118_DL_Switch_Pgph2_SpanMatrix_longestoverlap_ISI_3_test,B118,Pgph2,Span,mixed,3,4,1.42,2.82,SPAN,55,72,72,55,0.763888889,5,5,141
B118_DL_Switch_Pgph2_SpanMatrix_longestoverlap_ISI_4_test,B118,Pgph2,Span,mixed,4,11,3.3,3.33,SPAN,55,72,72,55,0.763888889,5,5,141
B118_DL_Switch_Pgph2_SpanMatrix_longestoverlap_ISI_5_test,B118,Pgph2,Span,mixed,5,20,3.9,5.13,SPAN,55,72,72,55,0.763888889,5,5,141
B118_DL_Switch_Pgph2_SpanMatrix_longestoverlap_ISI_6_test,B118,Pgph2,Span,mixed,6,17,3.36,5.06,SPAN,55,72,72,55,0.763888889,5,5,141
B118_DL_Switch_Pgph2_SpanMatrix_longestoverlap_ISI_7_test,B118,Pgph2,Span,mixed,7,13,2.68,4.85,SPAN,55,72,72,55,0.763888889,5,5,141
B118_DL_Switch_Pgph2_SpanMatrix_longestoverlap_ISI_8_test,B118,Pgph2,Span,mixed,8,3,1.02,2.94,SPAN,55,72,72,55,0.763888889,5,5,141
B118_DL_Switch_Pgph2_SpanMatrix_longestoverlap_ISI_9_test,B118,Pgph2,Span,mixed,9,14,3.26,4.29,SPAN,55,72,72,55,0.763888889,5,5,141
B118_DL_Switch_Pgph2_SpanMatrix_longestoverlap_ISI_10_test,B118,Pgph2,Span,mixed,10,10,2.08,4.81,SPAN,55,72,72,55,0.763888889,5,5,141
B118_DL_Switch_Pgph2_SpanOnly_longestoverlap_ISI_0_test,B118,Pgph2,Span,single,0,11,2.62,4.2,SPAN,55,72,72,55,0.763888889,5,5,141
B118_DL_Switch_Pgph2_SpanOnly_longestoverlap_ISI_1_test,B118,Pgph2,Span,single,1,5,1.36,3.68,SPAN,55,72,72,55,0.763888889,5,5,141
B118_DL_Switch_Pgph2_SpanOnly_longestoverlap_ISI_2_test,B118,Pgph2,Span,single,2,3,0.72,4.17,SPAN,55,72,72,55,0.763888889,5,5,141
B118_DL_Switch_Pgph2_SpanOnly_longestoverlap_ISI_3_test,B118,Pgph2,Span,single,3,3,1,3,SPAN,55,72,72,55,0.763888889,5,5,141
B118_DL_Switch_Pgph2_SpanOnly_longestoverlap_ISI_4_test,B118,Pgph2,Span,single,4,11,3.02,3.64,SPAN,55,72,72,55,0.763888889,5,5,141
B118_DL_Switch_Pgph2_SpanOnly_longestoverlap_ISI_5_test,B118,Pgph2,Span,single,5,18,3.46,5.2,SPAN,55,72,72,55,0.763888889,5,5,141
B118_DL_Switch_Pgph2_SpanOnly_longestoverlap_ISI_6_test,B118,Pgph2,Span,single,6,17,3.06,5.55,SPAN,55,72,72,55,0.763888889,5,5,141
B118_DL_Switch_Pgph2_SpanOnly_longestoverlap_ISI_7_test,B118,Pgph2,Span,single,7,13,2.44,5.33,SPAN,55,72,72,55,0.763888889,5,5,141
B118_DL_Switch_Pgph2_SpanOnly_longestoverlap_ISI_8_test,B118,Pgph2,Span,single,8,4,0.92,4.35,SPAN,55,72,72,55,0.763888889,5,5,141
B118_DL_Switch_Pgph2_SpanOnly_longestoverlap_ISI_9_test,B118,Pgph2,Span,single,9,14,3.42,4.09,SPAN,55,72,72,55,0.763888889,5,5,141
B118_DL_Switch_Pgph2_SpanOnly_longestoverlap_ISI_10_test,B118,Pgph2,Span,single,10,10,1.86,5.38,SPAN,55,72,72,55,0.763888889,5,5,141
B120_DL_Switch_Pgph1_SpanMatrix_longestoverlap_ISI_0_test,B120,Pgph1,Span,mixed,0,14,2.94,4.76,SPAN,56,65,65,56,0.861538462,11,11,131
B120_DL_Switch_Pgph1_SpanMatrix_longestoverlap_ISI_1_test,B120,Pgph1,Span,mixed,1,9,3.36,2.68,SPAN,56,65,65,56,0.861538462,11,11,131
B120_DL_Switch_Pgph1_SpanMatrix_longestoverlap_ISI_2_test,B120,Pgph1,Span,mixed,2,14,3.14,4.46,SPAN,56,65,65,56,0.861538462,11,11,131
B120_DL_Switch_Pgph1_SpanMatrix_longestoverlap_ISI_3_test,B120,Pgph1,Span,mixed,3,12,2.78,4.32,SPAN,56,65,65,56,0.861538462,11,11,131
B120_DL_Switch_Pgph1_SpanMatrix_longestoverlap_ISI_4_test,B120,Pgph1,Span,mixed,4,8,2.3,3.48,SPAN,56,65,65,56,0.861538462,11,11,131
B120_DL_Switch_Pgph1_SpanMatrix_longestoverlap_ISI_5_test,B120,Pgph1,Span,mixed,5,14,4.34,3.23,SPAN,56,65,65,56,0.861538462,11,11,131
B120_DL_Switch_Pgph1_SpanMatrix_longestoverlap_ISI_6_test,B120,Pgph1,Span,mixed,6,4,1.3,3.08,SPAN,56,65,65,56,0.861538462,11,11,131
B120_DL_Switch_Pgph1_SpanMatrix_longestoverlap_ISI_7_test,B120,Pgph1,Span,mixed,7,6,1.86,3.23,SPAN,56,65,65,56,0.861538462,11,11,131
B120_DL_Switch_Pgph1_SpanMatrix_longestoverlap_ISI_8_test,B120,Pgph1,Span,mixed,8,9,2,4.5,SPAN,56,65,65,56,0.861538462,11,11,131
B120_DL_Switch_Pgph1_SpanMatrix_longestoverlap_ISI_9_test,B120,Pgph1,Span,mixed,9,5,1.46,3.42,SPAN,56,65,65,56,0.861538462,11,11,131
B120_DL_Switch_Pgph1_SpanMatrix_longestoverlap_ISI_10_test,B120,Pgph1,Span,mixed,10,8,1.62,4.94,SPAN,56,65,65,56,0.861538462,11,11,131
B120_DL_Switch_Pgph1_SpanOnly_longestoverlap_ISI_0_test,B120,Pgph1,Span,single,0,12,2.48,4.84,SPAN,56,65,65,56,0.861538462,11,11,131
B120_DL_Switch_Pgph1_SpanOnly_longestoverlap_ISI_1_test,B120,Pgph1,Span,single,1,8,1.96,4.08,SPAN,56,65,65,56,0.861538462,11,11,131
B120_DL_Switch_Pgph1_SpanOnly_longestoverlap_ISI_2_test,B120,Pgph1,Span,single,2,12,2.94,4.08,SPAN,56,65,65,56,0.861538462,11,11,131
B120_DL_Switch_Pgph1_SpanOnly_longestoverlap_ISI_3_test,B120,Pgph1,Span,single,3,12,2.42,4.96,SPAN,56,65,65,56,0.861538462,11,11,131
B120_DL_Switch_Pgph1_SpanOnly_longestoverlap_ISI_4_test,B120,Pgph1,Span,single,4,7,1.8,3.89,SPAN,56,65,65,56,0.861538462,11,11,131
B120_DL_Switch_Pgph1_SpanOnly_longestoverlap_ISI_5_test,B120,Pgph1,Span,single,5,14,3.58,3.91,SPAN,56,65,65,56,0.861538462,11,11,131
B120_DL_Switch_Pgph1_SpanOnly_longestoverlap_ISI_6_test,B120,Pgph1,Span,single,6,5,1.2,4.17,SPAN,56,65,65,56,0.861538462,11,11,131
B120_DL_Switch_Pgph1_SpanOnly_longestoverlap_ISI_7_test,B120,Pgph1,Span,single,7,5,1.84,2.72,SPAN,56,65,65,56,0.861538462,11,11,131
B120_DL_Switch_Pgph1_SpanOnly_longestoverlap_ISI_8_test,B120,Pgph1,Span,single,8,7,1.84,3.8,SPAN,56,65,65,56,0.861538462,11,11,131
B120_DL_Switch_Pgph1_SpanOnly_longestoverlap_ISI_9_test,B120,Pgph1,Span,single,9,5,1.22,4.1,SPAN,56,65,65,56,0.861538462,11,11,131
B120_DL_Switch_Pgph1_SpanOnly_longestoverlap_ISI_10_test,B120,Pgph1,Span,single,10,7,1.48,4.73,SPAN,56,65,65,56,0.861538462,11,11,131
B120_DL_Switch_Pgph2_SpanMatrix_longestoverlap_ISI_0_test,B120,Pgph2,Span,mixed,0,8,2.08,3.85,SPAN,56,65,65,56,0.861538462,11,11,131
B120_DL_Switch_Pgph2_SpanMatrix_longestoverlap_ISI_1_test,B120,Pgph2,Span,mixed,1,19,4.66,4.08,SPAN,56,65,65,56,0.861538462,11,11,131
B120_DL_Switch_Pgph2_SpanMatrix_longestoverlap_ISI_3_test,B120,Pgph2,Span,mixed,3,4,1.04,3.85,SPAN,56,65,65,56,0.861538462,11,11,131
B120_DL_Switch_Pgph2_SpanMatrix_longestoverlap_ISI_4_test,B120,Pgph2,Span,mixed,4,14,3.86,3.63,SPAN,56,65,65,56,0.861538462,11,11,131
B120_DL_Switch_Pgph2_SpanMatrix_longestoverlap_ISI_5_test,B120,Pgph2,Span,mixed,5,18,4.38,4.11,SPAN,56,65,65,56,0.861538462,11,11,131
B120_DL_Switch_Pgph2_SpanMatrix_longestoverlap_ISI_6_test,B120,Pgph2,Span,mixed,6,10,2.32,4.31,SPAN,56,65,65,56,0.861538462,11,11,131
B120_DL_Switch_Pgph2_SpanMatrix_longestoverlap_ISI_7_test,B120,Pgph2,Span,mixed,7,7,2.02,3.46,SPAN,56,65,65,56,0.861538462,11,11,131
B120_DL_Switch_Pgph2_SpanMatrix_longestoverlap_ISI_8_test,B120,Pgph2,Span,mixed,8,3,0.86,3.49,SPAN,56,65,65,56,0.861538462,11,11,131
B120_DL_Switch_Pgph2_SpanMatrix_longestoverlap_ISI_9_test,B120,Pgph2,Span,mixed,9,12,3.98,3.01,SPAN,56,65,65,56,0.861538462,11,11,131
B120_DL_Switch_Pgph2_SpanMatrix_longestoverlap_ISI_10_test,B120,Pgph2,Span,mixed,10,9,1.98,4.54,SPAN,56,65,65,56,0.861538462,11,11,131
B120_DL_Switch_Pgph2_SpanOnly_longestoverlap_ISI_0_test,B120,Pgph2,Span,single,0,8,1.84,4.35,SPAN,56,65,65,56,0.861538462,11,11,131
B120_DL_Switch_Pgph2_SpanOnly_longestoverlap_ISI_1_test,B120,Pgph2,Span,single,1,18,4.46,4.04,SPAN,56,65,65,56,0.861538462,11,11,131
B120_DL_Switch_Pgph2_SpanOnly_longestoverlap_ISI_3_test,B120,Pgph2,Span,single,3,4,1.1,3.64,SPAN,56,65,65,56,0.861538462,11,11,131
B120_DL_Switch_Pgph2_SpanOnly_longestoverlap_ISI_4_test,B120,Pgph2,Span,single,4,12,4.08,2.94,SPAN,56,65,65,56,0.861538462,11,11,131
B120_DL_Switch_Pgph2_SpanOnly_longestoverlap_ISI_5_test,B120,Pgph2,Span,single,5,15,3.88,3.87,SPAN,56,65,65,56,0.861538462,11,11,131
B120_DL_Switch_Pgph2_SpanOnly_longestoverlap_ISI_6_test,B120,Pgph2,Span,single,6,9,2.34,3.85,SPAN,56,65,65,56,0.861538462,11,11,131
B120_DL_Switch_Pgph2_SpanOnly_longestoverlap_ISI_7_test,B120,Pgph2,Span,single,7,8,2.08,3.85,SPAN,56,65,65,56,0.861538462,11,11,131
B120_DL_Switch_Pgph2_SpanOnly_longestoverlap_ISI_8_test,B120,Pgph2,Span,single,8,2,0.9,2.22,SPAN,56,65,65,56,0.861538462,11,11,131
B120_DL_Switch_Pgph2_SpanOnly_longestoverlap_ISI_9_test,B120,Pgph2,Span,single,9,15,3.86,3.89,SPAN,56,65,65,56,0.861538462,11,11,131
B120_DL_Switch_Pgph2_SpanOnly_longestoverlap_ISI_10_test,B120,Pgph2,Span,single,10,9,2.56,3.52,SPAN,56,65,65,56,0.861538462,11,11,131
B121_DL_Switch_Pgph1_SpanMatrix_longestoverlap_ISI_0_test,B121,Pgph1,Span,mixed,0,12,2.3,5.22,SPAN,60,70,70,60,0.857142857,18,18,134
B121_DL_Switch_Pgph1_SpanMatrix_longestoverlap_ISI_1_test,B121,Pgph1,Span,mixed,1,11,2.24,4.91,SPAN,60,70,70,60,0.857142857,18,18,134
B121_DL_Switch_Pgph1_SpanMatrix_longestoverlap_ISI_2_test,B121,Pgph1,Span,mixed,2,15,3.28,4.57,SPAN,60,70,70,60,0.857142857,18,18,134
B121_DL_Switch_Pgph1_SpanMatrix_longestoverlap_ISI_3_test,B121,Pgph1,Span,mixed,3,18,3.08,5.84,SPAN,60,70,70,60,0.857142857,18,18,134
B121_DL_Switch_Pgph1_SpanMatrix_longestoverlap_ISI_4_test,B121,Pgph1,Span,mixed,4,9,2.04,4.41,SPAN,60,70,70,60,0.857142857,18,18,134
B121_DL_Switch_Pgph1_SpanMatrix_longestoverlap_ISI_5_test,B121,Pgph1,Span,mixed,5,12,2.44,4.92,SPAN,60,70,70,60,0.857142857,18,18,134
B121_DL_Switch_Pgph1_SpanMatrix_longestoverlap_ISI_6_test,B121,Pgph1,Span,mixed,6,6,1.48,4.05,SPAN,60,70,70,60,0.857142857,18,18,134
B121_DL_Switch_Pgph1_SpanMatrix_longestoverlap_ISI_7_test,B121,Pgph1,Span,mixed,7,7,1.9,3.68,SPAN,60,70,70,60,0.857142857,18,18,134
B121_DL_Switch_Pgph1_SpanMatrix_longestoverlap_ISI_8_test,B121,Pgph1,Span,mixed,8,8,2.24,3.57,SPAN,60,70,70,60,0.857142857,18,18,134
B121_DL_Switch_Pgph1_SpanMatrix_longestoverlap_ISI_9_test,B121,Pgph1,Span,mixed,9,9,2.12,4.24,SPAN,60,70,70,60,0.857142857,18,18,134
B121_DL_Switch_Pgph1_SpanMatrix_longestoverlap_ISI_10_test,B121,Pgph1,Span,mixed,10,5,0.9,5.55,SPAN,60,70,70,60,0.857142857,18,18,134
B121_DL_Switch_Pgph1_SpanOnly_longestoverlap_ISI_0_test,B121,Pgph1,Span,single,0,6,2.2,2.73,SPAN,60,70,70,60,0.857142857,18,18,134
B121_DL_Switch_Pgph1_SpanOnly_longestoverlap_ISI_1_test,B121,Pgph1,Span,single,1,7,1.8,3.89,SPAN,60,70,70,60,0.857142857,18,18,134
B121_DL_Switch_Pgph1_SpanOnly_longestoverlap_ISI_2_test,B121,Pgph1,Span,single,2,16,2.98,5.37,SPAN,60,70,70,60,0.857142857,18,18,134
B121_DL_Switch_Pgph1_SpanOnly_longestoverlap_ISI_3_test,B121,Pgph1,Span,single,3,15,3,5,SPAN,60,70,70,60,0.857142857,18,18,134
B121_DL_Switch_Pgph1_SpanOnly_longestoverlap_ISI_4_test,B121,Pgph1,Span,single,4,6,1.84,3.26,SPAN,60,70,70,60,0.857142857,18,18,134
B121_DL_Switch_Pgph1_SpanOnly_longestoverlap_ISI_5_test,B121,Pgph1,Span,single,5,12,2.34,5.13,SPAN,60,70,70,60,0.857142857,18,18,134
B121_DL_Switch_Pgph1_SpanOnly_longestoverlap_ISI_6_test,B121,Pgph1,Span,single,6,6,1.36,4.41,SPAN,60,70,70,60,0.857142857,18,18,134
B121_DL_Switch_Pgph1_SpanOnly_longestoverlap_ISI_7_test,B121,Pgph1,Span,single,7,8,1.86,4.3,SPAN,60,70,70,60,0.857142857,18,18,134
B121_DL_Switch_Pgph1_SpanOnly_longestoverlap_ISI_8_test,B121,Pgph1,Span,single,8,9,2.16,4.17,SPAN,60,70,70,60,0.857142857,18,18,134
B121_DL_Switch_Pgph1_SpanOnly_longestoverlap_ISI_9_test,B121,Pgph1,Span,single,9,9,2.38,3.78,SPAN,60,70,70,60,0.857142857,18,18,134
B121_DL_Switch_Pgph1_SpanOnly_longestoverlap_ISI_10_test,B121,Pgph1,Span,single,10,4,0.8,5,SPAN,60,70,70,60,0.857142857,18,18,134
B121_DL_Switch_Pgph2_SpanMatrix_longestoverlap_ISI_0_test,B121,Pgph2,Span,mixed,0,24,4.68,5.13,SPAN,60,70,70,60,0.857142857,18,18,134
B121_DL_Switch_Pgph2_SpanMatrix_longestoverlap_ISI_1_test,B121,Pgph2,Span,mixed,1,17,3.84,4.43,SPAN,60,70,70,60,0.857142857,18,18,134
B121_DL_Switch_Pgph2_SpanMatrix_longestoverlap_ISI_2_test,B121,Pgph2,Span,mixed,2,2,0.6,3.33,SPAN,60,70,70,60,0.857142857,18,18,134
B121_DL_Switch_Pgph2_SpanMatrix_longestoverlap_ISI_3_test,B121,Pgph2,Span,mixed,3,3,0.78,3.85,SPAN,60,70,70,60,0.857142857,18,18,134
B121_DL_Switch_Pgph2_SpanMatrix_longestoverlap_ISI_4_test,B121,Pgph2,Span,mixed,4,3,1.08,2.78,SPAN,60,70,70,60,0.857142857,18,18,134
B121_DL_Switch_Pgph2_SpanMatrix_longestoverlap_ISI_5_test,B121,Pgph2,Span,mixed,5,11,2.36,4.66,SPAN,60,70,70,60,0.857142857,18,18,134
B121_DL_Switch_Pgph2_SpanMatrix_longestoverlap_ISI_6_test,B121,Pgph2,Span,mixed,6,15,3.24,4.63,SPAN,60,70,70,60,0.857142857,18,18,134
B121_DL_Switch_Pgph2_SpanMatrix_longestoverlap_ISI_7_test,B121,Pgph2,Span,mixed,7,13,2.4,5.42,SPAN,60,70,70,60,0.857142857,18,18,134
B121_DL_Switch_Pgph2_SpanMatrix_longestoverlap_ISI_8_test,B121,Pgph2,Span,mixed,8,2,0.98,2.04,SPAN,60,70,70,60,0.857142857,18,18,134
B121_DL_Switch_Pgph2_SpanMatrix_longestoverlap_ISI_9_test,B121,Pgph2,Span,mixed,9,3,1.12,2.68,SPAN,60,70,70,60,0.857142857,18,18,134
B121_DL_Switch_Pgph2_SpanMatrix_longestoverlap_ISI_10_test,B121,Pgph2,Span,mixed,10,7,2.26,3.1,SPAN,60,70,70,60,0.857142857,18,18,134
B121_DL_Switch_Pgph2_SpanOnly_longestoverlap_ISI_0_test,B121,Pgph2,Span,single,0,19,4.66,4.08,SPAN,60,70,70,60,0.857142857,18,18,134
B121_DL_Switch_Pgph2_SpanOnly_longestoverlap_ISI_1_test,B121,Pgph2,Span,single,1,20,4.32,4.63,SPAN,60,70,70,60,0.857142857,18,18,134
B121_DL_Switch_Pgph2_SpanOnly_longestoverlap_ISI_2_test,B121,Pgph2,Span,single,2,3,0.64,4.69,SPAN,60,70,70,60,0.857142857,18,18,134
B121_DL_Switch_Pgph2_SpanOnly_longestoverlap_ISI_3_test,B121,Pgph2,Span,single,3,3,0.94,3.19,SPAN,60,70,70,60,0.857142857,18,18,134
B121_DL_Switch_Pgph2_SpanOnly_longestoverlap_ISI_4_test,B121,Pgph2,Span,single,4,4,1.02,3.92,SPAN,60,70,70,60,0.857142857,18,18,134
B121_DL_Switch_Pgph2_SpanOnly_longestoverlap_ISI_5_test,B121,Pgph2,Span,single,5,12,2.28,5.26,SPAN,60,70,70,60,0.857142857,18,18,134
B121_DL_Switch_Pgph2_SpanOnly_longestoverlap_ISI_6_test,B121,Pgph2,Span,single,6,16,3.16,5.06,SPAN,60,70,70,60,0.857142857,18,18,134
B121_DL_Switch_Pgph2_SpanOnly_longestoverlap_ISI_7_test,B121,Pgph2,Span,single,7,12,2.7,4.44,SPAN,60,70,70,60,0.857142857,18,18,134
B121_DL_Switch_Pgph2_SpanOnly_longestoverlap_ISI_8_test,B121,Pgph2,Span,single,8,3,1.34,2.24,SPAN,60,70,70,60,0.857142857,18,18,134
B121_DL_Switch_Pgph2_SpanOnly_longestoverlap_ISI_9_test,B121,Pgph2,Span,single,9,4,1.04,3.85,SPAN,60,70,70,60,0.857142857,18,18,134
B121_DL_Switch_Pgph2_SpanOnly_longestoverlap_ISI_10_test,B121,Pgph2,Span,single,10,7,2.18,3.21,SPAN,60,70,70,60,0.857142857,18,18,134
B122_DL_Switch_Pgph1_SpanMatrix_longestoverlap_ISI_0_test,B122,Pgph1,Span,mixed,0,5,0.84,5.95,SPAN,61,69,69,61,0.884057971,21,21,131
B122_DL_Switch_Pgph1_SpanMatrix_longestoverlap_ISI_1_test,B122,Pgph1,Span,mixed,1,5,1.34,3.73,SPAN,61,69,69,61,0.884057971,21,21,131
B122_DL_Switch_Pgph1_SpanMatrix_longestoverlap_ISI_2_test,B122,Pgph1,Span,mixed,2,17,3.62,4.7,SPAN,61,69,69,61,0.884057971,21,21,131
B122_DL_Switch_Pgph1_SpanMatrix_longestoverlap_ISI_3_test,B122,Pgph1,Span,mixed,3,14,3.46,4.05,SPAN,61,69,69,61,0.884057971,21,21,131
B122_DL_Switch_Pgph1_SpanMatrix_longestoverlap_ISI_5_test,B122,Pgph1,Span,mixed,5,17,3.98,4.27,SPAN,61,69,69,61,0.884057971,21,21,131
B122_DL_Switch_Pgph1_SpanMatrix_longestoverlap_ISI_6_test,B122,Pgph1,Span,mixed,6,9,2.26,3.98,SPAN,61,69,69,61,0.884057971,21,21,131
B122_DL_Switch_Pgph1_SpanMatrix_longestoverlap_ISI_7_test,B122,Pgph1,Span,mixed,7,8,1.8,4.44,SPAN,61,69,69,61,0.884057971,21,21,131
B122_DL_Switch_Pgph1_SpanMatrix_longestoverlap_ISI_8_test,B122,Pgph1,Span,mixed,8,13,2.76,4.71,SPAN,61,69,69,61,0.884057971,21,21,131
B122_DL_Switch_Pgph1_SpanMatrix_longestoverlap_ISI_9_test,B122,Pgph1,Span,mixed,9,11,2.84,3.87,SPAN,61,69,69,61,0.884057971,21,21,131
B122_DL_Switch_Pgph1_SpanMatrix_longestoverlap_ISI_10_test,B122,Pgph1,Span,mixed,10,8,1.64,4.88,SPAN,61,69,69,61,0.884057971,21,21,131
B122_DL_Switch_Pgph1_SpanOnly_longestoverlap_ISI_0_test,B122,Pgph1,Span,single,0,4,0.9,4.44,SPAN,61,69,69,61,0.884057971,21,21,131
B122_DL_Switch_Pgph1_SpanOnly_longestoverlap_ISI_1_test,B122,Pgph1,Span,single,1,8,1.58,5.06,SPAN,61,69,69,61,0.884057971,21,21,131
B122_DL_Switch_Pgph1_SpanOnly_longestoverlap_ISI_2_test,B122,Pgph1,Span,single,2,18,3.72,4.84,SPAN,61,69,69,61,0.884057971,21,21,131
B122_DL_Switch_Pgph1_SpanOnly_longestoverlap_ISI_3_test,B122,Pgph1,Span,single,3,19,3.4,5.59,SPAN,61,69,69,61,0.884057971,21,21,131
B122_DL_Switch_Pgph1_SpanOnly_longestoverlap_ISI_5_test,B122,Pgph1,Span,single,5,17,3.54,4.8,SPAN,61,69,69,61,0.884057971,21,21,131
B122_DL_Switch_Pgph1_SpanOnly_longestoverlap_ISI_6_test,B122,Pgph1,Span,single,6,7,2.1,3.33,SPAN,61,69,69,61,0.884057971,21,21,131
B122_DL_Switch_Pgph1_SpanOnly_longestoverlap_ISI_7_test,B122,Pgph1,Span,single,7,8,2.1,3.81,SPAN,61,69,69,61,0.884057971,21,21,131
B122_DL_Switch_Pgph1_SpanOnly_longestoverlap_ISI_8_test,B122,Pgph1,Span,single,8,12,2.72,4.41,SPAN,61,69,69,61,0.884057971,21,21,131
B122_DL_Switch_Pgph1_SpanOnly_longestoverlap_ISI_9_test,B122,Pgph1,Span,single,9,11,2.98,3.69,SPAN,61,69,69,61,0.884057971,21,21,131
B122_DL_Switch_Pgph1_SpanOnly_longestoverlap_ISI_10_test,B122,Pgph1,Span,single,10,5,1.44,3.47,SPAN,61,69,69,61,0.884057971,21,21,131
B122_DL_Switch_Pgph2_SpanMatrix_longestoverlap_ISI_0_test,B122,Pgph2,Span,mixed,0,22,4.82,4.56,SPAN,61,69,69,61,0.884057971,21,21,131
B122_DL_Switch_Pgph2_SpanMatrix_longestoverlap_ISI_1_test,B122,Pgph2,Span,mixed,1,21,4.18,5.02,SPAN,61,69,69,61,0.884057971,21,21,131
B122_DL_Switch_Pgph2_SpanMatrix_longestoverlap_ISI_2_test,B122,Pgph2,Span,mixed,2,3,0.66,4.55,SPAN,61,69,69,61,0.884057971,21,21,131
B122_DL_Switch_Pgph2_SpanMatrix_longestoverlap_ISI_3_test,B122,Pgph2,Span,mixed,3,4,1,4,SPAN,61,69,69,61,0.884057971,21,21,131
B122_DL_Switch_Pgph2_SpanMatrix_longestoverlap_ISI_4_test,B122,Pgph2,Span,mixed,4,6,1.76,3.41,SPAN,61,69,69,61,0.884057971,21,21,131
B122_DL_Switch_Pgph2_SpanMatrix_longestoverlap_ISI_5_test,B122,Pgph2,Span,mixed,5,19,4,4.75,SPAN,61,69,69,61,0.884057971,21,21,131
B122_DL_Switch_Pgph2_SpanMatrix_longestoverlap_ISI_6_test,B122,Pgph2,Span,mixed,6,18,3.5,5.14,SPAN,61,69,69,61,0.884057971,21,21,131
B122_DL_Switch_Pgph2_SpanMatrix_longestoverlap_ISI_7_test,B122,Pgph2,Span,mixed,7,9,2.5,3.6,SPAN,61,69,69,61,0.884057971,21,21,131
B122_DL_Switch_Pgph2_SpanMatrix_longestoverlap_ISI_8_test,B122,Pgph2,Span,mixed,8,3,0.98,3.06,SPAN,61,69,69,61,0.884057971,21,21,131
B122_DL_Switch_Pgph2_SpanMatrix_longestoverlap_ISI_9_test,B122,Pgph2,Span,mixed,9,14,3.1,4.52,SPAN,61,69,69,61,0.884057971,21,21,131
B122_DL_Switch_Pgph2_SpanMatrix_longestoverlap_ISI_10_test,B122,Pgph2,Span,mixed,10,20,4.12,4.85,SPAN,61,69,69,61,0.884057971,21,21,131
B122_DL_Switch_Pgph2_SpanOnly_longestoverlap_ISI_0_test,B122,Pgph2,Span,single,0,23,5.24,4.39,SPAN,61,69,69,61,0.884057971,21,21,131
B122_DL_Switch_Pgph2_SpanOnly_longestoverlap_ISI_1_test,B122,Pgph2,Span,single,1,18,4.4,4.09,SPAN,61,69,69,61,0.884057971,21,21,131
B122_DL_Switch_Pgph2_SpanOnly_longestoverlap_ISI_2_test,B122,Pgph2,Span,single,2,3,0.72,4.17,SPAN,61,69,69,61,0.884057971,21,21,131
B122_DL_Switch_Pgph2_SpanOnly_longestoverlap_ISI_3_test,B122,Pgph2,Span,single,3,4,1.02,3.92,SPAN,61,69,69,61,0.884057971,21,21,131
B122_DL_Switch_Pgph2_SpanOnly_longestoverlap_ISI_4_test,B122,Pgph2,Span,single,4,6,1.52,3.95,SPAN,61,69,69,61,0.884057971,21,21,131
B122_DL_Switch_Pgph2_SpanOnly_longestoverlap_ISI_5_test,B122,Pgph2,Span,single,5,21,3.72,5.64,SPAN,61,69,69,61,0.884057971,21,21,131
B122_DL_Switch_Pgph2_SpanOnly_longestoverlap_ISI_6_test,B122,Pgph2,Span,single,6,16,3.42,4.68,SPAN,61,69,69,61,0.884057971,21,21,131
B122_DL_Switch_Pgph2_SpanOnly_longestoverlap_ISI_7_test,B122,Pgph2,Span,single,7,11,2.3,4.78,SPAN,61,69,69,61,0.884057971,21,21,131
B122_DL_Switch_Pgph2_SpanOnly_longestoverlap_ISI_8_test,B122,Pgph2,Span,single,8,3,0.98,3.06,SPAN,61,69,69,61,0.884057971,21,21,131
B122_DL_Switch_Pgph2_SpanOnly_longestoverlap_ISI_9_test,B122,Pgph2,Span,single,9,17,3.36,5.06,SPAN,61,69,69,61,0.884057971,21,21,131
B122_DL_Switch_Pgph2_SpanOnly_longestoverlap_ISI_10_test,B122,Pgph2,Span,single,10,17,5.1,3.33,SPAN,61,69,69,61,0.884057971,21,21,131
B123_DL_Switch_Pgph1_SpanMatrix_longestoverlap_ISI_0_test,B123,Pgph1,Span,mixed,0,10,2.54,3.94,ENG,69,57,69,57,0.826086957,11,0,136
B123_DL_Switch_Pgph1_SpanMatrix_longestoverlap_ISI_1_test,B123,Pgph1,Span,mixed,1,17,3.58,4.75,ENG,69,57,69,57,0.826086957,11,0,136
B123_DL_Switch_Pgph1_SpanMatrix_longestoverlap_ISI_2_test,B123,Pgph1,Span,mixed,2,15,2.94,5.1,ENG,69,57,69,57,0.826086957,11,0,136
B123_DL_Switch_Pgph1_SpanMatrix_longestoverlap_ISI_3_test,B123,Pgph1,Span,mixed,3,13,2.8,4.64,ENG,69,57,69,57,0.826086957,11,0,136
B123_DL_Switch_Pgph1_SpanMatrix_longestoverlap_ISI_4_test,B123,Pgph1,Span,mixed,4,8,1.96,4.08,ENG,69,57,69,57,0.826086957,11,0,136
B123_DL_Switch_Pgph1_SpanMatrix_longestoverlap_ISI_5_test,B123,Pgph1,Span,mixed,5,18,3.88,4.64,ENG,69,57,69,57,0.826086957,11,0,136
B123_DL_Switch_Pgph1_SpanMatrix_longestoverlap_ISI_6_test,B123,Pgph1,Span,mixed,6,7,2.14,3.27,ENG,69,57,69,57,0.826086957,11,0,136
B123_DL_Switch_Pgph1_SpanMatrix_longestoverlap_ISI_7_test,B123,Pgph1,Span,mixed,7,7,2.06,3.4,ENG,69,57,69,57,0.826086957,11,0,136
B123_DL_Switch_Pgph1_SpanMatrix_longestoverlap_ISI_8_test,B123,Pgph1,Span,mixed,8,12,2.52,4.76,ENG,69,57,69,57,0.826086957,11,0,136
B123_DL_Switch_Pgph1_SpanMatrix_longestoverlap_ISI_9_test,B123,Pgph1,Span,mixed,9,12,2.64,4.55,ENG,69,57,69,57,0.826086957,11,0,136
B123_DL_Switch_Pgph1_SpanMatrix_longestoverlap_ISI_10_test,B123,Pgph1,Span,mixed,10,7,1.9,3.68,ENG,69,57,69,57,0.826086957,11,0,136
B123_DL_Switch_Pgph1_SpanOnly_longestoverlap_ISI_0_test,B123,Pgph1,Span,single,0,8,2.22,3.6,ENG,69,57,69,57,0.826086957,11,0,136
B123_DL_Switch_Pgph1_SpanOnly_longestoverlap_ISI_1_test,B123,Pgph1,Span,single,1,16,3.22,4.97,ENG,69,57,69,57,0.826086957,11,0,136
B123_DL_Switch_Pgph1_SpanOnly_longestoverlap_ISI_2_test,B123,Pgph1,Span,single,2,14,2.78,5.03,ENG,69,57,69,57,0.826086957,11,0,136
B123_DL_Switch_Pgph1_SpanOnly_longestoverlap_ISI_3_test,B123,Pgph1,Span,single,3,11,2.22,4.95,ENG,69,57,69,57,0.826086957,11,0,136
B123_DL_Switch_Pgph1_SpanOnly_longestoverlap_ISI_4_test,B123,Pgph1,Span,single,4,8,1.68,4.76,ENG,69,57,69,57,0.826086957,11,0,136
B123_DL_Switch_Pgph1_SpanOnly_longestoverlap_ISI_5_test,B123,Pgph1,Span,single,5,19,3.82,4.97,ENG,69,57,69,57,0.826086957,11,0,136
B123_DL_Switch_Pgph1_SpanOnly_longestoverlap_ISI_6_test,B123,Pgph1,Span,single,6,7,2.04,3.43,ENG,69,57,69,57,0.826086957,11,0,136
B123_DL_Switch_Pgph1_SpanOnly_longestoverlap_ISI_7_test,B123,Pgph1,Span,single,7,7,1.96,3.57,ENG,69,57,69,57,0.826086957,11,0,136
B123_DL_Switch_Pgph1_SpanOnly_longestoverlap_ISI_8_test,B123,Pgph1,Span,single,8,9,1.84,4.89,ENG,69,57,69,57,0.826086957,11,0,136
B123_DL_Switch_Pgph1_SpanOnly_longestoverlap_ISI_9_test,B123,Pgph1,Span,single,9,8,2.12,3.77,ENG,69,57,69,57,0.826086957,11,0,136
B123_DL_Switch_Pgph1_SpanOnly_longestoverlap_ISI_10_test,B123,Pgph1,Span,single,10,8,1.54,5.19,ENG,69,57,69,57,0.826086957,11,0,136
B123_DL_Switch_Pgph2_SpanMatrix_longestoverlap_ISI_0_test,B123,Pgph2,Span,mixed,0,10,1.96,5.1,ENG,69,57,69,57,0.826086957,11,0,136
B123_DL_Switch_Pgph2_SpanMatrix_longestoverlap_ISI_1_test,B123,Pgph2,Span,mixed,1,9,2.16,4.17,ENG,69,57,69,57,0.826086957,11,0,136
B123_DL_Switch_Pgph2_SpanMatrix_longestoverlap_ISI_2_test,B123,Pgph2,Span,mixed,2,2,0.68,2.94,ENG,69,57,69,57,0.826086957,11,0,136
B123_DL_Switch_Pgph2_SpanMatrix_longestoverlap_ISI_3_test,B123,Pgph2,Span,mixed,3,5,1.52,3.29,ENG,69,57,69,57,0.826086957,11,0,136
B123_DL_Switch_Pgph2_SpanMatrix_longestoverlap_ISI_4_test,B123,Pgph2,Span,mixed,4,8,2.58,3.1,ENG,69,57,69,57,0.826086957,11,0,136
B123_DL_Switch_Pgph2_SpanMatrix_longestoverlap_ISI_5_test,B123,Pgph2,Span,mixed,5,7,1.48,4.73,ENG,69,57,69,57,0.826086957,11,0,136
B123_DL_Switch_Pgph2_SpanMatrix_longestoverlap_ISI_6_test,B123,Pgph2,Span,mixed,6,7,1.32,5.3,ENG,69,57,69,57,0.826086957,11,0,136
B123_DL_Switch_Pgph2_SpanMatrix_longestoverlap_ISI_7_test,B123,Pgph2,Span,mixed,7,14,2.76,5.07,ENG,69,57,69,57,0.826086957,11,0,136
B123_DL_Switch_Pgph2_SpanMatrix_longestoverlap_ISI_8_test,B123,Pgph2,Span,mixed,8,4,1.2,3.33,ENG,69,57,69,57,0.826086957,11,0,136
B123_DL_Switch_Pgph2_SpanMatrix_longestoverlap_ISI_9_test,B123,Pgph2,Span,mixed,9,8,2.16,3.7,ENG,69,57,69,57,0.826086957,11,0,136
B123_DL_Switch_Pgph2_SpanMatrix_longestoverlap_ISI_10_test,B123,Pgph2,Span,mixed,10,9,2.04,4.41,ENG,69,57,69,57,0.826086957,11,0,136
B123_DL_Switch_Pgph2_SpanOnly_longestoverlap_ISI_0_test,B123,Pgph2,Span,single,0,10,2.12,4.72,ENG,69,57,69,57,0.826086957,11,0,136
B123_DL_Switch_Pgph2_SpanOnly_longestoverlap_ISI_1_test,B123,Pgph2,Span,single,1,8,1.96,4.08,ENG,69,57,69,57,0.826086957,11,0,136
B123_DL_Switch_Pgph2_SpanOnly_longestoverlap_ISI_2_test,B123,Pgph2,Span,single,2,6,1.02,5.88,ENG,69,57,69,57,0.826086957,11,0,136
B123_DL_Switch_Pgph2_SpanOnly_longestoverlap_ISI_3_test,B123,Pgph2,Span,single,3,5,1.24,4.03,ENG,69,57,69,57,0.826086957,11,0,136
B123_DL_Switch_Pgph2_SpanOnly_longestoverlap_ISI_4_test,B123,Pgph2,Span,single,4,8,2.54,3.15,ENG,69,57,69,57,0.826086957,11,0,136
B123_DL_Switch_Pgph2_SpanOnly_longestoverlap_ISI_5_test,B123,Pgph2,Span,single,5,7,1.48,4.73,ENG,69,57,69,57,0.826086957,11,0,136
B123_DL_Switch_Pgph2_SpanOnly_longestoverlap_ISI_6_test,B123,Pgph2,Span,single,6,6,1.34,4.48,ENG,69,57,69,57,0.826086957,11,0,136
B123_DL_Switch_Pgph2_SpanOnly_longestoverlap_ISI_7_test,B123,Pgph2,Span,single,7,14,2.78,5.04,ENG,69,57,69,57,0.826086957,11,0,136
B123_DL_Switch_Pgph2_SpanOnly_longestoverlap_ISI_8_test,B123,Pgph2,Span,single,8,3,1.04,2.88,ENG,69,57,69,57,0.826086957,11,0,136
B123_DL_Switch_Pgph2_SpanOnly_longestoverlap_ISI_9_test,B123,Pgph2,Span,single,9,8,2.36,3.39,ENG,69,57,69,57,0.826086957,11,0,136
B123_DL_Switch_Pgph2_SpanOnly_longestoverlap_ISI_10_test,B123,Pgph2,Span,single,10,9,2.16,4.17,ENG,69,57,69,57,0.826086957,11,0,136
B124_DL_Switch_Pgph1_SpanMatrix_longestoverlap_ISI_0_test,B124,Pgph1,Span,mixed,0,10,2.34,4.27,SPAN,61,65,65,61,0.938461538,18,18,136
B124_DL_Switch_Pgph1_SpanMatrix_longestoverlap_ISI_1_test,B124,Pgph1,Span,mixed,1,11,2.56,4.3,SPAN,61,65,65,61,0.938461538,18,18,136
B124_DL_Switch_Pgph1_SpanMatrix_longestoverlap_ISI_2_test,B124,Pgph1,Span,mixed,2,13,2.52,5.16,SPAN,61,65,65,61,0.938461538,18,18,136
B124_DL_Switch_Pgph1_SpanMatrix_longestoverlap_ISI_3_test,B124,Pgph1,Span,mixed,3,4,1.14,3.51,SPAN,61,65,65,61,0.938461538,18,18,136
B124_DL_Switch_Pgph1_SpanMatrix_longestoverlap_ISI_5_test,B124,Pgph1,Span,mixed,5,6,2.02,2.97,SPAN,61,65,65,61,0.938461538,18,18,136
B124_DL_Switch_Pgph1_SpanMatrix_longestoverlap_ISI_6_test,B124,Pgph1,Span,mixed,6,7,1.7,4.12,SPAN,61,65,65,61,0.938461538,18,18,136
B124_DL_Switch_Pgph1_SpanMatrix_longestoverlap_ISI_7_test,B124,Pgph1,Span,mixed,7,9,2.48,3.63,SPAN,61,65,65,61,0.938461538,18,18,136
B124_DL_Switch_Pgph1_SpanMatrix_longestoverlap_ISI_8_test,B124,Pgph1,Span,mixed,8,10,1.94,5.15,SPAN,61,65,65,61,0.938461538,18,18,136
B124_DL_Switch_Pgph1_SpanMatrix_longestoverlap_ISI_9_test,B124,Pgph1,Span,mixed,9,3,1.24,2.42,SPAN,61,65,65,61,0.938461538,18,18,136
B124_DL_Switch_Pgph1_SpanMatrix_longestoverlap_ISI_10_test,B124,Pgph1,Span,mixed,10,8,2.26,3.54,SPAN,61,65,65,61,0.938461538,18,18,136
B124_DL_Switch_Pgph1_SpanOnly_longestoverlap_ISI_0_test,B124,Pgph1,Span,single,0,7,2.16,3.24,SPAN,61,65,65,61,0.938461538,18,18,136
B124_DL_Switch_Pgph1_SpanOnly_longestoverlap_ISI_1_test,B124,Pgph1,Span,single,1,11,2.34,4.7,SPAN,61,65,65,61,0.938461538,18,18,136
B124_DL_Switch_Pgph1_SpanOnly_longestoverlap_ISI_2_test,B124,Pgph1,Span,single,2,11,2.34,4.7,SPAN,61,65,65,61,0.938461538,18,18,136
B124_DL_Switch_Pgph1_SpanOnly_longestoverlap_ISI_3_test,B124,Pgph1,Span,single,3,5,1.22,4.1,SPAN,61,65,65,61,0.938461538,18,18,136
B124_DL_Switch_Pgph1_SpanOnly_longestoverlap_ISI_5_test,B124,Pgph1,Span,single,5,7,1.6,4.37,SPAN,61,65,65,61,0.938461538,18,18,136
B124_DL_Switch_Pgph1_SpanOnly_longestoverlap_ISI_6_test,B124,Pgph1,Span,single,6,7,2.44,2.87,SPAN,61,65,65,61,0.938461538,18,18,136
B124_DL_Switch_Pgph1_SpanOnly_longestoverlap_ISI_7_test,B124,Pgph1,Span,single,7,8,2.24,3.57,SPAN,61,65,65,61,0.938461538,18,18,136
B124_DL_Switch_Pgph1_SpanOnly_longestoverlap_ISI_8_test,B124,Pgph1,Span,single,8,10,1.84,5.43,SPAN,61,65,65,61,0.938461538,18,18,136
B124_DL_Switch_Pgph1_SpanOnly_longestoverlap_ISI_9_test,B124,Pgph1,Span,single,9,5,1.52,3.29,SPAN,61,65,65,61,0.938461538,18,18,136
B124_DL_Switch_Pgph1_SpanOnly_longestoverlap_ISI_10_test,B124,Pgph1,Span,single,10,8,1.9,4.21,SPAN,61,65,65,61,0.938461538,18,18,136
B124_DL_Switch_Pgph2_SpanMatrix_longestoverlap_ISI_0_test,B124,Pgph2,Span,mixed,0,8,2.34,3.42,SPAN,61,65,65,61,0.938461538,18,18,136
B124_DL_Switch_Pgph2_SpanMatrix_longestoverlap_ISI_1_test,B124,Pgph2,Span,mixed,1,5,1.38,3.62,SPAN,61,65,65,61,0.938461538,18,18,136
B124_DL_Switch_Pgph2_SpanMatrix_longestoverlap_ISI_2_test,B124,Pgph2,Span,mixed,2,3,0.88,3.41,SPAN,61,65,65,61,0.938461538,18,18,136
B124_DL_Switch_Pgph2_SpanMatrix_longestoverlap_ISI_3_test,B124,Pgph2,Span,mixed,3,5,1.22,4.1,SPAN,61,65,65,61,0.938461538,18,18,136
B124_DL_Switch_Pgph2_SpanMatrix_longestoverlap_ISI_4_test,B124,Pgph2,Span,mixed,4,3,1.22,2.46,SPAN,61,65,65,61,0.938461538,18,18,136
B124_DL_Switch_Pgph2_SpanMatrix_longestoverlap_ISI_5_test,B124,Pgph2,Span,mixed,5,6,1.68,3.57,SPAN,61,65,65,61,0.938461538,18,18,136
B124_DL_Switch_Pgph2_SpanMatrix_longestoverlap_ISI_6_test,B124,Pgph2,Span,mixed,6,9,2.3,3.91,SPAN,61,65,65,61,0.938461538,18,18,136
B124_DL_Switch_Pgph2_SpanMatrix_longestoverlap_ISI_7_test,B124,Pgph2,Span,mixed,7,8,2,4,SPAN,61,65,65,61,0.938461538,18,18,136
B124_DL_Switch_Pgph2_SpanMatrix_longestoverlap_ISI_8_test,B124,Pgph2,Span,mixed,8,2,0.74,2.7,SPAN,61,65,65,61,0.938461538,18,18,136
B124_DL_Switch_Pgph2_SpanMatrix_longestoverlap_ISI_9_test,B124,Pgph2,Span,mixed,9,4,1.82,2.2,SPAN,61,65,65,61,0.938461538,18,18,136
B124_DL_Switch_Pgph2_SpanMatrix_longestoverlap_ISI_10_test,B124,Pgph2,Span,mixed,10,4,1.86,2.15,SPAN,61,65,65,61,0.938461538,18,18,136
B124_DL_Switch_Pgph2_SpanOnly_longestoverlap_ISI_0_test,B124,Pgph2,Span,single,0,9,2.1,4.28,SPAN,61,65,65,61,0.938461538,18,18,136
B124_DL_Switch_Pgph2_SpanOnly_longestoverlap_ISI_1_test,B124,Pgph2,Span,single,1,5,1.44,3.47,SPAN,61,65,65,61,0.938461538,18,18,136
B124_DL_Switch_Pgph2_SpanOnly_longestoverlap_ISI_2_test,B124,Pgph2,Span,single,2,4,0.94,4.25,SPAN,61,65,65,61,0.938461538,18,18,136
B124_DL_Switch_Pgph2_SpanOnly_longestoverlap_ISI_3_test,B124,Pgph2,Span,single,3,4,1.1,3.64,SPAN,61,65,65,61,0.938461538,18,18,136
B124_DL_Switch_Pgph2_SpanOnly_longestoverlap_ISI_4_test,B124,Pgph2,Span,single,4,3,1.38,2.17,SPAN,61,65,65,61,0.938461538,18,18,136
B124_DL_Switch_Pgph2_SpanOnly_longestoverlap_ISI_5_test,B124,Pgph2,Span,single,5,5,1.64,3.05,SPAN,61,65,65,61,0.938461538,18,18,136
B124_DL_Switch_Pgph2_SpanOnly_longestoverlap_ISI_6_test,B124,Pgph2,Span,single,6,5,1.68,2.98,SPAN,61,65,65,61,0.938461538,18,18,136
B124_DL_Switch_Pgph2_SpanOnly_longestoverlap_ISI_7_test,B124,Pgph2,Span,single,7,7,2.12,3.3,SPAN,61,65,65,61,0.938461538,18,18,136
B124_DL_Switch_Pgph2_SpanOnly_longestoverlap_ISI_8_test,B124,Pgph2,Span,single,8,4,1.54,2.6,SPAN,61,65,65,61,0.938461538,18,18,136
B124_DL_Switch_Pgph2_SpanOnly_longestoverlap_ISI_9_test,B124,Pgph2,Span,single,9,6,2.32,2.59,SPAN,61,65,65,61,0.938461538,18,18,136
B124_DL_Switch_Pgph2_SpanOnly_longestoverlap_ISI_10_test,B124,Pgph2,Span,single,10,7,2,3.5,SPAN,61,65,65,61,0.938461538,18,18,136
B125_DL_Switch_Pgph1_SpanMatrix_longestoverlap_ISI_0_test,B125,Pgph1,Span,mixed,0,9,2.64,3.41,ENG,68,55,68,55,0.808823529,14,0,141
B125_DL_Switch_Pgph1_SpanMatrix_longestoverlap_ISI_1_test,B125,Pgph1,Span,mixed,1,7,2.54,2.76,ENG,68,55,68,55,0.808823529,14,0,141
B125_DL_Switch_Pgph1_SpanMatrix_longestoverlap_ISI_2_test,B125,Pgph1,Span,mixed,2,10,2.68,3.73,ENG,68,55,68,55,0.808823529,14,0,141
B125_DL_Switch_Pgph1_SpanMatrix_longestoverlap_ISI_3_test,B125,Pgph1,Span,mixed,3,9,2.66,3.38,ENG,68,55,68,55,0.808823529,14,0,141
B125_DL_Switch_Pgph1_SpanMatrix_longestoverlap_ISI_4_test,B125,Pgph1,Span,mixed,4,6,1.62,3.7,ENG,68,55,68,55,0.808823529,14,0,141
B125_DL_Switch_Pgph1_SpanMatrix_longestoverlap_ISI_5_test,B125,Pgph1,Span,mixed,5,12,4.94,2.43,ENG,68,55,68,55,0.808823529,14,0,141
B125_DL_Switch_Pgph1_SpanMatrix_longestoverlap_ISI_6_test,B125,Pgph1,Span,mixed,6,2,0.96,2.08,ENG,68,55,68,55,0.808823529,14,0,141
B125_DL_Switch_Pgph1_SpanMatrix_longestoverlap_ISI_7_test,B125,Pgph1,Span,mixed,7,4,1.38,2.9,ENG,68,55,68,55,0.808823529,14,0,141
B125_DL_Switch_Pgph1_SpanMatrix_longestoverlap_ISI_8_test,B125,Pgph1,Span,mixed,8,4,1.5,2.67,ENG,68,55,68,55,0.808823529,14,0,141
B125_DL_Switch_Pgph1_SpanMatrix_longestoverlap_ISI_9_test,B125,Pgph1,Span,mixed,9,9,2.66,3.38,ENG,68,55,68,55,0.808823529,14,0,141
B125_DL_Switch_Pgph1_SpanMatrix_longestoverlap_ISI_10_test,B125,Pgph1,Span,mixed,10,8,2.06,3.88,ENG,68,55,68,55,0.808823529,14,0,141
B125_DL_Switch_Pgph1_SpanOnly_longestoverlap_ISI_0_test,B125,Pgph1,Span,single,0,9,2.46,3.66,ENG,68,55,68,55,0.808823529,14,0,141
B125_DL_Switch_Pgph1_SpanOnly_longestoverlap_ISI_1_test,B125,Pgph1,Span,single,1,9,2.94,3.06,ENG,68,55,68,55,0.808823529,14,0,141
B125_DL_Switch_Pgph1_SpanOnly_longestoverlap_ISI_2_test,B125,Pgph1,Span,single,2,13,2.36,5.51,ENG,68,55,68,55,0.808823529,14,0,141
B125_DL_Switch_Pgph1_SpanOnly_longestoverlap_ISI_3_test,B125,Pgph1,Span,single,3,11,2.5,4.4,ENG,68,55,68,55,0.808823529,14,0,141
B125_DL_Switch_Pgph1_SpanOnly_longestoverlap_ISI_4_test,B125,Pgph1,Span,single,4,7,1.58,4.43,ENG,68,55,68,55,0.808823529,14,0,141
B125_DL_Switch_Pgph1_SpanOnly_longestoverlap_ISI_5_test,B125,Pgph1,Span,single,5,14,4.12,3.4,ENG,68,55,68,55,0.808823529,14,0,141
B125_DL_Switch_Pgph1_SpanOnly_longestoverlap_ISI_6_test,B125,Pgph1,Span,single,6,2,1.02,1.96,ENG,68,55,68,55,0.808823529,14,0,141
B125_DL_Switch_Pgph1_SpanOnly_longestoverlap_ISI_7_test,B125,Pgph1,Span,single,7,2,1.16,1.72,ENG,68,55,68,55,0.808823529,14,0,141
B125_DL_Switch_Pgph1_SpanOnly_longestoverlap_ISI_8_test,B125,Pgph1,Span,single,8,3,1.4,2.14,ENG,68,55,68,55,0.808823529,14,0,141
B125_DL_Switch_Pgph1_SpanOnly_longestoverlap_ISI_9_test,B125,Pgph1,Span,single,9,7,2.06,3.4,ENG,68,55,68,55,0.808823529,14,0,141
B125_DL_Switch_Pgph1_SpanOnly_longestoverlap_ISI_10_test,B125,Pgph1,Span,single,10,5,1.8,2.78,ENG,68,55,68,55,0.808823529,14,0,141
B125_DL_Switch_Pgph2_SpanMatrix_longestoverlap_ISI_0_test,B125,Pgph2,Span,mixed,0,8,1.74,4.6,ENG,68,55,68,55,0.808823529,14,0,141
B125_DL_Switch_Pgph2_SpanMatrix_longestoverlap_ISI_1_test,B125,Pgph2,Span,mixed,1,4,2.32,1.72,ENG,68,55,68,55,0.808823529,14,0,141
B125_DL_Switch_Pgph2_SpanMatrix_longestoverlap_ISI_3_test,B125,Pgph2,Span,mixed,3,5,1.48,3.38,ENG,68,55,68,55,0.808823529,14,0,141
B125_DL_Switch_Pgph2_SpanMatrix_longestoverlap_ISI_4_test,B125,Pgph2,Span,mixed,4,4,1.26,3.17,ENG,68,55,68,55,0.808823529,14,0,141
B125_DL_Switch_Pgph2_SpanMatrix_longestoverlap_ISI_5_test,B125,Pgph2,Span,mixed,5,21,4.76,4.41,ENG,68,55,68,55,0.808823529,14,0,141
B125_DL_Switch_Pgph2_SpanMatrix_longestoverlap_ISI_6_test,B125,Pgph2,Span,mixed,6,4,1.38,2.9,ENG,68,55,68,55,0.808823529,14,0,141
B125_DL_Switch_Pgph2_SpanMatrix_longestoverlap_ISI_7_test,B125,Pgph2,Span,mixed,7,8,1.96,4.08,ENG,68,55,68,55,0.808823529,14,0,141
B125_DL_Switch_Pgph2_SpanMatrix_longestoverlap_ISI_8_test,B125,Pgph2,Span,mixed,8,2,0.64,3.12,ENG,68,55,68,55,0.808823529,14,0,141
B125_DL_Switch_Pgph2_SpanMatrix_longestoverlap_ISI_9_test,B125,Pgph2,Span,mixed,9,8,2.48,3.23,ENG,68,55,68,55,0.808823529,14,0,141
B125_DL_Switch_Pgph2_SpanMatrix_longestoverlap_ISI_10_test,B125,Pgph2,Span,mixed,10,4,2.32,1.72,ENG,68,55,68,55,0.808823529,14,0,141
B125_DL_Switch_Pgph2_SpanOnly_longestoverlap_ISI_0_test,B125,Pgph2,Span,single,0,7,1.7,4.12,ENG,68,55,68,55,0.808823529,14,0,141
B125_DL_Switch_Pgph2_SpanOnly_longestoverlap_ISI_1_test,B125,Pgph2,Span,single,1,4,2.46,1.63,ENG,68,55,68,55,0.808823529,14,0,141
B125_DL_Switch_Pgph2_SpanOnly_longestoverlap_ISI_3_test,B125,Pgph2,Span,single,3,9,2.34,3.85,ENG,68,55,68,55,0.808823529,14,0,141
B125_DL_Switch_Pgph2_SpanOnly_longestoverlap_ISI_4_test,B125,Pgph2,Span,single,4,2,1.1,1.82,ENG,68,55,68,55,0.808823529,14,0,141
B125_DL_Switch_Pgph2_SpanOnly_longestoverlap_ISI_5_test,B125,Pgph2,Span,single,5,17,4.44,3.83,ENG,68,55,68,55,0.808823529,14,0,141
B125_DL_Switch_Pgph2_SpanOnly_longestoverlap_ISI_6_test,B125,Pgph2,Span,single,6,5,1.38,3.62,ENG,68,55,68,55,0.808823529,14,0,141
B125_DL_Switch_Pgph2_SpanOnly_longestoverlap_ISI_7_test,B125,Pgph2,Span,single,7,8,1.96,4.08,ENG,68,55,68,55,0.808823529,14,0,141
B125_DL_Switch_Pgph2_SpanOnly_longestoverlap_ISI_8_test,B125,Pgph2,Span,single,8,2,1.02,1.96,ENG,68,55,68,55,0.808823529,14,0,141
B125_DL_Switch_Pgph2_SpanOnly_longestoverlap_ISI_9_test,B125,Pgph2,Span,single,9,8,2.46,3.25,ENG,68,55,68,55,0.808823529,14,0,141
B125_DL_Switch_Pgph2_SpanOnly_longestoverlap_ISI_10_test,B125,Pgph2,Span,single,10,5,2.18,2.29,ENG,68,55,68,55,0.808823529,14,0,141
B126_DL_Switch_Pgph1_SpanMatrix_longestoverlap_ISI_0_test,B126,Pgph1,Span,mixed,0,13,2.32,5.6,SPAN,62,70,70,62,0.885714286,6,6,137
B126_DL_Switch_Pgph1_SpanMatrix_longestoverlap_ISI_1_test,B126,Pgph1,Span,mixed,1,6,1.46,4.11,SPAN,62,70,70,62,0.885714286,6,6,137
B126_DL_Switch_Pgph1_SpanMatrix_longestoverlap_ISI_2_test,B126,Pgph1,Span,mixed,2,15,2.62,5.72,SPAN,62,70,70,62,0.885714286,6,6,137
B126_DL_Switch_Pgph1_SpanMatrix_longestoverlap_ISI_3_test,B126,Pgph1,Span,mixed,3,17,3.02,5.63,SPAN,62,70,70,62,0.885714286,6,6,137
B126_DL_Switch_Pgph1_SpanMatrix_longestoverlap_ISI_4_test,B126,Pgph1,Span,mixed,4,8,1.5,5.33,SPAN,62,70,70,62,0.885714286,6,6,137
B126_DL_Switch_Pgph1_SpanMatrix_longestoverlap_ISI_5_test,B126,Pgph1,Span,mixed,5,11,2.3,4.78,SPAN,62,70,70,62,0.885714286,6,6,137
B126_DL_Switch_Pgph1_SpanMatrix_longestoverlap_ISI_6_test,B126,Pgph1,Span,mixed,6,3,1,3,SPAN,62,70,70,62,0.885714286,6,6,137
B126_DL_Switch_Pgph1_SpanMatrix_longestoverlap_ISI_7_test,B126,Pgph1,Span,mixed,7,6,1.46,4.11,SPAN,62,70,70,62,0.885714286,6,6,137
B126_DL_Switch_Pgph1_SpanMatrix_longestoverlap_ISI_8_test,B126,Pgph1,Span,mixed,8,22,4.1,5.36,SPAN,62,70,70,62,0.885714286,6,6,137
B126_DL_Switch_Pgph1_SpanMatrix_longestoverlap_ISI_9_test,B126,Pgph1,Span,mixed,9,13,2.98,4.36,SPAN,62,70,70,62,0.885714286,6,6,137
B126_DL_Switch_Pgph1_SpanMatrix_longestoverlap_ISI_10_test,B126,Pgph1,Span,mixed,10,9,1.8,5,SPAN,62,70,70,62,0.885714286,6,6,137
B126_DL_Switch_Pgph1_SpanOnly_longestoverlap_ISI_0_test,B126,Pgph1,Span,single,0,14,2.76,5.07,SPAN,62,70,70,62,0.885714286,6,6,137
B126_DL_Switch_Pgph1_SpanOnly_longestoverlap_ISI_1_test,B126,Pgph1,Span,single,1,5,1.16,4.31,SPAN,62,70,70,62,0.885714286,6,6,137
B126_DL_Switch_Pgph1_SpanOnly_longestoverlap_ISI_2_test,B126,Pgph1,Span,single,2,16,2.9,5.52,SPAN,62,70,70,62,0.885714286,6,6,137
B126_DL_Switch_Pgph1_SpanOnly_longestoverlap_ISI_3_test,B126,Pgph1,Span,single,3,16,3.36,4.76,SPAN,62,70,70,62,0.885714286,6,6,137
B126_DL_Switch_Pgph1_SpanOnly_longestoverlap_ISI_4_test,B126,Pgph1,Span,single,4,7,1.52,4.6,SPAN,62,70,70,62,0.885714286,6,6,137
B126_DL_Switch_Pgph1_SpanOnly_longestoverlap_ISI_5_test,B126,Pgph1,Span,single,5,16,2.48,6.45,SPAN,62,70,70,62,0.885714286,6,6,137
B126_DL_Switch_Pgph1_SpanOnly_longestoverlap_ISI_6_test,B126,Pgph1,Span,single,6,4,1.02,3.92,SPAN,62,70,70,62,0.885714286,6,6,137
B126_DL_Switch_Pgph1_SpanOnly_longestoverlap_ISI_7_test,B126,Pgph1,Span,single,7,6,1.54,3.89,SPAN,62,70,70,62,0.885714286,6,6,137
B126_DL_Switch_Pgph1_SpanOnly_longestoverlap_ISI_8_test,B126,Pgph1,Span,single,8,22,4.16,5.29,SPAN,62,70,70,62,0.885714286,6,6,137
B126_DL_Switch_Pgph1_SpanOnly_longestoverlap_ISI_9_test,B126,Pgph1,Span,single,9,12,2.46,4.88,SPAN,62,70,70,62,0.885714286,6,6,137
B126_DL_Switch_Pgph1_SpanOnly_longestoverlap_ISI_10_test,B126,Pgph1,Span,single,10,6,1.42,4.22,SPAN,62,70,70,62,0.885714286,6,6,137
B126_DL_Switch_Pgph2_SpanMatrix_longestoverlap_ISI_0_test,B126,Pgph2,Span,mixed,0,23,4.92,4.67,SPAN,62,70,70,62,0.885714286,6,6,137
B126_DL_Switch_Pgph2_SpanMatrix_longestoverlap_ISI_1_test,B126,Pgph2,Span,mixed,1,16,3.26,4.91,SPAN,62,70,70,62,0.885714286,6,6,137
B126_DL_Switch_Pgph2_SpanMatrix_longestoverlap_ISI_2_test,B126,Pgph2,Span,mixed,2,2,0.52,3.85,SPAN,62,70,70,62,0.885714286,6,6,137
B126_DL_Switch_Pgph2_SpanMatrix_longestoverlap_ISI_3_test,B126,Pgph2,Span,mixed,3,4,1.1,3.64,SPAN,62,70,70,62,0.885714286,6,6,137
B126_DL_Switch_Pgph2_SpanMatrix_longestoverlap_ISI_4_test,B126,Pgph2,Span,mixed,4,14,3.18,4.4,SPAN,62,70,70,62,0.885714286,6,6,137
B126_DL_Switch_Pgph2_SpanMatrix_longestoverlap_ISI_5_test,B126,Pgph2,Span,mixed,5,9,1.9,4.74,SPAN,62,70,70,62,0.885714286,6,6,137
B126_DL_Switch_Pgph2_SpanMatrix_longestoverlap_ISI_6_test,B126,Pgph2,Span,mixed,6,13,2.56,5.08,SPAN,62,70,70,62,0.885714286,6,6,137
B126_DL_Switch_Pgph2_SpanMatrix_longestoverlap_ISI_7_test,B126,Pgph2,Span,mixed,7,21,4.28,4.91,SPAN,62,70,70,62,0.885714286,6,6,137
B126_DL_Switch_Pgph2_SpanMatrix_longestoverlap_ISI_8_test,B126,Pgph2,Span,mixed,8,3,1.02,2.94,SPAN,62,70,70,62,0.885714286,6,6,137
B126_DL_Switch_Pgph2_SpanMatrix_longestoverlap_ISI_9_test,B126,Pgph2,Span,mixed,9,9,2.04,4.41,SPAN,62,70,70,62,0.885714286,6,6,137
B126_DL_Switch_Pgph2_SpanMatrix_longestoverlap_ISI_10_test,B126,Pgph2,Span,mixed,10,10,2.46,4.06,SPAN,62,70,70,62,0.885714286,6,6,137
B126_DL_Switch_Pgph2_SpanOnly_longestoverlap_ISI_0_test,B126,Pgph2,Span,single,0,22,4.72,4.66,SPAN,62,70,70,62,0.885714286,6,6,137
B126_DL_Switch_Pgph2_SpanOnly_longestoverlap_ISI_1_test,B126,Pgph2,Span,single,1,16,3.32,4.82,SPAN,62,70,70,62,0.885714286,6,6,137
B126_DL_Switch_Pgph2_SpanOnly_longestoverlap_ISI_2_test,B126,Pgph2,Span,single,2,2,0.56,3.57,SPAN,62,70,70,62,0.885714286,6,6,137
B126_DL_Switch_Pgph2_SpanOnly_longestoverlap_ISI_3_test,B126,Pgph2,Span,single,3,3,1,3,SPAN,62,70,70,62,0.885714286,6,6,137
B126_DL_Switch_Pgph2_SpanOnly_longestoverlap_ISI_4_test,B126,Pgph2,Span,single,4,13,2.7,4.81,SPAN,62,70,70,62,0.885714286,6,6,137
B126_DL_Switch_Pgph2_SpanOnly_longestoverlap_ISI_5_test,B126,Pgph2,Span,single,5,9,2.78,3.24,SPAN,62,70,70,62,0.885714286,6,6,137
B126_DL_Switch_Pgph2_SpanOnly_longestoverlap_ISI_6_test,B126,Pgph2,Span,single,6,10,2.2,4.54,SPAN,62,70,70,62,0.885714286,6,6,137
B126_DL_Switch_Pgph2_SpanOnly_longestoverlap_ISI_7_test,B126,Pgph2,Span,single,7,21,3.98,5.28,SPAN,62,70,70,62,0.885714286,6,6,137
B126_DL_Switch_Pgph2_SpanOnly_longestoverlap_ISI_8_test,B126,Pgph2,Span,single,8,3,0.84,3.57,SPAN,62,70,70,62,0.885714286,6,6,137
B126_DL_Switch_Pgph2_SpanOnly_longestoverlap_ISI_9_test,B126,Pgph2,Span,single,9,9,1.98,4.54,SPAN,62,70,70,62,0.885714286,6,6,137
B126_DL_Switch_Pgph2_SpanOnly_longestoverlap_ISI_10_test,B126,Pgph2,Span,single,10,9,2.38,3.78,SPAN,62,70,70,62,0.885714286,6,6,137
B127_DL_Switch_Pgph1_SpanMatrix_longestoverlap_ISI_0_test,B127,Pgph1,Span,mixed,0,15,5.66,2.65,ENG,77,37,77,37,0.480519481,6,0,139
B127_DL_Switch_Pgph1_SpanMatrix_longestoverlap_ISI_1_test,B127,Pgph1,Span,mixed,1,13,3.72,3.49,ENG,77,37,77,37,0.480519481,6,0,139
B127_DL_Switch_Pgph1_SpanMatrix_longestoverlap_ISI_2_test,B127,Pgph1,Span,mixed,2,4,1.46,2.74,ENG,77,37,77,37,0.480519481,6,0,139
B127_DL_Switch_Pgph1_SpanMatrix_longestoverlap_ISI_3_test,B127,Pgph1,Span,mixed,3,8,2.84,2.82,ENG,77,37,77,37,0.480519481,6,0,139
B127_DL_Switch_Pgph1_SpanMatrix_longestoverlap_ISI_5_test,B127,Pgph1,Span,mixed,5,14,3.72,3.76,ENG,77,37,77,37,0.480519481,6,0,139
B127_DL_Switch_Pgph1_SpanMatrix_longestoverlap_ISI_6_test,B127,Pgph1,Span,mixed,6,12,3.92,3.06,ENG,77,37,77,37,0.480519481,6,0,139
B127_DL_Switch_Pgph1_SpanMatrix_longestoverlap_ISI_7_test,B127,Pgph1,Span,mixed,7,2,1,2,ENG,77,37,77,37,0.480519481,6,0,139
B127_DL_Switch_Pgph1_SpanMatrix_longestoverlap_ISI_8_test,B127,Pgph1,Span,mixed,8,9,3.34,2.69,ENG,77,37,77,37,0.480519481,6,0,139
B127_DL_Switch_Pgph1_SpanMatrix_longestoverlap_ISI_9_test,B127,Pgph1,Span,mixed,9,8,2.2,3.64,ENG,77,37,77,37,0.480519481,6,0,139
B127_DL_Switch_Pgph1_SpanOnly_longestoverlap_ISI_0_test,B127,Pgph1,Span,single,0,4,1.78,2.25,ENG,77,37,77,37,0.480519481,6,0,139
B127_DL_Switch_Pgph1_SpanOnly_longestoverlap_ISI_1_test,B127,Pgph1,Span,single,1,10,2.74,3.65,ENG,77,37,77,37,0.480519481,6,0,139
B127_DL_Switch_Pgph1_SpanOnly_longestoverlap_ISI_2_test,B127,Pgph1,Span,single,2,4,0.98,4.08,ENG,77,37,77,37,0.480519481,6,0,139
B127_DL_Switch_Pgph1_SpanOnly_longestoverlap_ISI_3_test,B127,Pgph1,Span,single,3,9,3,3,ENG,77,37,77,37,0.480519481,6,0,139
B127_DL_Switch_Pgph1_SpanOnly_longestoverlap_ISI_5_test,B127,Pgph1,Span,single,5,9,2.56,3.52,ENG,77,37,77,37,0.480519481,6,0,139
B127_DL_Switch_Pgph1_SpanOnly_longestoverlap_ISI_6_test,B127,Pgph1,Span,single,6,9,2.82,3.19,ENG,77,37,77,37,0.480519481,6,0,139
B127_DL_Switch_Pgph1_SpanOnly_longestoverlap_ISI_7_test,B127,Pgph1,Span,single,7,2,0.7,2.86,ENG,77,37,77,37,0.480519481,6,0,139
B127_DL_Switch_Pgph1_SpanOnly_longestoverlap_ISI_8_test,B127,Pgph1,Span,single,8,4,2.02,1.98,ENG,77,37,77,37,0.480519481,6,0,139
B127_DL_Switch_Pgph1_SpanOnly_longestoverlap_ISI_9_test,B127,Pgph1,Span,single,9,8,2.2,3.64,ENG,77,37,77,37,0.480519481,6,0,139
B127_DL_Switch_Pgph2_SpanMatrix_longestoverlap_ISI_0_test,B127,Pgph2,Span,mixed,0,5,2.3,2.17,ENG,77,37,77,37,0.480519481,6,0,139
B127_DL_Switch_Pgph2_SpanMatrix_longestoverlap_ISI_1_test,B127,Pgph2,Span,mixed,1,11,4.36,2.52,ENG,77,37,77,37,0.480519481,6,0,139
B127_DL_Switch_Pgph2_SpanMatrix_longestoverlap_ISI_2_test,B127,Pgph2,Span,mixed,2,7,2.38,2.94,ENG,77,37,77,37,0.480519481,6,0,139
B127_DL_Switch_Pgph2_SpanMatrix_longestoverlap_ISI_3_test,B127,Pgph2,Span,mixed,3,4,1.38,2.9,ENG,77,37,77,37,0.480519481,6,0,139
B127_DL_Switch_Pgph2_SpanMatrix_longestoverlap_ISI_4_test,B127,Pgph2,Span,mixed,4,5,1.94,2.58,ENG,77,37,77,37,0.480519481,6,0,139
B127_DL_Switch_Pgph2_SpanMatrix_longestoverlap_ISI_5_test,B127,Pgph2,Span,mixed,5,13,5.06,2.57,ENG,77,37,77,37,0.480519481,6,0,139
B127_DL_Switch_Pgph2_SpanMatrix_longestoverlap_ISI_6_test,B127,Pgph2,Span,mixed,6,7,3.74,1.87,ENG,77,37,77,37,0.480519481,6,0,139
B127_DL_Switch_Pgph2_SpanMatrix_longestoverlap_ISI_7_test,B127,Pgph2,Span,mixed,7,13,4.38,2.97,ENG,77,37,77,37,0.480519481,6,0,139
B127_DL_Switch_Pgph2_SpanMatrix_longestoverlap_ISI_8_test,B127,Pgph2,Span,mixed,8,4,1.96,2.04,ENG,77,37,77,37,0.480519481,6,0,139
B127_DL_Switch_Pgph2_SpanMatrix_longestoverlap_ISI_9_test,B127,Pgph2,Span,mixed,9,18,5.4,3.33,ENG,77,37,77,37,0.480519481,6,0,139
B127_DL_Switch_Pgph2_SpanMatrix_longestoverlap_ISI_10_test,B127,Pgph2,Span,mixed,10,7,2.6,2.69,ENG,77,37,77,37,0.480519481,6,0,139
B127_DL_Switch_Pgph2_SpanOnly_longestoverlap_ISI_0_test,B127,Pgph2,Span,single,0,5,1.44,3.47,ENG,77,37,77,37,0.480519481,6,0,139
B127_DL_Switch_Pgph2_SpanOnly_longestoverlap_ISI_1_test,B127,Pgph2,Span,single,1,10,3.54,2.82,ENG,77,37,77,37,0.480519481,6,0,139
B127_DL_Switch_Pgph2_SpanOnly_longestoverlap_ISI_2_test,B127,Pgph2,Span,single,2,7,1.98,3.54,ENG,77,37,77,37,0.480519481,6,0,139
B127_DL_Switch_Pgph2_SpanOnly_longestoverlap_ISI_3_test,B127,Pgph2,Span,single,3,4,1.24,3.23,ENG,77,37,77,37,0.480519481,6,0,139
B127_DL_Switch_Pgph2_SpanOnly_longestoverlap_ISI_4_test,B127,Pgph2,Span,single,4,2,0.84,2.38,ENG,77,37,77,37,0.480519481,6,0,139
B127_DL_Switch_Pgph2_SpanOnly_longestoverlap_ISI_5_test,B127,Pgph2,Span,single,5,9,2.5,3.6,ENG,77,37,77,37,0.480519481,6,0,139
B127_DL_Switch_Pgph2_SpanOnly_longestoverlap_ISI_6_test,B127,Pgph2,Span,single,6,6,2.02,2.97,ENG,77,37,77,37,0.480519481,6,0,139
B127_DL_Switch_Pgph2_SpanOnly_longestoverlap_ISI_7_test,B127,Pgph2,Span,single,7,14,3.74,3.74,ENG,77,37,77,37,0.480519481,6,0,139
B127_DL_Switch_Pgph2_SpanOnly_longestoverlap_ISI_8_test,B127,Pgph2,Span,single,8,4,1.96,2.04,ENG,77,37,77,37,0.480519481,6,0,139
B127_DL_Switch_Pgph2_SpanOnly_longestoverlap_ISI_9_test,B127,Pgph2,Span,single,9,18,6.3,2.86,ENG,77,37,77,37,0.480519481,6,0,139
B127_DL_Switch_Pgph2_SpanOnly_longestoverlap_ISI_10_test,B127,Pgph2,Span,single,10,7,2.36,2.97,ENG,77,37,77,37,0.480519481,6,0,139
B128_DL_Switch_Pgph1_SpanMatrix_longestoverlap_ISI_0_test,B128,Pgph1,Span,mixed,0,2,0.8,2.5,ENG,77,44,77,44,0.571428571,6,0,138
B128_DL_Switch_Pgph1_SpanMatrix_longestoverlap_ISI_1_test,B128,Pgph1,Span,mixed,1,10,3.34,2.99,ENG,77,44,77,44,0.571428571,6,0,138
B128_DL_Switch_Pgph1_SpanMatrix_longestoverlap_ISI_2_test,B128,Pgph1,Span,mixed,2,5,1.72,2.91,ENG,77,44,77,44,0.571428571,6,0,138
B128_DL_Switch_Pgph1_SpanMatrix_longestoverlap_ISI_3_test,B128,Pgph1,Span,mixed,3,10,3.42,2.92,ENG,77,44,77,44,0.571428571,6,0,138
B128_DL_Switch_Pgph1_SpanMatrix_longestoverlap_ISI_5_test,B128,Pgph1,Span,mixed,5,9,3.14,2.87,ENG,77,44,77,44,0.571428571,6,0,138
B128_DL_Switch_Pgph1_SpanMatrix_longestoverlap_ISI_6_test,B128,Pgph1,Span,mixed,6,6,2.5,2.4,ENG,77,44,77,44,0.571428571,6,0,138
B128_DL_Switch_Pgph1_SpanMatrix_longestoverlap_ISI_7_test,B128,Pgph1,Span,mixed,7,2,1.2,1.67,ENG,77,44,77,44,0.571428571,6,0,138
B128_DL_Switch_Pgph1_SpanMatrix_longestoverlap_ISI_8_test,B128,Pgph1,Span,mixed,8,7,2.94,2.38,ENG,77,44,77,44,0.571428571,6,0,138
B128_DL_Switch_Pgph1_SpanMatrix_longestoverlap_ISI_9_test,B128,Pgph1,Span,mixed,9,19,6.32,3.01,ENG,77,44,77,44,0.571428571,6,0,138
B128_DL_Switch_Pgph1_SpanMatrix_longestoverlap_ISI_10_test,B128,Pgph1,Span,mixed,10,8,2.8,2.86,ENG,77,44,77,44,0.571428571,6,0,138
B128_DL_Switch_Pgph1_SpanOnly_longestoverlap_ISI_0_test,B128,Pgph1,Span,single,0,2,0.66,3.03,ENG,77,44,77,44,0.571428571,6,0,138
B128_DL_Switch_Pgph1_SpanOnly_longestoverlap_ISI_1_test,B128,Pgph1,Span,single,1,10,3.44,2.91,ENG,77,44,77,44,0.571428571,6,0,138
B128_DL_Switch_Pgph1_SpanOnly_longestoverlap_ISI_2_test,B128,Pgph1,Span,single,2,5,2.3,2.17,ENG,77,44,77,44,0.571428571,6,0,138
B128_DL_Switch_Pgph1_SpanOnly_longestoverlap_ISI_3_test,B128,Pgph1,Span,single,3,8,3.48,2.3,ENG,77,44,77,44,0.571428571,6,0,138
B128_DL_Switch_Pgph1_SpanOnly_longestoverlap_ISI_5_test,B128,Pgph1,Span,single,5,10,2.7,3.7,ENG,77,44,77,44,0.571428571,6,0,138
B128_DL_Switch_Pgph1_SpanOnly_longestoverlap_ISI_6_test,B128,Pgph1,Span,single,6,7,2.06,3.4,ENG,77,44,77,44,0.571428571,6,0,138
B128_DL_Switch_Pgph1_SpanOnly_longestoverlap_ISI_7_test,B128,Pgph1,Span,single,7,2,0.72,2.78,ENG,77,44,77,44,0.571428571,6,0,138
B128_DL_Switch_Pgph1_SpanOnly_longestoverlap_ISI_8_test,B128,Pgph1,Span,single,8,5,1.44,3.47,ENG,77,44,77,44,0.571428571,6,0,138
B128_DL_Switch_Pgph1_SpanOnly_longestoverlap_ISI_9_test,B128,Pgph1,Span,single,9,20,4.84,4.13,ENG,77,44,77,44,0.571428571,6,0,138
B128_DL_Switch_Pgph1_SpanOnly_longestoverlap_ISI_10_test,B128,Pgph1,Span,single,10,6,1.46,4.11,ENG,77,44,77,44,0.571428571,6,0,138
B128_DL_Switch_Pgph2_SpanMatrix_longestoverlap_ISI_0_test,B128,Pgph2,Span,mixed,0,20,5.52,3.62,ENG,77,44,77,44,0.571428571,6,0,138
B128_DL_Switch_Pgph2_SpanMatrix_longestoverlap_ISI_1_test,B128,Pgph2,Span,mixed,1,13,5.16,2.52,ENG,77,44,77,44,0.571428571,6,0,138
B128_DL_Switch_Pgph2_SpanMatrix_longestoverlap_ISI_2_test,B128,Pgph2,Span,mixed,2,4,1.54,2.6,ENG,77,44,77,44,0.571428571,6,0,138
B128_DL_Switch_Pgph2_SpanMatrix_longestoverlap_ISI_3_test,B128,Pgph2,Span,mixed,3,5,3.06,1.63,ENG,77,44,77,44,0.571428571,6,0,138
B128_DL_Switch_Pgph2_SpanMatrix_longestoverlap_ISI_4_test,B128,Pgph2,Span,mixed,4,3,1.12,2.68,ENG,77,44,77,44,0.571428571,6,0,138
B128_DL_Switch_Pgph2_SpanMatrix_longestoverlap_ISI_5_test,B128,Pgph2,Span,mixed,5,6,2.26,2.65,ENG,77,44,77,44,0.571428571,6,0,138
B128_DL_Switch_Pgph2_SpanMatrix_longestoverlap_ISI_6_test,B128,Pgph2,Span,mixed,6,7,2.86,2.45,ENG,77,44,77,44,0.571428571,6,0,138
B128_DL_Switch_Pgph2_SpanMatrix_longestoverlap_ISI_7_test,B128,Pgph2,Span,mixed,7,16,4.92,3.25,ENG,77,44,77,44,0.571428571,6,0,138
B128_DL_Switch_Pgph2_SpanMatrix_longestoverlap_ISI_8_test,B128,Pgph2,Span,mixed,8,3,0.9,3.33,ENG,77,44,77,44,0.571428571,6,0,138
B128_DL_Switch_Pgph2_SpanMatrix_longestoverlap_ISI_9_test,B128,Pgph2,Span,mixed,9,12,3.66,3.28,ENG,77,44,77,44,0.571428571,6,0,138
B128_DL_Switch_Pgph2_SpanMatrix_longestoverlap_ISI_10_test,B128,Pgph2,Span,mixed,10,11,4.5,2.44,ENG,77,44,77,44,0.571428571,6,0,138
B128_DL_Switch_Pgph2_SpanOnly_longestoverlap_ISI_0_test,B128,Pgph2,Span,single,0,15,4.98,3.01,ENG,77,44,77,44,0.571428571,6,0,138
B128_DL_Switch_Pgph2_SpanOnly_longestoverlap_ISI_1_test,B128,Pgph2,Span,single,1,12,4.32,2.78,ENG,77,44,77,44,0.571428571,6,0,138
B128_DL_Switch_Pgph2_SpanOnly_longestoverlap_ISI_2_test,B128,Pgph2,Span,single,2,6,1.34,4.48,ENG,77,44,77,44,0.571428571,6,0,138
B128_DL_Switch_Pgph2_SpanOnly_longestoverlap_ISI_3_test,B128,Pgph2,Span,single,3,5,1.36,3.68,ENG,77,44,77,44,0.571428571,6,0,138
B128_DL_Switch_Pgph2_SpanOnly_longestoverlap_ISI_4_test,B128,Pgph2,Span,single,4,3,0.86,3.49,ENG,77,44,77,44,0.571428571,6,0,138
B128_DL_Switch_Pgph2_SpanOnly_longestoverlap_ISI_5_test,B128,Pgph2,Span,single,5,8,2.7,2.96,ENG,77,44,77,44,0.571428571,6,0,138
B128_DL_Switch_Pgph2_SpanOnly_longestoverlap_ISI_6_test,B128,Pgph2,Span,single,6,7,2.26,3.1,ENG,77,44,77,44,0.571428571,6,0,138
B128_DL_Switch_Pgph2_SpanOnly_longestoverlap_ISI_7_test,B128,Pgph2,Span,single,7,15,4.4,3.41,ENG,77,44,77,44,0.571428571,6,0,138
B128_DL_Switch_Pgph2_SpanOnly_longestoverlap_ISI_8_test,B128,Pgph2,Span,single,8,2,0.94,2.13,ENG,77,44,77,44,0.571428571,6,0,138
B128_DL_Switch_Pgph2_SpanOnly_longestoverlap_ISI_9_test,B128,Pgph2,Span,single,9,12,3.96,3.03,ENG,77,44,77,44,0.571428571,6,0,138
B128_DL_Switch_Pgph2_SpanOnly_longestoverlap_ISI_10_test,B128,Pgph2,Span,single,10,9,3.52,2.56,ENG,77,44,77,44,0.571428571,6,0,138
B129_DL_Switch_Pgph1_SpanMatrix_longestoverlap_ISI_0_test,B129,Pgph1,Span,mixed,0,9,2.18,4.13,ENG,73,34,73,34,0.465753425,5,0,134
B129_DL_Switch_Pgph1_SpanMatrix_longestoverlap_ISI_1_test,B129,Pgph1,Span,mixed,1,9,2.9,3.1,ENG,73,34,73,34,0.465753425,5,0,134
B129_DL_Switch_Pgph1_SpanMatrix_longestoverlap_ISI_2_test,B129,Pgph1,Span,mixed,2,4,1.58,2.53,ENG,73,34,73,34,0.465753425,5,0,134
B129_DL_Switch_Pgph1_SpanMatrix_longestoverlap_ISI_3_test,B129,Pgph1,Span,mixed,3,7,1.52,4.6,ENG,73,34,73,34,0.465753425,5,0,134
B129_DL_Switch_Pgph1_SpanMatrix_longestoverlap_ISI_4_test,B129,Pgph1,Span,mixed,4,6,1.8,3.33,ENG,73,34,73,34,0.465753425,5,0,134
B129_DL_Switch_Pgph1_SpanMatrix_longestoverlap_ISI_5_test,B129,Pgph1,Span,mixed,5,9,2.84,3.17,ENG,73,34,73,34,0.465753425,5,0,134
B129_DL_Switch_Pgph1_SpanMatrix_longestoverlap_ISI_6_test,B129,Pgph1,Span,mixed,6,9,2.92,3.08,ENG,73,34,73,34,0.465753425,5,0,134
B129_DL_Switch_Pgph1_SpanMatrix_longestoverlap_ISI_7_test,B129,Pgph1,Span,mixed,7,3,1.44,2.08,ENG,73,34,73,34,0.465753425,5,0,134
B129_DL_Switch_Pgph1_SpanMatrix_longestoverlap_ISI_8_test,B129,Pgph1,Span,mixed,8,8,1.66,4.82,ENG,73,34,73,34,0.465753425,5,0,134
B129_DL_Switch_Pgph1_SpanMatrix_longestoverlap_ISI_9_test,B129,Pgph1,Span,mixed,9,3,1.04,2.88,ENG,73,34,73,34,0.465753425,5,0,134
B129_DL_Switch_Pgph1_SpanMatrix_longestoverlap_ISI_10_test,B129,Pgph1,Span,mixed,10,4,1.54,2.6,ENG,73,34,73,34,0.465753425,5,0,134
B129_DL_Switch_Pgph1_SpanOnly_longestoverlap_ISI_0_test,B129,Pgph1,Span,single,0,7,2.22,3.15,ENG,73,34,73,34,0.465753425,5,0,134
B129_DL_Switch_Pgph1_SpanOnly_longestoverlap_ISI_1_test,B129,Pgph1,Span,single,1,12,3.16,3.8,ENG,73,34,73,34,0.465753425,5,0,134
B129_DL_Switch_Pgph1_SpanOnly_longestoverlap_ISI_2_test,B129,Pgph1,Span,single,2,5,1.38,3.62,ENG,73,34,73,34,0.465753425,5,0,134
B129_DL_Switch_Pgph1_SpanOnly_longestoverlap_ISI_3_test,B129,Pgph1,Span,single,3,7,1.7,4.12,ENG,73,34,73,34,0.465753425,5,0,134
B129_DL_Switch_Pgph1_SpanOnly_longestoverlap_ISI_4_test,B129,Pgph1,Span,single,4,5,1.74,2.87,ENG,73,34,73,34,0.465753425,5,0,134
B129_DL_Switch_Pgph1_SpanOnly_longestoverlap_ISI_5_test,B129,Pgph1,Span,single,5,6,2.1,2.86,ENG,73,34,73,34,0.465753425,5,0,134
B129_DL_Switch_Pgph1_SpanOnly_longestoverlap_ISI_6_test,B129,Pgph1,Span,single,6,9,2.52,3.57,ENG,73,34,73,34,0.465753425,5,0,134
B129_DL_Switch_Pgph1_SpanOnly_longestoverlap_ISI_7_test,B129,Pgph1,Span,single,7,10,3.64,2.75,ENG,73,34,73,34,0.465753425,5,0,134
B129_DL_Switch_Pgph1_SpanOnly_longestoverlap_ISI_8_test,B129,Pgph1,Span,single,8,4,1.44,2.78,ENG,73,34,73,34,0.465753425,5,0,134
B129_DL_Switch_Pgph1_SpanOnly_longestoverlap_ISI_9_test,B129,Pgph1,Span,single,9,6,1.66,3.61,ENG,73,34,73,34,0.465753425,5,0,134
B129_DL_Switch_Pgph1_SpanOnly_longestoverlap_ISI_10_test,B129,Pgph1,Span,single,10,4,1.3,3.08,ENG,73,34,73,34,0.465753425,5,0,134
B129_DL_Switch_Pgph2_SpanMatrix_longestoverlap_ISI_0_test,B129,Pgph2,Span,mixed,0,9,2.36,3.81,ENG,73,34,73,34,0.465753425,5,0,134
B129_DL_Switch_Pgph2_SpanMatrix_longestoverlap_ISI_1_test,B129,Pgph2,Span,mixed,1,9,2.18,4.13,ENG,73,34,73,34,0.465753425,5,0,134
B129_DL_Switch_Pgph2_SpanMatrix_longestoverlap_ISI_2_test,B129,Pgph2,Span,mixed,2,8,2.42,3.31,ENG,73,34,73,34,0.465753425,5,0,134
B129_DL_Switch_Pgph2_SpanMatrix_longestoverlap_ISI_4_test,B129,Pgph2,Span,mixed,4,5,2.22,2.25,ENG,73,34,73,34,0.465753425,5,0,134
B129_DL_Switch_Pgph2_SpanMatrix_longestoverlap_ISI_5_test,B129,Pgph2,Span,mixed,5,10,3.12,3.2,ENG,73,34,73,34,0.465753425,5,0,134
B129_DL_Switch_Pgph2_SpanMatrix_longestoverlap_ISI_6_test,B129,Pgph2,Span,mixed,6,7,2.5,2.8,ENG,73,34,73,34,0.465753425,5,0,134
B129_DL_Switch_Pgph2_SpanMatrix_longestoverlap_ISI_7_test,B129,Pgph2,Span,mixed,7,8,2.14,3.74,ENG,73,34,73,34,0.465753425,5,0,134
B129_DL_Switch_Pgph2_SpanMatrix_longestoverlap_ISI_8_test,B129,Pgph2,Span,mixed,8,5,1.4,3.57,ENG,73,34,73,34,0.465753425,5,0,134
B129_DL_Switch_Pgph2_SpanMatrix_longestoverlap_ISI_9_test,B129,Pgph2,Span,mixed,9,10,3.76,2.66,ENG,73,34,73,34,0.465753425,5,0,134
B129_DL_Switch_Pgph2_SpanMatrix_longestoverlap_ISI_10_test,B129,Pgph2,Span,mixed,10,6,2,3,ENG,73,34,73,34,0.465753425,5,0,134
B129_DL_Switch_Pgph2_SpanOnly_longestoverlap_ISI_0_test,B129,Pgph2,Span,single,0,9,2.48,3.63,ENG,73,34,73,34,0.465753425,5,0,134
B129_DL_Switch_Pgph2_SpanOnly_longestoverlap_ISI_1_test,B129,Pgph2,Span,single,1,9,2.36,3.81,ENG,73,34,73,34,0.465753425,5,0,134
B129_DL_Switch_Pgph2_SpanOnly_longestoverlap_ISI_2_test,B129,Pgph2,Span,single,2,8,2.74,2.92,ENG,73,34,73,34,0.465753425,5,0,134
B129_DL_Switch_Pgph2_SpanOnly_longestoverlap_ISI_4_test,B129,Pgph2,Span,single,4,7,2.28,3.07,ENG,73,34,73,34,0.465753425,5,0,134
B129_DL_Switch_Pgph2_SpanOnly_longestoverlap_ISI_5_test,B129,Pgph2,Span,single,5,13,3.16,4.11,ENG,73,34,73,34,0.465753425,5,0,134
B129_DL_Switch_Pgph2_SpanOnly_longestoverlap_ISI_6_test,B129,Pgph2,Span,single,6,9,1.98,4.55,ENG,73,34,73,34,0.465753425,5,0,134
B129_DL_Switch_Pgph2_SpanOnly_longestoverlap_ISI_7_test,B129,Pgph2,Span,single,7,8,2.52,3.17,ENG,73,34,73,34,0.465753425,5,0,134
B129_DL_Switch_Pgph2_SpanOnly_longestoverlap_ISI_8_test,B129,Pgph2,Span,single,8,4,1.32,3.03,ENG,73,34,73,34,0.465753425,5,0,134
B129_DL_Switch_Pgph2_SpanOnly_longestoverlap_ISI_9_test,B129,Pgph2,Span,single,9,9,3.64,2.47,ENG,73,34,73,34,0.465753425,5,0,134
B129_DL_Switch_Pgph2_SpanOnly_longestoverlap_ISI_10_test,B129,Pgph2,Span,single,10,5,1.96,2.55,ENG,73,34,73,34,0.465753425,5,0,134
B130R_DL_Switch_Pgph1_SpanMatrix_longestoverlap_ISI_0_test,B130R,Pgph1,Span,mixed,0,11,2.68,4.1,SPAN,51,64,64,51,0.796875,12,12,134
B130R_DL_Switch_Pgph1_SpanMatrix_longestoverlap_ISI_1_test,B130R,Pgph1,Span,mixed,1,11,3.08,3.57,SPAN,51,64,64,51,0.796875,12,12,134
B130R_DL_Switch_Pgph1_SpanMatrix_longestoverlap_ISI_2_test,B130R,Pgph1,Span,mixed,2,16,3.32,4.82,SPAN,51,64,64,51,0.796875,12,12,134
B130R_DL_Switch_Pgph1_SpanMatrix_longestoverlap_ISI_3_test,B130R,Pgph1,Span,mixed,3,22,4.12,5.34,SPAN,51,64,64,51,0.796875,12,12,134
B130R_DL_Switch_Pgph1_SpanMatrix_longestoverlap_ISI_4_test,B130R,Pgph1,Span,mixed,4,7,2.1,3.33,SPAN,51,64,64,51,0.796875,12,12,134
B130R_DL_Switch_Pgph1_SpanMatrix_longestoverlap_ISI_5_test,B130R,Pgph1,Span,mixed,5,11,3.02,3.64,SPAN,51,64,64,51,0.796875,12,12,134
B130R_DL_Switch_Pgph1_SpanMatrix_longestoverlap_ISI_6_test,B130R,Pgph1,Span,mixed,6,6,1.12,5.36,SPAN,51,64,64,51,0.796875,12,12,134
B130R_DL_Switch_Pgph1_SpanMatrix_longestoverlap_ISI_7_test,B130R,Pgph1,Span,mixed,7,7,2.16,3.24,SPAN,51,64,64,51,0.796875,12,12,134
B130R_DL_Switch_Pgph1_SpanMatrix_longestoverlap_ISI_8_test,B130R,Pgph1,Span,mixed,8,12,3.12,3.85,SPAN,51,64,64,51,0.796875,12,12,134
B130R_DL_Switch_Pgph1_SpanMatrix_longestoverlap_ISI_9_test,B130R,Pgph1,Span,mixed,9,3,1.34,2.24,SPAN,51,64,64,51,0.796875,12,12,134
B130R_DL_Switch_Pgph1_SpanMatrix_longestoverlap_ISI_10_test,B130R,Pgph1,Span,mixed,10,8,1.66,4.82,SPAN,51,64,64,51,0.796875,12,12,134
B130R_DL_Switch_Pgph1_SpanOnly_longestoverlap_ISI_0_test,B130R,Pgph1,Span,single,0,11,2.44,4.51,SPAN,51,64,64,51,0.796875,12,12,134
B130R_DL_Switch_Pgph1_SpanOnly_longestoverlap_ISI_1_test,B130R,Pgph1,Span,single,1,11,2.66,4.14,SPAN,51,64,64,51,0.796875,12,12,134
B130R_DL_Switch_Pgph1_SpanOnly_longestoverlap_ISI_2_test,B130R,Pgph1,Span,single,2,14,2.98,4.7,SPAN,51,64,64,51,0.796875,12,12,134
B130R_DL_Switch_Pgph1_SpanOnly_longestoverlap_ISI_3_test,B130R,Pgph1,Span,single,3,18,3.68,4.89,SPAN,51,64,64,51,0.796875,12,12,134
B130R_DL_Switch_Pgph1_SpanOnly_longestoverlap_ISI_4_test,B130R,Pgph1,Span,single,4,7,1.72,4.07,SPAN,51,64,64,51,0.796875,12,12,134
B130R_DL_Switch_Pgph1_SpanOnly_longestoverlap_ISI_5_test,B130R,Pgph1,Span,single,5,13,2.46,5.28,SPAN,51,64,64,51,0.796875,12,12,134
B130R_DL_Switch_Pgph1_SpanOnly_longestoverlap_ISI_6_test,B130R,Pgph1,Span,single,6,4,1.14,3.51,SPAN,51,64,64,51,0.796875,12,12,134
B130R_DL_Switch_Pgph1_SpanOnly_longestoverlap_ISI_7_test,B130R,Pgph1,Span,single,7,7,1.9,3.68,SPAN,51,64,64,51,0.796875,12,12,134
B130R_DL_Switch_Pgph1_SpanOnly_longestoverlap_ISI_8_test,B130R,Pgph1,Span,single,8,12,3.12,3.85,SPAN,51,64,64,51,0.796875,12,12,134
B130R_DL_Switch_Pgph1_SpanOnly_longestoverlap_ISI_9_test,B130R,Pgph1,Span,single,9,5,1.3,3.85,SPAN,51,64,64,51,0.796875,12,12,134
B130R_DL_Switch_Pgph1_SpanOnly_longestoverlap_ISI_10_test,B130R,Pgph1,Span,single,10,5,1.5,3.33,SPAN,51,64,64,51,0.796875,12,12,134
B130R_DL_Switch_Pgph2_SpanMatrix_longestoverlap_ISI_0_test,B130R,Pgph2,Span,mixed,0,20,5.14,3.89,SPAN,51,64,64,51,0.796875,12,12,134
B130R_DL_Switch_Pgph2_SpanMatrix_longestoverlap_ISI_1_test,B130R,Pgph2,Span,mixed,1,10,2.72,3.68,SPAN,51,64,64,51,0.796875,12,12,134
B130R_DL_Switch_Pgph2_SpanMatrix_longestoverlap_ISI_2_test,B130R,Pgph2,Span,mixed,2,3,0.72,4.17,SPAN,51,64,64,51,0.796875,12,12,134
B130R_DL_Switch_Pgph2_SpanMatrix_longestoverlap_ISI_3_test,B130R,Pgph2,Span,mixed,3,4,1.12,3.57,SPAN,51,64,64,51,0.796875,12,12,134
B130R_DL_Switch_Pgph2_SpanMatrix_longestoverlap_ISI_4_test,B130R,Pgph2,Span,mixed,4,6,1.86,3.22,SPAN,51,64,64,51,0.796875,12,12,134
B130R_DL_Switch_Pgph2_SpanMatrix_longestoverlap_ISI_5_test,B130R,Pgph2,Span,mixed,5,18,3.8,4.74,SPAN,51,64,64,51,0.796875,12,12,134
B130R_DL_Switch_Pgph2_SpanMatrix_longestoverlap_ISI_6_test,B130R,Pgph2,Span,mixed,6,20,5.16,3.88,SPAN,51,64,64,51,0.796875,12,12,134
B130R_DL_Switch_Pgph2_SpanMatrix_longestoverlap_ISI_7_test,B130R,Pgph2,Span,mixed,7,7,2.08,3.36,SPAN,51,64,64,51,0.796875,12,12,134
B130R_DL_Switch_Pgph2_SpanMatrix_longestoverlap_ISI_8_test,B130R,Pgph2,Span,mixed,8,3,1.1,2.73,SPAN,51,64,64,51,0.796875,12,12,134
B130R_DL_Switch_Pgph2_SpanMatrix_longestoverlap_ISI_9_test,B130R,Pgph2,Span,mixed,9,15,4.04,3.71,SPAN,51,64,64,51,0.796875,12,12,134
B130R_DL_Switch_Pgph2_SpanMatrix_longestoverlap_ISI_10_test,B130R,Pgph2,Span,mixed,10,6,1.58,3.8,SPAN,51,64,64,51,0.796875,12,12,134
B130R_DL_Switch_Pgph2_SpanOnly_longestoverlap_ISI_0_test,B130R,Pgph2,Span,single,0,21,4.38,4.79,SPAN,51,64,64,51,0.796875,12,12,134
B130R_DL_Switch_Pgph2_SpanOnly_longestoverlap_ISI_1_test,B130R,Pgph2,Span,single,1,12,2.88,4.17,SPAN,51,64,64,51,0.796875,12,12,134
B130R_DL_Switch_Pgph2_SpanOnly_longestoverlap_ISI_2_test,B130R,Pgph2,Span,single,2,3,0.66,4.54,SPAN,51,64,64,51,0.796875,12,12,134
B130R_DL_Switch_Pgph2_SpanOnly_longestoverlap_ISI_3_test,B130R,Pgph2,Span,single,3,3,1.08,2.78,SPAN,51,64,64,51,0.796875,12,12,134
B130R_DL_Switch_Pgph2_SpanOnly_longestoverlap_ISI_4_test,B130R,Pgph2,Span,single,4,6,1.8,3.33,SPAN,51,64,64,51,0.796875,12,12,134
B130R_DL_Switch_Pgph2_SpanOnly_longestoverlap_ISI_5_test,B130R,Pgph2,Span,single,5,17,3.9,4.36,SPAN,51,64,64,51,0.796875,12,12,134
B130R_DL_Switch_Pgph2_SpanOnly_longestoverlap_ISI_6_test,B130R,Pgph2,Span,single,6,16,4.62,3.46,SPAN,51,64,64,51,0.796875,12,12,134
B130R_DL_Switch_Pgph2_SpanOnly_longestoverlap_ISI_7_test,B130R,Pgph2,Span,single,7,7,1.54,4.54,SPAN,51,64,64,51,0.796875,12,12,134
B130R_DL_Switch_Pgph2_SpanOnly_longestoverlap_ISI_8_test,B130R,Pgph2,Span,single,8,4,0.96,4.17,SPAN,51,64,64,51,0.796875,12,12,134
B130R_DL_Switch_Pgph2_SpanOnly_longestoverlap_ISI_9_test,B130R,Pgph2,Span,single,9,15,3.6,4.17,SPAN,51,64,64,51,0.796875,12,12,134
B130R_DL_Switch_Pgph2_SpanOnly_longestoverlap_ISI_10_test,B130R,Pgph2,Span,single,10,7,1.64,4.27,SPAN,51,64,64,51,0.796875,12,12,134
B131_DL_Switch_Pgph1_SpanMatrix_longestoverlap_ISI_0_test,B131,Pgph1,Span,mixed,0,17,3.24,5.25,SPAN,66,79,79,66,0.835443038,15,15,138
B131_DL_Switch_Pgph1_SpanMatrix_longestoverlap_ISI_1_test,B131,Pgph1,Span,mixed,1,14,3.1,4.52,SPAN,66,79,79,66,0.835443038,15,15,138
B131_DL_Switch_Pgph1_SpanMatrix_longestoverlap_ISI_2_test,B131,Pgph1,Span,mixed,2,21,3.58,5.87,SPAN,66,79,79,66,0.835443038,15,15,138
B131_DL_Switch_Pgph1_SpanMatrix_longestoverlap_ISI_3_test,B131,Pgph1,Span,mixed,3,16,2.94,5.44,SPAN,66,79,79,66,0.835443038,15,15,138
B131_DL_Switch_Pgph1_SpanMatrix_longestoverlap_ISI_4_test,B131,Pgph1,Span,mixed,4,8,1.8,4.44,SPAN,66,79,79,66,0.835443038,15,15,138
B131_DL_Switch_Pgph1_SpanMatrix_longestoverlap_ISI_5_test,B131,Pgph1,Span,mixed,5,10,2.2,4.54,SPAN,66,79,79,66,0.835443038,15,15,138
B131_DL_Switch_Pgph1_SpanMatrix_longestoverlap_ISI_6_test,B131,Pgph1,Span,mixed,6,5,1.16,4.31,SPAN,66,79,79,66,0.835443038,15,15,138
B131_DL_Switch_Pgph1_SpanMatrix_longestoverlap_ISI_7_test,B131,Pgph1,Span,mixed,7,7,1.44,4.86,SPAN,66,79,79,66,0.835443038,15,15,138
B131_DL_Switch_Pgph1_SpanMatrix_longestoverlap_ISI_8_test,B131,Pgph1,Span,mixed,8,19,3.52,5.4,SPAN,66,79,79,66,0.835443038,15,15,138
B131_DL_Switch_Pgph1_SpanMatrix_longestoverlap_ISI_9_test,B131,Pgph1,Span,mixed,9,11,2.62,4.2,SPAN,66,79,79,66,0.835443038,15,15,138
B131_DL_Switch_Pgph1_SpanMatrix_longestoverlap_ISI_10_test,B131,Pgph1,Span,mixed,10,6,1.46,4.11,SPAN,66,79,79,66,0.835443038,15,15,138
B131_DL_Switch_Pgph1_SpanOnly_longestoverlap_ISI_0_test,B131,Pgph1,Span,single,0,16,3.02,5.3,SPAN,66,79,79,66,0.835443038,15,15,138
B131_DL_Switch_Pgph1_SpanOnly_longestoverlap_ISI_1_test,B131,Pgph1,Span,single,1,15,2.96,5.07,SPAN,66,79,79,66,0.835443038,15,15,138
B131_DL_Switch_Pgph1_SpanOnly_longestoverlap_ISI_2_test,B131,Pgph1,Span,single,2,22,3.9,5.64,SPAN,66,79,79,66,0.835443038,15,15,138
B131_DL_Switch_Pgph1_SpanOnly_longestoverlap_ISI_3_test,B131,Pgph1,Span,single,3,13,2.74,4.74,SPAN,66,79,79,66,0.835443038,15,15,138
B131_DL_Switch_Pgph1_SpanOnly_longestoverlap_ISI_4_test,B131,Pgph1,Span,single,4,8,1.54,5.19,SPAN,66,79,79,66,0.835443038,15,15,138
B131_DL_Switch_Pgph1_SpanOnly_longestoverlap_ISI_5_test,B131,Pgph1,Span,single,5,12,1.92,6.25,SPAN,66,79,79,66,0.835443038,15,15,138
B131_DL_Switch_Pgph1_SpanOnly_longestoverlap_ISI_6_test,B131,Pgph1,Span,single,6,5,1.24,4.03,SPAN,66,79,79,66,0.835443038,15,15,138
B131_DL_Switch_Pgph1_SpanOnly_longestoverlap_ISI_7_test,B131,Pgph1,Span,single,7,7,1.58,4.43,SPAN,66,79,79,66,0.835443038,15,15,138
B131_DL_Switch_Pgph1_SpanOnly_longestoverlap_ISI_8_test,B131,Pgph1,Span,single,8,21,3.46,6.07,SPAN,66,79,79,66,0.835443038,15,15,138
B131_DL_Switch_Pgph1_SpanOnly_longestoverlap_ISI_9_test,B131,Pgph1,Span,single,9,16,2.72,5.88,SPAN,66,79,79,66,0.835443038,15,15,138
B131_DL_Switch_Pgph1_SpanOnly_longestoverlap_ISI_10_test,B131,Pgph1,Span,single,10,6,1.42,4.22,SPAN,66,79,79,66,0.835443038,15,15,138
B131_DL_Switch_Pgph2_SpanMatrix_longestoverlap_ISI_0_test,B131,Pgph2,Span,mixed,0,20,4.18,4.78,SPAN,66,79,79,66,0.835443038,15,15,138
B131_DL_Switch_Pgph2_SpanMatrix_longestoverlap_ISI_1_test,B131,Pgph2,Span,mixed,1,18,3.68,4.89,SPAN,66,79,79,66,0.835443038,15,15,138
B131_DL_Switch_Pgph2_SpanMatrix_longestoverlap_ISI_2_test,B131,Pgph2,Span,mixed,2,4,1.48,2.7,SPAN,66,79,79,66,0.835443038,15,15,138
B131_DL_Switch_Pgph2_SpanMatrix_longestoverlap_ISI_3_test,B131,Pgph2,Span,mixed,3,3,0.94,3.19,SPAN,66,79,79,66,0.835443038,15,15,138
B131_DL_Switch_Pgph2_SpanMatrix_longestoverlap_ISI_4_test,B131,Pgph2,Span,mixed,4,10,2.54,3.94,SPAN,66,79,79,66,0.835443038,15,15,138
B131_DL_Switch_Pgph2_SpanMatrix_longestoverlap_ISI_5_test,B131,Pgph2,Span,mixed,5,18,3.28,5.49,SPAN,66,79,79,66,0.835443038,15,15,138
B131_DL_Switch_Pgph2_SpanMatrix_longestoverlap_ISI_6_test,B131,Pgph2,Span,mixed,6,17,3.04,5.59,SPAN,66,79,79,66,0.835443038,15,15,138
B131_DL_Switch_Pgph2_SpanMatrix_longestoverlap_ISI_7_test,B131,Pgph2,Span,mixed,7,15,2.88,5.21,SPAN,66,79,79,66,0.835443038,15,15,138
B131_DL_Switch_Pgph2_SpanMatrix_longestoverlap_ISI_8_test,B131,Pgph2,Span,mixed,8,4,0.74,5.4,SPAN,66,79,79,66,0.835443038,15,15,138
B131_DL_Switch_Pgph2_SpanMatrix_longestoverlap_ISI_9_test,B131,Pgph2,Span,mixed,9,13,2.84,4.58,SPAN,66,79,79,66,0.835443038,15,15,138
B131_DL_Switch_Pgph2_SpanMatrix_longestoverlap_ISI_10_test,B131,Pgph2,Span,mixed,10,8,1.54,5.19,SPAN,66,79,79,66,0.835443038,15,15,138
B131_DL_Switch_Pgph2_SpanOnly_longestoverlap_ISI_0_test,B131,Pgph2,Span,single,0,22,4.2,5.24,SPAN,66,79,79,66,0.835443038,15,15,138
B131_DL_Switch_Pgph2_SpanOnly_longestoverlap_ISI_1_test,B131,Pgph2,Span,single,1,17,3.66,4.64,SPAN,66,79,79,66,0.835443038,15,15,138
B131_DL_Switch_Pgph2_SpanOnly_longestoverlap_ISI_2_test,B131,Pgph2,Span,single,2,5,1.36,3.68,SPAN,66,79,79,66,0.835443038,15,15,138
B131_DL_Switch_Pgph2_SpanOnly_longestoverlap_ISI_3_test,B131,Pgph2,Span,single,3,3,0.96,3.12,SPAN,66,79,79,66,0.835443038,15,15,138
B131_DL_Switch_Pgph2_SpanOnly_longestoverlap_ISI_4_test,B131,Pgph2,Span,single,4,11,1.86,5.91,SPAN,66,79,79,66,0.835443038,15,15,138
B131_DL_Switch_Pgph2_SpanOnly_longestoverlap_ISI_5_test,B131,Pgph2,Span,single,5,17,3.14,5.41,SPAN,66,79,79,66,0.835443038,15,15,138
B131_DL_Switch_Pgph2_SpanOnly_longestoverlap_ISI_6_test,B131,Pgph2,Span,single,6,14,2.94,4.76,SPAN,66,79,79,66,0.835443038,15,15,138
B131_DL_Switch_Pgph2_SpanOnly_longestoverlap_ISI_7_test,B131,Pgph2,Span,single,7,13,2.92,4.45,SPAN,66,79,79,66,0.835443038,15,15,138
B131_DL_Switch_Pgph2_SpanOnly_longestoverlap_ISI_8_test,B131,Pgph2,Span,single,8,3,0.86,3.49,SPAN,66,79,79,66,0.835443038,15,15,138
B131_DL_Switch_Pgph2_SpanOnly_longestoverlap_ISI_9_test,B131,Pgph2,Span,single,9,13,2.62,4.96,SPAN,66,79,79,66,0.835443038,15,15,138
B131_DL_Switch_Pgph2_SpanOnly_longestoverlap_ISI_10_test,B131,Pgph2,Span,single,10,8,1.62,4.94,SPAN,66,79,79,66,0.835443038,15,15,138
B132_DL_Switch_Pgph1_SpanMatrix_longestoverlap_ISI_0_test,B132,Pgph1,Span,mixed,0,6,1.98,3.03,ENG,79,45,79,45,0.569620253,6,0,141
B132_DL_Switch_Pgph1_SpanMatrix_longestoverlap_ISI_1_test,B132,Pgph1,Span,mixed,1,5,1.68,2.98,ENG,79,45,79,45,0.569620253,6,0,141
B132_DL_Switch_Pgph1_SpanMatrix_longestoverlap_ISI_2_test,B132,Pgph1,Span,mixed,2,10,2.58,3.88,ENG,79,45,79,45,0.569620253,6,0,141
B132_DL_Switch_Pgph1_SpanMatrix_longestoverlap_ISI_3_test,B132,Pgph1,Span,mixed,3,3,1.26,2.38,ENG,79,45,79,45,0.569620253,6,0,141
B132_DL_Switch_Pgph1_SpanMatrix_longestoverlap_ISI_4_test,B132,Pgph1,Span,mixed,4,6,2,3,ENG,79,45,79,45,0.569620253,6,0,141
B132_DL_Switch_Pgph1_SpanMatrix_longestoverlap_ISI_5_test,B132,Pgph1,Span,mixed,5,6,2.16,2.78,ENG,79,45,79,45,0.569620253,6,0,141
B132_DL_Switch_Pgph1_SpanMatrix_longestoverlap_ISI_6_test,B132,Pgph1,Span,mixed,6,6,2.26,2.65,ENG,79,45,79,45,0.569620253,6,0,141
B132_DL_Switch_Pgph1_SpanMatrix_longestoverlap_ISI_7_test,B132,Pgph1,Span,mixed,7,4,1.24,3.23,ENG,79,45,79,45,0.569620253,6,0,141
B132_DL_Switch_Pgph1_SpanMatrix_longestoverlap_ISI_8_test,B132,Pgph1,Span,mixed,8,14,2.86,4.89,ENG,79,45,79,45,0.569620253,6,0,141
B132_DL_Switch_Pgph1_SpanMatrix_longestoverlap_ISI_9_test,B132,Pgph1,Span,mixed,9,7,1.52,4.6,ENG,79,45,79,45,0.569620253,6,0,141
B132_DL_Switch_Pgph1_SpanMatrix_longestoverlap_ISI_10_test,B132,Pgph1,Span,mixed,10,5,1.68,2.98,ENG,79,45,79,45,0.569620253,6,0,141
B132_DL_Switch_Pgph1_SpanOnly_longestoverlap_ISI_0_test,B132,Pgph1,Span,single,0,5,1.34,3.73,ENG,79,45,79,45,0.569620253,6,0,141
B132_DL_Switch_Pgph1_SpanOnly_longestoverlap_ISI_1_test,B132,Pgph1,Span,single,1,6,1.7,3.53,ENG,79,45,79,45,0.569620253,6,0,141
B132_DL_Switch_Pgph1_SpanOnly_longestoverlap_ISI_2_test,B132,Pgph1,Span,single,2,6,1.94,3.09,ENG,79,45,79,45,0.569620253,6,0,141
B132_DL_Switch_Pgph1_SpanOnly_longestoverlap_ISI_3_test,B132,Pgph1,Span,single,3,2,0.88,2.27,ENG,79,45,79,45,0.569620253,6,0,141
B132_DL_Switch_Pgph1_SpanOnly_longestoverlap_ISI_4_test,B132,Pgph1,Span,single,4,7,1.42,4.93,ENG,79,45,79,45,0.569620253,6,0,141
B132_DL_Switch_Pgph1_SpanOnly_longestoverlap_ISI_5_test,B132,Pgph1,Span,single,5,5,1.72,2.91,ENG,79,45,79,45,0.569620253,6,0,141
B132_DL_Switch_Pgph1_SpanOnly_longestoverlap_ISI_6_test,B132,Pgph1,Span,single,6,7,2,3.5,ENG,79,45,79,45,0.569620253,6,0,141
B132_DL_Switch_Pgph1_SpanOnly_longestoverlap_ISI_7_test,B132,Pgph1,Span,single,7,3,1.18,2.54,ENG,79,45,79,45,0.569620253,6,0,141
B132_DL_Switch_Pgph1_SpanOnly_longestoverlap_ISI_8_test,B132,Pgph1,Span,single,8,12,3.14,3.82,ENG,79,45,79,45,0.569620253,6,0,141
B132_DL_Switch_Pgph1_SpanOnly_longestoverlap_ISI_9_test,B132,Pgph1,Span,single,9,4,1.34,2.98,ENG,79,45,79,45,0.569620253,6,0,141
B132_DL_Switch_Pgph1_SpanOnly_longestoverlap_ISI_10_test,B132,Pgph1,Span,single,10,6,1.66,3.61,ENG,79,45,79,45,0.569620253,6,0,141
B132_DL_Switch_Pgph2_SpanMatrix_longestoverlap_ISI_0_test,B132,Pgph2,Span,mixed,0,4,1.06,3.77,ENG,79,45,79,45,0.569620253,6,0,141
B132_DL_Switch_Pgph2_SpanMatrix_longestoverlap_ISI_1_test,B132,Pgph2,Span,mixed,1,17,5.72,2.97,ENG,79,45,79,45,0.569620253,6,0,141
B132_DL_Switch_Pgph2_SpanMatrix_longestoverlap_ISI_2_test,B132,Pgph2,Span,mixed,2,2,0.58,3.45,ENG,79,45,79,45,0.569620253,6,0,141
B132_DL_Switch_Pgph2_SpanMatrix_longestoverlap_ISI_3_test,B132,Pgph2,Span,mixed,3,4,1.36,2.94,ENG,79,45,79,45,0.569620253,6,0,141
B132_DL_Switch_Pgph2_SpanMatrix_longestoverlap_ISI_4_test,B132,Pgph2,Span,mixed,4,15,3.64,4.12,ENG,79,45,79,45,0.569620253,6,0,141
B132_DL_Switch_Pgph2_SpanMatrix_longestoverlap_ISI_5_test,B132,Pgph2,Span,mixed,5,7,1.94,3.61,ENG,79,45,79,45,0.569620253,6,0,141
B132_DL_Switch_Pgph2_SpanMatrix_longestoverlap_ISI_6_test,B132,Pgph2,Span,mixed,6,5,1.52,3.29,ENG,79,45,79,45,0.569620253,6,0,141
B132_DL_Switch_Pgph2_SpanMatrix_longestoverlap_ISI_7_test,B132,Pgph2,Span,mixed,7,9,2.44,3.69,ENG,79,45,79,45,0.569620253,6,0,141
B132_DL_Switch_Pgph2_SpanMatrix_longestoverlap_ISI_8_test,B132,Pgph2,Span,mixed,8,3,1.92,1.56,ENG,79,45,79,45,0.569620253,6,0,141
B132_DL_Switch_Pgph2_SpanMatrix_longestoverlap_ISI_9_test,B132,Pgph2,Span,mixed,9,2,1.26,1.59,ENG,79,45,79,45,0.569620253,6,0,141
B132_DL_Switch_Pgph2_SpanMatrix_longestoverlap_ISI_10_test,B132,Pgph2,Span,mixed,10,7,2.36,2.97,ENG,79,45,79,45,0.569620253,6,0,141
B132_DL_Switch_Pgph2_SpanOnly_longestoverlap_ISI_0_test,B132,Pgph2,Span,single,0,2,1.38,1.45,ENG,79,45,79,45,0.569620253,6,0,141
B132_DL_Switch_Pgph2_SpanOnly_longestoverlap_ISI_1_test,B132,Pgph2,Span,single,1,17,4.38,3.88,ENG,79,45,79,45,0.569620253,6,0,141
B132_DL_Switch_Pgph2_SpanOnly_longestoverlap_ISI_2_test,B132,Pgph2,Span,single,2,2,0.58,3.45,ENG,79,45,79,45,0.569620253,6,0,141
B132_DL_Switch_Pgph2_SpanOnly_longestoverlap_ISI_3_test,B132,Pgph2,Span,single,3,5,1.18,4.24,ENG,79,45,79,45,0.569620253,6,0,141
B132_DL_Switch_Pgph2_SpanOnly_longestoverlap_ISI_4_test,B132,Pgph2,Span,single,4,5,1.42,3.52,ENG,79,45,79,45,0.569620253,6,0,141
B132_DL_Switch_Pgph2_SpanOnly_longestoverlap_ISI_5_test,B132,Pgph2,Span,single,5,5,1.4,3.57,ENG,79,45,79,45,0.569620253,6,0,141
B132_DL_Switch_Pgph2_SpanOnly_longestoverlap_ISI_6_test,B132,Pgph2,Span,single,6,4,0.74,5.41,ENG,79,45,79,45,0.569620253,6,0,141
B132_DL_Switch_Pgph2_SpanOnly_longestoverlap_ISI_7_test,B132,Pgph2,Span,single,7,8,2.16,3.7,ENG,79,45,79,45,0.569620253,6,0,141
B132_DL_Switch_Pgph2_SpanOnly_longestoverlap_ISI_8_test,B132,Pgph2,Span,single,8,4,1.08,3.7,ENG,79,45,79,45,0.569620253,6,0,141
B132_DL_Switch_Pgph2_SpanOnly_longestoverlap_ISI_9_test,B132,Pgph2,Span,single,9,3,1.04,2.88,ENG,79,45,79,45,0.569620253,6,0,141
B132_DL_Switch_Pgph2_SpanOnly_longestoverlap_ISI_10_test,B132,Pgph2,Span,single,10,7,1.96,3.57,ENG,79,45,79,45,0.569620253,6,0,141
B133_DL_Switch_Pgph1_SpanMatrix_longestoverlap_ISI_0_test,B133,Pgph1,Span,mixed,0,4,1.12,3.57,SPAN,61,77,77,61,0.792207792,40,40,138
B133_DL_Switch_Pgph1_SpanMatrix_longestoverlap_ISI_1_test,B133,Pgph1,Span,mixed,1,7,2.5,2.8,SPAN,61,77,77,61,0.792207792,40,40,138
B133_DL_Switch_Pgph1_SpanMatrix_longestoverlap_ISI_2_test,B133,Pgph1,Span,mixed,2,22,5.04,4.36,SPAN,61,77,77,61,0.792207792,40,40,138
B133_DL_Switch_Pgph1_SpanMatrix_longestoverlap_ISI_3_test,B133,Pgph1,Span,mixed,3,8,2.2,3.64,SPAN,61,77,77,61,0.792207792,40,40,138
B133_DL_Switch_Pgph1_SpanMatrix_longestoverlap_ISI_4_test,B133,Pgph1,Span,mixed,4,8,1.78,4.49,SPAN,61,77,77,61,0.792207792,40,40,138
B133_DL_Switch_Pgph1_SpanMatrix_longestoverlap_ISI_5_test,B133,Pgph1,Span,mixed,5,14,3.4,4.12,SPAN,61,77,77,61,0.792207792,40,40,138
B133_DL_Switch_Pgph1_SpanMatrix_longestoverlap_ISI_6_test,B133,Pgph1,Span,mixed,6,10,2.12,4.72,SPAN,61,77,77,61,0.792207792,40,40,138
B133_DL_Switch_Pgph1_SpanMatrix_longestoverlap_ISI_7_test,B133,Pgph1,Span,mixed,7,9,2.34,3.85,SPAN,61,77,77,61,0.792207792,40,40,138
B133_DL_Switch_Pgph1_SpanMatrix_longestoverlap_ISI_8_test,B133,Pgph1,Span,mixed,8,9,1.66,5.42,SPAN,61,77,77,61,0.792207792,40,40,138
B133_DL_Switch_Pgph1_SpanMatrix_longestoverlap_ISI_9_test,B133,Pgph1,Span,mixed,9,10,2.26,4.42,SPAN,61,77,77,61,0.792207792,40,40,138
B133_DL_Switch_Pgph1_SpanMatrix_longestoverlap_ISI_10_test,B133,Pgph1,Span,mixed,10,6,1.46,4.11,SPAN,61,77,77,61,0.792207792,40,40,138
B133_DL_Switch_Pgph1_SpanOnly_longestoverlap_ISI_0_test,B133,Pgph1,Span,single,0,3,0.82,3.66,SPAN,61,77,77,61,0.792207792,40,40,138
B133_DL_Switch_Pgph1_SpanOnly_longestoverlap_ISI_1_test,B133,Pgph1,Span,single,1,6,2.3,2.61,SPAN,61,77,77,61,0.792207792,40,40,138
B133_DL_Switch_Pgph1_SpanOnly_longestoverlap_ISI_2_test,B133,Pgph1,Span,single,2,21,4.2,5,SPAN,61,77,77,61,0.792207792,40,40,138
B133_DL_Switch_Pgph1_SpanOnly_longestoverlap_ISI_3_test,B133,Pgph1,Span,single,3,9,2.28,3.95,SPAN,61,77,77,61,0.792207792,40,40,138
B133_DL_Switch_Pgph1_SpanOnly_longestoverlap_ISI_4_test,B133,Pgph1,Span,single,4,7,1.76,3.98,SPAN,61,77,77,61,0.792207792,40,40,138
B133_DL_Switch_Pgph1_SpanOnly_longestoverlap_ISI_5_test,B133,Pgph1,Span,single,5,15,3.28,4.57,SPAN,61,77,77,61,0.792207792,40,40,138
B133_DL_Switch_Pgph1_SpanOnly_longestoverlap_ISI_6_test,B133,Pgph1,Span,single,6,10,2.08,4.81,SPAN,61,77,77,61,0.792207792,40,40,138
B133_DL_Switch_Pgph1_SpanOnly_longestoverlap_ISI_7_test,B133,Pgph1,Span,single,7,7,2.04,3.43,SPAN,61,77,77,61,0.792207792,40,40,138
B133_DL_Switch_Pgph1_SpanOnly_longestoverlap_ISI_8_test,B133,Pgph1,Span,single,8,6,1.48,4.05,SPAN,61,77,77,61,0.792207792,40,40,138
B133_DL_Switch_Pgph1_SpanOnly_longestoverlap_ISI_9_test,B133,Pgph1,Span,single,9,11,2.18,5.05,SPAN,61,77,77,61,0.792207792,40,40,138
B133_DL_Switch_Pgph1_SpanOnly_longestoverlap_ISI_10_test,B133,Pgph1,Span,single,10,5,2.16,2.31,SPAN,61,77,77,61,0.792207792,40,40,138
B133_DL_Switch_Pgph2_SpanMatrix_longestoverlap_ISI_0_test,B133,Pgph2,Span,mixed,0,10,3.12,3.2,SPAN,61,77,77,61,0.792207792,40,40,138
B133_DL_Switch_Pgph2_SpanMatrix_longestoverlap_ISI_1_test,B133,Pgph2,Span,mixed,1,6,1.18,5.08,SPAN,61,77,77,61,0.792207792,40,40,138
B133_DL_Switch_Pgph2_SpanMatrix_longestoverlap_ISI_2_test,B133,Pgph2,Span,mixed,2,3,0.66,4.54,SPAN,61,77,77,61,0.792207792,40,40,138
B133_DL_Switch_Pgph2_SpanMatrix_longestoverlap_ISI_3_test,B133,Pgph2,Span,mixed,3,5,1.18,4.24,SPAN,61,77,77,61,0.792207792,40,40,138
B133_DL_Switch_Pgph2_SpanMatrix_longestoverlap_ISI_4_test,B133,Pgph2,Span,mixed,4,12,3.34,3.59,SPAN,61,77,77,61,0.792207792,40,40,138
B133_DL_Switch_Pgph2_SpanMatrix_longestoverlap_ISI_5_test,B133,Pgph2,Span,mixed,5,18,3.92,4.59,SPAN,61,77,77,61,0.792207792,40,40,138
B133_DL_Switch_Pgph2_SpanMatrix_longestoverlap_ISI_6_test,B133,Pgph2,Span,mixed,6,11,2.04,5.39,SPAN,61,77,77,61,0.792207792,40,40,138
B133_DL_Switch_Pgph2_SpanMatrix_longestoverlap_ISI_7_test,B133,Pgph2,Span,mixed,7,9,2.54,3.54,SPAN,61,77,77,61,0.792207792,40,40,138
B133_DL_Switch_Pgph2_SpanMatrix_longestoverlap_ISI_8_test,B133,Pgph2,Span,mixed,8,3,0.9,3.33,SPAN,61,77,77,61,0.792207792,40,40,138
B133_DL_Switch_Pgph2_SpanMatrix_longestoverlap_ISI_9_test,B133,Pgph2,Span,mixed,9,7,2.18,3.21,SPAN,61,77,77,61,0.792207792,40,40,138
B133_DL_Switch_Pgph2_SpanMatrix_longestoverlap_ISI_10_test,B133,Pgph2,Span,mixed,10,8,1.84,4.35,SPAN,61,77,77,61,0.792207792,40,40,138
B133_DL_Switch_Pgph2_SpanOnly_longestoverlap_ISI_0_test,B133,Pgph2,Span,single,0,11,2.8,3.93,SPAN,61,77,77,61,0.792207792,40,40,138
B133_DL_Switch_Pgph2_SpanOnly_longestoverlap_ISI_1_test,B133,Pgph2,Span,single,1,5,1.84,2.72,SPAN,61,77,77,61,0.792207792,40,40,138
B133_DL_Switch_Pgph2_SpanOnly_longestoverlap_ISI_2_test,B133,Pgph2,Span,single,2,3,0.66,4.54,SPAN,61,77,77,61,0.792207792,40,40,138
B133_DL_Switch_Pgph2_SpanOnly_longestoverlap_ISI_3_test,B133,Pgph2,Span,single,3,4,1.02,3.92,SPAN,61,77,77,61,0.792207792,40,40,138
B133_DL_Switch_Pgph2_SpanOnly_longestoverlap_ISI_4_test,B133,Pgph2,Span,single,4,14,3.44,4.07,SPAN,61,77,77,61,0.792207792,40,40,138
B133_DL_Switch_Pgph2_SpanOnly_longestoverlap_ISI_5_test,B133,Pgph2,Span,single,5,14,3.32,4.22,SPAN,61,77,77,61,0.792207792,40,40,138
B133_DL_Switch_Pgph2_SpanOnly_longestoverlap_ISI_6_test,B133,Pgph2,Span,single,6,8,2.02,3.96,SPAN,61,77,77,61,0.792207792,40,40,138
B133_DL_Switch_Pgph2_SpanOnly_longestoverlap_ISI_7_test,B133,Pgph2,Span,single,7,10,2.26,4.42,SPAN,61,77,77,61,0.792207792,40,40,138
B133_DL_Switch_Pgph2_SpanOnly_longestoverlap_ISI_8_test,B133,Pgph2,Span,single,8,3,0.9,3.33,SPAN,61,77,77,61,0.792207792,40,40,138
B133_DL_Switch_Pgph2_SpanOnly_longestoverlap_ISI_9_test,B133,Pgph2,Span,single,9,8,2.04,3.92,SPAN,61,77,77,61,0.792207792,40,40,138
B133_DL_Switch_Pgph2_SpanOnly_longestoverlap_ISI_10_test,B133,Pgph2,Span,single,10,11,1.9,5.79,SPAN,61,77,77,61,0.792207792,40,40,138
B135_DL_Switch_Pgph1_SpanMatrix_longestoverlap_ISI_0_test,B135,Pgph1,Span,mixed,0,10,2.72,3.68,SPAN,53,76,76,53,0.697368421,13,13,128
B135_DL_Switch_Pgph1_SpanMatrix_longestoverlap_ISI_1_test,B135,Pgph1,Span,mixed,1,8,1.68,4.76,SPAN,53,76,76,53,0.697368421,13,13,128
B135_DL_Switch_Pgph1_SpanMatrix_longestoverlap_ISI_2_test,B135,Pgph1,Span,mixed,2,7,2.16,3.24,SPAN,53,76,76,53,0.697368421,13,13,128
B135_DL_Switch_Pgph1_SpanMatrix_longestoverlap_ISI_3_test,B135,Pgph1,Span,mixed,3,9,2.58,3.49,SPAN,53,76,76,53,0.697368421,13,13,128
B135_DL_Switch_Pgph1_SpanMatrix_longestoverlap_ISI_4_test,B135,Pgph1,Span,mixed,4,6,1.56,3.85,SPAN,53,76,76,53,0.697368421,13,13,128
B135_DL_Switch_Pgph1_SpanMatrix_longestoverlap_ISI_5_test,B135,Pgph1,Span,mixed,5,11,2.38,4.62,SPAN,53,76,76,53,0.697368421,13,13,128
B135_DL_Switch_Pgph1_SpanMatrix_longestoverlap_ISI_6_test,B135,Pgph1,Span,mixed,6,4,1.26,3.17,SPAN,53,76,76,53,0.697368421,13,13,128
B135_DL_Switch_Pgph1_SpanMatrix_longestoverlap_ISI_7_test,B135,Pgph1,Span,mixed,7,6,1.54,3.9,SPAN,53,76,76,53,0.697368421,13,13,128
B135_DL_Switch_Pgph1_SpanMatrix_longestoverlap_ISI_8_test,B135,Pgph1,Span,mixed,8,12,2.28,5.26,SPAN,53,76,76,53,0.697368421,13,13,128
B135_DL_Switch_Pgph1_SpanMatrix_longestoverlap_ISI_9_test,B135,Pgph1,Span,mixed,9,7,1.7,4.12,SPAN,53,76,76,53,0.697368421,13,13,128
B135_DL_Switch_Pgph1_SpanMatrix_longestoverlap_ISI_10_test,B135,Pgph1,Span,mixed,10,3,1.4,2.14,SPAN,53,76,76,53,0.697368421,13,13,128
B135_DL_Switch_Pgph1_SpanOnly_longestoverlap_ISI_0_test,B135,Pgph1,Span,single,0,11,2.68,4.1,SPAN,53,76,76,53,0.697368421,13,13,128
B135_DL_Switch_Pgph1_SpanOnly_longestoverlap_ISI_1_test,B135,Pgph1,Span,single,1,6,2.48,2.42,SPAN,53,76,76,53,0.697368421,13,13,128
B135_DL_Switch_Pgph1_SpanOnly_longestoverlap_ISI_2_test,B135,Pgph1,Span,single,2,9,2.16,4.17,SPAN,53,76,76,53,0.697368421,13,13,128
B135_DL_Switch_Pgph1_SpanOnly_longestoverlap_ISI_3_test,B135,Pgph1,Span,single,3,11,2.58,4.26,SPAN,53,76,76,53,0.697368421,13,13,128
B135_DL_Switch_Pgph1_SpanOnly_longestoverlap_ISI_4_test,B135,Pgph1,Span,single,4,6,1.52,3.95,SPAN,53,76,76,53,0.697368421,13,13,128
B135_DL_Switch_Pgph1_SpanOnly_longestoverlap_ISI_5_test,B135,Pgph1,Span,single,5,12,2.22,5.4,SPAN,53,76,76,53,0.697368421,13,13,128
B135_DL_Switch_Pgph1_SpanOnly_longestoverlap_ISI_6_test,B135,Pgph1,Span,single,6,5,1.26,3.97,SPAN,53,76,76,53,0.697368421,13,13,128
B135_DL_Switch_Pgph1_SpanOnly_longestoverlap_ISI_7_test,B135,Pgph1,Span,single,7,8,1.68,4.76,SPAN,53,76,76,53,0.697368421,13,13,128
B135_DL_Switch_Pgph1_SpanOnly_longestoverlap_ISI_8_test,B135,Pgph1,Span,single,8,11,2.26,4.87,SPAN,53,76,76,53,0.697368421,13,13,128
B135_DL_Switch_Pgph1_SpanOnly_longestoverlap_ISI_9_test,B135,Pgph1,Span,single,9,9,1.78,5.06,SPAN,53,76,76,53,0.697368421,13,13,128
B135_DL_Switch_Pgph1_SpanOnly_longestoverlap_ISI_10_test,B135,Pgph1,Span,single,10,7,1.32,5.3,SPAN,53,76,76,53,0.697368421,13,13,128
B135_DL_Switch_Pgph2_SpanMatrix_longestoverlap_ISI_0_test,B135,Pgph2,Span,mixed,0,7,1.72,4.07,SPAN,53,76,76,53,0.697368421,13,13,128
B135_DL_Switch_Pgph2_SpanMatrix_longestoverlap_ISI_1_test,B135,Pgph2,Span,mixed,1,5,1.12,4.46,SPAN,53,76,76,53,0.697368421,13,13,128
B135_DL_Switch_Pgph2_SpanMatrix_longestoverlap_ISI_2_test,B135,Pgph2,Span,mixed,2,3,1.22,2.46,SPAN,53,76,76,53,0.697368421,13,13,128
B135_DL_Switch_Pgph2_SpanMatrix_longestoverlap_ISI_3_test,B135,Pgph2,Span,mixed,3,3,0.88,3.41,SPAN,53,76,76,53,0.697368421,13,13,128
B135_DL_Switch_Pgph2_SpanMatrix_longestoverlap_ISI_4_test,B135,Pgph2,Span,mixed,4,10,3.14,3.18,SPAN,53,76,76,53,0.697368421,13,13,128
B135_DL_Switch_Pgph2_SpanMatrix_longestoverlap_ISI_5_test,B135,Pgph2,Span,mixed,5,13,2.82,4.61,SPAN,53,76,76,53,0.697368421,13,13,128
B135_DL_Switch_Pgph2_SpanMatrix_longestoverlap_ISI_6_test,B135,Pgph2,Span,mixed,6,9,2.1,4.28,SPAN,53,76,76,53,0.697368421,13,13,128
B135_DL_Switch_Pgph2_SpanMatrix_longestoverlap_ISI_7_test,B135,Pgph2,Span,mixed,7,10,2.08,4.81,SPAN,53,76,76,53,0.697368421,13,13,128
B135_DL_Switch_Pgph2_SpanMatrix_longestoverlap_ISI_8_test,B135,Pgph2,Span,mixed,8,4,0.8,5,SPAN,53,76,76,53,0.697368421,13,13,128
B135_DL_Switch_Pgph2_SpanMatrix_longestoverlap_ISI_9_test,B135,Pgph2,Span,mixed,9,7,1.8,3.89,SPAN,53,76,76,53,0.697368421,13,13,128
B135_DL_Switch_Pgph2_SpanMatrix_longestoverlap_ISI_10_test,B135,Pgph2,Span,mixed,10,5,1.5,3.33,SPAN,53,76,76,53,0.697368421,13,13,128
B135_DL_Switch_Pgph2_SpanOnly_longestoverlap_ISI_0_test,B135,Pgph2,Span,single,0,6,1.66,3.61,SPAN,53,76,76,53,0.697368421,13,13,128
B135_DL_Switch_Pgph2_SpanOnly_longestoverlap_ISI_1_test,B135,Pgph2,Span,single,1,4,1.22,3.28,SPAN,53,76,76,53,0.697368421,13,13,128
B135_DL_Switch_Pgph2_SpanOnly_longestoverlap_ISI_2_test,B135,Pgph2,Span,single,2,2,0.6,3.33,SPAN,53,76,76,53,0.697368421,13,13,128
B135_DL_Switch_Pgph2_SpanOnly_longestoverlap_ISI_3_test,B135,Pgph2,Span,single,3,4,1.4,2.86,SPAN,53,76,76,53,0.697368421,13,13,128
B135_DL_Switch_Pgph2_SpanOnly_longestoverlap_ISI_4_test,B135,Pgph2,Span,single,4,11,2.96,3.72,SPAN,53,76,76,53,0.697368421,13,13,128
B135_DL_Switch_Pgph2_SpanOnly_longestoverlap_ISI_5_test,B135,Pgph2,Span,single,5,9,2.9,3.1,SPAN,53,76,76,53,0.697368421,13,13,128
B135_DL_Switch_Pgph2_SpanOnly_longestoverlap_ISI_6_test,B135,Pgph2,Span,single,6,10,2,5,SPAN,53,76,76,53,0.697368421,13,13,128
B135_DL_Switch_Pgph2_SpanOnly_longestoverlap_ISI_7_test,B135,Pgph2,Span,single,7,10,2.08,4.81,SPAN,53,76,76,53,0.697368421,13,13,128
B135_DL_Switch_Pgph2_SpanOnly_longestoverlap_ISI_8_test,B135,Pgph2,Span,single,8,3,0.72,4.17,SPAN,53,76,76,53,0.697368421,13,13,128
B135_DL_Switch_Pgph2_SpanOnly_longestoverlap_ISI_9_test,B135,Pgph2,Span,single,9,9,2.02,4.46,SPAN,53,76,76,53,0.697368421,13,13,128
B135_DL_Switch_Pgph2_SpanOnly_longestoverlap_ISI_10_test,B135,Pgph2,Span,single,10,6,1.48,4.05,SPAN,53,76,76,53,0.697368421,13,13,128
B136_DL_Switch_Pgph1_SpanMatrix_longestoverlap_ISI_0_test,B136,Pgph1,Span,mixed,0,7,2.1,3.33,SPAN,46,71,71,46,0.647887324,11,11,133
B136_DL_Switch_Pgph1_SpanMatrix_longestoverlap_ISI_1_test,B136,Pgph1,Span,mixed,1,15,3.16,4.75,SPAN,46,71,71,46,0.647887324,11,11,133
B136_DL_Switch_Pgph1_SpanMatrix_longestoverlap_ISI_2_test,B136,Pgph1,Span,mixed,2,9,3.08,2.92,SPAN,46,71,71,46,0.647887324,11,11,133
B136_DL_Switch_Pgph1_SpanMatrix_longestoverlap_ISI_3_test,B136,Pgph1,Span,mixed,3,13,3.3,3.94,SPAN,46,71,71,46,0.647887324,11,11,133
B136_DL_Switch_Pgph1_SpanMatrix_longestoverlap_ISI_4_test,B136,Pgph1,Span,mixed,4,6,1.66,3.61,SPAN,46,71,71,46,0.647887324,11,11,133
B136_DL_Switch_Pgph1_SpanMatrix_longestoverlap_ISI_5_test,B136,Pgph1,Span,mixed,5,8,2.52,3.17,SPAN,46,71,71,46,0.647887324,11,11,133
B136_DL_Switch_Pgph1_SpanMatrix_longestoverlap_ISI_6_test,B136,Pgph1,Span,mixed,6,3,1.02,2.94,SPAN,46,71,71,46,0.647887324,11,11,133
B136_DL_Switch_Pgph1_SpanMatrix_longestoverlap_ISI_7_test,B136,Pgph1,Span,mixed,7,5,1.4,3.57,SPAN,46,71,71,46,0.647887324,11,11,133
B136_DL_Switch_Pgph1_SpanMatrix_longestoverlap_ISI_8_test,B136,Pgph1,Span,mixed,8,9,2.58,3.49,SPAN,46,71,71,46,0.647887324,11,11,133
B136_DL_Switch_Pgph1_SpanMatrix_longestoverlap_ISI_9_test,B136,Pgph1,Span,mixed,9,3,1.16,2.59,SPAN,46,71,71,46,0.647887324,11,11,133
B136_DL_Switch_Pgph1_SpanMatrix_longestoverlap_ISI_10_test,B136,Pgph1,Span,mixed,10,3,1.72,1.74,SPAN,46,71,71,46,0.647887324,11,11,133
B136_DL_Switch_Pgph1_SpanOnly_longestoverlap_ISI_0_test,B136,Pgph1,Span,single,0,5,1.98,2.52,SPAN,46,71,71,46,0.647887324,11,11,133
B136_DL_Switch_Pgph1_SpanOnly_longestoverlap_ISI_1_test,B136,Pgph1,Span,single,1,17,3.26,5.21,SPAN,46,71,71,46,0.647887324,11,11,133
B136_DL_Switch_Pgph1_SpanOnly_longestoverlap_ISI_2_test,B136,Pgph1,Span,single,2,12,3.06,3.92,SPAN,46,71,71,46,0.647887324,11,11,133
B136_DL_Switch_Pgph1_SpanOnly_longestoverlap_ISI_3_test,B136,Pgph1,Span,single,3,17,3.26,5.21,SPAN,46,71,71,46,0.647887324,11,11,133
B136_DL_Switch_Pgph1_SpanOnly_longestoverlap_ISI_4_test,B136,Pgph1,Span,single,4,7,1.56,4.49,SPAN,46,71,71,46,0.647887324,11,11,133
B136_DL_Switch_Pgph1_SpanOnly_longestoverlap_ISI_5_test,B136,Pgph1,Span,single,5,10,2.42,4.13,SPAN,46,71,71,46,0.647887324,11,11,133
B136_DL_Switch_Pgph1_SpanOnly_longestoverlap_ISI_6_test,B136,Pgph1,Span,single,6,2,0.94,2.13,SPAN,46,71,71,46,0.647887324,11,11,133
B136_DL_Switch_Pgph1_SpanOnly_longestoverlap_ISI_7_test,B136,Pgph1,Span,single,7,4,1.28,3.12,SPAN,46,71,71,46,0.647887324,11,11,133
B136_DL_Switch_Pgph1_SpanOnly_longestoverlap_ISI_8_test,B136,Pgph1,Span,single,8,11,2.48,4.43,SPAN,46,71,71,46,0.647887324,11,11,133
B136_DL_Switch_Pgph1_SpanOnly_longestoverlap_ISI_9_test,B136,Pgph1,Span,single,9,5,0.98,5.1,SPAN,46,71,71,46,0.647887324,11,11,133
B136_DL_Switch_Pgph1_SpanOnly_longestoverlap_ISI_10_test,B136,Pgph1,Span,single,10,2,0.86,2.32,SPAN,46,71,71,46,0.647887324,11,11,133
B136_DL_Switch_Pgph2_SpanMatrix_longestoverlap_ISI_0_test,B136,Pgph2,Span,mixed,0,14,4.1,3.41,SPAN,46,71,71,46,0.647887324,11,11,133
B136_DL_Switch_Pgph2_SpanMatrix_longestoverlap_ISI_1_test,B136,Pgph2,Span,mixed,1,14,3.48,4.02,SPAN,46,71,71,46,0.647887324,11,11,133
B136_DL_Switch_Pgph2_SpanMatrix_longestoverlap_ISI_2_test,B136,Pgph2,Span,mixed,2,2,0.56,3.57,SPAN,46,71,71,46,0.647887324,11,11,133
B136_DL_Switch_Pgph2_SpanMatrix_longestoverlap_ISI_3_test,B136,Pgph2,Span,mixed,3,4,1,4,SPAN,46,71,71,46,0.647887324,11,11,133
B136_DL_Switch_Pgph2_SpanMatrix_longestoverlap_ISI_4_test,B136,Pgph2,Span,mixed,4,6,2.02,2.97,SPAN,46,71,71,46,0.647887324,11,11,133
B136_DL_Switch_Pgph2_SpanMatrix_longestoverlap_ISI_5_test,B136,Pgph2,Span,mixed,5,9,2.84,3.17,SPAN,46,71,71,46,0.647887324,11,11,133
B136_DL_Switch_Pgph2_SpanMatrix_longestoverlap_ISI_6_test,B136,Pgph2,Span,mixed,6,10,2.76,3.62,SPAN,46,71,71,46,0.647887324,11,11,133
B136_DL_Switch_Pgph2_SpanMatrix_longestoverlap_ISI_7_test,B136,Pgph2,Span,mixed,7,20,5,4,SPAN,46,71,71,46,0.647887324,11,11,133
B136_DL_Switch_Pgph2_SpanMatrix_longestoverlap_ISI_8_test,B136,Pgph2,Span,mixed,8,3,1.26,2.38,SPAN,46,71,71,46,0.647887324,11,11,133
B136_DL_Switch_Pgph2_SpanMatrix_longestoverlap_ISI_9_test,B136,Pgph2,Span,mixed,9,8,2.2,3.64,SPAN,46,71,71,46,0.647887324,11,11,133
B136_DL_Switch_Pgph2_SpanMatrix_longestoverlap_ISI_10_test,B136,Pgph2,Span,mixed,10,9,2.5,3.6,SPAN,46,71,71,46,0.647887324,11,11,133
B136_DL_Switch_Pgph2_SpanOnly_longestoverlap_ISI_0_test,B136,Pgph2,Span,single,0,14,3.92,3.57,SPAN,46,71,71,46,0.647887324,11,11,133
B136_DL_Switch_Pgph2_SpanOnly_longestoverlap_ISI_1_test,B136,Pgph2,Span,single,1,13,3.24,4.01,SPAN,46,71,71,46,0.647887324,11,11,133
B136_DL_Switch_Pgph2_SpanOnly_longestoverlap_ISI_2_test,B136,Pgph2,Span,single,2,3,0.62,4.84,SPAN,46,71,71,46,0.647887324,11,11,133
B136_DL_Switch_Pgph2_SpanOnly_longestoverlap_ISI_3_test,B136,Pgph2,Span,single,3,3,0.92,3.26,SPAN,46,71,71,46,0.647887324,11,11,133
B136_DL_Switch_Pgph2_SpanOnly_longestoverlap_ISI_4_test,B136,Pgph2,Span,single,4,6,1.58,3.8,SPAN,46,71,71,46,0.647887324,11,11,133
B136_DL_Switch_Pgph2_SpanOnly_longestoverlap_ISI_5_test,B136,Pgph2,Span,single,5,8,2.32,3.45,SPAN,46,71,71,46,0.647887324,11,11,133
B136_DL_Switch_Pgph2_SpanOnly_longestoverlap_ISI_6_test,B136,Pgph2,Span,single,6,11,2.8,3.93,SPAN,46,71,71,46,0.647887324,11,11,133
B136_DL_Switch_Pgph2_SpanOnly_longestoverlap_ISI_7_test,B136,Pgph2,Span,single,7,19,4.62,4.11,SPAN,46,71,71,46,0.647887324,11,11,133
B136_DL_Switch_Pgph2_SpanOnly_longestoverlap_ISI_8_test,B136,Pgph2,Span,single,8,4,1.1,3.64,SPAN,46,71,71,46,0.647887324,11,11,133
B136_DL_Switch_Pgph2_SpanOnly_longestoverlap_ISI_9_test,B136,Pgph2,Span,single,9,7,1.72,4.07,SPAN,46,71,71,46,0.647887324,11,11,133
B136_DL_Switch_Pgph2_SpanOnly_longestoverlap_ISI_10_test,B136,Pgph2,Span,single,10,8,2.16,3.7,SPAN,46,71,71,46,0.647887324,11,11,133
B137_DL_Switch_Pgph1_SpanMatrix_longestoverlap_ISI_0_test,B137,Pgph1,Span,mixed,0,18,3.62,4.97,SPAN,53,78,78,53,0.679487179,8,8,137
B137_DL_Switch_Pgph1_SpanMatrix_longestoverlap_ISI_1_test,B137,Pgph1,Span,mixed,1,18,3.26,5.52,SPAN,53,78,78,53,0.679487179,8,8,137
B137_DL_Switch_Pgph1_SpanMatrix_longestoverlap_ISI_2_test,B137,Pgph1,Span,mixed,2,17,3.08,5.52,SPAN,53,78,78,53,0.679487179,8,8,137
B137_DL_Switch_Pgph1_SpanMatrix_longestoverlap_ISI_3_test,B137,Pgph1,Span,mixed,3,18,3.32,5.42,SPAN,53,78,78,53,0.679487179,8,8,137
B137_DL_Switch_Pgph1_SpanMatrix_longestoverlap_ISI_4_test,B137,Pgph1,Span,mixed,4,7,1.74,4.02,SPAN,53,78,78,53,0.679487179,8,8,137
B137_DL_Switch_Pgph1_SpanMatrix_longestoverlap_ISI_5_test,B137,Pgph1,Span,mixed,5,16,3.16,5.06,SPAN,53,78,78,53,0.679487179,8,8,137
B137_DL_Switch_Pgph1_SpanMatrix_longestoverlap_ISI_6_test,B137,Pgph1,Span,mixed,6,5,1.16,4.31,SPAN,53,78,78,53,0.679487179,8,8,137
B137_DL_Switch_Pgph1_SpanMatrix_longestoverlap_ISI_7_test,B137,Pgph1,Span,mixed,7,9,2.06,4.37,SPAN,53,78,78,53,0.679487179,8,8,137
B137_DL_Switch_Pgph1_SpanMatrix_longestoverlap_ISI_8_test,B137,Pgph1,Span,mixed,8,26,3.96,6.56,SPAN,53,78,78,53,0.679487179,8,8,137
B137_DL_Switch_Pgph1_SpanMatrix_longestoverlap_ISI_9_test,B137,Pgph1,Span,mixed,9,5,1.18,4.24,SPAN,53,78,78,53,0.679487179,8,8,137
B137_DL_Switch_Pgph1_SpanMatrix_longestoverlap_ISI_10_test,B137,Pgph1,Span,mixed,10,8,1.5,5.33,SPAN,53,78,78,53,0.679487179,8,8,137
B137_DL_Switch_Pgph1_SpanOnly_longestoverlap_ISI_0_test,B137,Pgph1,Span,single,0,18,3.3,5.45,SPAN,53,78,78,53,0.679487179,8,8,137
B137_DL_Switch_Pgph1_SpanOnly_longestoverlap_ISI_1_test,B137,Pgph1,Span,single,1,18,3.02,5.96,SPAN,53,78,78,53,0.679487179,8,8,137
B137_DL_Switch_Pgph1_SpanOnly_longestoverlap_ISI_2_test,B137,Pgph1,Span,single,2,14,2.9,4.83,SPAN,53,78,78,53,0.679487179,8,8,137
B137_DL_Switch_Pgph1_SpanOnly_longestoverlap_ISI_3_test,B137,Pgph1,Span,single,3,14,2.84,4.93,SPAN,53,78,78,53,0.679487179,8,8,137
B137_DL_Switch_Pgph1_SpanOnly_longestoverlap_ISI_4_test,B137,Pgph1,Span,single,4,8,1.4,5.71,SPAN,53,78,78,53,0.679487179,8,8,137
B137_DL_Switch_Pgph1_SpanOnly_longestoverlap_ISI_5_test,B137,Pgph1,Span,single,5,14,3.12,4.49,SPAN,53,78,78,53,0.679487179,8,8,137
B137_DL_Switch_Pgph1_SpanOnly_longestoverlap_ISI_6_test,B137,Pgph1,Span,single,6,3,0.92,3.26,SPAN,53,78,78,53,0.679487179,8,8,137
B137_DL_Switch_Pgph1_SpanOnly_longestoverlap_ISI_7_test,B137,Pgph1,Span,single,7,9,1.58,5.69,SPAN,53,78,78,53,0.679487179,8,8,137
B137_DL_Switch_Pgph1_SpanOnly_longestoverlap_ISI_8_test,B137,Pgph1,Span,single,8,24,3.92,6.12,SPAN,53,78,78,53,0.679487179,8,8,137
B137_DL_Switch_Pgph1_SpanOnly_longestoverlap_ISI_9_test,B137,Pgph1,Span,single,9,5,1.06,4.72,SPAN,53,78,78,53,0.679487179,8,8,137
B137_DL_Switch_Pgph1_SpanOnly_longestoverlap_ISI_10_test,B137,Pgph1,Span,single,10,7,1.44,4.86,SPAN,53,78,78,53,0.679487179,8,8,137
B137_DL_Switch_Pgph2_SpanMatrix_longestoverlap_ISI_0_test,B137,Pgph2,Span,mixed,0,14,2.68,5.22,SPAN,53,78,78,53,0.679487179,8,8,137
B137_DL_Switch_Pgph2_SpanMatrix_longestoverlap_ISI_1_test,B137,Pgph2,Span,mixed,1,20,4.04,4.95,SPAN,53,78,78,53,0.679487179,8,8,137
B137_DL_Switch_Pgph2_SpanMatrix_longestoverlap_ISI_2_test,B137,Pgph2,Span,mixed,2,3,0.64,4.69,SPAN,53,78,78,53,0.679487179,8,8,137
B137_DL_Switch_Pgph2_SpanMatrix_longestoverlap_ISI_3_test,B137,Pgph2,Span,mixed,3,2,0.86,2.33,SPAN,53,78,78,53,0.679487179,8,8,137
B137_DL_Switch_Pgph2_SpanMatrix_longestoverlap_ISI_4_test,B137,Pgph2,Span,mixed,4,12,2.76,4.35,SPAN,53,78,78,53,0.679487179,8,8,137
B137_DL_Switch_Pgph2_SpanMatrix_longestoverlap_ISI_5_test,B137,Pgph2,Span,mixed,5,19,3.62,5.25,SPAN,53,78,78,53,0.679487179,8,8,137
B137_DL_Switch_Pgph2_SpanMatrix_longestoverlap_ISI_6_test,B137,Pgph2,Span,mixed,6,21,4,5.25,SPAN,53,78,78,53,0.679487179,8,8,137
B137_DL_Switch_Pgph2_SpanMatrix_longestoverlap_ISI_7_test,B137,Pgph2,Span,mixed,7,20,4.1,4.88,SPAN,53,78,78,53,0.679487179,8,8,137
B137_DL_Switch_Pgph2_SpanMatrix_longestoverlap_ISI_8_test,B137,Pgph2,Span,mixed,8,3,0.86,3.49,SPAN,53,78,78,53,0.679487179,8,8,137
B137_DL_Switch_Pgph2_SpanMatrix_longestoverlap_ISI_9_test,B137,Pgph2,Span,mixed,9,13,3.12,4.17,SPAN,53,78,78,53,0.679487179,8,8,137
B137_DL_Switch_Pgph2_SpanMatrix_longestoverlap_ISI_10_test,B137,Pgph2,Span,mixed,10,9,1.88,4.79,SPAN,53,78,78,53,0.679487179,8,8,137
B137_DL_Switch_Pgph2_SpanOnly_longestoverlap_ISI_0_test,B137,Pgph2,Span,single,0,14,3,4.67,SPAN,53,78,78,53,0.679487179,8,8,137
B137_DL_Switch_Pgph2_SpanOnly_longestoverlap_ISI_1_test,B137,Pgph2,Span,single,1,22,4.42,4.98,SPAN,53,78,78,53,0.679487179,8,8,137
B137_DL_Switch_Pgph2_SpanOnly_longestoverlap_ISI_2_test,B137,Pgph2,Span,single,2,2,0.6,3.33,SPAN,53,78,78,53,0.679487179,8,8,137
B137_DL_Switch_Pgph2_SpanOnly_longestoverlap_ISI_3_test,B137,Pgph2,Span,single,3,3,0.88,3.41,SPAN,53,78,78,53,0.679487179,8,8,137
B137_DL_Switch_Pgph2_SpanOnly_longestoverlap_ISI_4_test,B137,Pgph2,Span,single,4,9,2.28,3.95,SPAN,53,78,78,53,0.679487179,8,8,137
B137_DL_Switch_Pgph2_SpanOnly_longestoverlap_ISI_5_test,B137,Pgph2,Span,single,5,17,3.58,4.75,SPAN,53,78,78,53,0.679487179,8,8,137
B137_DL_Switch_Pgph2_SpanOnly_longestoverlap_ISI_6_test,B137,Pgph2,Span,single,6,23,3.84,5.99,SPAN,53,78,78,53,0.679487179,8,8,137
B137_DL_Switch_Pgph2_SpanOnly_longestoverlap_ISI_7_test,B137,Pgph2,Span,single,7,22,4.02,5.47,SPAN,53,78,78,53,0.679487179,8,8,137
B137_DL_Switch_Pgph2_SpanOnly_longestoverlap_ISI_8_test,B137,Pgph2,Span,single,8,3,0.74,4.05,SPAN,53,78,78,53,0.679487179,8,8,137
B137_DL_Switch_Pgph2_SpanOnly_longestoverlap_ISI_9_test,B137,Pgph2,Span,single,9,14,2.8,5,SPAN,53,78,78,53,0.679487179,8,8,137
B137_DL_Switch_Pgph2_SpanOnly_longestoverlap_ISI_10_test,B137,Pgph2,Span,single,10,9,1.74,5.17,SPAN,53,78,78,53,0.679487179,8,8,137
B138_DL_Switch_Pgph1_SpanMatrix_longestoverlap_ISI_0_test,B138,Pgph1,Span,mixed,0,4,1.14,3.51,ENG,78,71,78,71,0.91025641,5,0,136
B138_DL_Switch_Pgph1_SpanMatrix_longestoverlap_ISI_1_test,B138,Pgph1,Span,mixed,1,6,1.72,3.49,ENG,78,71,78,71,0.91025641,5,0,136
B138_DL_Switch_Pgph1_SpanMatrix_longestoverlap_ISI_2_test,B138,Pgph1,Span,mixed,2,17,4.8,3.54,ENG,78,71,78,71,0.91025641,5,0,136
B138_DL_Switch_Pgph1_SpanMatrix_longestoverlap_ISI_3_test,B138,Pgph1,Span,mixed,3,9,1.86,4.84,ENG,78,71,78,71,0.91025641,5,0,136
B138_DL_Switch_Pgph1_SpanMatrix_longestoverlap_ISI_4_test,B138,Pgph1,Span,mixed,4,6,1.84,3.26,ENG,78,71,78,71,0.91025641,5,0,136
B138_DL_Switch_Pgph1_SpanMatrix_longestoverlap_ISI_5_test,B138,Pgph1,Span,mixed,5,3,0.86,3.49,ENG,78,71,78,71,0.91025641,5,0,136
B138_DL_Switch_Pgph1_SpanMatrix_longestoverlap_ISI_6_test,B138,Pgph1,Span,mixed,6,8,2.2,3.64,ENG,78,71,78,71,0.91025641,5,0,136
B138_DL_Switch_Pgph1_SpanMatrix_longestoverlap_ISI_7_test,B138,Pgph1,Span,mixed,7,3,1.04,2.88,ENG,78,71,78,71,0.91025641,5,0,136
B138_DL_Switch_Pgph1_SpanMatrix_longestoverlap_ISI_8_test,B138,Pgph1,Span,mixed,8,6,1.4,4.28,ENG,78,71,78,71,0.91025641,5,0,136
B138_DL_Switch_Pgph1_SpanMatrix_longestoverlap_ISI_9_test,B138,Pgph1,Span,mixed,9,6,1.38,4.35,ENG,78,71,78,71,0.91025641,5,0,136
B138_DL_Switch_Pgph1_SpanMatrix_longestoverlap_ISI_10_test,B138,Pgph1,Span,mixed,10,5,1,5,ENG,78,71,78,71,0.91025641,5,0,136
B138_DL_Switch_Pgph1_SpanOnly_longestoverlap_ISI_0_test,B138,Pgph1,Span,single,0,3,1.06,2.83,ENG,78,71,78,71,0.91025641,5,0,136
B138_DL_Switch_Pgph1_SpanOnly_longestoverlap_ISI_1_test,B138,Pgph1,Span,single,1,6,1.54,3.9,ENG,78,71,78,71,0.91025641,5,0,136
B138_DL_Switch_Pgph1_SpanOnly_longestoverlap_ISI_2_test,B138,Pgph1,Span,single,2,12,3.62,3.31,ENG,78,71,78,71,0.91025641,5,0,136
B138_DL_Switch_Pgph1_SpanOnly_longestoverlap_ISI_3_test,B138,Pgph1,Span,single,3,8,1.9,4.21,ENG,78,71,78,71,0.91025641,5,0,136
B138_DL_Switch_Pgph1_SpanOnly_longestoverlap_ISI_4_test,B138,Pgph1,Span,single,4,6,1.52,3.95,ENG,78,71,78,71,0.91025641,5,0,136
B138_DL_Switch_Pgph1_SpanOnly_longestoverlap_ISI_5_test,B138,Pgph1,Span,single,5,4,0.7,5.71,ENG,78,71,78,71,0.91025641,5,0,136
B138_DL_Switch_Pgph1_SpanOnly_longestoverlap_ISI_6_test,B138,Pgph1,Span,single,6,9,1.98,4.54,ENG,78,71,78,71,0.91025641,5,0,136
B138_DL_Switch_Pgph1_SpanOnly_longestoverlap_ISI_7_test,B138,Pgph1,Span,single,7,2,0.84,2.38,ENG,78,71,78,71,0.91025641,5,0,136
B138_DL_Switch_Pgph1_SpanOnly_longestoverlap_ISI_8_test,B138,Pgph1,Span,single,8,6,1.46,4.11,ENG,78,71,78,71,0.91025641,5,0,136
B138_DL_Switch_Pgph1_SpanOnly_longestoverlap_ISI_9_test,B138,Pgph1,Span,single,9,4,1.26,3.17,ENG,78,71,78,71,0.91025641,5,0,136
B138_DL_Switch_Pgph1_SpanOnly_longestoverlap_ISI_10_test,B138,Pgph1,Span,single,10,3,0.84,3.57,ENG,78,71,78,71,0.91025641,5,0,136
B138_DL_Switch_Pgph2_SpanMatrix_longestoverlap_ISI_0_test,B138,Pgph2,Span,mixed,0,7,1.8,3.89,ENG,78,71,78,71,0.91025641,5,0,136
B138_DL_Switch_Pgph2_SpanMatrix_longestoverlap_ISI_1_test,B138,Pgph2,Span,mixed,1,12,3.82,3.14,ENG,78,71,78,71,0.91025641,5,0,136
B138_DL_Switch_Pgph2_SpanMatrix_longestoverlap_ISI_2_test,B138,Pgph2,Span,mixed,2,4,0.9,4.44,ENG,78,71,78,71,0.91025641,5,0,136
B138_DL_Switch_Pgph2_SpanMatrix_longestoverlap_ISI_3_test,B138,Pgph2,Span,mixed,3,5,1.42,3.52,ENG,78,71,78,71,0.91025641,5,0,136
B138_DL_Switch_Pgph2_SpanMatrix_longestoverlap_ISI_4_test,B138,Pgph2,Span,mixed,4,4,1.26,3.17,ENG,78,71,78,71,0.91025641,5,0,136
B138_DL_Switch_Pgph2_SpanMatrix_longestoverlap_ISI_5_test,B138,Pgph2,Span,mixed,5,7,1.94,3.61,ENG,78,71,78,71,0.91025641,5,0,136
B138_DL_Switch_Pgph2_SpanMatrix_longestoverlap_ISI_6_test,B138,Pgph2,Span,mixed,6,15,4.62,3.25,ENG,78,71,78,71,0.91025641,5,0,136
B138_DL_Switch_Pgph2_SpanMatrix_longestoverlap_ISI_7_test,B138,Pgph2,Span,mixed,7,11,3.32,3.31,ENG,78,71,78,71,0.91025641,5,0,136
B138_DL_Switch_Pgph2_SpanMatrix_longestoverlap_ISI_8_test,B138,Pgph2,Span,mixed,8,4,1.18,3.39,ENG,78,71,78,71,0.91025641,5,0,136
B138_DL_Switch_Pgph2_SpanMatrix_longestoverlap_ISI_9_test,B138,Pgph2,Span,mixed,9,7,2.06,3.4,ENG,78,71,78,71,0.91025641,5,0,136
B138_DL_Switch_Pgph2_SpanMatrix_longestoverlap_ISI_10_test,B138,Pgph2,Span,mixed,10,4,1.2,3.33,ENG,78,71,78,71,0.91025641,5,0,136
B138_DL_Switch_Pgph2_SpanOnly_longestoverlap_ISI_0_test,B138,Pgph2,Span,single,0,6,1.64,3.66,ENG,78,71,78,71,0.91025641,5,0,136
B138_DL_Switch_Pgph2_SpanOnly_longestoverlap_ISI_1_test,B138,Pgph2,Span,single,1,7,2.54,2.76,ENG,78,71,78,71,0.91025641,5,0,136
B138_DL_Switch_Pgph2_SpanOnly_longestoverlap_ISI_2_test,B138,Pgph2,Span,single,2,2,0.66,3.03,ENG,78,71,78,71,0.91025641,5,0,136
B138_DL_Switch_Pgph2_SpanOnly_longestoverlap_ISI_3_test,B138,Pgph2,Span,single,3,6,1.38,4.35,ENG,78,71,78,71,0.91025641,5,0,136
B138_DL_Switch_Pgph2_SpanOnly_longestoverlap_ISI_4_test,B138,Pgph2,Span,single,4,5,1.12,4.46,ENG,78,71,78,71,0.91025641,5,0,136
B138_DL_Switch_Pgph2_SpanOnly_longestoverlap_ISI_5_test,B138,Pgph2,Span,single,5,8,2.2,3.64,ENG,78,71,78,71,0.91025641,5,0,136
B138_DL_Switch_Pgph2_SpanOnly_longestoverlap_ISI_6_test,B138,Pgph2,Span,single,6,11,2.72,4.04,ENG,78,71,78,71,0.91025641,5,0,136
B138_DL_Switch_Pgph2_SpanOnly_longestoverlap_ISI_7_test,B138,Pgph2,Span,single,7,11,3.06,3.59,ENG,78,71,78,71,0.91025641,5,0,136
B138_DL_Switch_Pgph2_SpanOnly_longestoverlap_ISI_8_test,B138,Pgph2,Span,single,8,3,0.88,3.41,ENG,78,71,78,71,0.91025641,5,0,136
B138_DL_Switch_Pgph2_SpanOnly_longestoverlap_ISI_9_test,B138,Pgph2,Span,single,9,10,2.58,3.88,ENG,78,71,78,71,0.91025641,5,0,136
B138_DL_Switch_Pgph2_SpanOnly_longestoverlap_ISI_10_test,B138,Pgph2,Span,single,10,3,1,3,ENG,78,71,78,71,0.91025641,5,0,136
B139_DL_Switch_Pgph1_SpanMatrix_longestoverlap_ISI_0_test,B139,Pgph1,Span,mixed,0,9,2.78,3.24,ENG,73,58,73,58,0.794520548,5,0,136
B139_DL_Switch_Pgph1_SpanMatrix_longestoverlap_ISI_1_test,B139,Pgph1,Span,mixed,1,11,3.28,3.35,ENG,73,58,73,58,0.794520548,5,0,136
B139_DL_Switch_Pgph1_SpanMatrix_longestoverlap_ISI_2_test,B139,Pgph1,Span,mixed,2,14,3.24,4.32,ENG,73,58,73,58,0.794520548,5,0,136
B139_DL_Switch_Pgph1_SpanMatrix_longestoverlap_ISI_3_test,B139,Pgph1,Span,mixed,3,13,2.9,4.48,ENG,73,58,73,58,0.794520548,5,0,136
B139_DL_Switch_Pgph1_SpanMatrix_longestoverlap_ISI_4_test,B139,Pgph1,Span,mixed,4,8,1.96,4.08,ENG,73,58,73,58,0.794520548,5,0,136
B139_DL_Switch_Pgph1_SpanMatrix_longestoverlap_ISI_5_test,B139,Pgph1,Span,mixed,5,10,2.68,3.73,ENG,73,58,73,58,0.794520548,5,0,136
B139_DL_Switch_Pgph1_SpanMatrix_longestoverlap_ISI_6_test,B139,Pgph1,Span,mixed,6,10,2.66,3.76,ENG,73,58,73,58,0.794520548,5,0,136
B139_DL_Switch_Pgph1_SpanMatrix_longestoverlap_ISI_7_test,B139,Pgph1,Span,mixed,7,8,2.7,2.96,ENG,73,58,73,58,0.794520548,5,0,136
B139_DL_Switch_Pgph1_SpanMatrix_longestoverlap_ISI_8_test,B139,Pgph1,Span,mixed,8,7,1.62,4.32,ENG,73,58,73,58,0.794520548,5,0,136
B139_DL_Switch_Pgph1_SpanMatrix_longestoverlap_ISI_9_test,B139,Pgph1,Span,mixed,9,10,2.92,3.42,ENG,73,58,73,58,0.794520548,5,0,136
B139_DL_Switch_Pgph1_SpanMatrix_longestoverlap_ISI_10_test,B139,Pgph1,Span,mixed,10,6,1.96,3.06,ENG,73,58,73,58,0.794520548,5,0,136
B139_DL_Switch_Pgph1_SpanOnly_longestoverlap_ISI_0_test,B139,Pgph1,Span,single,0,10,2.2,4.54,ENG,73,58,73,58,0.794520548,5,0,136
B139_DL_Switch_Pgph1_SpanOnly_longestoverlap_ISI_1_test,B139,Pgph1,Span,single,1,9,2.42,3.72,ENG,73,58,73,58,0.794520548,5,0,136
B139_DL_Switch_Pgph1_SpanOnly_longestoverlap_ISI_2_test,B139,Pgph1,Span,single,2,13,3.02,4.3,ENG,73,58,73,58,0.794520548,5,0,136
B139_DL_Switch_Pgph1_SpanOnly_longestoverlap_ISI_3_test,B139,Pgph1,Span,single,3,11,2.7,4.07,ENG,73,58,73,58,0.794520548,5,0,136
B139_DL_Switch_Pgph1_SpanOnly_longestoverlap_ISI_4_test,B139,Pgph1,Span,single,4,7,1.76,3.98,ENG,73,58,73,58,0.794520548,5,0,136
B139_DL_Switch_Pgph1_SpanOnly_longestoverlap_ISI_5_test,B139,Pgph1,Span,single,5,9,2.2,4.09,ENG,73,58,73,58,0.794520548,5,0,136
B139_DL_Switch_Pgph1_SpanOnly_longestoverlap_ISI_6_test,B139,Pgph1,Span,single,6,9,2.32,3.88,ENG,73,58,73,58,0.794520548,5,0,136
B139_DL_Switch_Pgph1_SpanOnly_longestoverlap_ISI_7_test,B139,Pgph1,Span,single,7,8,2.06,3.88,ENG,73,58,73,58,0.794520548,5,0,136
B139_DL_Switch_Pgph1_SpanOnly_longestoverlap_ISI_8_test,B139,Pgph1,Span,single,8,8,1.48,5.4,ENG,73,58,73,58,0.794520548,5,0,136
B139_DL_Switch_Pgph1_SpanOnly_longestoverlap_ISI_9_test,B139,Pgph1,Span,single,9,12,2.86,4.19,ENG,73,58,73,58,0.794520548,5,0,136
B139_DL_Switch_Pgph1_SpanOnly_longestoverlap_ISI_10_test,B139,Pgph1,Span,single,10,6,1.66,3.61,ENG,73,58,73,58,0.794520548,5,0,136
B139_DL_Switch_Pgph2_SpanMatrix_longestoverlap_ISI_0_test,B139,Pgph2,Span,mixed,0,8,2.36,3.39,ENG,73,58,73,58,0.794520548,5,0,136
B139_DL_Switch_Pgph2_SpanMatrix_longestoverlap_ISI_1_test,B139,Pgph2,Span,mixed,1,9,2.26,3.98,ENG,73,58,73,58,0.794520548,5,0,136
B139_DL_Switch_Pgph2_SpanMatrix_longestoverlap_ISI_2_test,B139,Pgph2,Span,mixed,2,4,0.7,5.71,ENG,73,58,73,58,0.794520548,5,0,136
B139_DL_Switch_Pgph2_SpanMatrix_longestoverlap_ISI_3_test,B139,Pgph2,Span,mixed,3,2,0.66,3.03,ENG,73,58,73,58,0.794520548,5,0,136
B139_DL_Switch_Pgph2_SpanMatrix_longestoverlap_ISI_4_test,B139,Pgph2,Span,mixed,4,6,1.8,3.33,ENG,73,58,73,58,0.794520548,5,0,136
B139_DL_Switch_Pgph2_SpanMatrix_longestoverlap_ISI_5_test,B139,Pgph2,Span,mixed,5,15,3.92,3.83,ENG,73,58,73,58,0.794520548,5,0,136
B139_DL_Switch_Pgph2_SpanMatrix_longestoverlap_ISI_6_test,B139,Pgph2,Span,mixed,6,8,1.68,4.76,ENG,73,58,73,58,0.794520548,5,0,136
B139_DL_Switch_Pgph2_SpanMatrix_longestoverlap_ISI_7_test,B139,Pgph2,Span,mixed,7,13,3.24,4.01,ENG,73,58,73,58,0.794520548,5,0,136
B139_DL_Switch_Pgph2_SpanMatrix_longestoverlap_ISI_8_test,B139,Pgph2,Span,mixed,8,5,1.28,3.91,ENG,73,58,73,58,0.794520548,5,0,136
B139_DL_Switch_Pgph2_SpanMatrix_longestoverlap_ISI_9_test,B139,Pgph2,Span,mixed,9,8,2.56,3.12,ENG,73,58,73,58,0.794520548,5,0,136
B139_DL_Switch_Pgph2_SpanMatrix_longestoverlap_ISI_10_test,B139,Pgph2,Span,mixed,10,6,1.98,3.03,ENG,73,58,73,58,0.794520548,5,0,136
B139_DL_Switch_Pgph2_SpanOnly_longestoverlap_ISI_0_test,B139,Pgph2,Span,single,0,9,2.44,3.69,ENG,73,58,73,58,0.794520548,5,0,136
B139_DL_Switch_Pgph2_SpanOnly_longestoverlap_ISI_1_test,B139,Pgph2,Span,single,1,7,2.06,3.4,ENG,73,58,73,58,0.794520548,5,0,136
B139_DL_Switch_Pgph2_SpanOnly_longestoverlap_ISI_2_test,B139,Pgph2,Span,single,2,3,0.78,3.85,ENG,73,58,73,58,0.794520548,5,0,136
B139_DL_Switch_Pgph2_SpanOnly_longestoverlap_ISI_3_test,B139,Pgph2,Span,single,3,2,0.78,2.56,ENG,73,58,73,58,0.794520548,5,0,136
B139_DL_Switch_Pgph2_SpanOnly_longestoverlap_ISI_4_test,B139,Pgph2,Span,single,4,8,1.74,4.6,ENG,73,58,73,58,0.794520548,5,0,136
B139_DL_Switch_Pgph2_SpanOnly_longestoverlap_ISI_5_test,B139,Pgph2,Span,single,5,15,3.58,4.19,ENG,73,58,73,58,0.794520548,5,0,136
B139_DL_Switch_Pgph2_SpanOnly_longestoverlap_ISI_6_test,B139,Pgph2,Span,single,6,9,1.64,5.49,ENG,73,58,73,58,0.794520548,5,0,136
B139_DL_Switch_Pgph2_SpanOnly_longestoverlap_ISI_7_test,B139,Pgph2,Span,single,7,12,2.92,4.11,ENG,73,58,73,58,0.794520548,5,0,136
B139_DL_Switch_Pgph2_SpanOnly_longestoverlap_ISI_8_test,B139,Pgph2,Span,single,8,4,1.2,3.33,ENG,73,58,73,58,0.794520548,5,0,136
B139_DL_Switch_Pgph2_SpanOnly_longestoverlap_ISI_9_test,B139,Pgph2,Span,single,9,9,2.48,3.63,ENG,73,58,73,58,0.794520548,5,0,136
B139_DL_Switch_Pgph2_SpanOnly_longestoverlap_ISI_10_test,B139,Pgph2,Span,single,10,6,1.9,3.16,ENG,73,58,73,58,0.794520548,5,0,136
B140_DL_Switch_Pgph1_SpanMatrix_longestoverlap_ISI_0_test,B140,Pgph1,Span,mixed,0,13,3.02,4.3,ENG,70,35,70,35,0.5,0,5,141
B140_DL_Switch_Pgph1_SpanMatrix_longestoverlap_ISI_1_test,B140,Pgph1,Span,mixed,1,10,2.5,4,ENG,70,35,70,35,0.5,0,5,141
B140_DL_Switch_Pgph1_SpanMatrix_longestoverlap_ISI_2_test,B140,Pgph1,Span,mixed,2,19,3.52,5.4,ENG,70,35,70,35,0.5,0,5,141
B140_DL_Switch_Pgph1_SpanMatrix_longestoverlap_ISI_3_test,B140,Pgph1,Span,mixed,3,13,3.78,3.44,ENG,70,35,70,35,0.5,0,5,141
B140_DL_Switch_Pgph1_SpanMatrix_longestoverlap_ISI_5_test,B140,Pgph1,Span,mixed,5,14,2.7,5.18,ENG,70,35,70,35,0.5,0,5,141
B140_DL_Switch_Pgph1_SpanMatrix_longestoverlap_ISI_6_test,B140,Pgph1,Span,mixed,6,4,1.08,3.7,ENG,70,35,70,35,0.5,0,5,141
B140_DL_Switch_Pgph1_SpanMatrix_longestoverlap_ISI_7_test,B140,Pgph1,Span,mixed,7,4,1.2,3.33,ENG,70,35,70,35,0.5,0,5,141
B140_DL_Switch_Pgph1_SpanMatrix_longestoverlap_ISI_8_test,B140,Pgph1,Span,mixed,8,16,3.4,4.71,ENG,70,35,70,35,0.5,0,5,141
B140_DL_Switch_Pgph1_SpanMatrix_longestoverlap_ISI_9_test,B140,Pgph1,Span,mixed,9,4,1.36,2.94,ENG,70,35,70,35,0.5,0,5,141
B140_DL_Switch_Pgph1_SpanMatrix_longestoverlap_ISI_10_test,B140,Pgph1,Span,mixed,10,8,1.64,4.88,ENG,70,35,70,35,0.5,0,5,141
B140_DL_Switch_Pgph1_SpanOnly_longestoverlap_ISI_0_test,B140,Pgph1,Span,single,0,10,2.84,3.52,ENG,70,35,70,35,0.5,0,5,141
B140_DL_Switch_Pgph1_SpanOnly_longestoverlap_ISI_1_test,B140,Pgph1,Span,single,1,10,1.92,5.21,ENG,70,35,70,35,0.5,0,5,141
B140_DL_Switch_Pgph1_SpanOnly_longestoverlap_ISI_2_test,B140,Pgph1,Span,single,2,17,3.44,4.94,ENG,70,35,70,35,0.5,0,5,141
B140_DL_Switch_Pgph1_SpanOnly_longestoverlap_ISI_3_test,B140,Pgph1,Span,single,3,13,3.02,4.3,ENG,70,35,70,35,0.5,0,5,141
B140_DL_Switch_Pgph1_SpanOnly_longestoverlap_ISI_5_test,B140,Pgph1,Span,single,5,12,2.74,4.38,ENG,70,35,70,35,0.5,0,5,141
B140_DL_Switch_Pgph1_SpanOnly_longestoverlap_ISI_6_test,B140,Pgph1,Span,single,6,5,1.12,4.46,ENG,70,35,70,35,0.5,0,5,141
B140_DL_Switch_Pgph1_SpanOnly_longestoverlap_ISI_7_test,B140,Pgph1,Span,single,7,4,1.28,3.12,ENG,70,35,70,35,0.5,0,5,141
B140_DL_Switch_Pgph1_SpanOnly_longestoverlap_ISI_8_test,B140,Pgph1,Span,single,8,12,3.44,3.49,ENG,70,35,70,35,0.5,0,5,141
B140_DL_Switch_Pgph1_SpanOnly_longestoverlap_ISI_9_test,B140,Pgph1,Span,single,9,5,1.3,3.85,ENG,70,35,70,35,0.5,0,5,141
B140_DL_Switch_Pgph1_SpanOnly_longestoverlap_ISI_10_test,B140,Pgph1,Span,single,10,9,2.14,4.2,ENG,70,35,70,35,0.5,0,5,141
B140_DL_Switch_Pgph2_SpanMatrix_longestoverlap_ISI_0_test,B140,Pgph2,Span,mixed,0,21,6.54,3.21,ENG,70,35,70,35,0.5,0,5,141
B140_DL_Switch_Pgph2_SpanMatrix_longestoverlap_ISI_1_test,B140,Pgph2,Span,mixed,1,10,2.22,4.5,ENG,70,35,70,35,0.5,0,5,141
B140_DL_Switch_Pgph2_SpanMatrix_longestoverlap_ISI_2_test,B140,Pgph2,Span,mixed,2,2,0.6,3.33,ENG,70,35,70,35,0.5,0,5,141
B140_DL_Switch_Pgph2_SpanMatrix_longestoverlap_ISI_3_test,B140,Pgph2,Span,mixed,3,5,1.06,4.72,ENG,70,35,70,35,0.5,0,5,141
B140_DL_Switch_Pgph2_SpanMatrix_longestoverlap_ISI_4_test,B140,Pgph2,Span,mixed,4,8,2.2,3.64,ENG,70,35,70,35,0.5,0,5,141
B140_DL_Switch_Pgph2_SpanMatrix_longestoverlap_ISI_5_test,B140,Pgph2,Span,mixed,5,10,2.4,4.17,ENG,70,35,70,35,0.5,0,5,141
B140_DL_Switch_Pgph2_SpanMatrix_longestoverlap_ISI_6_test,B140,Pgph2,Span,mixed,6,15,3.62,4.14,ENG,70,35,70,35,0.5,0,5,141
B140_DL_Switch_Pgph2_SpanMatrix_longestoverlap_ISI_7_test,B140,Pgph2,Span,mixed,7,15,3.7,4.05,ENG,70,35,70,35,0.5,0,5,141
B140_DL_Switch_Pgph2_SpanMatrix_longestoverlap_ISI_8_test,B140,Pgph2,Span,mixed,8,4,1.18,3.39,ENG,70,35,70,35,0.5,0,5,141
B140_DL_Switch_Pgph2_SpanMatrix_longestoverlap_ISI_9_test,B140,Pgph2,Span,mixed,9,15,3.76,3.99,ENG,70,35,70,35,0.5,0,5,141
B140_DL_Switch_Pgph2_SpanMatrix_longestoverlap_ISI_10_test,B140,Pgph2,Span,mixed,10,9,2.3,3.91,ENG,70,35,70,35,0.5,0,5,141
B140_DL_Switch_Pgph2_SpanOnly_longestoverlap_ISI_0_test,B140,Pgph2,Span,single,0,20,5.54,3.61,ENG,70,35,70,35,0.5,0,5,141
B140_DL_Switch_Pgph2_SpanOnly_longestoverlap_ISI_1_test,B140,Pgph2,Span,single,1,9,2.22,4.05,ENG,70,35,70,35,0.5,0,5,141
B140_DL_Switch_Pgph2_SpanOnly_longestoverlap_ISI_2_test,B140,Pgph2,Span,single,2,2,0.62,3.22,ENG,70,35,70,35,0.5,0,5,141
B140_DL_Switch_Pgph2_SpanOnly_longestoverlap_ISI_3_test,B140,Pgph2,Span,single,3,3,1.06,2.83,ENG,70,35,70,35,0.5,0,5,141
B140_DL_Switch_Pgph2_SpanOnly_longestoverlap_ISI_4_test,B140,Pgph2,Span,single,4,7,2.18,3.21,ENG,70,35,70,35,0.5,0,5,141
B140_DL_Switch_Pgph2_SpanOnly_longestoverlap_ISI_5_test,B140,Pgph2,Span,single,5,9,2.4,3.75,ENG,70,35,70,35,0.5,0,5,141
B140_DL_Switch_Pgph2_SpanOnly_longestoverlap_ISI_6_test,B140,Pgph2,Span,single,6,13,3.46,3.76,ENG,70,35,70,35,0.5,0,5,141
B140_DL_Switch_Pgph2_SpanOnly_longestoverlap_ISI_7_test,B140,Pgph2,Span,single,7,16,4.22,3.79,ENG,70,35,70,35,0.5,0,5,141
B140_DL_Switch_Pgph2_SpanOnly_longestoverlap_ISI_8_test,B140,Pgph2,Span,single,8,4,0.94,4.25,ENG,70,35,70,35,0.5,0,5,141
B140_DL_Switch_Pgph2_SpanOnly_longestoverlap_ISI_9_test,B140,Pgph2,Span,single,9,15,3.28,4.57,ENG,70,35,70,35,0.5,0,5,141
B140_DL_Switch_Pgph2_SpanOnly_longestoverlap_ISI_10_test,B140,Pgph2,Span,single,10,9,1.98,4.54,ENG,70,35,70,35,0.5,0,5,141
